user_id,conversion_time,converted,revenue,country
1,2025-12-20 16:25:00,0,0.0,GB
2,2025-12-01 20:56:00,0,0.0,FR
3,2025-11-17 07:06:00,0,0.0,DE
4,2025-12-26 00:00:00,0,0.0,US
5,2025-10-15 05:22:00,1,9.85,US
6,2025-10-09 01:30:00,0,0.0,FR
7,2025-10-23 23:53:00,0,0.0,US
8,2025-12-06 22:43:00,0,0.0,FR
9,2025-10-20 05:30:00,0,0.0,DE
10,2025-10-16 21:39:00,0,0.0,MX
11,2025-11-10 20:13:00,0,0.0,US
12,2025-12-19 15:47:00,0,0.0,US
13,2025-11-30 11:48:00,0,0.0,US
14,2025-11-26 07:02:00,0,0.0,MX
15,2025-11-24 22:25:00,0,0.0,MX
16,2025-10-14 00:44:00,0,0.0,BR
17,2025-11-21 00:27:00,0,0.0,ES
18,2025-10-06 21:08:00,0,0.0,DE
19,2025-12-29 00:00:00,0,0.0,GB
20,2025-12-30 14:36:00,0,0.0,ES
21,2025-10-07 10:52:00,0,0.0,US
22,2025-11-25 05:57:00,0,0.0,US
23,2025-10-27 22:45:00,0,0.0,GB
24,2025-12-31 03:33:00,0,0.0,US
25,2025-10-23 14:33:00,0,0.0,US
26,2025-10-09 19:59:00,0,0.0,MX
27,2025-10-10 21:37:00,1,11.15,MX
28,2025-11-19 15:10:00,0,0.0,FR
29,2025-11-19 21:16:00,0,0.0,GB
30,2025-12-11 12:58:00,0,0.0,MX
31,2025-10-06 15:40:00,0,0.0,MX
32,2025-10-05 08:00:00,0,0.0,US
33,2025-12-09 09:45:00,1,11.55,US
34,2025-11-25 01:29:00,0,0.0,US
35,2025-11-27 18:11:00,0,0.0,GB
36,2026-01-09 02:07:00,0,0.0,US
37,2025-10-24 13:58:00,0,0.0,CA
38,2025-10-30 17:33:00,1,8.27,US
39,2025-11-19 04:36:00,0,0.0,FR
40,2025-10-29 23:31:00,0,0.0,US
41,2025-11-28 01:43:00,0,0.0,US
42,2025-10-30 13:20:00,0,0.0,FR
43,2025-10-16 19:36:00,0,0.0,MX
44,2025-11-25 20:20:00,0,0.0,FR
45,2025-11-07 22:55:00,0,0.0,GB
46,2025-11-08 19:53:00,0,0.0,DE
47,2025-11-08 15:58:00,0,0.0,US
48,2025-11-20 05:12:00,0,0.0,BR
49,2025-10-20 12:34:00,0,0.0,MX
50,2026-01-09 20:20:00,0,0.0,FR
51,2025-10-17 23:28:00,0,0.0,CA
52,2025-10-11 20:10:00,0,0.0,BR
53,2026-01-02 18:27:00,0,0.0,US
54,2025-12-28 22:14:00,0,0.0,CA
55,2025-11-16 14:10:00,0,0.0,US
56,2025-12-24 02:31:00,0,0.0,US
57,2025-11-16 09:00:00,0,0.0,DE
58,2025-12-03 11:46:00,0,0.0,CA
59,2025-11-20 18:15:00,0,0.0,ES
60,2025-11-03 00:00:00,0,0.0,BR
61,2025-11-01 05:59:00,0,0.0,GB
62,2025-12-21 11:42:00,0,0.0,GB
63,2025-12-22 06:56:00,0,0.0,GB
64,2025-10-24 04:50:00,0,0.0,US
65,2025-11-29 14:10:00,0,0.0,MX
66,2025-10-14 14:40:00,0,0.0,US
67,2025-11-18 18:51:00,0,0.0,CA
68,2025-11-26 04:43:00,0,0.0,US
69,2025-12-18 10:05:00,1,11.41,ES
70,2025-11-01 18:27:00,0,0.0,US
71,2025-10-10 03:32:00,0,0.0,GB
72,2025-11-06 20:08:00,0,0.0,US
73,2025-10-15 19:26:00,0,0.0,FR
74,2025-10-30 22:28:00,0,0.0,GB
75,2026-01-01 08:49:00,0,0.0,US
76,2025-11-10 17:32:00,0,0.0,FR
77,2026-01-01 14:55:00,0,0.0,ES
78,2025-12-06 17:38:00,0,0.0,FR
79,2026-01-09 18:44:00,0,0.0,BR
80,2025-12-29 06:33:00,0,0.0,US
81,2025-10-19 07:50:00,1,11.57,US
82,2025-12-30 21:25:00,0,0.0,ES
83,2025-10-08 01:48:00,0,0.0,BR
84,2025-12-01 03:01:00,0,0.0,US
85,2025-12-12 00:00:00,0,0.0,FR
86,2025-10-23 17:25:00,0,0.0,GB
87,2025-12-09 11:23:00,0,0.0,BR
88,2025-11-13 17:51:00,0,0.0,CA
89,2025-11-15 09:53:00,0,0.0,CA
90,2026-01-02 02:14:00,0,0.0,US
91,2025-11-24 01:25:00,0,0.0,US
92,2025-10-15 19:08:00,0,0.0,FR
93,2025-10-13 17:35:00,0,0.0,MX
94,2025-12-16 11:34:00,0,0.0,BR
95,2025-11-10 13:18:00,0,0.0,US
96,2025-12-01 11:01:00,0,0.0,DE
97,2025-12-08 00:00:00,0,0.0,US
98,2025-12-12 23:36:00,0,0.0,CA
99,2026-01-04 06:44:00,0,0.0,US
100,2025-12-24 00:39:00,0,0.0,US
101,2025-10-14 00:00:00,0,0.0,ES
102,2025-11-29 04:00:00,0,0.0,GB
103,2025-11-05 21:06:00,0,0.0,CA
104,2025-12-24 00:52:00,0,0.0,MX
105,2025-10-17 20:38:00,0,0.0,FR
106,2025-12-29 11:43:00,0,0.0,US
107,2026-01-07 23:18:00,0,0.0,BR
108,2025-12-21 20:17:00,0,0.0,GB
109,2025-10-29 12:13:00,0,0.0,CA
110,2025-12-26 16:35:00,0,0.0,MX
111,2025-11-01 21:38:00,0,0.0,DE
112,2025-10-27 13:15:00,0,0.0,FR
113,2025-12-11 05:25:00,0,0.0,US
114,2025-11-25 22:57:00,0,0.0,ES
115,2025-10-05 17:03:00,0,0.0,US
116,2026-01-01 00:00:00,0,0.0,DE
117,2025-12-04 20:21:00,0,0.0,DE
118,2025-11-05 11:43:00,0,0.0,US
119,2025-11-23 09:22:00,0,0.0,CA
120,2025-11-04 23:32:00,0,0.0,DE
121,2025-12-19 20:47:00,0,0.0,US
122,2025-12-25 13:55:00,0,0.0,GB
123,2025-11-07 13:45:00,0,0.0,DE
124,2025-12-25 05:52:00,0,0.0,MX
125,2025-12-22 04:00:00,0,0.0,DE
126,2025-12-08 21:00:00,0,0.0,US
127,2025-12-22 12:18:00,0,0.0,US
128,2025-12-25 14:54:00,0,0.0,CA
129,2026-01-05 11:35:00,0,0.0,US
130,2026-01-04 18:44:00,1,12.54,US
131,2025-11-23 20:59:00,0,0.0,ES
132,2025-10-24 22:47:00,0,0.0,BR
133,2025-12-22 20:10:00,0,0.0,US
134,2025-12-01 11:43:00,0,0.0,US
135,2026-01-08 08:10:00,0,0.0,ES
136,2025-11-19 08:32:00,0,0.0,MX
137,2025-11-08 14:31:00,0,0.0,ES
138,2025-11-08 00:00:00,0,0.0,MX
139,2025-11-14 19:12:00,0,0.0,MX
140,2025-12-17 00:00:00,0,0.0,FR
141,2025-12-02 23:17:00,0,0.0,DE
142,2026-01-10 00:50:00,0,0.0,BR
143,2025-11-16 09:30:00,0,0.0,CA
144,2025-12-18 01:37:00,0,0.0,FR
145,2026-01-03 07:38:00,0,0.0,CA
146,2025-10-07 21:05:00,0,0.0,ES
147,2025-12-16 18:09:00,1,10.1,US
148,2025-11-16 04:27:00,0,0.0,CA
149,2025-11-09 19:27:00,0,0.0,MX
150,2026-01-04 00:12:00,0,0.0,ES
151,2025-11-28 00:00:00,0,0.0,US
152,2025-11-28 15:42:00,0,0.0,DE
153,2025-11-18 08:47:00,1,7.17,GB
154,2025-10-31 20:52:00,0,0.0,GB
155,2025-10-22 11:40:00,0,0.0,GB
156,2025-10-16 08:14:00,0,0.0,ES
157,2025-11-19 20:56:00,0,0.0,US
158,2025-10-21 00:00:00,0,0.0,CA
159,2025-12-20 13:45:00,0,0.0,US
160,2025-10-21 05:15:00,0,0.0,US
161,2025-10-23 06:56:00,0,0.0,US
162,2025-12-22 06:33:00,0,0.0,FR
163,2025-12-05 20:29:00,0,0.0,FR
164,2025-12-01 00:00:00,0,0.0,US
165,2025-11-08 12:03:00,0,0.0,GB
166,2025-11-30 00:00:00,0,0.0,MX
167,2025-12-08 23:51:00,0,0.0,BR
168,2025-12-19 18:54:00,0,0.0,GB
169,2025-12-30 00:00:00,0,0.0,US
170,2025-11-25 01:24:00,0,0.0,ES
171,2025-12-05 12:11:00,0,0.0,MX
172,2025-12-17 05:23:00,0,0.0,GB
173,2026-01-06 06:38:00,0,0.0,GB
174,2025-12-20 23:32:00,1,16.01,US
175,2025-11-29 00:00:00,0,0.0,US
176,2025-12-15 19:12:00,1,13.21,CA
177,2025-12-24 00:00:00,0,0.0,DE
178,2025-10-19 00:00:00,0,0.0,DE
179,2025-10-10 16:00:00,0,0.0,DE
180,2026-01-08 09:26:00,1,13.1,US
181,2025-10-26 08:02:00,0,0.0,FR
182,2025-11-19 22:54:00,0,0.0,DE
183,2025-11-20 03:07:00,1,10.92,FR
184,2025-12-19 19:15:00,0,0.0,MX
185,2025-12-28 15:22:00,0,0.0,FR
186,2025-11-07 08:22:00,1,8.36,US
187,2025-11-06 18:12:00,0,0.0,US
188,2025-10-19 08:57:00,0,0.0,US
189,2025-11-27 10:26:00,0,0.0,US
190,2025-10-06 00:00:00,0,0.0,US
191,2025-10-24 14:54:00,0,0.0,US
192,2025-10-14 00:14:00,0,0.0,BR
193,2025-11-09 19:20:00,0,0.0,US
194,2026-01-02 12:17:00,0,0.0,BR
195,2026-01-07 00:43:00,0,0.0,US
196,2025-10-21 01:05:00,0,0.0,GB
197,2025-10-22 16:13:00,0,0.0,US
198,2025-10-19 22:59:00,0,0.0,US
199,2025-11-28 14:30:00,0,0.0,ES
200,2025-12-28 01:09:00,0,0.0,BR
201,2025-11-01 10:48:00,0,0.0,DE
202,2025-10-02 00:00:00,0,0.0,GB
203,2025-10-13 22:29:00,0,0.0,GB
204,2025-12-23 07:00:00,0,0.0,US
205,2025-12-20 08:11:00,0,0.0,BR
206,2025-12-17 01:57:00,0,0.0,US
207,2025-11-09 06:08:00,0,0.0,DE
208,2025-12-31 01:51:00,0,0.0,ES
209,2025-11-07 19:54:00,0,0.0,FR
210,2025-12-03 14:51:00,0,0.0,US
211,2025-10-27 00:48:00,0,0.0,US
212,2025-11-03 01:43:00,0,0.0,US
213,2026-01-11 06:43:00,0,0.0,US
214,2026-01-04 09:14:00,1,12.21,GB
215,2025-11-03 00:55:00,1,13.87,DE
216,2025-12-12 22:22:00,0,0.0,US
217,2025-11-29 03:16:00,1,9.57,FR
218,2025-11-06 02:15:00,0,0.0,DE
219,2025-11-18 13:13:00,0,0.0,US
220,2025-10-29 14:37:00,0,0.0,DE
221,2025-10-13 22:39:00,0,0.0,FR
222,2025-12-21 05:13:00,0,0.0,US
223,2025-11-02 00:00:00,0,0.0,BR
224,2025-11-25 13:53:00,0,0.0,GB
225,2025-11-15 10:23:00,0,0.0,GB
226,2025-12-31 04:41:00,1,13.21,US
227,2025-12-13 18:45:00,0,0.0,GB
228,2025-11-02 10:36:00,0,0.0,GB
229,2025-11-16 00:21:00,0,0.0,FR
230,2025-10-22 14:10:00,0,0.0,DE
231,2025-11-13 01:10:00,0,0.0,US
232,2025-12-12 11:05:00,0,0.0,DE
233,2025-11-04 01:18:00,0,0.0,FR
234,2025-10-15 00:48:00,0,0.0,FR
235,2025-12-14 03:21:00,1,15.39,US
236,2025-10-29 00:00:00,0,0.0,US
237,2025-11-28 11:51:00,0,0.0,GB
238,2025-11-20 00:25:00,0,0.0,US
239,2025-10-08 16:43:00,0,0.0,BR
240,2025-12-03 04:09:00,0,0.0,ES
241,2025-10-09 04:19:00,0,0.0,CA
242,2025-11-22 09:44:00,0,0.0,US
243,2025-12-31 18:11:00,0,0.0,MX
244,2025-12-30 00:17:00,0,0.0,GB
245,2025-11-02 07:32:00,0,0.0,US
246,2025-12-22 21:02:00,0,0.0,CA
247,2025-10-28 15:01:00,0,0.0,US
248,2025-10-24 01:34:00,0,0.0,GB
249,2025-12-09 03:42:00,0,0.0,FR
250,2025-10-21 18:15:00,0,0.0,CA
251,2025-10-27 19:31:00,0,0.0,CA
252,2025-12-10 06:28:00,0,0.0,BR
253,2025-11-22 13:22:00,0,0.0,US
254,2025-11-07 00:55:00,0,0.0,US
255,2026-01-02 22:07:00,0,0.0,US
256,2026-01-05 17:30:00,0,0.0,MX
257,2025-12-21 06:38:00,0,0.0,US
258,2025-10-28 00:00:00,0,0.0,DE
259,2025-10-21 05:27:00,1,14.26,BR
260,2025-10-30 04:03:00,0,0.0,US
261,2025-11-27 15:37:00,0,0.0,US
262,2025-11-10 05:03:00,0,0.0,DE
263,2025-11-18 16:32:00,0,0.0,US
264,2025-12-13 12:28:00,0,0.0,US
265,2025-12-16 00:00:00,0,0.0,US
266,2025-11-26 13:07:00,0,0.0,US
267,2025-10-29 16:44:00,1,10.5,FR
268,2025-11-04 09:28:00,0,0.0,US
269,2025-11-20 20:29:00,0,0.0,US
270,2025-12-26 00:59:00,1,11.64,FR
271,2025-12-19 03:49:00,0,0.0,GB
272,2025-12-27 07:26:00,0,0.0,US
273,2025-12-05 02:58:00,0,0.0,MX
274,2025-12-21 21:26:00,0,0.0,FR
275,2025-10-06 00:00:00,0,0.0,CA
276,2025-10-30 00:00:00,0,0.0,GB
277,2025-10-02 00:00:00,0,0.0,US
278,2025-10-16 23:58:00,0,0.0,DE
279,2025-11-25 16:34:00,0,0.0,DE
280,2025-12-02 10:51:00,0,0.0,FR
281,2025-12-04 06:58:00,0,0.0,GB
282,2025-12-13 12:16:00,1,10.02,CA
283,2025-10-31 16:54:00,0,0.0,US
284,2025-12-29 04:52:00,0,0.0,MX
285,2025-12-20 12:18:00,0,0.0,DE
286,2025-10-05 00:00:00,0,0.0,US
287,2025-10-30 09:26:00,0,0.0,US
288,2025-10-31 10:05:00,0,0.0,BR
289,2025-12-09 18:44:00,0,0.0,DE
290,2026-01-01 17:54:00,0,0.0,FR
291,2026-01-02 21:13:00,0,0.0,US
292,2026-01-07 20:49:00,0,0.0,US
293,2025-12-18 13:56:00,0,0.0,DE
294,2025-11-05 17:54:00,0,0.0,GB
295,2025-12-20 18:46:00,0,0.0,DE
296,2025-12-28 05:51:00,1,15.79,ES
297,2025-11-30 14:42:00,0,0.0,ES
298,2025-12-24 03:12:00,0,0.0,FR
299,2025-10-24 14:22:00,0,0.0,DE
300,2025-10-12 00:00:00,0,0.0,CA
301,2025-10-13 13:27:00,0,0.0,GB
302,2025-12-15 09:17:00,0,0.0,US
303,2025-12-10 20:47:00,0,0.0,DE
304,2025-11-16 14:17:00,0,0.0,DE
305,2025-10-29 00:00:00,0,0.0,DE
306,2025-11-08 21:38:00,0,0.0,MX
307,2025-10-09 07:30:00,0,0.0,CA
308,2025-12-14 11:00:00,0,0.0,CA
309,2025-12-08 08:22:00,0,0.0,US
310,2025-11-14 04:49:00,1,10.35,FR
311,2025-10-31 11:49:00,0,0.0,BR
312,2025-12-22 19:28:00,0,0.0,CA
313,2025-12-07 23:18:00,0,0.0,BR
314,2025-11-05 23:38:00,0,0.0,DE
315,2025-11-18 18:52:00,0,0.0,CA
316,2025-10-24 16:48:00,0,0.0,FR
317,2025-12-05 20:28:00,0,0.0,FR
318,2025-10-11 13:52:00,0,0.0,CA
319,2025-11-25 16:01:00,0,0.0,US
320,2025-12-19 20:36:00,0,0.0,DE
321,2025-12-31 00:00:00,0,0.0,ES
322,2025-11-14 22:07:00,1,12.74,US
323,2025-10-27 12:03:00,0,0.0,GB
324,2025-10-02 22:32:00,0,0.0,FR
325,2025-12-19 16:56:00,0,0.0,ES
326,2025-12-27 11:49:00,0,0.0,US
327,2025-12-13 20:58:00,0,0.0,US
328,2025-10-13 02:35:00,0,0.0,ES
329,2025-10-17 02:23:00,0,0.0,US
330,2025-10-23 17:43:00,0,0.0,US
331,2025-12-20 00:52:00,0,0.0,BR
332,2025-12-07 23:11:00,0,0.0,MX
333,2025-12-17 12:27:00,0,0.0,DE
334,2026-01-04 15:51:00,0,0.0,US
335,2025-10-28 04:33:00,0,0.0,FR
336,2026-01-03 17:58:00,0,0.0,US
337,2025-11-12 23:34:00,0,0.0,DE
338,2026-01-06 06:22:00,0,0.0,US
339,2025-12-02 15:51:00,0,0.0,MX
340,2025-11-07 15:40:00,0,0.0,US
341,2025-10-14 00:00:00,0,0.0,US
342,2025-11-08 23:49:00,0,0.0,US
343,2025-11-09 11:26:00,0,0.0,GB
344,2025-10-20 03:09:00,0,0.0,MX
345,2025-10-23 13:39:00,0,0.0,US
346,2025-12-24 11:37:00,0,0.0,ES
347,2025-12-12 05:06:00,0,0.0,FR
348,2025-12-27 19:50:00,0,0.0,FR
349,2025-12-05 00:00:00,0,0.0,US
350,2025-10-14 00:26:00,0,0.0,CA
351,2025-11-07 09:11:00,0,0.0,US
352,2025-11-03 05:51:00,0,0.0,US
353,2025-11-12 00:51:00,1,14.27,US
354,2025-12-27 13:23:00,1,17.74,MX
355,2025-12-19 05:34:00,0,0.0,US
356,2025-11-20 13:55:00,0,0.0,US
357,2025-12-10 17:10:00,0,0.0,FR
358,2025-12-17 14:48:00,0,0.0,MX
359,2025-12-15 20:28:00,1,14.45,US
360,2025-11-10 02:15:00,0,0.0,GB
361,2025-10-17 09:09:00,0,0.0,US
362,2025-12-30 00:49:00,1,11.51,MX
363,2025-10-14 01:42:00,0,0.0,US
364,2025-10-09 17:51:00,0,0.0,MX
365,2025-12-11 00:00:00,0,0.0,GB
366,2025-12-16 16:57:00,0,0.0,BR
367,2025-10-12 00:00:00,0,0.0,CA
368,2026-01-08 15:56:00,0,0.0,DE
369,2025-10-18 13:43:00,0,0.0,FR
370,2025-12-21 13:37:00,0,0.0,US
371,2025-11-23 00:00:00,0,0.0,US
372,2025-12-27 10:31:00,0,0.0,US
373,2025-11-26 17:39:00,0,0.0,ES
374,2025-10-27 17:23:00,1,15.55,ES
375,2025-11-19 09:35:00,0,0.0,US
376,2025-11-28 06:24:00,0,0.0,ES
377,2025-10-14 08:29:00,0,0.0,US
378,2025-11-21 04:35:00,1,11.98,MX
379,2025-12-20 00:00:00,0,0.0,MX
380,2025-10-14 05:02:00,0,0.0,FR
381,2025-10-22 13:43:00,0,0.0,US
382,2025-12-16 23:15:00,0,0.0,US
383,2025-11-17 14:35:00,0,0.0,BR
384,2025-10-19 17:59:00,0,0.0,US
385,2025-11-13 00:00:00,0,0.0,US
386,2025-10-30 08:42:00,0,0.0,MX
387,2025-12-02 23:41:00,0,0.0,FR
388,2025-11-04 23:04:00,0,0.0,DE
389,2025-10-15 00:12:00,1,14.24,FR
390,2026-01-02 23:19:00,0,0.0,DE
391,2025-12-03 01:36:00,0,0.0,GB
392,2025-12-31 18:12:00,0,0.0,FR
393,2025-10-15 10:58:00,0,0.0,GB
394,2025-11-06 08:10:00,0,0.0,DE
395,2025-11-17 07:17:00,0,0.0,US
396,2025-11-05 00:00:00,0,0.0,US
397,2025-12-27 20:18:00,0,0.0,DE
398,2025-10-25 11:58:00,0,0.0,US
399,2025-11-11 21:37:00,0,0.0,FR
400,2025-11-06 02:52:00,0,0.0,BR
401,2025-11-30 09:37:00,0,0.0,US
402,2025-10-08 23:53:00,0,0.0,ES
403,2025-11-25 00:00:00,0,0.0,US
404,2025-12-21 05:22:00,0,0.0,MX
405,2025-11-23 16:31:00,0,0.0,US
406,2025-11-09 07:58:00,0,0.0,ES
407,2025-12-25 05:54:00,1,12.24,BR
408,2025-10-28 16:05:00,0,0.0,DE
409,2025-10-21 08:38:00,0,0.0,US
410,2025-10-15 01:21:00,0,0.0,DE
411,2025-12-20 14:57:00,0,0.0,GB
412,2025-10-17 15:06:00,0,0.0,GB
413,2025-11-06 18:20:00,0,0.0,ES
414,2025-10-09 14:42:00,0,0.0,MX
415,2025-10-17 08:30:00,0,0.0,CA
416,2025-11-11 21:00:00,0,0.0,GB
417,2025-12-16 17:35:00,0,0.0,FR
418,2025-12-12 11:49:00,0,0.0,US
419,2025-12-23 17:10:00,0,0.0,GB
420,2025-12-29 03:19:00,0,0.0,US
421,2025-11-21 05:57:00,0,0.0,BR
422,2025-11-02 10:21:00,0,0.0,DE
423,2025-12-15 06:52:00,0,0.0,US
424,2025-10-17 20:53:00,0,0.0,DE
425,2026-01-04 22:56:00,0,0.0,US
426,2025-11-13 03:18:00,0,0.0,ES
427,2025-12-02 05:35:00,0,0.0,MX
428,2025-10-13 00:34:00,0,0.0,CA
429,2026-01-04 04:22:00,0,0.0,DE
430,2025-12-18 04:40:00,1,10.4,MX
431,2025-10-18 16:30:00,0,0.0,DE
432,2025-11-07 05:17:00,0,0.0,US
433,2025-12-06 03:49:00,0,0.0,BR
434,2025-11-08 16:37:00,0,0.0,BR
435,2025-10-26 06:45:00,0,0.0,ES
436,2026-01-03 23:50:00,0,0.0,US
437,2025-11-27 03:00:00,0,0.0,MX
438,2026-01-05 14:31:00,0,0.0,GB
439,2025-12-11 16:40:00,0,0.0,BR
440,2025-12-30 03:32:00,0,0.0,US
441,2025-11-28 07:58:00,1,11.41,BR
442,2025-11-14 17:18:00,0,0.0,US
443,2025-11-29 12:31:00,0,0.0,US
444,2025-11-08 21:34:00,0,0.0,FR
445,2025-10-14 00:00:00,0,0.0,US
446,2025-10-19 02:17:00,0,0.0,MX
447,2025-11-20 05:25:00,0,0.0,DE
448,2026-01-04 04:48:00,0,0.0,GB
449,2025-11-23 00:00:00,0,0.0,BR
450,2025-10-01 21:16:00,1,15.35,DE
451,2025-12-26 09:15:00,0,0.0,MX
452,2025-12-14 01:27:00,0,0.0,GB
453,2025-10-26 00:57:00,0,0.0,DE
454,2025-12-23 20:19:00,1,13.17,GB
455,2025-10-10 07:08:00,0,0.0,GB
456,2025-12-16 00:00:00,0,0.0,CA
457,2025-12-15 14:50:00,0,0.0,BR
458,2025-12-26 08:15:00,0,0.0,CA
459,2025-10-24 00:50:00,0,0.0,DE
460,2025-11-13 12:31:00,0,0.0,CA
461,2025-10-26 06:32:00,0,0.0,MX
462,2025-12-20 10:16:00,0,0.0,DE
463,2025-11-12 22:40:00,0,0.0,MX
464,2025-11-17 12:13:00,0,0.0,US
465,2025-11-02 17:13:00,0,0.0,FR
466,2025-12-28 00:00:00,0,0.0,CA
467,2025-11-10 10:38:00,0,0.0,FR
468,2025-10-11 04:42:00,0,0.0,DE
469,2025-12-01 18:40:00,0,0.0,MX
470,2026-01-01 22:06:00,1,15.67,GB
471,2026-01-03 03:19:00,0,0.0,US
472,2025-11-07 00:38:00,0,0.0,CA
473,2025-11-28 00:00:00,0,0.0,FR
474,2025-11-30 05:51:00,0,0.0,BR
475,2025-12-23 21:08:00,0,0.0,BR
476,2025-10-09 11:35:00,0,0.0,GB
477,2025-10-25 09:49:00,0,0.0,GB
478,2025-10-03 21:14:00,1,10.35,BR
479,2025-12-09 15:22:00,0,0.0,CA
480,2025-10-19 05:33:00,0,0.0,US
481,2025-10-30 00:00:00,0,0.0,US
482,2025-10-17 07:40:00,0,0.0,US
483,2025-10-24 11:37:00,0,0.0,MX
484,2025-11-03 07:45:00,0,0.0,ES
485,2025-12-26 00:36:00,0,0.0,CA
486,2025-12-07 15:06:00,0,0.0,MX
487,2025-10-12 12:12:00,0,0.0,CA
488,2025-11-16 08:46:00,0,0.0,BR
489,2025-11-11 11:09:00,0,0.0,ES
490,2025-11-27 00:00:00,1,14.69,FR
491,2025-10-16 19:37:00,0,0.0,CA
492,2025-10-24 17:44:00,1,8.48,US
493,2025-11-03 09:40:00,0,0.0,FR
494,2025-10-11 00:00:00,0,0.0,MX
495,2025-12-26 00:00:00,0,0.0,GB
496,2025-12-18 00:03:00,0,0.0,US
497,2025-12-15 09:00:00,0,0.0,FR
498,2025-11-27 16:09:00,0,0.0,US
499,2025-12-10 13:09:00,0,0.0,MX
500,2025-12-23 23:12:00,0,0.0,US
501,2025-12-27 00:00:00,0,0.0,CA
502,2025-12-24 00:00:00,0,0.0,FR
503,2025-10-13 22:03:00,0,0.0,FR
504,2025-11-20 09:06:00,0,0.0,MX
505,2026-01-01 04:57:00,0,0.0,DE
506,2025-10-26 14:47:00,0,0.0,MX
507,2025-12-01 09:10:00,0,0.0,CA
508,2025-10-25 22:08:00,0,0.0,BR
509,2025-10-11 13:00:00,0,0.0,US
510,2025-11-17 13:41:00,0,0.0,US
511,2025-12-29 06:52:00,0,0.0,GB
512,2025-11-06 18:54:00,0,0.0,DE
513,2025-11-20 13:42:00,0,0.0,US
514,2025-12-12 01:18:00,0,0.0,DE
515,2025-10-31 00:00:00,0,0.0,DE
516,2025-11-20 04:25:00,0,0.0,MX
517,2025-11-02 00:00:00,0,0.0,US
518,2025-11-29 22:03:00,0,0.0,GB
519,2025-11-21 03:40:00,0,0.0,US
520,2025-11-13 10:24:00,0,0.0,GB
521,2025-11-12 15:41:00,0,0.0,CA
522,2025-12-18 03:14:00,1,14.04,GB
523,2025-11-02 08:05:00,0,0.0,US
524,2025-11-19 00:00:00,0,0.0,MX
525,2025-12-06 20:07:00,0,0.0,MX
526,2025-12-25 17:13:00,0,0.0,GB
527,2025-11-06 04:52:00,0,0.0,US
528,2025-11-19 20:41:00,0,0.0,ES
529,2025-10-24 21:03:00,0,0.0,US
530,2025-12-22 11:54:00,0,0.0,US
531,2025-11-11 07:01:00,0,0.0,US
532,2025-12-25 18:29:00,0,0.0,US
533,2025-12-05 09:30:00,0,0.0,CA
534,2025-11-08 22:23:00,0,0.0,DE
535,2025-12-12 22:02:00,0,0.0,GB
536,2025-11-03 13:58:00,0,0.0,US
537,2025-10-13 16:25:00,0,0.0,US
538,2026-01-01 00:00:00,0,0.0,US
539,2025-12-13 00:00:00,0,0.0,DE
540,2025-11-11 20:48:00,0,0.0,MX
541,2025-10-09 22:02:00,0,0.0,ES
542,2025-12-05 10:12:00,1,9.76,GB
543,2025-12-30 05:41:00,0,0.0,GB
544,2026-01-05 01:58:00,0,0.0,DE
545,2025-12-29 05:28:00,0,0.0,DE
546,2025-11-21 05:23:00,0,0.0,US
547,2025-12-15 20:16:00,0,0.0,US
548,2025-10-14 17:35:00,0,0.0,MX
549,2025-12-15 18:55:00,1,9.37,MX
550,2025-11-12 19:42:00,0,0.0,US
551,2025-12-12 00:00:00,0,0.0,MX
552,2025-11-20 00:00:00,1,8.8,GB
553,2025-10-12 13:23:00,0,0.0,US
554,2026-01-05 22:16:00,0,0.0,US
555,2025-11-25 15:05:00,0,0.0,US
556,2026-01-05 13:15:00,1,10.78,US
557,2026-01-09 18:37:00,0,0.0,ES
558,2025-10-28 00:00:00,0,0.0,US
559,2025-11-19 09:50:00,0,0.0,US
560,2025-10-17 20:26:00,0,0.0,US
561,2025-10-14 00:00:00,0,0.0,MX
562,2025-11-26 13:33:00,0,0.0,US
563,2025-10-19 00:00:00,0,0.0,MX
564,2025-11-16 20:10:00,0,0.0,US
565,2026-01-02 06:22:00,0,0.0,US
566,2025-12-15 20:05:00,0,0.0,DE
567,2025-11-27 00:00:00,0,0.0,US
568,2025-11-21 23:39:00,0,0.0,GB
569,2025-11-01 00:31:00,0,0.0,CA
570,2025-10-24 17:59:00,0,0.0,CA
571,2026-01-09 19:56:00,0,0.0,DE
572,2025-11-12 23:15:00,0,0.0,US
573,2025-12-08 05:02:00,0,0.0,ES
574,2025-10-19 00:00:00,0,0.0,FR
575,2025-12-21 20:45:00,0,0.0,GB
576,2025-12-19 10:04:00,0,0.0,US
577,2025-12-02 21:57:00,0,0.0,GB
578,2025-12-03 16:07:00,0,0.0,GB
579,2025-12-09 22:25:00,1,9.46,DE
580,2025-12-13 22:45:00,0,0.0,US
581,2026-01-11 14:15:00,0,0.0,ES
582,2025-10-11 19:14:00,1,10.19,FR
583,2025-11-01 09:24:00,0,0.0,US
584,2026-01-02 04:26:00,0,0.0,US
585,2025-11-11 16:48:00,0,0.0,US
586,2025-11-23 20:37:00,1,11.74,FR
587,2025-10-23 01:53:00,0,0.0,FR
588,2025-11-27 00:00:00,0,0.0,ES
589,2025-11-13 19:40:00,1,10.51,GB
590,2025-12-23 17:03:00,0,0.0,GB
591,2025-11-12 03:10:00,0,0.0,GB
592,2025-12-13 08:59:00,0,0.0,BR
593,2025-12-09 17:05:00,0,0.0,ES
594,2025-12-26 03:44:00,0,0.0,GB
595,2025-10-29 14:48:00,0,0.0,US
596,2025-10-18 09:36:00,0,0.0,MX
597,2026-01-07 15:17:00,1,15.43,US
598,2025-12-16 16:18:00,0,0.0,DE
599,2025-12-03 10:27:00,0,0.0,GB
600,2025-12-29 00:00:00,0,0.0,CA
601,2025-12-07 13:20:00,0,0.0,FR
602,2025-12-12 00:00:00,0,0.0,DE
603,2025-10-17 10:19:00,0,0.0,US
604,2025-12-18 18:20:00,0,0.0,US
605,2025-10-15 11:14:00,0,0.0,US
606,2025-10-23 20:02:00,0,0.0,US
607,2025-10-17 09:04:00,0,0.0,US
608,2025-10-26 11:56:00,0,0.0,MX
609,2025-11-16 05:13:00,0,0.0,ES
610,2026-01-01 04:26:00,0,0.0,US
611,2026-01-04 05:28:00,0,0.0,FR
612,2025-11-04 17:48:00,0,0.0,GB
613,2025-12-28 00:00:00,0,0.0,FR
614,2025-12-06 16:56:00,0,0.0,CA
615,2025-11-14 00:00:00,0,0.0,US
616,2025-11-23 04:12:00,0,0.0,DE
617,2025-12-16 18:56:00,0,0.0,US
618,2025-12-31 00:00:00,0,0.0,US
619,2025-11-06 23:05:00,0,0.0,DE
620,2025-11-01 08:49:00,0,0.0,GB
621,2025-10-13 09:57:00,0,0.0,US
622,2025-10-25 21:54:00,0,0.0,US
623,2025-11-26 21:43:00,0,0.0,ES
624,2025-11-16 00:00:00,0,0.0,US
625,2025-10-21 00:00:00,0,0.0,GB
626,2025-12-19 16:18:00,0,0.0,US
627,2025-12-18 00:00:00,0,0.0,DE
628,2025-10-27 13:35:00,0,0.0,US
629,2025-10-06 00:46:00,0,0.0,MX
630,2025-10-15 16:37:00,0,0.0,US
631,2025-11-10 03:38:00,0,0.0,BR
632,2025-10-19 19:53:00,0,0.0,FR
633,2025-11-10 06:35:00,1,10.4,US
634,2025-12-14 21:11:00,0,0.0,US
635,2025-10-25 12:10:00,0,0.0,DE
636,2025-10-13 11:46:00,1,12.91,GB
637,2025-10-10 00:04:00,0,0.0,US
638,2025-12-01 09:01:00,0,0.0,GB
639,2025-10-23 14:07:00,0,0.0,MX
640,2025-12-29 00:00:00,0,0.0,FR
641,2025-12-06 00:05:00,0,0.0,US
642,2025-12-27 18:19:00,0,0.0,DE
643,2025-12-06 10:17:00,0,0.0,GB
644,2025-11-03 19:54:00,1,9.15,DE
645,2025-11-19 18:47:00,0,0.0,CA
646,2025-10-10 06:01:00,0,0.0,DE
647,2025-10-15 00:00:00,0,0.0,GB
648,2025-10-13 19:14:00,0,0.0,CA
649,2025-11-29 08:38:00,1,10.78,US
650,2025-12-14 00:00:00,0,0.0,ES
651,2025-11-22 03:23:00,1,9.83,GB
652,2025-12-22 20:58:00,0,0.0,US
653,2025-12-29 08:45:00,0,0.0,DE
654,2025-10-18 07:27:00,0,0.0,US
655,2025-11-14 15:27:00,0,0.0,MX
656,2025-12-06 21:26:00,0,0.0,FR
657,2025-11-17 15:43:00,0,0.0,MX
658,2025-10-25 10:42:00,1,12.3,US
659,2025-12-05 10:20:00,0,0.0,US
660,2025-11-08 03:03:00,0,0.0,US
661,2025-11-07 12:25:00,0,0.0,US
662,2025-11-28 03:03:00,0,0.0,US
663,2025-11-21 00:00:00,0,0.0,US
664,2026-01-12 08:56:00,0,0.0,US
665,2025-11-06 03:32:00,0,0.0,MX
666,2025-10-11 10:41:00,0,0.0,US
667,2025-11-04 14:07:00,0,0.0,DE
668,2025-12-18 18:23:00,0,0.0,ES
669,2025-10-08 11:25:00,0,0.0,US
670,2025-12-22 09:27:00,0,0.0,BR
671,2025-10-11 00:00:00,0,0.0,MX
672,2025-11-25 10:00:00,1,9.33,US
673,2025-11-26 07:00:00,0,0.0,US
674,2025-12-31 21:54:00,0,0.0,FR
675,2025-10-11 03:11:00,0,0.0,MX
676,2025-11-08 07:04:00,0,0.0,DE
677,2025-11-06 13:08:00,0,0.0,US
678,2025-09-29 11:21:00,0,0.0,BR
679,2025-12-19 18:24:00,0,0.0,FR
680,2025-11-10 00:00:00,0,0.0,FR
681,2026-01-09 10:36:00,0,0.0,US
682,2025-11-26 18:45:00,0,0.0,MX
683,2026-01-03 12:52:00,0,0.0,CA
684,2025-12-07 11:40:00,0,0.0,DE
685,2025-10-07 07:35:00,0,0.0,US
686,2025-10-07 05:27:00,0,0.0,US
687,2025-12-04 22:18:00,0,0.0,DE
688,2025-10-16 04:54:00,0,0.0,MX
689,2025-11-23 00:00:00,0,0.0,MX
690,2025-10-08 01:21:00,0,0.0,ES
691,2025-11-21 20:06:00,0,0.0,US
692,2025-10-15 00:00:00,0,0.0,US
693,2025-10-15 21:07:00,0,0.0,CA
694,2025-10-23 08:00:00,0,0.0,US
695,2026-01-09 07:56:00,0,0.0,US
696,2025-12-06 21:27:00,0,0.0,BR
697,2025-11-16 03:42:00,0,0.0,ES
698,2025-11-03 19:31:00,0,0.0,BR
699,2025-12-25 19:14:00,0,0.0,GB
700,2025-12-30 08:38:00,0,0.0,US
701,2025-11-15 07:14:00,1,11.61,BR
702,2025-12-29 07:17:00,0,0.0,DE
703,2025-11-04 15:05:00,0,0.0,BR
704,2026-01-02 17:26:00,0,0.0,DE
705,2025-11-10 19:54:00,0,0.0,BR
706,2025-12-19 00:00:00,0,0.0,US
707,2025-11-22 10:59:00,0,0.0,BR
708,2026-01-09 07:54:00,0,0.0,MX
709,2025-12-08 00:00:00,0,0.0,US
710,2025-11-29 02:30:00,0,0.0,GB
711,2025-10-05 16:25:00,1,12.1,DE
712,2025-11-10 00:24:00,0,0.0,US
713,2025-10-27 09:38:00,0,0.0,BR
714,2025-11-10 21:11:00,1,11.93,DE
715,2025-10-15 15:53:00,0,0.0,CA
716,2025-10-16 03:19:00,1,11.26,US
717,2025-10-24 01:46:00,0,0.0,CA
718,2025-10-26 20:50:00,0,0.0,BR
719,2025-10-05 11:12:00,1,12.5,GB
720,2025-12-30 00:00:00,0,0.0,BR
721,2025-10-05 00:00:00,0,0.0,US
722,2025-11-27 05:31:00,0,0.0,DE
723,2025-12-17 05:05:00,0,0.0,ES
724,2025-12-31 06:15:00,0,0.0,US
725,2025-10-13 15:06:00,0,0.0,US
726,2025-12-31 05:32:00,0,0.0,US
727,2025-11-24 14:12:00,0,0.0,FR
728,2025-12-27 14:46:00,0,0.0,FR
729,2025-12-30 13:33:00,1,8.31,US
730,2025-11-13 06:59:00,0,0.0,US
731,2025-10-14 11:38:00,1,12.73,US
732,2025-10-18 22:36:00,0,0.0,MX
733,2025-12-08 10:19:00,0,0.0,ES
734,2025-11-17 12:33:00,0,0.0,US
735,2025-10-27 05:28:00,0,0.0,US
736,2026-01-04 11:00:00,0,0.0,MX
737,2026-01-09 01:05:00,0,0.0,MX
738,2025-10-13 00:00:00,0,0.0,DE
739,2026-01-04 23:55:00,1,9.04,MX
740,2025-11-24 04:41:00,0,0.0,US
741,2026-01-10 10:48:00,0,0.0,CA
742,2025-10-15 08:41:00,0,0.0,ES
743,2025-11-22 07:51:00,0,0.0,DE
744,2025-12-28 23:58:00,0,0.0,US
745,2025-10-21 22:41:00,0,0.0,DE
746,2025-12-27 23:11:00,0,0.0,US
747,2025-12-14 19:14:00,1,18.17,DE
748,2025-10-17 20:09:00,0,0.0,US
749,2025-11-11 00:29:00,1,8.49,FR
750,2025-12-06 04:07:00,0,0.0,US
751,2025-12-08 16:01:00,0,0.0,MX
752,2026-01-11 02:00:00,0,0.0,GB
753,2025-10-27 00:00:00,0,0.0,MX
754,2025-11-07 12:54:00,0,0.0,US
755,2025-11-12 16:00:00,0,0.0,US
756,2025-11-10 05:47:00,0,0.0,US
757,2025-09-25 23:15:00,0,0.0,US
758,2025-11-19 21:45:00,0,0.0,US
759,2025-11-09 04:20:00,0,0.0,US
760,2025-11-18 00:47:00,0,0.0,MX
761,2025-12-30 15:43:00,0,0.0,CA
762,2025-11-17 00:00:00,0,0.0,BR
763,2025-10-15 09:39:00,0,0.0,US
764,2025-10-23 01:26:00,0,0.0,US
765,2025-12-08 05:10:00,0,0.0,US
766,2025-11-28 10:26:00,0,0.0,DE
767,2025-12-21 23:21:00,0,0.0,US
768,2025-11-12 23:26:00,0,0.0,CA
769,2025-12-24 07:09:00,0,0.0,DE
770,2026-01-03 10:47:00,0,0.0,CA
771,2025-10-18 05:48:00,0,0.0,FR
772,2025-11-10 00:01:00,0,0.0,FR
773,2025-12-06 03:38:00,0,0.0,US
774,2025-12-28 08:24:00,0,0.0,DE
775,2025-10-16 08:58:00,0,0.0,US
776,2025-12-14 16:13:00,0,0.0,US
777,2025-10-23 14:15:00,0,0.0,MX
778,2025-12-28 19:39:00,0,0.0,GB
779,2025-10-18 21:41:00,0,0.0,ES
780,2026-01-01 10:52:00,0,0.0,US
781,2025-10-05 00:01:00,0,0.0,GB
782,2025-12-26 13:27:00,0,0.0,MX
783,2025-11-06 14:42:00,0,0.0,US
784,2025-11-15 00:00:00,0,0.0,ES
785,2025-12-16 00:00:00,0,0.0,GB
786,2025-12-07 03:21:00,0,0.0,US
787,2025-10-13 14:43:00,0,0.0,FR
788,2025-10-23 01:51:00,0,0.0,US
789,2025-12-05 00:00:00,0,0.0,US
790,2026-01-02 17:52:00,0,0.0,US
791,2025-11-10 00:00:00,0,0.0,ES
792,2025-12-18 07:28:00,0,0.0,US
793,2025-10-14 21:13:00,0,0.0,FR
794,2025-11-25 23:17:00,0,0.0,GB
795,2025-12-12 08:12:00,0,0.0,US
796,2025-12-20 18:24:00,0,0.0,BR
797,2025-11-07 04:23:00,0,0.0,MX
798,2025-12-05 18:47:00,0,0.0,BR
799,2025-10-27 23:23:00,0,0.0,DE
800,2025-10-14 04:40:00,0,0.0,GB
801,2025-11-16 03:05:00,0,0.0,ES
802,2025-10-22 20:14:00,0,0.0,US
803,2025-11-05 07:07:00,0,0.0,DE
804,2025-10-20 15:02:00,0,0.0,CA
805,2025-12-17 06:35:00,0,0.0,DE
806,2025-12-06 07:32:00,0,0.0,FR
807,2025-11-25 00:00:00,0,0.0,ES
808,2025-12-18 00:00:00,0,0.0,US
809,2025-11-02 16:46:00,1,14.39,MX
810,2025-10-25 22:51:00,0,0.0,ES
811,2026-01-02 11:48:00,0,0.0,ES
812,2025-10-21 02:50:00,1,10.85,CA
813,2025-10-24 20:43:00,0,0.0,ES
814,2025-10-12 09:53:00,0,0.0,CA
815,2025-12-16 22:05:00,0,0.0,CA
816,2025-11-24 09:01:00,0,0.0,DE
817,2025-11-29 03:17:00,1,11.05,MX
818,2026-01-04 04:18:00,0,0.0,MX
819,2025-10-18 19:38:00,0,0.0,CA
820,2026-01-06 11:25:00,0,0.0,MX
821,2025-10-20 00:43:00,0,0.0,US
822,2025-12-03 14:11:00,0,0.0,US
823,2025-12-30 11:59:00,0,0.0,DE
824,2025-11-08 10:57:00,0,0.0,BR
825,2025-10-31 00:00:00,0,0.0,GB
826,2025-12-31 13:52:00,0,0.0,DE
827,2025-12-24 22:56:00,0,0.0,US
828,2025-10-14 03:19:00,0,0.0,US
829,2025-10-29 22:23:00,0,0.0,US
830,2025-11-19 14:21:00,0,0.0,US
831,2025-11-15 12:48:00,0,0.0,DE
832,2025-11-24 00:00:00,0,0.0,CA
833,2025-12-25 04:45:00,0,0.0,US
834,2026-01-07 17:37:00,0,0.0,GB
835,2025-10-10 11:27:00,0,0.0,US
836,2025-11-08 13:35:00,0,0.0,US
837,2025-10-04 22:27:00,0,0.0,GB
838,2026-01-03 08:31:00,0,0.0,DE
839,2025-12-08 17:11:00,0,0.0,US
840,2025-11-12 09:31:00,0,0.0,GB
841,2025-11-11 07:02:00,0,0.0,US
842,2026-01-10 08:38:00,0,0.0,CA
843,2025-11-28 12:01:00,0,0.0,BR
844,2025-12-02 05:42:00,0,0.0,US
845,2025-12-30 20:46:00,0,0.0,US
846,2025-11-13 14:53:00,0,0.0,GB
847,2025-11-01 21:20:00,1,10.8,BR
848,2025-11-24 23:41:00,0,0.0,US
849,2025-10-29 23:26:00,1,15.09,GB
850,2025-12-06 01:25:00,1,9.95,US
851,2025-10-19 12:20:00,0,0.0,ES
852,2025-11-04 15:48:00,0,0.0,US
853,2025-12-06 12:38:00,0,0.0,US
854,2025-10-23 07:19:00,0,0.0,US
855,2025-11-03 04:49:00,0,0.0,ES
856,2025-10-09 18:33:00,0,0.0,US
857,2025-11-20 21:32:00,0,0.0,GB
858,2025-11-27 01:09:00,0,0.0,ES
859,2025-11-03 10:06:00,0,0.0,ES
860,2025-12-31 22:50:00,0,0.0,US
861,2025-11-08 15:47:00,0,0.0,MX
862,2025-10-16 09:17:00,0,0.0,GB
863,2025-12-04 03:24:00,0,0.0,GB
864,2025-10-29 11:40:00,0,0.0,US
865,2026-01-07 11:35:00,0,0.0,US
866,2025-11-24 23:52:00,0,0.0,US
867,2025-12-03 21:38:00,1,6.43,US
868,2025-10-20 00:00:00,0,0.0,BR
869,2025-11-29 00:00:00,0,0.0,US
870,2025-11-13 00:00:00,0,0.0,US
871,2025-11-01 18:20:00,0,0.0,US
872,2025-12-29 03:33:00,0,0.0,US
873,2025-11-12 23:28:00,0,0.0,US
874,2025-11-10 00:00:00,0,0.0,ES
875,2025-10-18 15:16:00,0,0.0,MX
876,2025-12-18 04:12:00,0,0.0,US
877,2025-12-18 06:35:00,0,0.0,GB
878,2026-01-03 14:46:00,0,0.0,US
879,2025-12-17 16:45:00,0,0.0,US
880,2026-01-04 17:19:00,0,0.0,ES
881,2026-01-02 00:25:00,0,0.0,FR
882,2025-11-18 00:48:00,0,0.0,GB
883,2025-11-30 19:18:00,0,0.0,US
884,2025-12-07 00:00:00,0,0.0,US
885,2025-11-21 00:00:00,0,0.0,US
886,2025-11-08 21:18:00,0,0.0,US
887,2025-10-31 00:46:00,0,0.0,US
888,2025-12-21 08:28:00,0,0.0,US
889,2025-10-20 04:47:00,0,0.0,GB
890,2025-12-05 14:54:00,0,0.0,US
891,2025-12-07 09:55:00,0,0.0,US
892,2025-12-11 20:19:00,0,0.0,FR
893,2025-12-10 21:37:00,0,0.0,US
894,2025-10-24 05:27:00,0,0.0,US
895,2025-12-01 05:54:00,0,0.0,US
896,2025-11-05 16:22:00,0,0.0,DE
897,2025-11-02 23:21:00,0,0.0,GB
898,2026-01-01 06:32:00,0,0.0,BR
899,2025-10-20 19:51:00,0,0.0,GB
900,2025-12-15 01:47:00,0,0.0,US
901,2025-11-03 20:27:00,0,0.0,US
902,2025-11-16 11:16:00,0,0.0,BR
903,2025-11-07 11:33:00,0,0.0,ES
904,2025-12-16 21:26:00,0,0.0,DE
905,2025-11-13 14:07:00,0,0.0,GB
906,2025-10-09 19:33:00,0,0.0,MX
907,2025-12-28 17:16:00,0,0.0,US
908,2025-11-01 06:20:00,0,0.0,FR
909,2025-12-26 00:00:00,0,0.0,US
910,2025-11-17 03:36:00,0,0.0,US
911,2025-12-25 16:59:00,0,0.0,GB
912,2025-11-28 06:31:00,0,0.0,DE
913,2025-11-19 18:59:00,0,0.0,DE
914,2025-12-07 22:17:00,0,0.0,MX
915,2025-11-24 22:01:00,0,0.0,US
916,2025-10-07 00:00:00,0,0.0,US
917,2025-10-20 22:31:00,1,16.04,FR
918,2025-11-18 17:49:00,0,0.0,ES
919,2026-01-10 03:02:00,0,0.0,US
920,2025-10-22 00:00:00,0,0.0,FR
921,2025-11-01 09:43:00,0,0.0,CA
922,2026-01-05 00:19:00,1,11.54,US
923,2025-12-05 12:17:00,0,0.0,MX
924,2025-10-12 18:26:00,0,0.0,US
925,2025-11-16 11:50:00,0,0.0,MX
926,2025-10-31 00:00:00,0,0.0,US
927,2025-11-16 13:34:00,0,0.0,GB
928,2025-10-30 23:36:00,0,0.0,MX
929,2025-10-26 19:37:00,0,0.0,FR
930,2025-10-22 09:41:00,0,0.0,FR
931,2025-11-07 21:09:00,0,0.0,US
932,2025-11-01 09:46:00,0,0.0,US
933,2025-12-16 13:30:00,0,0.0,ES
934,2025-10-25 13:56:00,1,8.63,MX
935,2025-12-29 11:03:00,0,0.0,US
936,2025-12-07 23:14:00,0,0.0,US
937,2025-11-08 13:24:00,0,0.0,ES
938,2025-11-26 21:40:00,0,0.0,BR
939,2025-12-03 16:08:00,0,0.0,US
940,2025-12-14 18:47:00,0,0.0,MX
941,2025-10-07 00:00:00,0,0.0,MX
942,2025-12-29 17:11:00,0,0.0,MX
943,2025-11-16 00:00:00,0,0.0,ES
944,2025-11-19 08:13:00,0,0.0,ES
945,2025-11-10 13:37:00,0,0.0,US
946,2025-12-31 06:09:00,0,0.0,US
947,2026-01-10 02:13:00,0,0.0,CA
948,2025-12-08 02:56:00,0,0.0,FR
949,2025-12-21 21:34:00,0,0.0,GB
950,2025-12-21 10:51:00,0,0.0,DE
951,2025-10-25 06:54:00,0,0.0,BR
952,2025-12-09 15:09:00,0,0.0,US
953,2025-12-01 11:28:00,0,0.0,DE
954,2025-10-15 11:31:00,0,0.0,US
955,2025-12-21 13:57:00,0,0.0,GB
956,2026-01-04 19:54:00,0,0.0,US
957,2025-11-16 02:29:00,0,0.0,MX
958,2025-12-07 06:19:00,0,0.0,ES
959,2025-10-27 14:47:00,0,0.0,BR
960,2026-01-11 23:03:00,0,0.0,US
961,2025-10-14 16:08:00,0,0.0,CA
962,2025-12-21 12:06:00,0,0.0,GB
963,2025-11-09 22:17:00,0,0.0,US
964,2025-10-18 20:37:00,0,0.0,US
965,2025-11-02 20:07:00,0,0.0,US
966,2025-10-30 09:24:00,0,0.0,BR
967,2025-11-09 00:00:00,0,0.0,CA
968,2025-11-11 18:45:00,0,0.0,MX
969,2025-10-10 06:30:00,0,0.0,US
970,2025-12-22 19:52:00,0,0.0,GB
971,2025-11-24 12:49:00,0,0.0,US
972,2025-10-25 03:55:00,0,0.0,FR
973,2025-10-17 00:00:00,0,0.0,ES
974,2025-12-04 17:18:00,0,0.0,MX
975,2025-12-16 07:02:00,0,0.0,MX
976,2025-10-20 09:10:00,0,0.0,FR
977,2025-11-09 00:07:00,0,0.0,US
978,2025-11-18 00:26:00,0,0.0,DE
979,2025-12-20 22:41:00,0,0.0,US
980,2025-11-12 01:32:00,0,0.0,GB
981,2025-11-20 07:24:00,0,0.0,US
982,2025-10-15 11:02:00,0,0.0,GB
983,2025-11-09 22:05:00,0,0.0,ES
984,2025-12-23 00:00:00,0,0.0,US
985,2025-11-12 23:41:00,0,0.0,DE
986,2025-12-08 14:19:00,0,0.0,BR
987,2025-10-26 21:45:00,0,0.0,CA
988,2025-12-28 01:45:00,0,0.0,CA
989,2025-12-09 00:00:00,0,0.0,US
990,2025-10-24 22:38:00,0,0.0,US
991,2025-11-11 00:00:00,0,0.0,GB
992,2025-11-27 01:57:00,0,0.0,US
993,2025-12-20 13:52:00,0,0.0,GB
994,2025-11-29 18:00:00,0,0.0,ES
995,2025-10-27 22:10:00,0,0.0,ES
996,2025-12-31 17:22:00,0,0.0,FR
997,2025-11-16 14:44:00,0,0.0,DE
998,2025-10-18 00:00:00,0,0.0,US
999,2025-11-08 21:19:00,0,0.0,ES
1000,2025-10-30 16:11:00,0,0.0,US
1001,2025-10-29 02:39:00,0,0.0,FR
1002,2025-11-13 01:11:00,0,0.0,FR
1003,2025-11-13 23:35:00,0,0.0,GB
1004,2025-12-30 20:04:00,0,0.0,MX
1005,2025-10-11 10:58:00,0,0.0,US
1006,2025-10-28 16:46:00,0,0.0,MX
1007,2025-10-19 00:00:00,0,0.0,US
1008,2025-11-20 09:05:00,0,0.0,US
1009,2025-12-30 03:35:00,0,0.0,US
1010,2025-10-31 16:50:00,1,12.49,DE
1011,2025-11-06 03:49:00,0,0.0,ES
1012,2025-10-06 00:00:00,0,0.0,US
1013,2025-12-02 08:22:00,0,0.0,US
1014,2025-12-16 10:32:00,0,0.0,US
1015,2025-10-29 00:25:00,0,0.0,US
1016,2025-11-18 03:04:00,0,0.0,US
1017,2025-11-19 00:00:00,0,0.0,BR
1018,2025-11-15 21:49:00,1,12.62,CA
1019,2025-12-25 04:05:00,0,0.0,CA
1020,2026-01-01 12:39:00,0,0.0,US
1021,2025-12-17 15:57:00,0,0.0,GB
1022,2025-12-06 10:19:00,0,0.0,US
1023,2025-10-15 15:41:00,0,0.0,CA
1024,2025-12-31 17:13:00,0,0.0,MX
1025,2026-01-03 20:20:00,0,0.0,FR
1026,2025-10-29 03:38:00,0,0.0,US
1027,2025-11-04 00:00:00,0,0.0,GB
1028,2025-12-19 20:44:00,0,0.0,US
1029,2025-10-08 00:00:00,0,0.0,FR
1030,2025-10-19 23:19:00,0,0.0,CA
1031,2025-12-02 00:00:00,0,0.0,MX
1032,2025-12-10 00:00:00,0,0.0,FR
1033,2025-11-01 14:21:00,0,0.0,GB
1034,2025-11-19 07:51:00,0,0.0,US
1035,2025-12-24 00:00:00,0,0.0,US
1036,2025-12-28 05:48:00,0,0.0,ES
1037,2025-12-16 22:21:00,0,0.0,US
1038,2025-11-17 16:07:00,0,0.0,US
1039,2025-10-24 18:37:00,0,0.0,ES
1040,2025-12-17 10:34:00,0,0.0,US
1041,2025-12-14 07:33:00,0,0.0,US
1042,2025-11-02 00:00:00,0,0.0,US
1043,2026-01-04 10:17:00,0,0.0,US
1044,2025-10-18 18:43:00,0,0.0,MX
1045,2025-10-28 00:00:00,0,0.0,BR
1046,2025-11-28 00:00:00,0,0.0,US
1047,2025-11-04 10:28:00,0,0.0,US
1048,2025-11-01 23:30:00,0,0.0,DE
1049,2025-12-19 17:36:00,0,0.0,DE
1050,2025-12-19 11:12:00,0,0.0,BR
1051,2025-10-21 12:26:00,0,0.0,US
1052,2025-12-18 02:44:00,0,0.0,BR
1053,2026-01-02 15:36:00,0,0.0,GB
1054,2025-11-16 06:46:00,0,0.0,CA
1055,2025-12-21 17:20:00,0,0.0,FR
1056,2025-10-22 03:26:00,0,0.0,CA
1057,2025-12-15 00:00:00,0,0.0,MX
1058,2025-12-14 00:00:00,0,0.0,US
1059,2025-12-14 02:56:00,0,0.0,BR
1060,2025-12-29 16:56:00,0,0.0,DE
1061,2025-11-21 20:40:00,0,0.0,DE
1062,2025-12-29 18:45:00,0,0.0,US
1063,2025-11-22 17:15:00,0,0.0,ES
1064,2025-12-25 11:14:00,0,0.0,GB
1065,2025-10-29 14:52:00,0,0.0,CA
1066,2025-10-26 07:40:00,0,0.0,CA
1067,2025-12-19 19:21:00,0,0.0,DE
1068,2025-12-29 04:09:00,0,0.0,US
1069,2025-12-30 00:58:00,0,0.0,GB
1070,2025-11-13 11:53:00,0,0.0,GB
1071,2025-12-06 17:17:00,0,0.0,MX
1072,2025-11-19 08:25:00,0,0.0,FR
1073,2025-11-08 22:38:00,0,0.0,MX
1074,2025-11-03 10:20:00,0,0.0,MX
1075,2025-12-10 12:27:00,0,0.0,US
1076,2025-12-16 06:17:00,0,0.0,FR
1077,2025-11-16 06:05:00,0,0.0,US
1078,2026-01-11 05:06:00,0,0.0,GB
1079,2025-12-14 07:07:00,1,17.68,CA
1080,2025-11-13 19:13:00,0,0.0,ES
1081,2025-12-30 19:03:00,1,15.11,ES
1082,2025-10-31 16:49:00,0,0.0,US
1083,2025-12-04 14:16:00,0,0.0,ES
1084,2025-11-14 00:00:00,0,0.0,GB
1085,2025-10-21 18:02:00,0,0.0,US
1086,2025-10-15 07:12:00,0,0.0,MX
1087,2025-11-05 06:36:00,0,0.0,US
1088,2025-10-27 06:51:00,0,0.0,BR
1089,2025-10-18 02:38:00,0,0.0,US
1090,2025-11-21 00:56:00,0,0.0,CA
1091,2025-10-09 21:23:00,0,0.0,US
1092,2025-11-20 01:40:00,0,0.0,GB
1093,2025-10-12 15:45:00,1,14.47,FR
1094,2025-10-04 00:00:00,0,0.0,ES
1095,2025-12-16 08:33:00,1,16.06,US
1096,2026-01-05 20:44:00,0,0.0,BR
1097,2025-11-01 15:47:00,0,0.0,US
1098,2025-12-31 00:00:00,0,0.0,CA
1099,2025-12-01 00:00:00,0,0.0,ES
1100,2025-12-17 23:21:00,0,0.0,US
1101,2025-12-05 00:00:00,0,0.0,FR
1102,2025-10-31 23:04:00,0,0.0,GB
1103,2025-11-03 02:28:00,0,0.0,US
1104,2025-12-10 02:03:00,0,0.0,DE
1105,2025-11-30 18:30:00,0,0.0,US
1106,2026-01-04 14:56:00,0,0.0,FR
1107,2025-12-30 04:20:00,1,9.59,US
1108,2025-12-18 17:24:00,0,0.0,US
1109,2025-10-19 02:33:00,0,0.0,DE
1110,2026-01-09 06:35:00,0,0.0,MX
1111,2025-11-06 13:28:00,0,0.0,US
1112,2025-12-09 00:00:00,0,0.0,MX
1113,2025-11-08 00:50:00,0,0.0,US
1114,2025-11-09 13:18:00,0,0.0,BR
1115,2025-11-25 12:44:00,0,0.0,DE
1116,2025-11-09 12:54:00,0,0.0,FR
1117,2025-10-24 01:34:00,0,0.0,US
1118,2025-10-28 21:12:00,1,11.49,BR
1119,2025-10-25 23:25:00,1,12.29,ES
1120,2026-01-07 06:37:00,0,0.0,MX
1121,2025-10-09 00:00:00,0,0.0,DE
1122,2025-11-07 00:00:00,0,0.0,US
1123,2025-11-27 10:53:00,0,0.0,FR
1124,2025-11-28 03:56:00,0,0.0,BR
1125,2025-10-21 13:05:00,0,0.0,FR
1126,2025-12-17 19:42:00,0,0.0,DE
1127,2025-11-12 19:57:00,0,0.0,FR
1128,2025-10-14 09:31:00,0,0.0,US
1129,2025-12-24 15:28:00,0,0.0,GB
1130,2025-11-02 20:15:00,0,0.0,US
1131,2025-12-13 00:00:00,0,0.0,US
1132,2026-01-03 19:29:00,0,0.0,US
1133,2025-11-23 23:51:00,0,0.0,BR
1134,2025-11-15 22:05:00,0,0.0,GB
1135,2025-10-21 05:51:00,0,0.0,ES
1136,2025-11-03 08:57:00,0,0.0,US
1137,2025-10-22 18:26:00,0,0.0,US
1138,2025-12-04 19:31:00,0,0.0,CA
1139,2025-11-01 22:46:00,0,0.0,DE
1140,2025-10-31 16:57:00,0,0.0,BR
1141,2025-12-07 11:46:00,1,12.33,MX
1142,2025-12-10 19:18:00,0,0.0,DE
1143,2025-10-22 06:50:00,0,0.0,GB
1144,2025-12-10 06:46:00,0,0.0,US
1145,2025-11-30 05:30:00,1,8.12,US
1146,2025-12-26 23:02:00,0,0.0,MX
1147,2026-01-02 00:00:00,0,0.0,FR
1148,2025-10-19 00:00:00,0,0.0,BR
1149,2025-10-15 23:12:00,0,0.0,US
1150,2025-10-19 12:54:00,0,0.0,MX
1151,2025-11-13 05:42:00,0,0.0,CA
1152,2025-12-16 22:47:00,0,0.0,BR
1153,2026-01-04 02:28:00,0,0.0,BR
1154,2025-11-25 05:04:00,0,0.0,ES
1155,2025-12-01 18:04:00,0,0.0,US
1156,2025-12-28 21:41:00,0,0.0,CA
1157,2025-12-27 22:19:00,0,0.0,GB
1158,2025-12-27 00:00:00,0,0.0,FR
1159,2025-10-18 20:28:00,0,0.0,GB
1160,2025-12-25 16:27:00,1,14.95,MX
1161,2025-11-11 06:40:00,0,0.0,DE
1162,2025-10-11 14:11:00,0,0.0,MX
1163,2025-10-06 00:00:00,0,0.0,ES
1164,2025-12-18 03:23:00,0,0.0,US
1165,2025-11-16 21:47:00,0,0.0,US
1166,2025-12-22 01:42:00,0,0.0,FR
1167,2025-11-19 19:49:00,0,0.0,US
1168,2025-12-13 02:50:00,0,0.0,FR
1169,2025-11-28 02:54:00,0,0.0,GB
1170,2025-10-26 20:16:00,0,0.0,MX
1171,2025-10-13 16:16:00,0,0.0,US
1172,2025-11-14 14:09:00,0,0.0,DE
1173,2025-11-30 12:19:00,0,0.0,US
1174,2025-11-22 09:41:00,0,0.0,ES
1175,2025-12-05 16:02:00,0,0.0,FR
1176,2025-10-16 13:10:00,0,0.0,US
1177,2025-12-20 00:00:00,0,0.0,US
1178,2025-12-07 20:20:00,0,0.0,FR
1179,2025-12-02 00:00:00,0,0.0,MX
1180,2025-10-29 17:52:00,0,0.0,US
1181,2025-11-09 14:05:00,0,0.0,MX
1182,2025-10-26 07:20:00,0,0.0,US
1183,2025-11-05 08:29:00,0,0.0,CA
1184,2025-12-02 12:52:00,0,0.0,GB
1185,2025-11-06 13:01:00,0,0.0,FR
1186,2025-11-14 17:22:00,1,12.14,DE
1187,2025-10-31 00:07:00,0,0.0,US
1188,2025-12-19 13:30:00,0,0.0,MX
1189,2025-11-01 07:59:00,0,0.0,MX
1190,2025-10-08 12:26:00,0,0.0,ES
1191,2025-11-24 11:12:00,0,0.0,US
1192,2026-01-04 11:32:00,0,0.0,MX
1193,2025-10-31 18:46:00,1,12.73,FR
1194,2025-12-08 07:38:00,0,0.0,CA
1195,2025-12-17 23:50:00,0,0.0,US
1196,2025-11-04 00:13:00,0,0.0,BR
1197,2026-01-04 06:30:00,0,0.0,US
1198,2025-11-14 06:53:00,0,0.0,ES
1199,2025-12-31 06:21:00,0,0.0,US
1200,2025-12-22 00:00:00,0,0.0,US
1201,2025-12-28 21:30:00,0,0.0,US
1202,2025-12-29 00:00:00,0,0.0,GB
1203,2025-11-19 00:00:00,0,0.0,US
1204,2025-11-07 04:13:00,0,0.0,FR
1205,2025-10-12 00:00:00,0,0.0,FR
1206,2025-12-05 15:37:00,0,0.0,ES
1207,2025-11-18 14:17:00,0,0.0,US
1208,2025-11-17 23:02:00,0,0.0,US
1209,2025-11-29 00:00:00,0,0.0,CA
1210,2025-11-27 05:05:00,0,0.0,ES
1211,2025-10-20 00:00:00,0,0.0,DE
1212,2025-12-15 22:30:00,0,0.0,US
1213,2025-11-30 22:57:00,0,0.0,GB
1214,2025-11-20 18:05:00,0,0.0,FR
1215,2025-12-22 13:28:00,0,0.0,ES
1216,2025-10-21 22:05:00,0,0.0,GB
1217,2025-10-19 06:17:00,0,0.0,FR
1218,2025-10-14 01:33:00,0,0.0,FR
1219,2025-11-25 01:03:00,0,0.0,CA
1220,2025-12-25 06:43:00,0,0.0,US
1221,2025-11-02 17:27:00,0,0.0,DE
1222,2025-11-17 01:13:00,0,0.0,US
1223,2025-12-09 16:12:00,0,0.0,CA
1224,2025-12-21 13:24:00,0,0.0,ES
1225,2025-11-24 08:28:00,0,0.0,BR
1226,2025-12-20 03:07:00,1,10.08,MX
1227,2025-12-29 16:59:00,0,0.0,ES
1228,2025-12-21 22:52:00,0,0.0,US
1229,2025-10-14 20:18:00,1,8.12,ES
1230,2025-10-21 19:55:00,0,0.0,FR
1231,2026-01-07 17:03:00,0,0.0,CA
1232,2026-01-13 06:01:00,0,0.0,US
1233,2025-12-15 19:01:00,0,0.0,US
1234,2025-11-18 04:52:00,0,0.0,FR
1235,2025-11-28 03:16:00,0,0.0,US
1236,2026-01-04 00:29:00,0,0.0,US
1237,2025-10-15 05:10:00,0,0.0,FR
1238,2025-10-08 21:50:00,0,0.0,BR
1239,2025-12-26 00:00:00,0,0.0,GB
1240,2025-12-15 15:03:00,0,0.0,DE
1241,2025-11-19 07:31:00,0,0.0,US
1242,2026-01-04 15:13:00,0,0.0,US
1243,2025-12-24 00:00:00,0,0.0,MX
1244,2025-12-21 11:49:00,0,0.0,US
1245,2025-12-18 07:42:00,0,0.0,MX
1246,2025-12-04 22:13:00,0,0.0,DE
1247,2025-12-23 20:47:00,0,0.0,GB
1248,2026-01-09 03:49:00,0,0.0,GB
1249,2025-10-18 12:11:00,0,0.0,US
1250,2025-10-20 02:18:00,0,0.0,US
1251,2025-10-11 06:49:00,0,0.0,FR
1252,2025-11-16 22:39:00,0,0.0,US
1253,2025-12-12 18:40:00,0,0.0,BR
1254,2025-10-25 05:56:00,1,7.24,US
1255,2025-10-10 14:05:00,0,0.0,ES
1256,2025-12-21 23:08:00,0,0.0,US
1257,2025-12-14 18:26:00,0,0.0,CA
1258,2025-11-26 10:13:00,0,0.0,BR
1259,2025-12-16 15:47:00,0,0.0,GB
1260,2025-12-18 23:50:00,0,0.0,ES
1261,2025-11-01 08:56:00,0,0.0,DE
1262,2025-10-15 19:16:00,0,0.0,US
1263,2025-12-30 14:43:00,0,0.0,US
1264,2025-10-06 00:00:00,0,0.0,GB
1265,2025-12-09 04:25:00,0,0.0,ES
1266,2025-10-17 23:45:00,0,0.0,US
1267,2025-12-31 01:16:00,0,0.0,DE
1268,2025-12-29 20:03:00,0,0.0,US
1269,2025-12-07 03:34:00,0,0.0,MX
1270,2025-11-26 13:15:00,0,0.0,MX
1271,2025-10-24 11:05:00,0,0.0,GB
1272,2025-10-07 00:00:00,0,0.0,ES
1273,2025-12-10 21:44:00,0,0.0,GB
1274,2025-10-11 02:03:00,0,0.0,CA
1275,2025-10-22 16:17:00,0,0.0,GB
1276,2025-12-06 20:57:00,0,0.0,MX
1277,2025-11-19 23:24:00,0,0.0,CA
1278,2025-10-27 22:10:00,0,0.0,CA
1279,2026-01-06 07:59:00,0,0.0,MX
1280,2025-12-05 04:43:00,0,0.0,US
1281,2025-10-14 14:50:00,0,0.0,US
1282,2025-10-15 07:52:00,0,0.0,US
1283,2025-12-21 00:00:00,0,0.0,MX
1284,2025-12-31 15:08:00,0,0.0,US
1285,2026-01-04 19:30:00,1,8.05,FR
1286,2025-11-10 10:15:00,0,0.0,FR
1287,2025-11-15 18:35:00,0,0.0,US
1288,2025-12-17 14:12:00,0,0.0,GB
1289,2025-10-15 13:30:00,0,0.0,FR
1290,2025-11-09 04:08:00,0,0.0,CA
1291,2025-10-30 17:06:00,0,0.0,BR
1292,2025-10-05 19:34:00,0,0.0,MX
1293,2025-10-11 04:31:00,0,0.0,GB
1294,2025-10-15 20:17:00,0,0.0,ES
1295,2025-11-11 07:33:00,0,0.0,US
1296,2025-12-12 21:19:00,1,11.9,ES
1297,2025-10-13 20:25:00,0,0.0,GB
1298,2025-11-05 22:23:00,0,0.0,DE
1299,2025-12-30 08:09:00,0,0.0,GB
1300,2025-12-10 07:07:00,0,0.0,FR
1301,2025-12-25 01:34:00,0,0.0,US
1302,2025-10-23 12:36:00,0,0.0,GB
1303,2026-01-04 18:48:00,0,0.0,US
1304,2025-11-12 00:00:00,0,0.0,MX
1305,2025-10-27 01:08:00,0,0.0,GB
1306,2025-11-26 08:20:00,0,0.0,US
1307,2025-10-10 13:29:00,0,0.0,US
1308,2025-12-10 00:00:00,0,0.0,DE
1309,2025-12-19 09:02:00,0,0.0,DE
1310,2026-01-01 02:48:00,0,0.0,GB
1311,2025-11-04 20:34:00,0,0.0,US
1312,2025-11-12 15:29:00,0,0.0,GB
1313,2025-11-08 07:10:00,0,0.0,US
1314,2025-10-30 00:00:00,0,0.0,GB
1315,2025-12-23 13:16:00,0,0.0,BR
1316,2025-10-27 13:49:00,0,0.0,GB
1317,2025-11-08 11:56:00,0,0.0,MX
1318,2025-12-06 03:43:00,1,10.79,US
1319,2025-11-25 03:41:00,0,0.0,DE
1320,2025-12-09 03:23:00,0,0.0,MX
1321,2025-10-15 15:25:00,0,0.0,DE
1322,2025-11-10 02:30:00,0,0.0,CA
1323,2025-11-25 20:01:00,0,0.0,US
1324,2025-11-01 12:14:00,1,15.44,BR
1325,2025-11-11 01:50:00,0,0.0,GB
1326,2025-10-17 06:09:00,0,0.0,ES
1327,2025-11-29 10:09:00,0,0.0,FR
1328,2025-10-20 13:39:00,0,0.0,US
1329,2025-11-18 23:16:00,0,0.0,DE
1330,2025-12-14 12:14:00,0,0.0,US
1331,2025-10-31 16:30:00,0,0.0,GB
1332,2025-12-25 20:42:00,0,0.0,CA
1333,2025-12-21 05:12:00,0,0.0,US
1334,2025-11-04 19:06:00,0,0.0,MX
1335,2025-12-04 15:21:00,0,0.0,BR
1336,2025-12-15 11:51:00,1,7.59,GB
1337,2025-11-18 00:55:00,0,0.0,GB
1338,2025-11-20 00:00:00,0,0.0,GB
1339,2025-11-02 16:09:00,0,0.0,CA
1340,2025-12-10 08:42:00,0,0.0,GB
1341,2026-01-02 15:49:00,0,0.0,US
1342,2025-12-31 00:35:00,0,0.0,GB
1343,2025-10-29 07:56:00,0,0.0,MX
1344,2025-11-25 15:45:00,0,0.0,BR
1345,2025-11-02 00:00:00,0,0.0,US
1346,2025-11-22 08:26:00,1,16.06,MX
1347,2025-12-14 05:40:00,1,10.11,US
1348,2026-01-04 08:34:00,0,0.0,CA
1349,2025-11-26 06:37:00,1,8.05,US
1350,2026-01-07 06:28:00,0,0.0,GB
1351,2025-12-21 18:34:00,0,0.0,FR
1352,2025-12-10 20:49:00,0,0.0,CA
1353,2025-12-03 01:54:00,0,0.0,US
1354,2025-11-15 00:00:00,0,0.0,GB
1355,2025-10-06 07:25:00,0,0.0,US
1356,2025-10-11 12:51:00,0,0.0,FR
1357,2025-11-21 00:00:00,0,0.0,US
1358,2025-11-08 21:24:00,0,0.0,CA
1359,2025-10-13 11:19:00,0,0.0,MX
1360,2025-11-02 23:10:00,0,0.0,US
1361,2025-12-26 21:36:00,0,0.0,US
1362,2025-11-16 00:17:00,0,0.0,US
1363,2025-10-10 17:05:00,0,0.0,GB
1364,2025-10-24 13:35:00,0,0.0,ES
1365,2025-11-12 04:52:00,0,0.0,CA
1366,2026-01-12 07:34:00,1,11.51,DE
1367,2025-11-19 00:00:00,0,0.0,US
1368,2025-10-24 22:53:00,0,0.0,BR
1369,2025-12-05 23:05:00,0,0.0,MX
1370,2025-12-08 01:30:00,0,0.0,US
1371,2025-10-21 17:07:00,0,0.0,FR
1372,2025-10-11 13:43:00,1,8.0,DE
1373,2025-10-16 05:12:00,0,0.0,US
1374,2025-11-11 16:52:00,0,0.0,US
1375,2025-12-09 00:00:00,0,0.0,DE
1376,2026-01-09 17:04:00,0,0.0,ES
1377,2025-11-01 02:25:00,0,0.0,GB
1378,2025-11-11 23:26:00,0,0.0,FR
1379,2025-12-02 18:15:00,0,0.0,ES
1380,2025-10-16 02:17:00,0,0.0,DE
1381,2025-12-14 00:00:00,0,0.0,GB
1382,2025-12-09 02:02:00,0,0.0,US
1383,2025-10-09 22:29:00,0,0.0,CA
1384,2025-12-19 18:55:00,1,13.31,GB
1385,2026-01-01 00:44:00,0,0.0,ES
1386,2025-10-06 00:00:00,0,0.0,US
1387,2025-10-25 00:00:00,0,0.0,CA
1388,2025-12-02 15:42:00,0,0.0,US
1389,2025-11-07 00:37:00,0,0.0,GB
1390,2025-10-16 05:12:00,0,0.0,MX
1391,2025-12-31 15:50:00,0,0.0,DE
1392,2025-12-18 17:21:00,0,0.0,US
1393,2025-10-28 15:44:00,1,15.68,GB
1394,2025-12-01 22:36:00,0,0.0,GB
1395,2025-11-04 11:14:00,0,0.0,MX
1396,2025-12-21 22:11:00,0,0.0,US
1397,2025-11-24 07:30:00,1,11.54,CA
1398,2026-01-05 07:23:00,0,0.0,DE
1399,2025-12-12 04:19:00,0,0.0,US
1400,2025-12-21 21:02:00,0,0.0,US
1401,2025-10-10 22:03:00,1,12.86,MX
1402,2025-12-14 00:00:00,0,0.0,US
1403,2025-11-15 00:00:00,0,0.0,DE
1404,2025-11-15 13:14:00,1,11.96,DE
1405,2025-10-06 05:02:00,0,0.0,ES
1406,2025-10-30 00:00:00,0,0.0,FR
1407,2025-12-12 16:46:00,0,0.0,GB
1408,2026-01-03 04:45:00,0,0.0,US
1409,2025-10-16 11:21:00,0,0.0,FR
1410,2025-10-26 23:03:00,0,0.0,DE
1411,2026-01-09 06:46:00,0,0.0,DE
1412,2026-01-01 03:59:00,0,0.0,GB
1413,2025-12-29 02:37:00,0,0.0,FR
1414,2025-11-19 13:04:00,0,0.0,US
1415,2025-10-07 00:00:00,0,0.0,GB
1416,2025-10-03 11:23:00,0,0.0,MX
1417,2025-12-07 18:35:00,0,0.0,US
1418,2025-11-29 13:40:00,0,0.0,US
1419,2025-11-19 22:21:00,0,0.0,US
1420,2025-12-19 15:15:00,0,0.0,MX
1421,2025-10-07 13:06:00,0,0.0,CA
1422,2025-10-06 01:56:00,0,0.0,CA
1423,2025-11-15 00:00:00,0,0.0,FR
1424,2025-12-30 00:00:00,0,0.0,GB
1425,2026-01-01 15:29:00,0,0.0,GB
1426,2025-11-16 06:01:00,0,0.0,ES
1427,2025-11-07 08:53:00,0,0.0,US
1428,2025-11-20 15:53:00,0,0.0,MX
1429,2025-10-28 06:29:00,0,0.0,US
1430,2025-12-18 23:05:00,0,0.0,CA
1431,2025-12-25 11:56:00,0,0.0,ES
1432,2025-11-30 04:10:00,0,0.0,US
1433,2025-11-18 07:47:00,0,0.0,DE
1434,2025-11-23 17:42:00,0,0.0,FR
1435,2025-10-27 07:37:00,1,16.19,MX
1436,2026-01-08 18:00:00,0,0.0,DE
1437,2025-10-21 21:33:00,1,15.46,MX
1438,2025-10-11 18:25:00,0,0.0,CA
1439,2025-10-20 00:00:00,0,0.0,MX
1440,2025-12-20 11:50:00,0,0.0,US
1441,2025-12-09 20:08:00,0,0.0,US
1442,2025-10-10 13:38:00,1,10.73,US
1443,2025-10-12 12:11:00,0,0.0,ES
1444,2025-12-17 09:35:00,1,12.8,US
1445,2025-10-22 00:00:00,0,0.0,US
1446,2025-12-07 09:08:00,0,0.0,ES
1447,2025-11-25 16:24:00,0,0.0,US
1448,2025-11-08 00:00:00,0,0.0,ES
1449,2025-11-18 07:09:00,1,15.13,FR
1450,2025-11-19 01:13:00,0,0.0,GB
1451,2025-10-14 00:31:00,1,11.02,CA
1452,2025-12-05 18:45:00,0,0.0,US
1453,2025-10-20 06:05:00,0,0.0,US
1454,2025-12-28 17:03:00,0,0.0,US
1455,2025-12-10 06:20:00,0,0.0,US
1456,2025-10-26 21:07:00,0,0.0,CA
1457,2025-10-04 00:00:00,0,0.0,ES
1458,2025-11-07 14:44:00,0,0.0,BR
1459,2025-10-24 13:43:00,0,0.0,ES
1460,2025-11-12 00:00:00,0,0.0,DE
1461,2025-10-07 08:06:00,1,14.9,US
1462,2025-11-07 01:30:00,0,0.0,BR
1463,2025-10-30 17:50:00,0,0.0,US
1464,2025-11-04 14:13:00,0,0.0,US
1465,2025-11-28 06:59:00,0,0.0,ES
1466,2025-11-27 18:01:00,0,0.0,US
1467,2025-12-09 21:37:00,0,0.0,US
1468,2025-11-03 11:28:00,0,0.0,US
1469,2025-12-21 21:09:00,0,0.0,GB
1470,2025-12-05 13:06:00,0,0.0,MX
1471,2025-11-05 22:48:00,0,0.0,US
1472,2025-11-10 11:01:00,0,0.0,GB
1473,2025-10-20 00:00:00,0,0.0,US
1474,2025-12-13 12:23:00,0,0.0,DE
1475,2025-10-24 17:33:00,1,15.76,MX
1476,2025-12-21 11:44:00,0,0.0,BR
1477,2025-12-13 01:10:00,0,0.0,MX
1478,2025-11-29 09:57:00,1,9.63,GB
1479,2025-11-23 00:00:00,0,0.0,ES
1480,2025-12-25 07:53:00,0,0.0,DE
1481,2025-11-06 22:18:00,0,0.0,US
1482,2025-11-23 22:41:00,0,0.0,MX
1483,2025-10-14 11:40:00,0,0.0,US
1484,2025-11-06 14:19:00,0,0.0,US
1485,2025-12-03 11:39:00,0,0.0,US
1486,2025-11-24 00:00:00,0,0.0,US
1487,2025-12-14 11:17:00,1,12.79,ES
1488,2025-12-27 10:29:00,0,0.0,DE
1489,2025-12-06 22:49:00,0,0.0,FR
1490,2025-11-20 18:29:00,0,0.0,GB
1491,2025-12-01 06:59:00,0,0.0,US
1492,2025-12-13 00:00:00,0,0.0,CA
1493,2025-12-29 21:53:00,0,0.0,MX
1494,2025-11-11 17:47:00,0,0.0,US
1495,2025-11-22 10:50:00,0,0.0,CA
1496,2025-12-03 22:35:00,0,0.0,DE
1497,2025-11-01 23:22:00,0,0.0,US
1498,2025-11-21 00:00:00,0,0.0,US
1499,2025-11-06 00:00:00,0,0.0,MX
1500,2025-11-29 10:29:00,0,0.0,GB
1501,2025-12-13 09:59:00,0,0.0,GB
1502,2025-11-18 05:30:00,1,8.75,DE
1503,2025-12-17 17:56:00,0,0.0,US
1504,2025-10-25 12:42:00,0,0.0,US
1505,2026-01-05 02:27:00,0,0.0,US
1506,2025-10-15 17:45:00,0,0.0,US
1507,2025-11-29 19:43:00,0,0.0,DE
1508,2025-10-21 02:08:00,0,0.0,ES
1509,2025-10-20 19:30:00,0,0.0,GB
1510,2025-10-13 13:02:00,0,0.0,US
1511,2025-11-15 07:16:00,0,0.0,US
1512,2025-11-16 08:20:00,1,12.56,DE
1513,2025-12-07 21:09:00,1,12.54,ES
1514,2025-11-19 18:28:00,1,13.13,BR
1515,2025-10-31 13:43:00,0,0.0,US
1516,2025-12-01 16:00:00,0,0.0,CA
1517,2025-11-10 00:00:00,0,0.0,GB
1518,2026-01-04 08:00:00,0,0.0,FR
1519,2025-10-23 20:04:00,0,0.0,US
1520,2025-11-13 02:54:00,0,0.0,US
1521,2025-11-09 00:16:00,0,0.0,US
1522,2025-11-10 22:25:00,0,0.0,US
1523,2025-11-27 00:00:00,0,0.0,FR
1524,2025-11-28 00:00:00,0,0.0,GB
1525,2025-12-10 22:34:00,0,0.0,ES
1526,2025-11-23 21:51:00,0,0.0,US
1527,2025-11-20 00:00:00,0,0.0,CA
1528,2025-10-14 06:30:00,0,0.0,DE
1529,2025-11-24 07:54:00,0,0.0,GB
1530,2025-12-25 20:32:00,1,17.02,US
1531,2025-10-14 11:23:00,0,0.0,CA
1532,2025-11-04 20:30:00,0,0.0,GB
1533,2025-11-19 17:03:00,0,0.0,GB
1534,2025-11-27 18:40:00,0,0.0,MX
1535,2025-11-15 11:18:00,0,0.0,US
1536,2025-12-05 04:03:00,0,0.0,ES
1537,2025-11-14 02:43:00,0,0.0,MX
1538,2026-01-01 10:10:00,0,0.0,GB
1539,2025-10-01 00:00:00,0,0.0,BR
1540,2025-11-02 14:08:00,0,0.0,US
1541,2025-11-14 06:04:00,0,0.0,US
1542,2025-11-24 18:48:00,1,14.77,US
1543,2025-12-25 09:16:00,1,19.67,US
1544,2025-12-21 00:00:00,0,0.0,US
1545,2025-10-10 00:00:00,0,0.0,CA
1546,2026-01-06 06:45:00,0,0.0,US
1547,2025-10-23 09:42:00,0,0.0,CA
1548,2025-12-21 02:53:00,0,0.0,DE
1549,2025-10-07 22:55:00,1,13.98,US
1550,2025-12-24 21:21:00,0,0.0,US
1551,2025-12-16 08:27:00,0,0.0,DE
1552,2025-10-03 05:07:00,0,0.0,BR
1553,2025-10-24 21:07:00,0,0.0,MX
1554,2025-11-18 12:32:00,0,0.0,US
1555,2026-01-07 06:13:00,0,0.0,BR
1556,2025-10-29 00:05:00,0,0.0,US
1557,2025-11-26 12:02:00,0,0.0,FR
1558,2025-12-05 05:22:00,0,0.0,FR
1559,2025-12-09 01:32:00,1,12.94,US
1560,2025-11-28 00:00:00,0,0.0,US
1561,2025-10-31 00:09:00,0,0.0,FR
1562,2025-11-14 17:47:00,0,0.0,US
1563,2025-10-09 10:20:00,0,0.0,GB
1564,2025-12-26 22:19:00,0,0.0,FR
1565,2025-12-22 03:53:00,0,0.0,DE
1566,2025-12-21 19:20:00,0,0.0,FR
1567,2025-10-30 01:08:00,0,0.0,MX
1568,2025-10-19 04:01:00,0,0.0,FR
1569,2026-01-07 18:16:00,0,0.0,MX
1570,2025-12-20 18:29:00,0,0.0,US
1571,2025-11-02 18:14:00,0,0.0,MX
1572,2025-12-15 17:20:00,0,0.0,US
1573,2025-11-14 09:10:00,0,0.0,DE
1574,2025-12-27 08:30:00,0,0.0,FR
1575,2025-10-21 20:08:00,0,0.0,US
1576,2025-11-05 06:50:00,0,0.0,US
1577,2025-10-11 20:40:00,0,0.0,CA
1578,2025-11-13 22:52:00,0,0.0,MX
1579,2025-10-14 20:41:00,0,0.0,ES
1580,2025-12-16 02:09:00,0,0.0,ES
1581,2025-12-16 00:31:00,0,0.0,ES
1582,2025-12-24 05:49:00,0,0.0,DE
1583,2025-12-28 22:31:00,0,0.0,GB
1584,2025-11-07 23:09:00,0,0.0,US
1585,2025-10-24 21:30:00,0,0.0,CA
1586,2025-12-11 11:52:00,0,0.0,US
1587,2025-12-18 05:53:00,0,0.0,FR
1588,2025-11-03 19:50:00,0,0.0,US
1589,2025-12-21 12:50:00,0,0.0,US
1590,2025-11-19 18:36:00,1,10.49,US
1591,2025-12-24 18:36:00,1,13.48,US
1592,2025-11-16 00:00:00,0,0.0,DE
1593,2025-11-17 08:53:00,0,0.0,US
1594,2025-11-19 09:02:00,0,0.0,US
1595,2025-10-28 23:18:00,1,13.21,FR
1596,2026-01-01 15:26:00,1,11.41,FR
1597,2025-10-26 16:59:00,0,0.0,GB
1598,2025-12-21 23:17:00,0,0.0,BR
1599,2025-12-05 13:14:00,0,0.0,US
1600,2025-10-08 12:33:00,0,0.0,FR
1601,2025-11-13 18:35:00,0,0.0,DE
1602,2025-10-16 16:38:00,0,0.0,MX
1603,2026-01-04 21:40:00,0,0.0,US
1604,2025-10-14 16:12:00,0,0.0,US
1605,2025-11-06 11:09:00,0,0.0,CA
1606,2025-10-28 22:37:00,0,0.0,US
1607,2025-10-23 02:23:00,0,0.0,US
1608,2025-10-28 06:48:00,0,0.0,CA
1609,2025-10-15 13:36:00,0,0.0,MX
1610,2025-10-21 05:12:00,0,0.0,US
1611,2025-12-05 08:31:00,0,0.0,CA
1612,2025-11-04 04:54:00,0,0.0,US
1613,2025-11-15 14:38:00,0,0.0,CA
1614,2025-11-16 23:56:00,0,0.0,GB
1615,2025-12-14 14:27:00,0,0.0,MX
1616,2025-12-12 12:21:00,0,0.0,US
1617,2025-12-07 20:11:00,0,0.0,DE
1618,2025-12-02 18:27:00,0,0.0,MX
1619,2025-10-25 22:05:00,0,0.0,MX
1620,2025-10-17 22:21:00,0,0.0,GB
1621,2025-11-04 07:05:00,0,0.0,DE
1622,2025-12-08 21:50:00,1,11.86,FR
1623,2025-11-29 00:00:00,0,0.0,DE
1624,2025-12-04 20:55:00,0,0.0,GB
1625,2025-11-26 00:00:00,0,0.0,DE
1626,2025-10-07 23:50:00,0,0.0,US
1627,2025-12-02 06:25:00,1,9.67,GB
1628,2025-12-30 20:35:00,0,0.0,US
1629,2025-10-25 02:09:00,0,0.0,US
1630,2025-10-23 01:03:00,0,0.0,US
1631,2025-10-22 15:08:00,0,0.0,CA
1632,2025-11-15 20:57:00,0,0.0,US
1633,2025-11-06 08:46:00,0,0.0,GB
1634,2025-11-28 04:01:00,0,0.0,DE
1635,2025-10-12 00:08:00,0,0.0,DE
1636,2025-10-13 16:34:00,0,0.0,US
1637,2025-10-07 07:05:00,0,0.0,GB
1638,2025-10-18 21:07:00,0,0.0,FR
1639,2025-12-11 16:57:00,0,0.0,US
1640,2025-10-24 08:29:00,0,0.0,US
1641,2025-10-24 22:05:00,0,0.0,US
1642,2025-12-28 15:41:00,0,0.0,MX
1643,2025-12-26 07:25:00,0,0.0,US
1644,2026-01-04 04:29:00,0,0.0,BR
1645,2026-01-12 00:02:00,0,0.0,US
1646,2025-12-21 08:00:00,0,0.0,GB
1647,2025-11-02 03:59:00,0,0.0,BR
1648,2025-10-24 10:49:00,0,0.0,GB
1649,2026-01-03 14:59:00,1,9.16,US
1650,2025-11-16 16:57:00,0,0.0,GB
1651,2025-11-06 18:46:00,0,0.0,DE
1652,2025-11-25 23:22:00,0,0.0,DE
1653,2025-12-12 12:00:00,0,0.0,US
1654,2025-10-14 22:15:00,0,0.0,ES
1655,2025-10-30 08:05:00,0,0.0,BR
1656,2025-10-20 16:29:00,1,18.99,US
1657,2025-11-09 00:00:00,0,0.0,MX
1658,2025-11-18 11:58:00,0,0.0,MX
1659,2025-11-29 10:30:00,0,0.0,MX
1660,2025-10-15 10:35:00,0,0.0,US
1661,2025-11-14 19:49:00,0,0.0,US
1662,2025-11-23 20:39:00,0,0.0,CA
1663,2025-12-04 21:10:00,0,0.0,DE
1664,2025-11-19 02:15:00,0,0.0,MX
1665,2025-12-04 11:12:00,0,0.0,US
1666,2025-10-16 12:35:00,0,0.0,MX
1667,2026-01-07 22:28:00,0,0.0,US
1668,2025-12-09 18:55:00,0,0.0,US
1669,2025-11-09 17:28:00,0,0.0,ES
1670,2025-11-09 20:50:00,0,0.0,US
1671,2025-11-08 21:50:00,1,10.92,BR
1672,2025-11-20 06:38:00,0,0.0,CA
1673,2025-10-16 05:21:00,0,0.0,US
1674,2025-11-30 00:00:00,0,0.0,FR
1675,2025-10-22 17:16:00,0,0.0,ES
1676,2025-12-31 00:32:00,0,0.0,US
1677,2025-10-29 23:33:00,0,0.0,CA
1678,2025-10-19 18:06:00,0,0.0,CA
1679,2025-12-08 09:50:00,0,0.0,US
1680,2025-11-01 10:09:00,0,0.0,GB
1681,2025-10-25 00:00:00,0,0.0,DE
1682,2025-12-03 20:11:00,0,0.0,DE
1683,2025-11-14 09:27:00,0,0.0,GB
1684,2025-12-25 04:47:00,0,0.0,US
1685,2025-10-25 03:28:00,0,0.0,US
1686,2025-10-21 00:00:00,0,0.0,MX
1687,2026-01-09 05:37:00,0,0.0,GB
1688,2025-11-17 17:06:00,0,0.0,CA
1689,2025-10-17 07:49:00,1,9.34,MX
1690,2025-10-10 19:57:00,0,0.0,FR
1691,2026-01-07 19:07:00,0,0.0,US
1692,2025-10-12 11:11:00,0,0.0,US
1693,2025-12-06 23:04:00,0,0.0,US
1694,2026-01-04 16:51:00,0,0.0,ES
1695,2025-11-12 23:56:00,0,0.0,US
1696,2025-12-20 04:56:00,0,0.0,US
1697,2025-10-23 12:25:00,1,15.04,CA
1698,2025-12-13 01:59:00,0,0.0,GB
1699,2025-12-17 11:24:00,0,0.0,US
1700,2025-10-15 06:16:00,0,0.0,FR
1701,2025-12-11 07:46:00,0,0.0,US
1702,2025-12-09 18:18:00,0,0.0,GB
1703,2025-11-30 18:53:00,0,0.0,US
1704,2025-12-21 07:22:00,0,0.0,FR
1705,2025-11-12 23:36:00,0,0.0,US
1706,2025-11-04 05:51:00,0,0.0,DE
1707,2025-10-12 15:33:00,0,0.0,FR
1708,2025-12-26 09:52:00,0,0.0,US
1709,2025-12-08 13:28:00,0,0.0,US
1710,2025-12-28 04:13:00,0,0.0,BR
1711,2025-12-14 23:18:00,0,0.0,MX
1712,2025-10-23 00:00:00,0,0.0,MX
1713,2025-11-28 05:15:00,0,0.0,DE
1714,2025-10-05 00:00:00,0,0.0,MX
1715,2025-11-10 10:06:00,0,0.0,MX
1716,2025-11-05 20:55:00,0,0.0,MX
1717,2025-10-28 00:00:00,0,0.0,MX
1718,2025-12-13 02:55:00,0,0.0,CA
1719,2025-11-29 23:32:00,0,0.0,US
1720,2025-12-23 00:00:00,0,0.0,US
1721,2025-10-25 20:51:00,0,0.0,US
1722,2025-12-31 09:15:00,1,15.85,US
1723,2026-01-01 03:25:00,0,0.0,DE
1724,2025-12-07 11:18:00,0,0.0,US
1725,2025-11-26 00:02:00,0,0.0,US
1726,2025-12-07 13:24:00,0,0.0,MX
1727,2025-10-15 22:51:00,0,0.0,US
1728,2025-10-30 09:53:00,0,0.0,US
1729,2025-12-03 00:00:00,0,0.0,CA
1730,2025-11-08 20:20:00,0,0.0,MX
1731,2025-12-09 04:35:00,0,0.0,GB
1732,2025-10-22 00:00:00,0,0.0,ES
1733,2025-12-17 10:10:00,0,0.0,FR
1734,2025-11-28 23:10:00,1,15.11,CA
1735,2025-11-06 22:16:00,0,0.0,MX
1736,2025-10-16 19:09:00,0,0.0,CA
1737,2025-10-29 00:00:00,0,0.0,US
1738,2025-12-14 14:33:00,0,0.0,ES
1739,2025-12-28 20:16:00,0,0.0,US
1740,2025-12-14 03:19:00,0,0.0,US
1741,2026-01-02 06:54:00,0,0.0,GB
1742,2025-12-23 12:15:00,0,0.0,BR
1743,2025-11-05 07:39:00,0,0.0,US
1744,2025-12-07 00:00:00,0,0.0,ES
1745,2025-10-24 09:28:00,0,0.0,CA
1746,2025-12-01 14:24:00,1,10.08,BR
1747,2025-11-30 19:11:00,1,9.32,US
1748,2025-10-29 22:07:00,0,0.0,FR
1749,2025-10-26 17:05:00,0,0.0,US
1750,2026-01-06 08:36:00,0,0.0,CA
1751,2025-10-16 20:42:00,0,0.0,FR
1752,2025-12-16 19:02:00,0,0.0,ES
1753,2025-11-10 16:15:00,0,0.0,FR
1754,2025-10-13 14:15:00,0,0.0,FR
1755,2025-11-08 13:40:00,0,0.0,US
1756,2025-11-03 12:25:00,1,12.13,US
1757,2025-10-12 15:22:00,0,0.0,MX
1758,2025-10-17 19:12:00,0,0.0,US
1759,2025-11-28 21:02:00,0,0.0,ES
1760,2025-12-01 23:43:00,0,0.0,US
1761,2025-12-10 09:30:00,0,0.0,US
1762,2025-11-18 11:32:00,0,0.0,US
1763,2025-12-04 02:58:00,0,0.0,US
1764,2025-10-26 02:30:00,0,0.0,MX
1765,2025-10-20 12:22:00,0,0.0,US
1766,2025-12-14 14:03:00,0,0.0,FR
1767,2025-12-10 00:00:00,0,0.0,GB
1768,2025-10-11 00:00:00,0,0.0,CA
1769,2025-10-22 14:59:00,0,0.0,FR
1770,2026-01-06 06:55:00,1,16.13,DE
1771,2025-10-28 12:07:00,0,0.0,US
1772,2026-01-01 18:25:00,0,0.0,FR
1773,2025-12-04 23:10:00,0,0.0,ES
1774,2025-10-17 11:26:00,0,0.0,GB
1775,2025-12-12 04:54:00,0,0.0,CA
1776,2025-12-07 17:20:00,0,0.0,FR
1777,2025-11-06 14:52:00,0,0.0,ES
1778,2025-12-01 22:49:00,0,0.0,US
1779,2025-12-27 23:44:00,0,0.0,US
1780,2025-11-01 13:22:00,0,0.0,FR
1781,2025-12-18 05:19:00,0,0.0,GB
1782,2025-11-05 06:29:00,0,0.0,US
1783,2025-11-25 02:10:00,0,0.0,BR
1784,2026-01-03 12:01:00,0,0.0,US
1785,2025-12-15 18:20:00,0,0.0,FR
1786,2025-10-19 15:54:00,0,0.0,US
1787,2026-01-06 12:29:00,0,0.0,US
1788,2026-01-03 23:03:00,0,0.0,US
1789,2025-12-22 02:52:00,0,0.0,US
1790,2025-11-16 00:00:00,0,0.0,ES
1791,2025-11-30 00:00:00,0,0.0,US
1792,2025-11-28 03:23:00,0,0.0,MX
1793,2025-10-22 21:38:00,0,0.0,ES
1794,2025-11-27 11:34:00,0,0.0,US
1795,2025-10-29 00:00:00,0,0.0,US
1796,2025-12-14 21:13:00,0,0.0,FR
1797,2025-10-18 21:11:00,0,0.0,US
1798,2025-10-20 01:12:00,0,0.0,ES
1799,2025-12-16 09:47:00,0,0.0,FR
1800,2025-10-29 04:06:00,0,0.0,US
1801,2025-11-25 11:48:00,0,0.0,BR
1802,2025-10-15 10:35:00,0,0.0,BR
1803,2026-01-08 09:25:00,0,0.0,GB
1804,2025-11-23 22:50:00,1,10.01,US
1805,2025-10-31 08:16:00,0,0.0,CA
1806,2025-10-17 15:57:00,1,12.85,US
1807,2025-11-22 18:10:00,0,0.0,US
1808,2025-12-30 14:51:00,0,0.0,US
1809,2025-10-27 16:33:00,1,10.76,FR
1810,2025-11-12 21:04:00,1,13.75,FR
1811,2025-10-25 19:10:00,0,0.0,CA
1812,2025-11-02 11:14:00,0,0.0,GB
1813,2025-10-16 13:10:00,0,0.0,MX
1814,2025-12-31 13:29:00,0,0.0,US
1815,2025-12-25 00:00:00,0,0.0,US
1816,2025-12-25 11:40:00,0,0.0,ES
1817,2025-12-24 00:00:00,0,0.0,US
1818,2025-10-19 21:02:00,0,0.0,BR
1819,2026-01-04 00:48:00,1,11.89,ES
1820,2025-10-12 08:29:00,0,0.0,US
1821,2025-12-21 04:57:00,0,0.0,DE
1822,2025-12-11 08:28:00,1,17.14,US
1823,2025-11-19 23:47:00,0,0.0,DE
1824,2025-11-12 17:57:00,0,0.0,DE
1825,2025-11-01 15:52:00,0,0.0,FR
1826,2025-12-31 22:18:00,0,0.0,ES
1827,2025-11-25 05:07:00,0,0.0,GB
1828,2025-11-12 21:20:00,0,0.0,ES
1829,2025-11-07 23:47:00,0,0.0,US
1830,2025-10-29 00:00:00,0,0.0,MX
1831,2025-12-29 10:48:00,0,0.0,US
1832,2025-11-17 22:34:00,0,0.0,US
1833,2025-10-26 15:23:00,0,0.0,MX
1834,2025-10-09 03:26:00,0,0.0,GB
1835,2026-01-08 18:37:00,1,10.21,DE
1836,2025-10-20 20:44:00,0,0.0,US
1837,2025-11-19 15:33:00,0,0.0,ES
1838,2025-10-21 21:52:00,0,0.0,US
1839,2025-12-01 12:42:00,0,0.0,US
1840,2025-12-05 00:00:00,0,0.0,FR
1841,2025-11-26 18:34:00,0,0.0,FR
1842,2025-11-07 08:28:00,0,0.0,DE
1843,2025-11-21 10:50:00,0,0.0,US
1844,2025-12-27 22:32:00,0,0.0,MX
1845,2025-11-26 03:28:00,0,0.0,FR
1846,2025-12-21 00:20:00,0,0.0,CA
1847,2025-11-05 23:37:00,0,0.0,DE
1848,2025-11-22 02:24:00,0,0.0,DE
1849,2025-12-28 11:03:00,0,0.0,MX
1850,2025-10-30 14:41:00,0,0.0,FR
1851,2025-12-20 14:06:00,0,0.0,CA
1852,2025-10-10 17:11:00,0,0.0,DE
1853,2026-01-03 18:44:00,0,0.0,GB
1854,2025-12-30 09:07:00,0,0.0,US
1855,2025-10-25 01:18:00,0,0.0,BR
1856,2025-10-14 00:00:00,0,0.0,GB
1857,2025-12-04 05:22:00,0,0.0,BR
1858,2025-12-19 16:05:00,0,0.0,US
1859,2025-10-30 19:35:00,0,0.0,ES
1860,2025-10-03 13:48:00,0,0.0,ES
1861,2025-12-17 03:46:00,0,0.0,US
1862,2025-12-24 00:00:00,0,0.0,ES
1863,2025-10-17 18:33:00,0,0.0,BR
1864,2025-11-24 18:51:00,0,0.0,US
1865,2025-11-24 11:18:00,0,0.0,FR
1866,2025-12-01 17:11:00,0,0.0,MX
1867,2025-11-20 11:52:00,0,0.0,GB
1868,2025-12-01 08:27:00,0,0.0,FR
1869,2025-10-18 14:38:00,0,0.0,BR
1870,2025-10-22 00:00:00,0,0.0,US
1871,2025-12-12 00:00:00,0,0.0,FR
1872,2025-10-20 14:15:00,0,0.0,GB
1873,2025-10-23 17:12:00,0,0.0,FR
1874,2025-12-23 19:17:00,0,0.0,US
1875,2025-12-26 18:58:00,0,0.0,DE
1876,2025-12-02 09:21:00,0,0.0,FR
1877,2025-12-08 17:19:00,0,0.0,CA
1878,2025-12-03 04:05:00,0,0.0,CA
1879,2025-12-05 00:00:00,0,0.0,US
1880,2025-10-09 10:33:00,0,0.0,US
1881,2025-12-21 16:02:00,0,0.0,US
1882,2026-01-09 06:50:00,0,0.0,US
1883,2025-10-21 10:13:00,0,0.0,US
1884,2025-12-14 01:11:00,0,0.0,DE
1885,2025-12-09 18:24:00,0,0.0,CA
1886,2025-11-15 05:16:00,0,0.0,BR
1887,2025-11-10 22:29:00,0,0.0,US
1888,2025-10-09 20:37:00,0,0.0,CA
1889,2025-10-06 00:00:00,0,0.0,DE
1890,2025-11-24 23:49:00,0,0.0,MX
1891,2025-11-05 01:16:00,0,0.0,BR
1892,2026-01-05 22:11:00,1,15.58,CA
1893,2025-11-01 00:00:00,0,0.0,BR
1894,2025-12-13 21:28:00,0,0.0,FR
1895,2025-10-16 08:39:00,0,0.0,US
1896,2025-10-08 17:53:00,0,0.0,MX
1897,2025-10-23 03:48:00,0,0.0,GB
1898,2025-12-21 15:23:00,0,0.0,US
1899,2025-11-13 01:59:00,1,14.39,ES
1900,2025-12-31 12:24:00,0,0.0,MX
1901,2025-10-07 20:23:00,0,0.0,US
1902,2025-11-02 17:21:00,0,0.0,DE
1903,2025-12-13 00:00:00,0,0.0,DE
1904,2025-12-27 10:49:00,0,0.0,GB
1905,2025-12-16 05:09:00,0,0.0,FR
1906,2026-01-10 15:07:00,1,8.13,US
1907,2025-12-04 19:16:00,0,0.0,MX
1908,2025-11-15 12:19:00,0,0.0,DE
1909,2025-11-19 05:18:00,0,0.0,FR
1910,2025-10-23 00:08:00,1,10.94,GB
1911,2026-01-04 09:09:00,0,0.0,GB
1912,2025-11-14 17:25:00,0,0.0,CA
1913,2025-12-08 21:45:00,0,0.0,BR
1914,2026-01-03 04:23:00,1,9.79,BR
1915,2026-01-04 22:28:00,0,0.0,FR
1916,2025-11-21 09:38:00,0,0.0,FR
1917,2025-10-17 03:50:00,0,0.0,DE
1918,2025-11-05 00:35:00,0,0.0,ES
1919,2026-01-06 14:42:00,1,14.64,US
1920,2025-11-14 09:50:00,1,15.81,DE
1921,2026-01-04 13:59:00,0,0.0,MX
1922,2025-12-21 14:49:00,0,0.0,DE
1923,2025-10-19 20:43:00,0,0.0,US
1924,2025-11-28 11:17:00,0,0.0,MX
1925,2025-11-27 18:05:00,0,0.0,FR
1926,2025-10-19 07:48:00,0,0.0,US
1927,2025-10-15 19:06:00,0,0.0,US
1928,2025-10-26 13:26:00,0,0.0,MX
1929,2025-12-30 12:53:00,0,0.0,FR
1930,2025-11-09 09:16:00,0,0.0,US
1931,2025-12-18 09:31:00,0,0.0,FR
1932,2025-12-23 16:13:00,0,0.0,US
1933,2025-10-12 11:48:00,0,0.0,US
1934,2025-11-23 12:00:00,0,0.0,BR
1935,2025-11-15 20:33:00,0,0.0,GB
1936,2025-10-09 19:35:00,0,0.0,FR
1937,2025-11-10 15:45:00,0,0.0,FR
1938,2025-10-13 05:09:00,0,0.0,US
1939,2025-12-07 20:24:00,1,5.68,DE
1940,2025-11-04 18:49:00,0,0.0,GB
1941,2025-11-26 00:19:00,0,0.0,CA
1942,2025-12-02 03:11:00,0,0.0,DE
1943,2025-12-19 00:00:00,0,0.0,FR
1944,2025-11-29 06:37:00,0,0.0,MX
1945,2025-12-21 13:26:00,0,0.0,FR
1946,2025-11-13 09:08:00,0,0.0,US
1947,2025-11-22 00:00:00,0,0.0,US
1948,2025-11-12 16:07:00,0,0.0,DE
1949,2025-10-06 00:00:00,0,0.0,US
1950,2025-11-07 08:14:00,0,0.0,BR
1951,2025-12-24 08:45:00,0,0.0,MX
1952,2025-10-21 18:01:00,0,0.0,US
1953,2025-10-23 14:45:00,0,0.0,DE
1954,2025-11-07 14:05:00,0,0.0,DE
1955,2025-11-26 06:37:00,1,4.22,US
1956,2025-12-12 19:49:00,0,0.0,US
1957,2025-11-27 13:21:00,0,0.0,DE
1958,2025-10-19 08:38:00,0,0.0,FR
1959,2025-12-13 00:10:00,0,0.0,FR
1960,2026-01-06 17:17:00,0,0.0,MX
1961,2025-12-16 00:00:00,0,0.0,CA
1962,2025-11-23 01:55:00,0,0.0,MX
1963,2025-11-12 16:39:00,0,0.0,US
1964,2025-10-21 06:00:00,0,0.0,MX
1965,2025-12-24 10:58:00,0,0.0,US
1966,2025-11-14 13:57:00,0,0.0,US
1967,2025-11-21 20:43:00,0,0.0,CA
1968,2025-10-25 01:12:00,0,0.0,US
1969,2025-10-14 18:23:00,0,0.0,MX
1970,2025-10-23 02:41:00,1,7.68,GB
1971,2025-10-25 00:00:00,0,0.0,GB
1972,2025-10-18 02:01:00,0,0.0,ES
1973,2025-11-30 05:34:00,1,10.49,FR
1974,2025-10-18 15:19:00,0,0.0,GB
1975,2025-11-05 15:54:00,1,11.49,FR
1976,2025-10-24 05:21:00,0,0.0,MX
1977,2025-12-19 13:20:00,0,0.0,DE
1978,2026-01-10 05:34:00,0,0.0,US
1979,2025-10-24 16:36:00,0,0.0,MX
1980,2025-10-15 04:14:00,0,0.0,ES
1981,2025-10-16 12:56:00,0,0.0,BR
1982,2025-11-14 20:03:00,0,0.0,MX
1983,2026-01-02 15:20:00,0,0.0,DE
1984,2025-12-05 17:25:00,0,0.0,US
1985,2025-11-19 09:48:00,0,0.0,FR
1986,2025-10-12 08:03:00,0,0.0,US
1987,2025-10-22 07:24:00,0,0.0,US
1988,2025-11-07 16:43:00,0,0.0,US
1989,2025-10-18 09:39:00,0,0.0,US
1990,2025-11-13 03:03:00,0,0.0,ES
1991,2025-11-13 05:31:00,0,0.0,US
1992,2025-11-18 14:06:00,0,0.0,US
1993,2025-12-15 04:54:00,0,0.0,BR
1994,2025-12-10 07:24:00,0,0.0,GB
1995,2025-12-06 03:56:00,0,0.0,DE
1996,2025-11-22 03:41:00,0,0.0,CA
1997,2025-11-20 15:44:00,0,0.0,US
1998,2025-11-18 00:00:00,0,0.0,FR
1999,2025-11-22 13:40:00,0,0.0,US
2000,2025-11-06 08:14:00,0,0.0,US
2001,2025-12-09 14:42:00,0,0.0,US
2002,2025-10-13 03:48:00,0,0.0,MX
2003,2025-10-03 00:00:00,0,0.0,ES
2004,2025-12-12 18:16:00,0,0.0,DE
2005,2025-12-12 23:37:00,0,0.0,BR
2006,2025-11-20 22:04:00,0,0.0,MX
2007,2025-11-05 08:17:00,0,0.0,GB
2008,2025-11-19 00:00:00,0,0.0,GB
2009,2025-12-03 11:30:00,0,0.0,US
2010,2025-12-03 19:39:00,0,0.0,US
2011,2025-12-09 03:34:00,0,0.0,US
2012,2026-01-02 10:09:00,1,11.58,DE
2013,2025-11-13 09:16:00,1,11.19,GB
2014,2025-12-15 19:11:00,0,0.0,DE
2015,2025-12-08 18:41:00,0,0.0,US
2016,2025-11-27 03:49:00,0,0.0,FR
2017,2025-10-14 23:19:00,0,0.0,CA
2018,2025-10-22 22:44:00,0,0.0,ES
2019,2025-12-10 00:03:00,0,0.0,BR
2020,2025-10-27 01:34:00,0,0.0,BR
2021,2025-12-24 11:59:00,0,0.0,DE
2022,2025-12-03 20:07:00,0,0.0,GB
2023,2025-10-28 13:40:00,0,0.0,GB
2024,2025-12-13 00:00:00,0,0.0,US
2025,2025-12-12 16:39:00,0,0.0,GB
2026,2025-12-12 14:11:00,1,11.88,CA
2027,2025-12-31 03:56:00,0,0.0,US
2028,2025-12-10 00:00:00,0,0.0,US
2029,2025-12-02 04:16:00,0,0.0,MX
2030,2025-10-08 00:00:00,0,0.0,US
2031,2025-10-22 01:21:00,0,0.0,DE
2032,2025-10-17 07:58:00,0,0.0,US
2033,2026-01-04 05:51:00,0,0.0,US
2034,2025-12-02 22:33:00,0,0.0,ES
2035,2025-12-04 00:00:00,0,0.0,US
2036,2025-12-21 14:52:00,1,8.14,MX
2037,2025-10-20 12:46:00,0,0.0,US
2038,2025-10-29 16:28:00,0,0.0,US
2039,2025-12-29 11:03:00,0,0.0,CA
2040,2026-01-06 23:00:00,0,0.0,DE
2041,2025-12-31 13:25:00,0,0.0,US
2042,2025-11-24 04:36:00,0,0.0,FR
2043,2025-11-24 22:23:00,0,0.0,ES
2044,2025-10-09 19:22:00,0,0.0,BR
2045,2025-12-28 01:35:00,0,0.0,CA
2046,2025-12-05 13:50:00,0,0.0,US
2047,2025-11-12 15:06:00,0,0.0,US
2048,2026-01-08 05:50:00,0,0.0,US
2049,2025-11-07 09:24:00,0,0.0,FR
2050,2026-01-04 15:45:00,0,0.0,US
2051,2025-12-15 19:55:00,0,0.0,DE
2052,2025-12-29 00:00:00,0,0.0,GB
2053,2025-11-17 03:47:00,0,0.0,US
2054,2025-11-22 02:43:00,0,0.0,US
2055,2025-11-22 16:55:00,0,0.0,DE
2056,2025-12-24 12:50:00,0,0.0,GB
2057,2025-12-08 21:58:00,1,12.28,US
2058,2025-11-04 03:23:00,0,0.0,FR
2059,2025-10-19 00:00:00,0,0.0,US
2060,2025-12-23 05:06:00,0,0.0,CA
2061,2026-01-03 15:49:00,1,12.21,US
2062,2025-11-26 14:33:00,0,0.0,GB
2063,2025-10-18 10:48:00,0,0.0,US
2064,2025-11-20 19:54:00,0,0.0,US
2065,2025-10-07 07:59:00,0,0.0,DE
2066,2025-10-02 19:33:00,0,0.0,MX
2067,2025-12-28 07:03:00,0,0.0,GB
2068,2025-11-11 00:31:00,0,0.0,DE
2069,2025-10-27 05:36:00,0,0.0,GB
2070,2025-12-03 03:54:00,0,0.0,US
2071,2026-01-01 20:37:00,0,0.0,GB
2072,2025-10-23 19:41:00,0,0.0,US
2073,2026-01-01 00:52:00,0,0.0,US
2074,2025-11-18 23:35:00,1,11.61,MX
2075,2026-01-06 07:16:00,1,10.19,US
2076,2025-11-05 18:53:00,0,0.0,US
2077,2025-11-16 02:46:00,0,0.0,GB
2078,2025-10-22 20:01:00,0,0.0,DE
2079,2025-12-23 04:34:00,0,0.0,CA
2080,2025-11-02 00:00:00,0,0.0,CA
2081,2025-10-17 12:27:00,0,0.0,US
2082,2025-10-16 00:00:00,0,0.0,MX
2083,2025-12-25 03:46:00,0,0.0,BR
2084,2025-12-03 17:46:00,0,0.0,ES
2085,2025-12-21 16:13:00,0,0.0,US
2086,2025-12-03 11:16:00,0,0.0,FR
2087,2026-01-02 18:16:00,0,0.0,ES
2088,2025-11-02 07:08:00,0,0.0,US
2089,2025-11-27 16:12:00,0,0.0,DE
2090,2025-10-13 09:26:00,0,0.0,FR
2091,2025-12-18 01:29:00,0,0.0,GB
2092,2025-10-28 05:53:00,0,0.0,US
2093,2025-10-27 11:09:00,0,0.0,GB
2094,2025-10-21 03:51:00,0,0.0,FR
2095,2025-11-01 18:27:00,0,0.0,US
2096,2025-12-12 04:29:00,0,0.0,MX
2097,2025-11-21 00:00:00,0,0.0,US
2098,2025-12-31 22:16:00,0,0.0,FR
2099,2025-11-22 16:49:00,0,0.0,DE
2100,2025-10-11 18:29:00,0,0.0,US
2101,2025-11-18 20:39:00,0,0.0,DE
2102,2025-11-19 18:15:00,0,0.0,GB
2103,2025-12-21 01:21:00,0,0.0,US
2104,2025-11-16 00:00:00,0,0.0,MX
2105,2025-11-21 15:39:00,0,0.0,GB
2106,2025-10-16 08:30:00,0,0.0,US
2107,2025-12-27 05:57:00,0,0.0,MX
2108,2026-01-10 22:13:00,0,0.0,ES
2109,2025-12-02 16:35:00,0,0.0,GB
2110,2025-10-19 09:47:00,0,0.0,MX
2111,2026-01-13 02:44:00,0,0.0,US
2112,2025-10-21 14:04:00,0,0.0,US
2113,2025-11-29 18:28:00,0,0.0,FR
2114,2025-10-19 12:08:00,0,0.0,DE
2115,2025-12-23 15:36:00,0,0.0,FR
2116,2025-11-18 05:36:00,0,0.0,BR
2117,2025-10-16 11:02:00,0,0.0,BR
2118,2025-12-05 15:04:00,0,0.0,BR
2119,2025-12-15 06:21:00,0,0.0,DE
2120,2025-11-27 22:20:00,0,0.0,US
2121,2025-10-21 17:48:00,0,0.0,MX
2122,2025-11-08 00:00:00,0,0.0,MX
2123,2025-10-29 08:00:00,0,0.0,GB
2124,2025-10-30 06:49:00,0,0.0,US
2125,2025-10-19 07:54:00,0,0.0,US
2126,2025-12-19 17:41:00,0,0.0,US
2127,2025-11-01 18:55:00,0,0.0,US
2128,2025-10-27 11:09:00,1,22.75,FR
2129,2025-11-15 13:57:00,0,0.0,GB
2130,2025-11-24 10:44:00,0,0.0,DE
2131,2025-12-04 17:23:00,0,0.0,MX
2132,2025-12-07 12:19:00,0,0.0,US
2133,2025-11-27 22:39:00,1,14.36,MX
2134,2025-10-09 05:01:00,0,0.0,FR
2135,2025-11-03 22:09:00,0,0.0,MX
2136,2025-10-22 19:27:00,0,0.0,GB
2137,2025-12-14 07:27:00,1,11.77,CA
2138,2025-11-23 07:26:00,0,0.0,US
2139,2025-11-19 21:39:00,0,0.0,GB
2140,2025-11-05 10:41:00,0,0.0,MX
2141,2025-10-13 22:10:00,0,0.0,US
2142,2025-10-13 12:18:00,0,0.0,US
2143,2025-12-19 23:49:00,0,0.0,GB
2144,2026-01-08 03:58:00,1,15.83,US
2145,2025-10-24 06:40:00,0,0.0,BR
2146,2025-10-13 11:33:00,0,0.0,US
2147,2025-10-31 01:16:00,0,0.0,DE
2148,2025-10-29 13:38:00,0,0.0,CA
2149,2026-01-04 14:56:00,0,0.0,MX
2150,2025-10-17 00:00:00,0,0.0,ES
2151,2025-10-12 20:39:00,0,0.0,GB
2152,2025-10-23 00:11:00,0,0.0,DE
2153,2025-11-23 00:00:00,0,0.0,US
2154,2026-01-05 03:49:00,0,0.0,FR
2155,2025-11-07 09:22:00,0,0.0,CA
2156,2025-11-03 03:51:00,0,0.0,ES
2157,2025-12-14 00:00:00,0,0.0,FR
2158,2025-11-25 00:00:00,0,0.0,GB
2159,2025-10-29 22:53:00,0,0.0,FR
2160,2025-12-04 19:53:00,0,0.0,BR
2161,2025-10-28 04:49:00,0,0.0,DE
2162,2025-12-31 22:35:00,0,0.0,US
2163,2025-10-16 01:35:00,0,0.0,ES
2164,2025-12-31 23:26:00,0,0.0,DE
2165,2025-12-16 23:19:00,0,0.0,US
2166,2025-11-09 20:35:00,0,0.0,US
2167,2025-11-30 03:31:00,0,0.0,BR
2168,2025-12-06 13:26:00,0,0.0,DE
2169,2025-10-05 07:06:00,0,0.0,US
2170,2025-10-12 22:35:00,0,0.0,ES
2171,2025-11-25 00:00:00,0,0.0,US
2172,2025-12-03 14:52:00,0,0.0,ES
2173,2025-11-06 00:00:00,0,0.0,DE
2174,2025-10-30 12:35:00,0,0.0,MX
2175,2025-11-06 00:00:00,0,0.0,CA
2176,2025-10-01 00:00:00,0,0.0,US
2177,2025-11-23 00:00:00,0,0.0,US
2178,2025-12-23 20:24:00,0,0.0,GB
2179,2025-12-06 00:00:00,0,0.0,DE
2180,2026-01-08 19:53:00,0,0.0,FR
2181,2026-01-08 20:50:00,0,0.0,CA
2182,2025-12-11 05:03:00,0,0.0,ES
2183,2025-11-26 21:01:00,0,0.0,US
2184,2025-12-15 22:33:00,0,0.0,ES
2185,2025-12-07 23:40:00,0,0.0,FR
2186,2025-12-28 09:00:00,0,0.0,US
2187,2025-11-21 21:24:00,0,0.0,FR
2188,2025-11-10 20:42:00,0,0.0,GB
2189,2025-11-05 20:36:00,0,0.0,GB
2190,2025-12-29 23:54:00,0,0.0,FR
2191,2025-12-26 00:00:00,0,0.0,BR
2192,2025-11-18 20:28:00,0,0.0,MX
2193,2025-10-14 13:16:00,0,0.0,CA
2194,2025-11-27 20:07:00,0,0.0,FR
2195,2025-12-26 05:59:00,0,0.0,FR
2196,2025-10-11 20:49:00,0,0.0,US
2197,2025-11-12 00:00:00,0,0.0,DE
2198,2025-11-02 08:55:00,0,0.0,US
2199,2025-12-26 12:36:00,0,0.0,US
2200,2025-11-12 13:36:00,1,20.39,US
2201,2025-10-17 08:33:00,0,0.0,BR
2202,2025-11-26 23:23:00,0,0.0,US
2203,2025-12-29 00:00:00,0,0.0,US
2204,2025-10-30 09:12:00,0,0.0,US
2205,2025-10-21 02:09:00,0,0.0,US
2206,2026-01-06 15:11:00,0,0.0,DE
2207,2025-12-20 08:44:00,0,0.0,US
2208,2025-12-19 22:08:00,0,0.0,MX
2209,2025-12-06 00:00:00,0,0.0,GB
2210,2025-10-15 00:00:00,0,0.0,US
2211,2025-12-13 00:14:00,0,0.0,US
2212,2025-10-21 17:01:00,1,11.98,FR
2213,2025-12-04 22:46:00,0,0.0,ES
2214,2025-10-08 18:55:00,0,0.0,FR
2215,2025-11-27 11:04:00,0,0.0,US
2216,2025-10-23 12:35:00,0,0.0,DE
2217,2025-12-10 15:34:00,0,0.0,MX
2218,2025-12-16 13:42:00,0,0.0,US
2219,2025-12-31 13:03:00,1,12.33,MX
2220,2025-10-29 18:43:00,0,0.0,ES
2221,2025-11-29 18:09:00,0,0.0,FR
2222,2025-12-01 09:09:00,0,0.0,CA
2223,2025-10-26 14:16:00,0,0.0,US
2224,2025-11-24 12:37:00,0,0.0,FR
2225,2025-11-19 00:10:00,0,0.0,ES
2226,2026-01-11 11:11:00,0,0.0,MX
2227,2025-12-05 01:52:00,0,0.0,US
2228,2025-11-10 12:21:00,1,10.93,BR
2229,2025-10-11 20:59:00,0,0.0,GB
2230,2025-10-31 01:00:00,0,0.0,MX
2231,2025-12-01 15:25:00,1,8.54,CA
2232,2025-11-28 04:15:00,1,11.39,US
2233,2026-01-03 00:34:00,0,0.0,US
2234,2025-11-08 03:54:00,0,0.0,US
2235,2025-10-13 21:21:00,1,8.1,US
2236,2025-10-13 08:38:00,0,0.0,ES
2237,2025-11-21 00:00:00,0,0.0,US
2238,2025-12-19 11:34:00,0,0.0,DE
2239,2025-11-25 19:55:00,0,0.0,DE
2240,2025-11-15 02:05:00,0,0.0,CA
2241,2025-11-26 03:59:00,0,0.0,BR
2242,2025-10-07 01:56:00,0,0.0,US
2243,2025-10-09 15:07:00,0,0.0,GB
2244,2026-01-01 18:29:00,0,0.0,GB
2245,2025-10-09 15:20:00,0,0.0,DE
2246,2025-12-20 09:29:00,0,0.0,MX
2247,2025-12-06 23:50:00,0,0.0,ES
2248,2025-11-12 19:14:00,0,0.0,FR
2249,2025-12-17 16:55:00,0,0.0,BR
2250,2025-12-10 01:45:00,0,0.0,GB
2251,2025-12-23 20:24:00,1,11.77,US
2252,2025-11-27 20:15:00,0,0.0,ES
2253,2025-11-22 01:16:00,0,0.0,GB
2254,2025-11-27 10:08:00,0,0.0,FR
2255,2025-11-10 13:50:00,0,0.0,US
2256,2025-11-23 22:13:00,0,0.0,ES
2257,2025-12-03 10:39:00,1,12.01,US
2258,2025-10-23 13:20:00,0,0.0,BR
2259,2025-10-23 21:04:00,0,0.0,US
2260,2026-01-06 16:48:00,0,0.0,US
2261,2025-12-25 18:53:00,1,11.79,DE
2262,2025-10-13 16:30:00,0,0.0,US
2263,2025-10-04 13:27:00,0,0.0,CA
2264,2025-10-07 22:00:00,0,0.0,US
2265,2025-12-15 11:15:00,0,0.0,FR
2266,2025-11-19 08:26:00,0,0.0,US
2267,2025-10-27 23:32:00,1,16.25,US
2268,2025-10-19 04:49:00,0,0.0,FR
2269,2025-12-09 00:00:00,0,0.0,GB
2270,2025-12-26 10:05:00,0,0.0,GB
2271,2025-10-29 09:16:00,0,0.0,ES
2272,2025-12-30 14:17:00,0,0.0,US
2273,2025-11-02 05:55:00,0,0.0,GB
2274,2025-10-31 08:54:00,0,0.0,DE
2275,2025-12-27 03:20:00,0,0.0,DE
2276,2025-10-17 14:13:00,0,0.0,GB
2277,2025-10-27 21:07:00,0,0.0,US
2278,2025-12-01 17:10:00,1,9.76,US
2279,2025-12-07 00:00:00,0,0.0,DE
2280,2025-11-15 23:09:00,0,0.0,GB
2281,2025-10-25 15:44:00,0,0.0,US
2282,2026-01-01 05:08:00,1,16.31,US
2283,2025-10-10 19:57:00,0,0.0,BR
2284,2025-11-17 09:09:00,0,0.0,US
2285,2025-10-25 19:59:00,0,0.0,DE
2286,2025-12-07 21:10:00,0,0.0,US
2287,2025-10-21 23:18:00,0,0.0,DE
2288,2026-01-05 03:41:00,0,0.0,US
2289,2025-12-12 03:24:00,0,0.0,MX
2290,2025-12-27 08:17:00,0,0.0,US
2291,2025-11-07 07:18:00,0,0.0,DE
2292,2025-10-18 00:20:00,0,0.0,BR
2293,2025-12-16 23:58:00,0,0.0,US
2294,2025-11-15 04:53:00,0,0.0,ES
2295,2025-12-12 02:53:00,0,0.0,GB
2296,2025-11-25 15:03:00,0,0.0,US
2297,2025-10-21 01:24:00,0,0.0,FR
2298,2025-12-16 02:53:00,0,0.0,CA
2299,2025-11-26 14:38:00,0,0.0,ES
2300,2025-12-24 23:15:00,0,0.0,US
2301,2025-11-06 14:52:00,0,0.0,ES
2302,2025-12-22 00:00:00,0,0.0,US
2303,2025-12-09 17:05:00,0,0.0,DE
2304,2025-12-06 16:03:00,0,0.0,US
2305,2025-12-22 17:42:00,1,8.92,CA
2306,2025-12-24 21:20:00,0,0.0,GB
2307,2025-12-22 20:17:00,0,0.0,US
2308,2025-12-30 00:43:00,0,0.0,US
2309,2025-11-12 11:15:00,0,0.0,US
2310,2025-10-23 21:09:00,1,14.23,DE
2311,2025-12-19 05:23:00,1,10.89,US
2312,2025-12-31 00:00:00,0,0.0,MX
2313,2025-10-25 08:37:00,0,0.0,US
2314,2025-11-08 07:45:00,0,0.0,US
2315,2025-12-07 09:47:00,0,0.0,ES
2316,2025-10-03 19:00:00,0,0.0,MX
2317,2025-10-11 17:33:00,0,0.0,GB
2318,2025-11-04 19:52:00,0,0.0,GB
2319,2025-12-14 22:42:00,0,0.0,FR
2320,2025-12-08 23:14:00,0,0.0,US
2321,2025-10-22 21:18:00,0,0.0,US
2322,2025-11-04 00:00:00,0,0.0,MX
2323,2025-12-02 17:07:00,0,0.0,US
2324,2025-12-06 13:28:00,0,0.0,US
2325,2025-10-29 03:38:00,0,0.0,FR
2326,2025-12-24 08:37:00,0,0.0,GB
2327,2025-12-29 23:22:00,0,0.0,CA
2328,2025-11-05 09:07:00,0,0.0,US
2329,2025-12-20 07:13:00,0,0.0,DE
2330,2025-10-19 00:00:00,0,0.0,BR
2331,2025-10-13 18:16:00,0,0.0,US
2332,2025-12-17 10:44:00,0,0.0,ES
2333,2025-12-11 00:00:00,0,0.0,ES
2334,2025-10-05 16:19:00,0,0.0,ES
2335,2025-12-21 00:01:00,0,0.0,FR
2336,2025-12-18 22:38:00,1,9.25,BR
2337,2025-10-07 00:00:00,0,0.0,US
2338,2025-12-16 00:00:00,0,0.0,GB
2339,2025-10-12 21:21:00,0,0.0,US
2340,2025-11-11 16:32:00,0,0.0,GB
2341,2025-12-05 14:52:00,0,0.0,US
2342,2025-11-24 15:57:00,0,0.0,US
2343,2025-10-07 07:18:00,1,10.82,GB
2344,2025-12-17 02:58:00,0,0.0,US
2345,2025-10-17 23:53:00,0,0.0,GB
2346,2025-12-28 14:05:00,0,0.0,DE
2347,2025-10-19 20:39:00,0,0.0,FR
2348,2026-01-05 16:31:00,0,0.0,GB
2349,2025-10-09 10:24:00,0,0.0,FR
2350,2025-11-22 13:27:00,0,0.0,GB
2351,2025-12-29 17:58:00,0,0.0,ES
2352,2025-11-08 00:00:00,0,0.0,FR
2353,2025-12-05 09:35:00,0,0.0,US
2354,2025-10-19 11:07:00,0,0.0,US
2355,2025-11-16 07:10:00,0,0.0,CA
2356,2026-01-08 19:36:00,0,0.0,US
2357,2025-10-11 12:42:00,1,11.43,US
2358,2025-10-27 04:36:00,0,0.0,FR
2359,2026-01-03 05:48:00,0,0.0,US
2360,2025-10-19 05:49:00,0,0.0,US
2361,2025-11-29 11:50:00,0,0.0,DE
2362,2025-12-25 06:11:00,0,0.0,US
2363,2025-11-02 04:16:00,0,0.0,US
2364,2025-12-16 15:01:00,0,0.0,ES
2365,2025-10-14 11:20:00,0,0.0,DE
2366,2025-11-26 10:40:00,0,0.0,MX
2367,2025-11-05 11:48:00,0,0.0,US
2368,2025-12-08 20:54:00,1,11.2,US
2369,2025-11-02 07:51:00,0,0.0,ES
2370,2026-01-04 21:01:00,0,0.0,DE
2371,2025-11-11 10:07:00,0,0.0,US
2372,2025-11-20 21:06:00,0,0.0,GB
2373,2025-11-10 16:05:00,0,0.0,CA
2374,2025-10-10 21:53:00,0,0.0,GB
2375,2026-01-13 21:01:00,0,0.0,US
2376,2026-01-02 00:00:00,0,0.0,US
2377,2025-12-25 11:50:00,0,0.0,US
2378,2025-12-29 00:00:00,0,0.0,US
2379,2025-12-03 17:41:00,0,0.0,FR
2380,2025-12-25 12:11:00,0,0.0,FR
2381,2025-10-26 03:30:00,0,0.0,GB
2382,2025-10-21 12:01:00,0,0.0,DE
2383,2025-12-13 05:17:00,0,0.0,US
2384,2025-10-30 06:58:00,0,0.0,CA
2385,2025-12-29 03:01:00,0,0.0,FR
2386,2025-10-10 09:40:00,0,0.0,ES
2387,2025-11-27 09:16:00,0,0.0,MX
2388,2025-11-29 21:35:00,0,0.0,DE
2389,2025-10-26 14:24:00,0,0.0,ES
2390,2026-01-03 15:50:00,0,0.0,ES
2391,2025-10-24 15:37:00,0,0.0,US
2392,2025-12-02 19:50:00,0,0.0,GB
2393,2025-12-29 00:00:00,0,0.0,CA
2394,2025-10-13 00:00:00,0,0.0,MX
2395,2025-12-02 20:50:00,0,0.0,MX
2396,2025-10-26 15:05:00,0,0.0,US
2397,2025-11-04 00:00:00,0,0.0,US
2398,2025-12-20 21:31:00,0,0.0,DE
2399,2025-11-26 11:40:00,0,0.0,GB
2400,2025-10-24 11:08:00,0,0.0,FR
2401,2025-11-24 00:00:00,0,0.0,US
2402,2025-12-17 03:47:00,0,0.0,US
2403,2025-11-07 00:00:00,0,0.0,BR
2404,2025-12-03 00:36:00,0,0.0,ES
2405,2025-11-10 12:35:00,0,0.0,MX
2406,2025-11-09 14:07:00,0,0.0,US
2407,2025-11-25 11:34:00,0,0.0,BR
2408,2025-11-13 02:20:00,0,0.0,ES
2409,2025-11-15 08:30:00,0,0.0,FR
2410,2025-12-22 02:12:00,0,0.0,FR
2411,2025-12-22 04:36:00,0,0.0,CA
2412,2026-01-03 20:54:00,0,0.0,US
2413,2025-12-30 00:00:00,0,0.0,FR
2414,2025-10-26 02:55:00,0,0.0,DE
2415,2025-11-07 20:41:00,0,0.0,FR
2416,2025-12-13 22:51:00,0,0.0,CA
2417,2026-01-05 03:48:00,0,0.0,US
2418,2025-12-02 20:08:00,0,0.0,US
2419,2026-01-01 12:22:00,0,0.0,FR
2420,2025-11-03 12:46:00,0,0.0,FR
2421,2025-11-23 01:30:00,0,0.0,CA
2422,2025-10-25 16:43:00,0,0.0,FR
2423,2025-10-26 05:58:00,0,0.0,CA
2424,2025-10-29 15:10:00,0,0.0,MX
2425,2025-12-17 21:48:00,0,0.0,BR
2426,2025-12-30 15:17:00,1,8.86,US
2427,2025-10-30 00:00:00,0,0.0,US
2428,2025-12-19 15:20:00,0,0.0,US
2429,2025-11-02 18:26:00,0,0.0,US
2430,2025-10-12 20:20:00,0,0.0,MX
2431,2025-11-10 07:37:00,0,0.0,US
2432,2025-11-13 03:57:00,0,0.0,DE
2433,2025-10-19 16:48:00,0,0.0,US
2434,2025-12-09 23:48:00,0,0.0,MX
2435,2025-11-30 09:36:00,0,0.0,GB
2436,2025-10-31 02:30:00,0,0.0,US
2437,2025-12-17 09:15:00,0,0.0,CA
2438,2025-11-19 22:38:00,0,0.0,BR
2439,2025-11-21 00:21:00,0,0.0,BR
2440,2025-11-02 04:58:00,0,0.0,FR
2441,2025-10-30 02:43:00,0,0.0,DE
2442,2025-11-23 08:08:00,0,0.0,US
2443,2025-11-20 07:54:00,0,0.0,FR
2444,2025-10-16 07:04:00,0,0.0,BR
2445,2025-10-13 03:47:00,0,0.0,GB
2446,2025-12-07 01:45:00,0,0.0,US
2447,2026-01-11 04:35:00,0,0.0,MX
2448,2025-10-15 11:08:00,0,0.0,GB
2449,2025-10-28 08:41:00,0,0.0,DE
2450,2025-11-27 11:09:00,0,0.0,DE
2451,2025-10-18 01:52:00,0,0.0,US
2452,2025-10-14 18:53:00,0,0.0,FR
2453,2025-10-30 01:17:00,0,0.0,BR
2454,2025-12-08 11:04:00,0,0.0,GB
2455,2025-12-28 22:32:00,0,0.0,FR
2456,2025-10-20 04:41:00,0,0.0,CA
2457,2025-11-07 13:10:00,0,0.0,FR
2458,2025-10-24 05:51:00,0,0.0,FR
2459,2025-11-04 17:32:00,0,0.0,DE
2460,2025-12-22 07:04:00,0,0.0,CA
2461,2025-12-26 04:27:00,0,0.0,MX
2462,2025-10-13 12:20:00,0,0.0,US
2463,2025-11-04 00:00:00,0,0.0,DE
2464,2025-10-29 18:22:00,0,0.0,FR
2465,2025-10-13 04:52:00,0,0.0,US
2466,2025-11-30 20:34:00,0,0.0,DE
2467,2026-01-06 05:28:00,0,0.0,GB
2468,2025-11-25 01:42:00,0,0.0,US
2469,2025-10-14 23:27:00,0,0.0,FR
2470,2025-10-15 15:09:00,0,0.0,MX
2471,2025-12-19 19:35:00,0,0.0,US
2472,2025-12-05 06:11:00,0,0.0,US
2473,2025-11-30 20:57:00,0,0.0,DE
2474,2026-01-08 02:14:00,0,0.0,US
2475,2025-11-16 07:11:00,0,0.0,MX
2476,2025-10-13 00:00:00,0,0.0,US
2477,2025-11-21 21:44:00,0,0.0,GB
2478,2025-11-15 09:17:00,0,0.0,CA
2479,2025-12-23 00:55:00,1,15.48,DE
2480,2025-10-04 00:00:00,0,0.0,GB
2481,2025-12-28 11:51:00,0,0.0,DE
2482,2025-12-01 21:39:00,0,0.0,US
2483,2025-10-15 00:00:00,0,0.0,US
2484,2025-10-21 09:25:00,0,0.0,FR
2485,2025-10-29 15:24:00,0,0.0,ES
2486,2025-11-10 07:31:00,1,5.34,GB
2487,2025-10-11 13:06:00,0,0.0,ES
2488,2025-10-25 20:18:00,0,0.0,GB
2489,2025-12-21 01:26:00,0,0.0,GB
2490,2025-12-07 18:49:00,0,0.0,CA
2491,2025-11-13 14:09:00,0,0.0,CA
2492,2025-11-01 18:36:00,0,0.0,MX
2493,2025-11-19 22:03:00,0,0.0,US
2494,2025-11-01 02:57:00,0,0.0,CA
2495,2025-11-20 22:57:00,0,0.0,MX
2496,2025-12-06 13:48:00,0,0.0,US
2497,2025-10-20 13:59:00,0,0.0,CA
2498,2025-10-20 05:54:00,0,0.0,US
2499,2025-11-30 09:56:00,0,0.0,GB
2500,2025-12-03 10:02:00,0,0.0,DE
2501,2025-12-17 00:00:00,0,0.0,GB
2502,2025-10-18 22:56:00,1,10.71,GB
2503,2025-12-28 16:13:00,0,0.0,GB
2504,2025-10-29 05:25:00,0,0.0,US
2505,2025-10-22 00:00:00,0,0.0,CA
2506,2026-01-05 04:07:00,0,0.0,FR
2507,2025-10-15 14:00:00,0,0.0,ES
2508,2025-10-10 20:17:00,0,0.0,US
2509,2025-11-02 23:30:00,0,0.0,US
2510,2025-11-03 04:38:00,0,0.0,ES
2511,2025-12-09 04:13:00,0,0.0,FR
2512,2025-11-09 11:30:00,0,0.0,GB
2513,2025-11-03 22:54:00,0,0.0,DE
2514,2025-12-14 21:59:00,0,0.0,BR
2515,2025-12-15 06:30:00,0,0.0,FR
2516,2025-10-20 00:00:00,0,0.0,US
2517,2025-12-16 16:41:00,0,0.0,MX
2518,2025-10-12 00:00:00,0,0.0,GB
2519,2025-10-31 17:57:00,0,0.0,US
2520,2025-10-27 00:00:00,0,0.0,GB
2521,2025-11-07 14:09:00,0,0.0,US
2522,2025-11-29 19:27:00,0,0.0,GB
2523,2025-11-28 11:59:00,0,0.0,DE
2524,2025-12-31 23:28:00,0,0.0,CA
2525,2025-11-11 08:25:00,0,0.0,ES
2526,2025-11-30 12:21:00,0,0.0,GB
2527,2025-12-01 18:52:00,0,0.0,DE
2528,2025-10-11 19:53:00,0,0.0,US
2529,2025-11-12 00:00:00,0,0.0,US
2530,2025-11-06 14:21:00,0,0.0,GB
2531,2025-11-21 21:01:00,0,0.0,ES
2532,2025-11-30 21:01:00,0,0.0,GB
2533,2025-10-14 20:08:00,0,0.0,FR
2534,2025-12-19 15:10:00,0,0.0,US
2535,2025-10-09 20:43:00,0,0.0,FR
2536,2026-01-01 00:00:00,0,0.0,FR
2537,2025-10-06 17:37:00,0,0.0,GB
2538,2025-10-16 02:29:00,0,0.0,CA
2539,2025-11-26 00:35:00,0,0.0,GB
2540,2025-12-12 04:33:00,1,15.14,US
2541,2025-12-22 19:36:00,0,0.0,GB
2542,2025-12-18 03:50:00,0,0.0,GB
2543,2025-10-16 10:44:00,0,0.0,BR
2544,2025-12-08 19:46:00,1,11.3,US
2545,2025-10-09 00:00:00,0,0.0,US
2546,2025-11-21 16:26:00,0,0.0,US
2547,2025-11-14 00:00:00,0,0.0,FR
2548,2025-12-02 11:26:00,0,0.0,US
2549,2025-12-15 00:00:00,0,0.0,US
2550,2025-11-13 04:18:00,0,0.0,US
2551,2025-11-02 02:54:00,1,12.31,MX
2552,2025-10-18 12:25:00,0,0.0,BR
2553,2025-10-18 21:32:00,0,0.0,FR
2554,2025-10-21 07:13:00,0,0.0,FR
2555,2025-12-31 02:36:00,0,0.0,ES
2556,2025-10-05 05:35:00,0,0.0,FR
2557,2025-11-11 13:39:00,0,0.0,MX
2558,2025-12-14 05:21:00,0,0.0,US
2559,2025-12-18 21:18:00,0,0.0,ES
2560,2025-10-27 05:16:00,0,0.0,US
2561,2025-10-26 14:59:00,0,0.0,GB
2562,2025-12-28 17:08:00,0,0.0,US
2563,2025-12-29 05:45:00,0,0.0,DE
2564,2025-12-02 16:07:00,0,0.0,US
2565,2025-11-03 22:14:00,0,0.0,CA
2566,2025-12-05 23:07:00,1,15.19,US
2567,2025-10-19 03:17:00,1,8.17,FR
2568,2025-11-22 22:00:00,0,0.0,GB
2569,2025-10-21 00:25:00,0,0.0,GB
2570,2025-12-27 12:23:00,0,0.0,US
2571,2025-12-24 00:00:00,0,0.0,US
2572,2025-12-11 15:37:00,1,11.91,FR
2573,2025-12-10 00:00:00,0,0.0,DE
2574,2025-10-20 11:49:00,0,0.0,DE
2575,2025-12-01 11:10:00,0,0.0,ES
2576,2025-12-11 23:51:00,0,0.0,BR
2577,2026-01-14 17:21:00,0,0.0,US
2578,2025-12-16 14:12:00,0,0.0,GB
2579,2025-12-23 00:00:00,0,0.0,US
2580,2025-12-12 08:14:00,0,0.0,MX
2581,2025-10-16 04:52:00,0,0.0,MX
2582,2025-12-21 12:16:00,0,0.0,BR
2583,2025-12-22 23:53:00,0,0.0,ES
2584,2025-12-08 04:21:00,0,0.0,DE
2585,2025-11-26 00:00:00,0,0.0,CA
2586,2025-11-15 19:28:00,1,10.46,DE
2587,2025-10-27 16:07:00,0,0.0,FR
2588,2025-10-08 00:00:00,0,0.0,DE
2589,2026-01-08 21:58:00,0,0.0,BR
2590,2025-10-23 16:24:00,0,0.0,FR
2591,2025-10-05 00:00:00,0,0.0,MX
2592,2025-12-02 22:56:00,0,0.0,US
2593,2025-11-19 21:29:00,0,0.0,US
2594,2025-11-03 20:19:00,0,0.0,GB
2595,2025-11-19 17:16:00,0,0.0,CA
2596,2025-12-15 20:03:00,0,0.0,CA
2597,2026-01-05 23:18:00,0,0.0,CA
2598,2025-12-16 20:00:00,0,0.0,US
2599,2025-10-14 00:45:00,0,0.0,US
2600,2026-01-02 00:00:00,0,0.0,US
2601,2025-12-19 15:34:00,0,0.0,GB
2602,2026-01-04 10:58:00,0,0.0,US
2603,2026-01-06 00:00:00,0,0.0,MX
2604,2026-01-09 16:40:00,0,0.0,ES
2605,2025-11-15 12:57:00,1,11.62,GB
2606,2025-10-20 05:20:00,0,0.0,DE
2607,2025-11-08 20:32:00,0,0.0,DE
2608,2025-10-12 23:27:00,0,0.0,ES
2609,2025-12-25 22:04:00,0,0.0,US
2610,2025-12-28 12:22:00,0,0.0,CA
2611,2025-11-04 00:00:00,0,0.0,ES
2612,2025-11-06 13:09:00,0,0.0,MX
2613,2025-12-07 10:06:00,0,0.0,ES
2614,2025-12-31 03:35:00,0,0.0,US
2615,2025-10-22 17:21:00,0,0.0,US
2616,2025-12-07 22:37:00,0,0.0,FR
2617,2025-10-31 23:37:00,0,0.0,CA
2618,2026-01-04 23:33:00,0,0.0,MX
2619,2025-10-19 00:55:00,0,0.0,ES
2620,2025-10-29 00:28:00,0,0.0,US
2621,2025-12-26 16:07:00,0,0.0,ES
2622,2025-11-04 21:11:00,0,0.0,CA
2623,2025-10-26 23:47:00,0,0.0,US
2624,2025-12-14 09:37:00,0,0.0,US
2625,2025-12-15 15:30:00,0,0.0,MX
2626,2025-10-11 06:24:00,0,0.0,MX
2627,2025-10-30 20:24:00,0,0.0,FR
2628,2025-12-02 00:00:00,0,0.0,US
2629,2025-12-02 09:43:00,0,0.0,US
2630,2025-11-29 18:53:00,0,0.0,US
2631,2025-12-30 00:00:00,0,0.0,GB
2632,2025-11-21 05:48:00,1,7.65,DE
2633,2025-11-21 13:22:00,0,0.0,MX
2634,2025-10-19 14:42:00,0,0.0,GB
2635,2025-11-30 23:01:00,0,0.0,GB
2636,2025-12-08 00:00:00,0,0.0,US
2637,2025-10-28 16:30:00,0,0.0,US
2638,2025-10-12 16:43:00,0,0.0,ES
2639,2025-11-23 13:20:00,0,0.0,US
2640,2025-12-17 03:47:00,0,0.0,ES
2641,2025-10-21 04:13:00,0,0.0,MX
2642,2025-12-19 16:56:00,0,0.0,US
2643,2025-12-22 14:32:00,0,0.0,US
2644,2025-10-31 15:14:00,0,0.0,US
2645,2025-10-06 02:40:00,0,0.0,US
2646,2025-12-30 05:56:00,0,0.0,MX
2647,2025-09-29 15:32:00,0,0.0,MX
2648,2025-10-19 20:29:00,0,0.0,BR
2649,2025-10-15 22:34:00,0,0.0,MX
2650,2025-11-17 02:56:00,0,0.0,US
2651,2025-12-26 05:02:00,1,17.96,US
2652,2025-12-21 03:59:00,0,0.0,ES
2653,2025-12-14 08:29:00,0,0.0,US
2654,2025-12-29 09:25:00,0,0.0,DE
2655,2026-01-09 01:44:00,0,0.0,MX
2656,2026-01-03 19:50:00,0,0.0,GB
2657,2026-01-07 04:14:00,0,0.0,US
2658,2025-12-13 10:50:00,0,0.0,CA
2659,2025-10-09 00:00:00,0,0.0,MX
2660,2025-10-06 10:07:00,0,0.0,FR
2661,2025-11-09 05:40:00,0,0.0,US
2662,2025-12-20 01:54:00,0,0.0,US
2663,2025-12-15 17:41:00,0,0.0,US
2664,2025-12-19 16:32:00,0,0.0,FR
2665,2025-11-21 10:03:00,0,0.0,US
2666,2025-12-23 00:00:00,0,0.0,US
2667,2025-11-03 03:53:00,0,0.0,BR
2668,2025-11-01 04:34:00,1,11.18,FR
2669,2025-10-29 20:26:00,0,0.0,BR
2670,2025-10-22 13:05:00,0,0.0,US
2671,2025-12-01 13:06:00,0,0.0,CA
2672,2025-12-25 05:53:00,0,0.0,US
2673,2025-11-21 20:47:00,1,14.54,US
2674,2025-10-30 09:35:00,0,0.0,ES
2675,2025-11-11 18:50:00,0,0.0,MX
2676,2025-11-18 09:08:00,0,0.0,US
2677,2025-11-24 20:03:00,1,15.77,FR
2678,2026-01-01 15:57:00,0,0.0,ES
2679,2025-10-19 18:02:00,0,0.0,DE
2680,2025-10-27 18:40:00,0,0.0,US
2681,2025-12-06 11:15:00,1,13.54,US
2682,2025-10-27 16:09:00,0,0.0,MX
2683,2025-12-21 00:00:00,0,0.0,BR
2684,2025-11-07 01:10:00,0,0.0,FR
2685,2025-10-28 23:38:00,0,0.0,ES
2686,2025-12-23 16:46:00,0,0.0,FR
2687,2025-10-13 00:23:00,0,0.0,US
2688,2026-01-01 02:41:00,0,0.0,BR
2689,2025-12-04 06:33:00,0,0.0,US
2690,2025-10-10 05:11:00,0,0.0,MX
2691,2025-12-08 09:08:00,0,0.0,US
2692,2025-11-02 09:39:00,0,0.0,US
2693,2025-11-13 00:00:00,0,0.0,US
2694,2025-12-23 03:30:00,0,0.0,US
2695,2025-11-24 02:30:00,1,7.27,US
2696,2025-10-22 00:00:00,0,0.0,GB
2697,2025-10-22 16:33:00,0,0.0,US
2698,2025-11-30 01:23:00,0,0.0,US
2699,2026-01-09 03:32:00,0,0.0,GB
2700,2025-11-18 12:15:00,0,0.0,GB
2701,2025-11-01 19:35:00,0,0.0,GB
2702,2025-12-28 03:36:00,0,0.0,DE
2703,2025-11-21 23:29:00,0,0.0,GB
2704,2025-10-25 22:42:00,0,0.0,BR
2705,2025-11-23 07:49:00,0,0.0,DE
2706,2025-11-29 20:11:00,1,14.69,US
2707,2025-10-27 20:15:00,0,0.0,US
2708,2025-12-03 10:54:00,0,0.0,DE
2709,2025-10-21 17:43:00,0,0.0,US
2710,2025-10-11 23:21:00,0,0.0,BR
2711,2025-10-24 09:03:00,0,0.0,US
2712,2025-10-19 12:47:00,1,11.66,MX
2713,2026-01-06 01:22:00,0,0.0,FR
2714,2025-10-26 12:58:00,0,0.0,GB
2715,2025-12-12 02:40:00,0,0.0,MX
2716,2025-10-16 11:48:00,0,0.0,US
2717,2025-12-10 18:31:00,1,11.05,DE
2718,2025-11-06 00:00:00,0,0.0,GB
2719,2025-11-11 03:38:00,0,0.0,MX
2720,2025-11-27 07:16:00,0,0.0,FR
2721,2025-12-09 20:24:00,0,0.0,GB
2722,2025-11-16 16:01:00,0,0.0,ES
2723,2025-11-04 11:23:00,0,0.0,GB
2724,2025-12-10 09:23:00,0,0.0,FR
2725,2025-12-18 16:55:00,1,13.21,BR
2726,2025-11-29 22:13:00,0,0.0,GB
2727,2025-11-03 16:27:00,0,0.0,FR
2728,2025-12-12 17:49:00,0,0.0,US
2729,2025-12-29 08:54:00,0,0.0,MX
2730,2025-12-23 12:44:00,0,0.0,GB
2731,2025-11-28 05:31:00,0,0.0,US
2732,2025-10-12 20:41:00,0,0.0,DE
2733,2026-01-05 07:45:00,1,9.86,GB
2734,2025-10-06 06:43:00,0,0.0,ES
2735,2025-10-15 05:40:00,0,0.0,CA
2736,2025-10-15 08:08:00,0,0.0,MX
2737,2025-11-22 00:00:00,1,8.18,FR
2738,2025-11-23 00:00:00,0,0.0,CA
2739,2025-12-14 09:52:00,0,0.0,FR
2740,2025-10-21 16:26:00,0,0.0,CA
2741,2026-01-05 16:23:00,0,0.0,US
2742,2025-11-18 12:27:00,1,9.48,US
2743,2025-12-30 05:52:00,0,0.0,US
2744,2025-10-23 09:47:00,1,7.04,MX
2745,2025-11-01 13:20:00,0,0.0,US
2746,2025-11-08 00:00:00,0,0.0,FR
2747,2025-11-20 17:55:00,0,0.0,ES
2748,2025-11-19 20:03:00,0,0.0,US
2749,2025-10-30 03:33:00,0,0.0,US
2750,2025-11-28 14:34:00,0,0.0,US
2751,2025-10-16 07:50:00,0,0.0,ES
2752,2025-10-05 00:00:00,0,0.0,US
2753,2025-10-20 00:00:00,0,0.0,GB
2754,2025-11-22 04:48:00,0,0.0,US
2755,2025-11-24 19:06:00,0,0.0,US
2756,2025-11-02 07:47:00,0,0.0,US
2757,2025-11-15 00:00:00,0,0.0,GB
2758,2025-11-27 00:02:00,0,0.0,US
2759,2025-10-15 16:48:00,0,0.0,FR
2760,2025-11-17 19:53:00,0,0.0,BR
2761,2025-11-12 22:15:00,0,0.0,US
2762,2025-10-09 02:47:00,0,0.0,US
2763,2025-12-18 06:48:00,0,0.0,GB
2764,2025-11-20 17:05:00,0,0.0,GB
2765,2025-12-22 03:08:00,0,0.0,US
2766,2025-11-22 00:00:00,0,0.0,US
2767,2025-11-02 01:57:00,0,0.0,MX
2768,2025-12-29 08:04:00,0,0.0,FR
2769,2025-11-17 00:00:00,0,0.0,BR
2770,2025-11-21 11:14:00,0,0.0,FR
2771,2025-11-22 13:01:00,0,0.0,GB
2772,2025-11-05 20:48:00,0,0.0,BR
2773,2025-10-21 05:18:00,0,0.0,MX
2774,2025-10-12 17:03:00,0,0.0,GB
2775,2025-11-16 17:36:00,0,0.0,MX
2776,2025-10-22 18:00:00,0,0.0,DE
2777,2025-12-10 08:58:00,0,0.0,US
2778,2026-01-06 08:28:00,0,0.0,US
2779,2025-12-25 07:47:00,0,0.0,FR
2780,2025-11-30 05:59:00,0,0.0,CA
2781,2025-12-01 21:29:00,0,0.0,FR
2782,2026-01-06 08:43:00,0,0.0,ES
2783,2025-10-18 09:40:00,0,0.0,BR
2784,2025-10-18 09:51:00,0,0.0,US
2785,2025-12-24 16:06:00,0,0.0,DE
2786,2025-10-23 21:10:00,0,0.0,GB
2787,2025-10-08 07:47:00,0,0.0,US
2788,2025-12-24 22:10:00,0,0.0,FR
2789,2026-01-01 00:00:00,0,0.0,MX
2790,2025-09-29 21:06:00,0,0.0,US
2791,2025-11-22 00:00:00,0,0.0,US
2792,2025-11-18 11:52:00,0,0.0,US
2793,2025-10-25 12:35:00,1,15.82,GB
2794,2025-12-04 12:57:00,0,0.0,DE
2795,2025-11-06 22:47:00,0,0.0,US
2796,2025-11-29 04:28:00,0,0.0,US
2797,2025-11-07 17:05:00,0,0.0,GB
2798,2025-12-04 03:23:00,0,0.0,CA
2799,2025-11-29 07:05:00,0,0.0,MX
2800,2025-10-18 11:53:00,0,0.0,FR
2801,2025-12-12 14:06:00,0,0.0,FR
2802,2025-11-19 18:02:00,0,0.0,ES
2803,2025-10-28 00:00:00,0,0.0,DE
2804,2025-12-02 17:18:00,0,0.0,US
2805,2025-10-27 14:53:00,0,0.0,US
2806,2025-12-13 00:00:00,0,0.0,BR
2807,2025-10-20 01:05:00,0,0.0,ES
2808,2025-11-22 21:14:00,0,0.0,US
2809,2025-10-14 00:00:00,0,0.0,MX
2810,2025-10-31 00:00:00,0,0.0,CA
2811,2025-10-13 14:21:00,0,0.0,CA
2812,2025-11-12 00:00:00,0,0.0,US
2813,2025-11-23 00:00:00,0,0.0,US
2814,2025-10-16 06:25:00,1,16.71,US
2815,2025-11-17 14:59:00,0,0.0,US
2816,2025-12-21 17:30:00,0,0.0,BR
2817,2025-12-26 00:29:00,0,0.0,MX
2818,2025-11-22 19:08:00,1,16.0,GB
2819,2026-01-01 03:17:00,0,0.0,GB
2820,2025-11-02 23:10:00,0,0.0,ES
2821,2025-12-29 18:47:00,0,0.0,US
2822,2025-12-12 12:20:00,0,0.0,FR
2823,2025-10-22 11:24:00,0,0.0,CA
2824,2025-10-29 00:00:00,0,0.0,GB
2825,2025-11-07 21:22:00,0,0.0,DE
2826,2025-11-23 16:01:00,0,0.0,CA
2827,2025-11-24 07:59:00,0,0.0,MX
2828,2026-01-08 07:49:00,0,0.0,GB
2829,2025-10-12 09:47:00,0,0.0,US
2830,2026-01-02 16:40:00,0,0.0,BR
2831,2025-12-16 23:15:00,0,0.0,US
2832,2025-11-14 08:10:00,0,0.0,US
2833,2025-12-23 08:55:00,0,0.0,GB
2834,2025-11-06 03:08:00,1,8.88,ES
2835,2025-12-19 18:35:00,0,0.0,ES
2836,2025-12-11 20:34:00,0,0.0,US
2837,2025-10-24 05:29:00,0,0.0,US
2838,2025-12-31 00:00:00,0,0.0,MX
2839,2025-10-25 19:55:00,0,0.0,MX
2840,2025-12-25 22:20:00,0,0.0,CA
2841,2025-11-26 04:04:00,0,0.0,DE
2842,2025-11-30 12:00:00,1,11.86,GB
2843,2025-11-13 20:13:00,0,0.0,BR
2844,2025-12-21 18:23:00,0,0.0,GB
2845,2025-11-01 08:03:00,0,0.0,BR
2846,2026-01-04 16:45:00,0,0.0,GB
2847,2025-10-20 20:51:00,0,0.0,ES
2848,2025-11-07 00:04:00,0,0.0,ES
2849,2025-11-20 05:20:00,0,0.0,ES
2850,2025-10-15 08:23:00,0,0.0,FR
2851,2025-11-16 04:28:00,0,0.0,US
2852,2025-12-12 14:18:00,1,13.3,MX
2853,2025-12-24 19:22:00,0,0.0,DE
2854,2026-01-05 21:15:00,0,0.0,US
2855,2025-12-26 00:00:00,0,0.0,GB
2856,2025-12-01 05:46:00,0,0.0,US
2857,2025-12-13 02:01:00,0,0.0,US
2858,2025-11-05 05:24:00,0,0.0,CA
2859,2025-10-27 00:00:00,0,0.0,US
2860,2025-11-16 07:21:00,0,0.0,CA
2861,2025-12-22 16:17:00,1,9.93,US
2862,2025-10-02 00:00:00,0,0.0,FR
2863,2025-12-09 20:36:00,0,0.0,US
2864,2025-12-18 01:34:00,0,0.0,CA
2865,2025-12-12 01:36:00,0,0.0,DE
2866,2025-12-31 00:00:00,0,0.0,BR
2867,2025-11-16 00:00:00,0,0.0,US
2868,2025-10-18 13:47:00,0,0.0,US
2869,2025-11-16 15:19:00,0,0.0,GB
2870,2025-12-05 11:35:00,0,0.0,US
2871,2025-10-24 02:20:00,0,0.0,US
2872,2025-11-19 18:00:00,0,0.0,GB
2873,2025-10-14 07:29:00,0,0.0,MX
2874,2025-12-07 02:27:00,0,0.0,US
2875,2025-11-06 00:00:00,0,0.0,BR
2876,2026-01-04 22:21:00,0,0.0,GB
2877,2025-12-19 23:42:00,0,0.0,US
2878,2025-12-18 21:41:00,0,0.0,US
2879,2025-10-27 00:00:00,0,0.0,US
2880,2025-12-04 13:29:00,0,0.0,FR
2881,2025-10-13 08:11:00,0,0.0,US
2882,2025-10-08 04:28:00,0,0.0,US
2883,2025-10-27 03:27:00,0,0.0,US
2884,2025-11-01 00:00:00,0,0.0,GB
2885,2025-10-09 00:00:00,0,0.0,DE
2886,2025-11-11 00:30:00,0,0.0,US
2887,2025-12-02 12:06:00,0,0.0,FR
2888,2025-12-17 06:18:00,0,0.0,GB
2889,2025-11-29 17:09:00,0,0.0,US
2890,2025-10-13 00:00:00,0,0.0,FR
2891,2026-01-04 04:07:00,0,0.0,US
2892,2025-10-23 00:00:00,0,0.0,DE
2893,2026-01-01 07:06:00,0,0.0,US
2894,2025-10-23 15:45:00,0,0.0,MX
2895,2025-12-09 04:24:00,0,0.0,MX
2896,2025-12-04 16:58:00,0,0.0,FR
2897,2025-12-27 00:58:00,0,0.0,FR
2898,2025-10-10 23:44:00,0,0.0,BR
2899,2025-11-14 05:48:00,0,0.0,US
2900,2025-11-16 16:37:00,0,0.0,CA
2901,2025-12-25 17:04:00,0,0.0,CA
2902,2025-11-12 23:16:00,0,0.0,ES
2903,2026-01-01 06:52:00,0,0.0,GB
2904,2025-12-28 11:16:00,0,0.0,CA
2905,2025-10-30 13:27:00,0,0.0,CA
2906,2025-10-11 04:40:00,0,0.0,DE
2907,2025-12-25 06:47:00,0,0.0,US
2908,2025-12-15 08:56:00,0,0.0,DE
2909,2025-11-05 03:26:00,0,0.0,GB
2910,2025-11-23 23:41:00,0,0.0,MX
2911,2025-12-30 11:30:00,0,0.0,GB
2912,2025-11-03 20:57:00,0,0.0,CA
2913,2025-10-30 12:47:00,0,0.0,US
2914,2025-10-03 08:43:00,0,0.0,CA
2915,2025-12-20 05:45:00,0,0.0,US
2916,2025-11-13 00:48:00,0,0.0,US
2917,2025-11-27 09:56:00,0,0.0,MX
2918,2026-01-03 08:16:00,0,0.0,FR
2919,2025-12-31 13:28:00,0,0.0,US
2920,2025-12-08 00:00:00,0,0.0,MX
2921,2025-10-27 12:22:00,0,0.0,ES
2922,2025-10-18 03:58:00,0,0.0,FR
2923,2025-11-13 19:23:00,1,7.58,FR
2924,2025-10-14 04:08:00,0,0.0,GB
2925,2025-11-14 18:06:00,0,0.0,BR
2926,2025-11-19 00:00:00,0,0.0,BR
2927,2025-12-01 18:46:00,0,0.0,GB
2928,2025-12-07 03:51:00,0,0.0,MX
2929,2025-10-06 00:00:00,0,0.0,CA
2930,2025-12-29 20:41:00,0,0.0,US
2931,2025-12-13 00:55:00,1,11.45,US
2932,2026-01-05 00:11:00,0,0.0,CA
2933,2025-10-26 09:26:00,0,0.0,DE
2934,2026-01-02 12:57:00,0,0.0,BR
2935,2025-11-09 17:36:00,0,0.0,US
2936,2025-10-17 11:06:00,0,0.0,DE
2937,2025-11-29 00:00:00,0,0.0,US
2938,2025-11-12 07:53:00,0,0.0,ES
2939,2025-10-29 20:47:00,0,0.0,GB
2940,2025-11-01 10:07:00,0,0.0,BR
2941,2025-12-11 21:36:00,0,0.0,CA
2942,2025-12-03 14:22:00,0,0.0,FR
2943,2025-12-20 22:22:00,0,0.0,US
2944,2025-11-05 13:35:00,0,0.0,US
2945,2025-12-18 20:24:00,0,0.0,MX
2946,2025-11-09 00:00:00,0,0.0,US
2947,2026-01-10 21:14:00,0,0.0,CA
2948,2025-12-27 07:27:00,0,0.0,BR
2949,2025-12-15 20:39:00,0,0.0,US
2950,2025-11-06 05:38:00,0,0.0,ES
2951,2025-11-10 20:38:00,0,0.0,GB
2952,2026-01-01 12:38:00,0,0.0,US
2953,2025-12-28 21:46:00,0,0.0,DE
2954,2025-11-27 22:32:00,0,0.0,BR
2955,2025-10-13 10:58:00,0,0.0,GB
2956,2025-10-25 00:00:00,0,0.0,DE
2957,2025-10-29 18:27:00,0,0.0,ES
2958,2025-12-04 23:39:00,0,0.0,US
2959,2026-01-03 04:52:00,0,0.0,ES
2960,2025-12-09 07:46:00,0,0.0,MX
2961,2025-10-27 15:32:00,0,0.0,US
2962,2025-11-09 20:55:00,0,0.0,CA
2963,2025-11-22 00:00:00,0,0.0,CA
2964,2025-12-17 00:00:00,0,0.0,FR
2965,2025-11-13 12:24:00,1,13.54,MX
2966,2025-12-15 10:04:00,1,13.68,US
2967,2025-12-15 00:00:00,0,0.0,GB
2968,2025-12-04 15:34:00,0,0.0,MX
2969,2025-12-13 08:46:00,0,0.0,DE
2970,2025-12-13 00:01:00,0,0.0,US
2971,2025-11-09 00:00:00,0,0.0,FR
2972,2025-12-22 17:50:00,0,0.0,FR
2973,2025-10-29 17:24:00,0,0.0,US
2974,2025-11-26 04:00:00,0,0.0,MX
2975,2025-12-15 00:00:00,0,0.0,US
2976,2025-12-17 04:34:00,0,0.0,MX
2977,2025-12-11 16:07:00,0,0.0,US
2978,2025-11-12 17:01:00,0,0.0,FR
2979,2025-12-18 14:24:00,0,0.0,US
2980,2025-11-11 20:48:00,0,0.0,GB
2981,2026-01-02 11:16:00,0,0.0,GB
2982,2025-11-12 09:17:00,0,0.0,US
2983,2025-11-21 07:44:00,0,0.0,US
2984,2025-11-17 17:05:00,0,0.0,FR
2985,2025-11-11 19:40:00,0,0.0,US
2986,2025-12-21 11:57:00,0,0.0,US
2987,2025-12-28 19:29:00,0,0.0,US
2988,2025-11-03 00:00:00,0,0.0,BR
2989,2025-11-07 12:13:00,0,0.0,CA
2990,2025-12-02 22:23:00,1,14.73,US
2991,2025-10-13 00:00:00,0,0.0,BR
2992,2025-11-13 14:22:00,0,0.0,DE
2993,2025-10-21 00:11:00,0,0.0,GB
2994,2025-12-05 10:36:00,0,0.0,MX
2995,2025-11-17 00:44:00,0,0.0,US
2996,2025-10-13 00:00:00,0,0.0,US
2997,2025-12-21 11:40:00,0,0.0,BR
2998,2025-10-14 20:21:00,0,0.0,GB
2999,2025-12-10 21:28:00,0,0.0,MX
3000,2025-11-14 15:07:00,0,0.0,ES
3001,2025-10-09 16:32:00,0,0.0,US
3002,2025-10-29 00:35:00,0,0.0,DE
3003,2025-11-29 11:44:00,0,0.0,GB
3004,2025-12-20 00:00:00,0,0.0,FR
3005,2025-12-06 09:34:00,0,0.0,ES
3006,2025-12-24 00:51:00,0,0.0,US
3007,2025-12-21 12:20:00,0,0.0,ES
3008,2025-12-23 01:35:00,0,0.0,CA
3009,2026-01-11 21:02:00,0,0.0,GB
3010,2025-11-21 22:23:00,0,0.0,ES
3011,2025-11-22 00:00:00,0,0.0,BR
3012,2025-12-04 21:44:00,0,0.0,BR
3013,2025-12-02 15:43:00,0,0.0,US
3014,2025-12-13 09:26:00,0,0.0,BR
3015,2025-12-31 06:28:00,0,0.0,US
3016,2025-11-06 12:37:00,0,0.0,CA
3017,2025-12-26 17:42:00,0,0.0,CA
3018,2025-10-20 21:22:00,0,0.0,ES
3019,2025-11-29 17:05:00,0,0.0,GB
3020,2025-12-26 19:44:00,0,0.0,DE
3021,2025-11-19 00:00:00,0,0.0,US
3022,2026-01-05 21:03:00,0,0.0,US
3023,2025-11-13 00:00:00,0,0.0,FR
3024,2025-10-10 10:17:00,0,0.0,US
3025,2025-12-21 23:41:00,0,0.0,ES
3026,2025-10-21 07:41:00,0,0.0,CA
3027,2025-12-22 18:59:00,0,0.0,CA
3028,2025-12-26 13:04:00,0,0.0,MX
3029,2026-01-05 20:59:00,0,0.0,MX
3030,2025-12-05 15:31:00,0,0.0,MX
3031,2025-11-25 00:00:00,0,0.0,CA
3032,2025-12-21 07:01:00,1,12.15,GB
3033,2025-12-15 09:07:00,0,0.0,US
3034,2025-11-24 23:04:00,0,0.0,US
3035,2025-10-17 16:43:00,0,0.0,MX
3036,2025-10-23 00:00:00,0,0.0,US
3037,2026-01-04 12:09:00,0,0.0,MX
3038,2025-10-27 05:35:00,0,0.0,MX
3039,2025-12-29 05:39:00,0,0.0,DE
3040,2026-01-05 21:34:00,1,4.88,US
3041,2025-11-20 16:11:00,0,0.0,CA
3042,2025-11-21 23:17:00,0,0.0,DE
3043,2025-12-28 22:47:00,0,0.0,US
3044,2025-11-27 17:26:00,1,10.4,FR
3045,2025-11-28 15:25:00,0,0.0,GB
3046,2025-11-26 12:49:00,0,0.0,US
3047,2025-12-18 17:36:00,0,0.0,CA
3048,2025-12-14 17:18:00,0,0.0,DE
3049,2025-11-03 01:17:00,1,16.47,MX
3050,2025-10-26 15:36:00,1,10.79,GB
3051,2025-12-09 09:43:00,0,0.0,ES
3052,2025-10-13 20:03:00,0,0.0,GB
3053,2025-12-19 23:52:00,0,0.0,BR
3054,2025-12-30 13:44:00,0,0.0,FR
3055,2026-01-01 07:54:00,1,10.07,MX
3056,2025-10-18 09:42:00,0,0.0,US
3057,2025-12-16 19:51:00,0,0.0,US
3058,2025-12-17 02:31:00,0,0.0,BR
3059,2025-12-13 23:07:00,0,0.0,ES
3060,2025-11-18 08:20:00,0,0.0,GB
3061,2025-12-22 17:45:00,0,0.0,US
3062,2025-10-29 12:20:00,0,0.0,ES
3063,2025-10-27 00:00:00,0,0.0,CA
3064,2025-12-28 22:24:00,1,5.86,US
3065,2025-11-04 23:03:00,0,0.0,BR
3066,2025-12-20 23:31:00,0,0.0,US
3067,2025-12-11 20:01:00,0,0.0,US
3068,2025-12-14 08:43:00,0,0.0,GB
3069,2025-12-02 10:52:00,1,12.15,GB
3070,2025-10-29 00:00:00,0,0.0,ES
3071,2025-12-27 18:37:00,0,0.0,US
3072,2025-12-07 20:17:00,0,0.0,FR
3073,2025-11-04 23:16:00,0,0.0,DE
3074,2025-11-14 15:39:00,0,0.0,US
3075,2025-12-12 20:51:00,0,0.0,MX
3076,2025-12-15 23:50:00,1,12.22,GB
3077,2025-10-13 03:33:00,0,0.0,US
3078,2025-12-23 00:51:00,0,0.0,US
3079,2025-10-07 16:24:00,1,10.84,FR
3080,2025-10-16 23:11:00,0,0.0,US
3081,2025-12-02 20:33:00,0,0.0,MX
3082,2025-12-15 00:00:00,0,0.0,MX
3083,2025-11-03 16:37:00,0,0.0,FR
3084,2025-11-12 16:12:00,0,0.0,BR
3085,2025-12-31 14:06:00,0,0.0,CA
3086,2025-10-10 10:13:00,0,0.0,ES
3087,2025-10-29 05:33:00,0,0.0,CA
3088,2025-12-04 00:00:00,0,0.0,DE
3089,2025-12-06 17:50:00,0,0.0,US
3090,2025-12-25 20:03:00,1,9.43,DE
3091,2025-10-02 22:25:00,0,0.0,DE
3092,2025-11-03 04:41:00,0,0.0,FR
3093,2025-11-26 23:55:00,0,0.0,MX
3094,2025-12-05 19:29:00,0,0.0,US
3095,2025-12-28 11:53:00,0,0.0,GB
3096,2025-12-02 06:56:00,0,0.0,FR
3097,2025-11-01 20:30:00,0,0.0,US
3098,2025-12-02 23:21:00,0,0.0,US
3099,2025-12-05 12:09:00,0,0.0,US
3100,2025-12-28 02:21:00,0,0.0,ES
3101,2025-11-27 05:39:00,0,0.0,US
3102,2025-12-19 02:11:00,0,0.0,US
3103,2025-11-24 20:44:00,0,0.0,US
3104,2025-11-26 17:19:00,0,0.0,FR
3105,2026-01-04 15:26:00,0,0.0,CA
3106,2026-01-05 06:24:00,0,0.0,GB
3107,2025-10-29 10:25:00,0,0.0,GB
3108,2025-10-12 10:03:00,0,0.0,MX
3109,2025-12-02 00:18:00,0,0.0,DE
3110,2025-12-06 02:58:00,0,0.0,MX
3111,2025-12-16 01:30:00,0,0.0,BR
3112,2025-12-08 20:25:00,0,0.0,US
3113,2025-12-29 21:30:00,0,0.0,US
3114,2025-12-04 13:12:00,0,0.0,BR
3115,2025-12-07 08:37:00,0,0.0,US
3116,2025-12-10 15:05:00,0,0.0,US
3117,2025-10-31 00:34:00,0,0.0,FR
3118,2025-11-22 14:45:00,0,0.0,CA
3119,2025-11-01 00:45:00,0,0.0,US
3120,2025-10-20 00:10:00,1,12.05,GB
3121,2025-11-15 20:44:00,0,0.0,BR
3122,2025-12-12 20:24:00,0,0.0,US
3123,2025-11-08 13:06:00,0,0.0,US
3124,2025-10-11 13:06:00,0,0.0,GB
3125,2025-12-30 16:58:00,0,0.0,US
3126,2025-12-25 09:09:00,0,0.0,ES
3127,2025-12-25 21:12:00,0,0.0,DE
3128,2025-12-17 16:24:00,0,0.0,MX
3129,2025-12-05 10:35:00,0,0.0,FR
3130,2025-10-18 02:21:00,0,0.0,US
3131,2025-10-22 00:52:00,0,0.0,US
3132,2025-12-10 12:40:00,0,0.0,FR
3133,2026-01-01 10:08:00,0,0.0,MX
3134,2025-10-21 00:00:00,0,0.0,US
3135,2025-11-01 20:13:00,1,8.82,BR
3136,2025-12-19 03:46:00,0,0.0,DE
3137,2025-12-30 00:22:00,0,0.0,GB
3138,2025-10-13 18:45:00,1,10.91,US
3139,2025-11-22 19:48:00,1,12.03,US
3140,2025-10-05 00:00:00,0,0.0,CA
3141,2026-01-03 20:14:00,0,0.0,US
3142,2025-11-13 12:26:00,0,0.0,US
3143,2025-10-11 13:00:00,0,0.0,GB
3144,2025-11-14 19:33:00,1,16.2,MX
3145,2025-11-08 04:41:00,0,0.0,US
3146,2025-11-16 03:31:00,0,0.0,FR
3147,2026-01-07 13:34:00,0,0.0,CA
3148,2025-10-06 15:34:00,0,0.0,FR
3149,2025-10-07 00:00:00,0,0.0,GB
3150,2025-10-12 14:03:00,0,0.0,GB
3151,2025-10-23 01:36:00,0,0.0,CA
3152,2025-11-20 00:48:00,0,0.0,GB
3153,2025-12-03 13:40:00,0,0.0,US
3154,2025-12-05 11:58:00,0,0.0,US
3155,2025-11-04 22:20:00,0,0.0,FR
3156,2025-12-28 00:00:00,0,0.0,US
3157,2025-12-07 00:00:00,0,0.0,CA
3158,2025-12-16 12:01:00,0,0.0,DE
3159,2025-11-07 07:21:00,0,0.0,US
3160,2025-11-10 20:03:00,0,0.0,CA
3161,2025-12-15 16:49:00,0,0.0,FR
3162,2025-11-21 13:13:00,0,0.0,US
3163,2025-10-22 22:22:00,0,0.0,US
3164,2025-12-14 04:57:00,0,0.0,FR
3165,2025-12-06 08:18:00,0,0.0,US
3166,2025-11-08 23:49:00,0,0.0,US
3167,2026-01-01 16:49:00,0,0.0,FR
3168,2025-11-21 04:38:00,0,0.0,US
3169,2025-12-08 01:54:00,0,0.0,ES
3170,2025-11-12 03:15:00,0,0.0,FR
3171,2025-12-21 16:50:00,0,0.0,FR
3172,2025-12-12 22:03:00,0,0.0,US
3173,2025-12-03 15:51:00,0,0.0,US
3174,2025-11-08 10:55:00,0,0.0,DE
3175,2025-11-02 09:54:00,0,0.0,FR
3176,2025-10-11 10:50:00,0,0.0,US
3177,2025-11-06 10:44:00,0,0.0,US
3178,2025-11-22 21:10:00,0,0.0,US
3179,2025-11-13 09:05:00,0,0.0,US
3180,2025-11-22 00:16:00,1,8.62,CA
3181,2025-10-28 01:08:00,0,0.0,MX
3182,2025-11-28 22:05:00,0,0.0,GB
3183,2025-12-21 17:44:00,0,0.0,US
3184,2025-10-26 05:08:00,1,13.73,US
3185,2025-11-29 22:32:00,0,0.0,US
3186,2025-11-11 06:53:00,0,0.0,US
3187,2025-12-23 02:09:00,0,0.0,US
3188,2025-12-21 06:04:00,0,0.0,ES
3189,2025-11-18 00:00:00,0,0.0,CA
3190,2025-12-21 08:25:00,0,0.0,US
3191,2025-10-17 10:54:00,0,0.0,GB
3192,2025-10-17 00:30:00,0,0.0,ES
3193,2025-12-01 00:39:00,0,0.0,DE
3194,2025-11-26 19:31:00,0,0.0,GB
3195,2025-10-26 04:32:00,0,0.0,CA
3196,2025-12-16 21:54:00,0,0.0,CA
3197,2025-11-09 03:40:00,0,0.0,US
3198,2025-10-07 00:00:00,0,0.0,DE
3199,2025-11-09 22:03:00,0,0.0,DE
3200,2025-11-17 11:55:00,0,0.0,MX
3201,2026-01-06 21:17:00,0,0.0,FR
3202,2025-10-31 18:40:00,0,0.0,GB
3203,2025-11-24 21:09:00,0,0.0,GB
3204,2025-11-20 18:50:00,1,15.96,US
3205,2025-12-23 23:53:00,0,0.0,US
3206,2025-11-20 22:28:00,0,0.0,US
3207,2025-11-08 12:10:00,0,0.0,FR
3208,2025-12-06 09:29:00,0,0.0,DE
3209,2025-12-25 15:19:00,0,0.0,FR
3210,2025-11-29 00:00:00,0,0.0,FR
3211,2025-10-16 19:53:00,0,0.0,DE
3212,2025-10-08 22:08:00,0,0.0,MX
3213,2025-11-22 03:47:00,0,0.0,DE
3214,2025-11-06 21:20:00,0,0.0,US
3215,2025-10-29 11:02:00,0,0.0,GB
3216,2025-10-07 00:00:00,0,0.0,US
3217,2025-11-18 05:55:00,0,0.0,ES
3218,2026-01-02 13:28:00,0,0.0,FR
3219,2025-11-20 10:29:00,0,0.0,US
3220,2025-10-05 00:00:00,0,0.0,DE
3221,2026-01-07 21:13:00,0,0.0,FR
3222,2025-11-01 11:47:00,1,11.54,US
3223,2025-12-27 11:54:00,0,0.0,BR
3224,2025-10-14 00:00:00,0,0.0,CA
3225,2025-11-26 00:00:00,0,0.0,GB
3226,2025-10-15 10:22:00,0,0.0,FR
3227,2025-10-15 08:42:00,0,0.0,DE
3228,2025-12-04 20:08:00,0,0.0,US
3229,2026-01-14 05:57:00,0,0.0,BR
3230,2025-11-05 21:16:00,0,0.0,BR
3231,2025-10-09 22:28:00,0,0.0,US
3232,2025-12-10 12:58:00,1,11.87,US
3233,2025-10-20 19:16:00,0,0.0,CA
3234,2026-01-07 14:07:00,0,0.0,US
3235,2025-10-16 01:10:00,0,0.0,US
3236,2025-12-28 08:46:00,0,0.0,GB
3237,2025-12-15 03:26:00,1,13.46,ES
3238,2025-11-10 06:30:00,0,0.0,MX
3239,2025-10-05 23:55:00,0,0.0,GB
3240,2025-10-28 00:36:00,0,0.0,DE
3241,2025-10-23 20:53:00,0,0.0,GB
3242,2025-10-17 13:03:00,0,0.0,GB
3243,2025-12-29 04:51:00,1,15.29,US
3244,2025-11-29 14:39:00,0,0.0,FR
3245,2025-11-26 00:00:00,0,0.0,US
3246,2025-10-20 01:33:00,1,8.56,US
3247,2025-11-18 08:15:00,0,0.0,MX
3248,2026-01-07 00:01:00,0,0.0,BR
3249,2025-12-26 12:33:00,0,0.0,DE
3250,2025-12-28 13:13:00,0,0.0,US
3251,2025-12-17 19:07:00,1,14.83,ES
3252,2025-12-15 23:52:00,0,0.0,GB
3253,2025-10-20 23:42:00,0,0.0,FR
3254,2025-12-27 00:00:00,0,0.0,MX
3255,2025-11-03 14:39:00,0,0.0,US
3256,2025-10-10 22:47:00,0,0.0,US
3257,2025-12-14 10:25:00,0,0.0,GB
3258,2025-10-22 14:41:00,0,0.0,CA
3259,2025-12-31 13:13:00,0,0.0,MX
3260,2025-11-20 23:56:00,1,14.97,US
3261,2026-01-01 16:13:00,0,0.0,US
3262,2025-12-13 08:35:00,0,0.0,MX
3263,2025-12-05 02:47:00,0,0.0,US
3264,2025-10-19 07:12:00,0,0.0,FR
3265,2025-10-22 06:43:00,0,0.0,US
3266,2025-12-04 17:16:00,0,0.0,ES
3267,2025-11-14 19:04:00,0,0.0,FR
3268,2025-10-10 19:05:00,0,0.0,CA
3269,2025-12-18 15:45:00,1,15.25,DE
3270,2025-11-07 09:55:00,1,13.85,BR
3271,2025-10-13 11:59:00,0,0.0,MX
3272,2025-10-22 02:35:00,0,0.0,DE
3273,2025-12-01 01:43:00,0,0.0,FR
3274,2025-12-16 11:51:00,0,0.0,US
3275,2025-11-09 08:15:00,1,10.17,FR
3276,2025-12-19 22:54:00,0,0.0,US
3277,2025-11-08 20:29:00,0,0.0,US
3278,2025-12-14 08:11:00,0,0.0,MX
3279,2025-10-18 11:18:00,0,0.0,US
3280,2025-11-13 00:10:00,0,0.0,CA
3281,2025-10-18 09:17:00,0,0.0,MX
3282,2025-10-15 15:53:00,0,0.0,MX
3283,2025-10-12 00:00:00,0,0.0,FR
3284,2025-12-11 14:55:00,0,0.0,FR
3285,2025-10-26 04:11:00,0,0.0,US
3286,2025-11-16 03:02:00,0,0.0,US
3287,2026-01-04 22:21:00,0,0.0,GB
3288,2025-10-19 20:11:00,0,0.0,US
3289,2025-11-07 07:05:00,0,0.0,CA
3290,2025-10-09 12:03:00,0,0.0,GB
3291,2025-11-30 16:09:00,1,12.04,US
3292,2025-11-02 05:59:00,0,0.0,DE
3293,2025-10-14 20:05:00,0,0.0,DE
3294,2025-12-08 18:38:00,0,0.0,CA
3295,2025-11-15 05:13:00,1,8.87,US
3296,2025-11-16 00:00:00,0,0.0,BR
3297,2025-12-28 20:26:00,0,0.0,US
3298,2025-11-12 00:53:00,1,14.66,FR
3299,2025-10-20 14:32:00,0,0.0,BR
3300,2025-10-04 22:45:00,0,0.0,US
3301,2025-10-13 05:58:00,0,0.0,DE
3302,2025-11-29 15:46:00,0,0.0,GB
3303,2026-01-02 17:43:00,0,0.0,US
3304,2026-01-02 00:49:00,0,0.0,CA
3305,2025-12-29 09:06:00,0,0.0,MX
3306,2025-10-25 22:45:00,0,0.0,ES
3307,2025-12-25 08:18:00,0,0.0,US
3308,2025-12-23 20:18:00,0,0.0,MX
3309,2026-01-06 18:33:00,0,0.0,ES
3310,2025-10-22 19:30:00,0,0.0,CA
3311,2026-01-05 02:42:00,0,0.0,FR
3312,2025-12-21 15:45:00,0,0.0,US
3313,2025-12-28 03:09:00,0,0.0,CA
3314,2025-11-15 00:54:00,0,0.0,US
3315,2025-11-02 06:47:00,1,6.65,FR
3316,2025-12-07 08:21:00,0,0.0,BR
3317,2025-12-10 21:46:00,0,0.0,US
3318,2025-12-10 14:08:00,0,0.0,US
3319,2025-10-27 20:19:00,0,0.0,CA
3320,2025-11-10 11:07:00,0,0.0,US
3321,2025-11-07 03:20:00,0,0.0,MX
3322,2025-12-23 17:09:00,0,0.0,DE
3323,2025-11-27 00:00:00,0,0.0,US
3324,2025-11-21 15:00:00,0,0.0,US
3325,2025-10-04 00:00:00,0,0.0,CA
3326,2026-01-11 05:32:00,0,0.0,US
3327,2025-12-20 06:37:00,0,0.0,FR
3328,2025-12-18 03:12:00,0,0.0,US
3329,2025-11-18 07:39:00,0,0.0,DE
3330,2025-10-03 00:00:00,0,0.0,US
3331,2025-10-30 04:11:00,0,0.0,DE
3332,2025-12-14 06:26:00,0,0.0,DE
3333,2025-11-21 08:49:00,0,0.0,US
3334,2025-11-28 12:41:00,0,0.0,DE
3335,2025-11-03 17:22:00,0,0.0,ES
3336,2025-12-23 00:00:00,0,0.0,BR
3337,2025-10-14 16:30:00,0,0.0,GB
3338,2025-11-19 05:01:00,0,0.0,US
3339,2025-11-01 08:00:00,1,9.82,US
3340,2025-12-02 15:26:00,0,0.0,DE
3341,2025-10-22 04:21:00,0,0.0,FR
3342,2025-11-28 00:00:00,0,0.0,US
3343,2025-10-11 12:58:00,0,0.0,US
3344,2025-11-02 03:18:00,0,0.0,CA
3345,2026-01-06 12:40:00,0,0.0,GB
3346,2025-11-19 08:54:00,0,0.0,CA
3347,2026-01-02 16:37:00,0,0.0,ES
3348,2025-12-31 13:31:00,0,0.0,DE
3349,2025-12-28 11:13:00,1,12.98,FR
3350,2025-10-25 07:32:00,1,11.98,BR
3351,2025-11-12 19:45:00,0,0.0,DE
3352,2025-11-11 00:36:00,0,0.0,ES
3353,2025-11-08 12:09:00,0,0.0,US
3354,2025-12-19 07:46:00,1,12.62,BR
3355,2025-10-16 09:20:00,1,9.93,US
3356,2025-12-24 15:27:00,0,0.0,DE
3357,2025-11-29 20:02:00,0,0.0,US
3358,2025-10-25 10:06:00,0,0.0,DE
3359,2025-11-24 19:22:00,0,0.0,US
3360,2025-10-21 06:31:00,0,0.0,GB
3361,2025-11-07 19:04:00,0,0.0,GB
3362,2025-12-12 06:32:00,0,0.0,FR
3363,2025-10-16 13:31:00,0,0.0,FR
3364,2025-12-17 08:59:00,1,9.04,MX
3365,2025-11-04 04:48:00,0,0.0,GB
3366,2025-10-31 22:19:00,1,12.03,US
3367,2025-10-20 18:39:00,0,0.0,US
3368,2025-10-12 00:00:00,0,0.0,GB
3369,2025-11-08 00:24:00,0,0.0,FR
3370,2025-10-17 14:58:00,0,0.0,DE
3371,2025-10-22 05:34:00,0,0.0,MX
3372,2025-12-22 16:51:00,0,0.0,GB
3373,2025-11-25 15:23:00,0,0.0,DE
3374,2026-01-09 05:21:00,0,0.0,BR
3375,2025-11-21 21:05:00,0,0.0,CA
3376,2025-10-08 14:38:00,0,0.0,FR
3377,2026-01-04 19:31:00,0,0.0,CA
3378,2025-11-16 16:20:00,0,0.0,FR
3379,2025-10-12 16:00:00,0,0.0,DE
3380,2025-11-04 16:23:00,0,0.0,DE
3381,2025-10-02 00:00:00,0,0.0,FR
3382,2025-11-10 11:03:00,0,0.0,ES
3383,2025-11-02 04:02:00,0,0.0,ES
3384,2025-11-24 21:48:00,0,0.0,MX
3385,2026-01-03 07:19:00,0,0.0,CA
3386,2025-11-21 04:12:00,0,0.0,DE
3387,2025-11-02 11:03:00,0,0.0,ES
3388,2025-11-23 00:00:00,0,0.0,GB
3389,2025-12-25 13:18:00,0,0.0,US
3390,2025-11-19 00:00:00,0,0.0,US
3391,2025-11-18 13:41:00,0,0.0,MX
3392,2025-11-25 14:07:00,0,0.0,DE
3393,2025-10-17 13:55:00,0,0.0,FR
3394,2025-12-26 06:49:00,0,0.0,CA
3395,2025-11-05 23:11:00,0,0.0,MX
3396,2025-11-04 11:43:00,0,0.0,MX
3397,2025-12-07 00:00:00,0,0.0,US
3398,2025-10-27 04:47:00,0,0.0,US
3399,2025-11-22 09:18:00,0,0.0,MX
3400,2026-01-01 19:26:00,0,0.0,MX
3401,2026-01-03 21:50:00,0,0.0,FR
3402,2025-11-20 11:49:00,0,0.0,US
3403,2025-12-15 12:35:00,0,0.0,FR
3404,2025-10-15 06:52:00,0,0.0,US
3405,2025-12-20 00:21:00,0,0.0,BR
3406,2025-12-12 05:20:00,0,0.0,GB
3407,2026-01-05 20:06:00,0,0.0,US
3408,2025-11-22 16:05:00,0,0.0,ES
3409,2025-10-06 07:06:00,0,0.0,ES
3410,2025-12-14 03:27:00,0,0.0,ES
3411,2025-12-07 16:49:00,0,0.0,US
3412,2025-11-04 02:37:00,0,0.0,GB
3413,2025-12-03 23:06:00,0,0.0,GB
3414,2025-12-25 01:26:00,0,0.0,FR
3415,2025-12-18 06:55:00,0,0.0,US
3416,2025-10-25 22:36:00,1,0.0,US
3417,2025-10-05 00:00:00,0,0.0,DE
3418,2025-12-18 06:36:00,0,0.0,US
3419,2025-11-12 00:00:00,0,0.0,US
3420,2025-11-09 16:55:00,0,0.0,US
3421,2025-11-27 07:02:00,0,0.0,GB
3422,2025-12-31 23:34:00,0,0.0,BR
3423,2025-11-26 23:43:00,0,0.0,DE
3424,2025-12-29 21:31:00,0,0.0,DE
3425,2025-11-12 18:15:00,0,0.0,US
3426,2025-12-24 14:25:00,0,0.0,ES
3427,2026-01-07 18:14:00,0,0.0,FR
3428,2025-12-10 22:50:00,0,0.0,ES
3429,2025-12-27 23:18:00,1,16.1,DE
3430,2025-12-17 14:30:00,0,0.0,CA
3431,2025-10-14 08:22:00,0,0.0,US
3432,2025-12-15 13:00:00,0,0.0,FR
3433,2025-10-14 17:11:00,0,0.0,CA
3434,2025-12-17 12:10:00,1,9.3,MX
3435,2025-12-18 06:16:00,0,0.0,GB
3436,2025-10-22 01:11:00,0,0.0,GB
3437,2025-10-30 08:12:00,0,0.0,GB
3438,2025-11-03 19:42:00,0,0.0,GB
3439,2025-11-16 06:34:00,0,0.0,MX
3440,2025-12-22 00:00:00,0,0.0,DE
3441,2025-12-22 18:51:00,0,0.0,CA
3442,2025-10-09 14:59:00,0,0.0,US
3443,2025-10-22 23:41:00,1,11.39,FR
3444,2025-10-23 15:39:00,1,15.96,FR
3445,2025-12-09 03:01:00,0,0.0,GB
3446,2025-12-17 11:38:00,0,0.0,US
3447,2025-12-09 13:53:00,0,0.0,US
3448,2025-12-24 18:12:00,0,0.0,ES
3449,2025-12-15 00:00:00,0,0.0,ES
3450,2025-12-15 21:28:00,0,0.0,US
3451,2025-11-23 07:46:00,0,0.0,GB
3452,2025-12-13 20:42:00,0,0.0,US
3453,2025-12-01 14:53:00,0,0.0,CA
3454,2025-12-06 18:19:00,0,0.0,GB
3455,2025-12-17 12:54:00,0,0.0,CA
3456,2025-10-30 23:07:00,0,0.0,DE
3457,2025-12-06 19:17:00,0,0.0,FR
3458,2025-11-14 12:23:00,0,0.0,US
3459,2025-10-22 11:09:00,0,0.0,GB
3460,2025-10-30 03:03:00,0,0.0,CA
3461,2025-11-30 09:05:00,0,0.0,US
3462,2025-11-20 16:39:00,0,0.0,US
3463,2025-11-20 12:28:00,0,0.0,MX
3464,2025-11-22 00:19:00,0,0.0,FR
3465,2025-12-08 00:15:00,0,0.0,DE
3466,2025-11-17 13:05:00,0,0.0,US
3467,2025-11-12 00:00:00,0,0.0,US
3468,2026-01-14 02:20:00,0,0.0,ES
3469,2026-01-08 09:13:00,0,0.0,BR
3470,2025-12-28 03:50:00,0,0.0,GB
3471,2025-12-28 00:00:00,0,0.0,CA
3472,2025-11-27 09:48:00,0,0.0,FR
3473,2025-10-19 00:30:00,0,0.0,BR
3474,2025-10-20 16:39:00,0,0.0,BR
3475,2025-12-30 19:30:00,0,0.0,US
3476,2025-11-05 17:53:00,0,0.0,DE
3477,2025-12-17 06:08:00,0,0.0,US
3478,2025-10-21 04:25:00,0,0.0,US
3479,2025-11-16 13:02:00,0,0.0,BR
3480,2025-10-30 12:00:00,0,0.0,FR
3481,2025-10-15 00:15:00,0,0.0,US
3482,2025-11-05 00:00:00,0,0.0,US
3483,2025-12-09 20:52:00,0,0.0,US
3484,2025-10-17 16:41:00,0,0.0,GB
3485,2026-01-02 22:18:00,0,0.0,DE
3486,2025-10-26 02:08:00,0,0.0,US
3487,2025-11-27 16:42:00,0,0.0,BR
3488,2026-01-03 20:35:00,0,0.0,BR
3489,2025-12-25 12:59:00,0,0.0,US
3490,2025-11-18 15:51:00,0,0.0,BR
3491,2025-11-24 14:27:00,0,0.0,US
3492,2025-10-23 16:04:00,0,0.0,US
3493,2025-10-23 20:27:00,0,0.0,ES
3494,2025-12-21 18:04:00,0,0.0,US
3495,2025-10-13 20:00:00,0,0.0,US
3496,2025-11-20 02:32:00,0,0.0,GB
3497,2025-11-13 20:05:00,0,0.0,CA
3498,2026-01-05 17:13:00,0,0.0,US
3499,2025-10-13 14:08:00,0,0.0,FR
3500,2025-12-05 20:01:00,0,0.0,US
3501,2025-11-02 20:04:00,0,0.0,CA
3502,2025-12-12 06:25:00,0,0.0,FR
3503,2025-10-31 11:42:00,0,0.0,ES
3504,2025-12-19 20:53:00,0,0.0,FR
3505,2025-11-07 19:54:00,0,0.0,CA
3506,2025-10-04 16:44:00,0,0.0,DE
3507,2025-11-06 00:00:00,0,0.0,FR
3508,2025-11-21 06:33:00,0,0.0,US
3509,2025-12-26 16:01:00,0,0.0,ES
3510,2025-12-28 17:57:00,0,0.0,US
3511,2025-10-30 02:52:00,1,8.63,GB
3512,2025-10-13 13:58:00,0,0.0,US
3513,2025-10-20 15:39:00,0,0.0,US
3514,2025-12-16 20:07:00,0,0.0,US
3515,2025-12-29 12:26:00,0,0.0,ES
3516,2025-11-30 09:34:00,0,0.0,US
3517,2025-11-30 08:20:00,0,0.0,FR
3518,2025-11-02 07:11:00,1,15.98,US
3519,2026-01-03 16:16:00,0,0.0,US
3520,2025-10-26 07:26:00,0,0.0,US
3521,2025-12-11 00:00:00,0,0.0,ES
3522,2026-01-09 05:22:00,0,0.0,US
3523,2025-11-09 11:44:00,0,0.0,FR
3524,2025-12-23 23:39:00,0,0.0,US
3525,2025-11-05 23:27:00,0,0.0,ES
3526,2025-12-28 21:56:00,1,10.29,DE
3527,2025-10-13 10:13:00,0,0.0,US
3528,2025-10-17 15:05:00,0,0.0,MX
3529,2025-12-13 00:00:00,0,0.0,US
3530,2025-12-05 00:00:00,0,0.0,CA
3531,2025-12-14 00:00:00,0,0.0,US
3532,2025-11-28 21:57:00,1,11.12,GB
3533,2026-01-08 10:42:00,1,13.94,BR
3534,2025-10-08 04:57:00,1,15.85,US
3535,2025-11-04 05:06:00,1,12.7,US
3536,2025-12-16 18:03:00,0,0.0,ES
3537,2026-01-03 19:34:00,0,0.0,US
3538,2025-10-18 18:59:00,0,0.0,US
3539,2025-12-06 11:10:00,1,8.07,US
3540,2025-12-24 22:12:00,0,0.0,CA
3541,2025-12-10 06:31:00,0,0.0,CA
3542,2025-10-21 05:04:00,0,0.0,BR
3543,2025-12-23 20:33:00,0,0.0,US
3544,2026-01-02 14:24:00,0,0.0,US
3545,2026-01-04 18:31:00,0,0.0,DE
3546,2025-12-07 08:21:00,0,0.0,US
3547,2025-12-12 11:08:00,0,0.0,US
3548,2025-11-14 00:00:00,0,0.0,MX
3549,2025-11-15 09:13:00,0,0.0,US
3550,2025-11-03 20:03:00,0,0.0,DE
3551,2025-12-19 15:30:00,0,0.0,US
3552,2025-11-23 13:11:00,0,0.0,US
3553,2025-12-19 18:18:00,0,0.0,CA
3554,2025-10-10 21:57:00,0,0.0,US
3555,2025-10-19 21:50:00,0,0.0,FR
3556,2026-01-01 06:48:00,0,0.0,CA
3557,2025-11-29 16:14:00,0,0.0,CA
3558,2025-12-19 12:56:00,0,0.0,MX
3559,2026-01-04 20:15:00,0,0.0,FR
3560,2025-12-24 13:01:00,0,0.0,US
3561,2025-12-14 14:35:00,1,17.96,FR
3562,2026-01-01 04:18:00,0,0.0,ES
3563,2025-10-21 23:35:00,0,0.0,US
3564,2025-12-08 13:22:00,0,0.0,US
3565,2025-12-22 22:54:00,0,0.0,DE
3566,2025-12-06 10:36:00,0,0.0,US
3567,2025-12-16 14:56:00,0,0.0,US
3568,2025-12-20 22:51:00,0,0.0,US
3569,2025-12-04 00:00:00,0,0.0,GB
3570,2025-11-14 23:44:00,0,0.0,ES
3571,2025-10-11 16:20:00,0,0.0,FR
3572,2025-12-26 03:26:00,0,0.0,BR
3573,2025-12-18 17:37:00,0,0.0,MX
3574,2025-11-04 21:50:00,1,12.06,ES
3575,2025-12-13 10:24:00,0,0.0,GB
3576,2025-11-30 05:29:00,0,0.0,ES
3577,2025-12-13 16:47:00,0,0.0,GB
3578,2025-11-29 19:30:00,0,0.0,GB
3579,2025-12-04 02:43:00,0,0.0,GB
3580,2025-12-16 15:55:00,0,0.0,US
3581,2025-12-19 04:04:00,0,0.0,US
3582,2026-01-01 00:37:00,0,0.0,US
3583,2025-12-14 05:03:00,0,0.0,ES
3584,2025-11-09 00:32:00,0,0.0,ES
3585,2025-12-06 10:33:00,0,0.0,GB
3586,2025-11-25 08:02:00,1,8.89,US
3587,2025-12-07 00:00:00,0,0.0,US
3588,2025-11-06 00:00:00,0,0.0,MX
3589,2025-10-23 17:41:00,0,0.0,CA
3590,2025-10-26 08:20:00,0,0.0,US
3591,2025-10-23 10:36:00,0,0.0,US
3592,2025-12-31 05:51:00,1,9.58,GB
3593,2025-10-25 19:35:00,0,0.0,DE
3594,2025-11-30 01:52:00,0,0.0,US
3595,2025-12-30 00:00:00,0,0.0,US
3596,2025-12-18 18:38:00,0,0.0,US
3597,2025-11-08 17:19:00,0,0.0,BR
3598,2025-10-25 21:16:00,0,0.0,GB
3599,2025-11-11 00:00:00,0,0.0,CA
3600,2025-12-19 00:00:00,0,0.0,FR
3601,2025-12-08 20:16:00,0,0.0,CA
3602,2025-12-23 18:08:00,0,0.0,US
3603,2025-10-31 06:21:00,0,0.0,DE
3604,2025-10-23 10:24:00,0,0.0,FR
3605,2025-12-12 11:08:00,0,0.0,FR
3606,2025-11-02 04:41:00,0,0.0,US
3607,2025-11-30 08:12:00,0,0.0,US
3608,2025-11-29 13:49:00,0,0.0,MX
3609,2025-11-28 15:58:00,0,0.0,ES
3610,2025-11-26 00:00:00,0,0.0,GB
3611,2025-10-27 14:50:00,0,0.0,GB
3612,2025-11-13 18:49:00,0,0.0,US
3613,2025-12-27 00:00:00,0,0.0,ES
3614,2025-12-27 06:41:00,0,0.0,US
3615,2025-10-25 12:35:00,0,0.0,BR
3616,2025-12-28 14:29:00,0,0.0,GB
3617,2025-11-28 10:56:00,0,0.0,DE
3618,2025-11-13 18:35:00,0,0.0,DE
3619,2025-10-08 00:00:00,0,0.0,CA
3620,2025-10-11 00:00:00,0,0.0,US
3621,2025-10-18 00:00:00,0,0.0,ES
3622,2025-10-22 04:48:00,0,0.0,BR
3623,2025-11-21 10:26:00,0,0.0,US
3624,2025-11-05 21:33:00,0,0.0,US
3625,2025-10-27 00:00:00,1,11.5,DE
3626,2025-12-04 13:32:00,0,0.0,FR
3627,2025-11-30 17:01:00,0,0.0,BR
3628,2025-11-27 15:57:00,0,0.0,CA
3629,2025-11-12 22:51:00,0,0.0,GB
3630,2025-12-30 00:00:00,0,0.0,ES
3631,2025-11-22 21:23:00,0,0.0,BR
3632,2025-11-30 20:38:00,0,0.0,DE
3633,2025-11-01 05:06:00,0,0.0,FR
3634,2025-11-14 21:23:00,0,0.0,DE
3635,2025-12-18 07:06:00,0,0.0,MX
3636,2025-11-22 21:37:00,0,0.0,US
3637,2025-12-27 21:18:00,0,0.0,GB
3638,2025-12-23 07:35:00,0,0.0,FR
3639,2025-12-28 18:53:00,0,0.0,ES
3640,2025-12-19 18:31:00,0,0.0,US
3641,2025-10-07 00:00:00,0,0.0,US
3642,2025-12-29 14:23:00,0,0.0,GB
3643,2025-10-11 00:00:00,0,0.0,FR
3644,2025-11-10 19:19:00,0,0.0,US
3645,2025-11-19 11:44:00,1,11.76,GB
3646,2025-11-26 08:45:00,0,0.0,US
3647,2025-11-30 12:07:00,0,0.0,ES
3648,2025-12-21 21:53:00,0,0.0,CA
3649,2025-12-02 19:36:00,0,0.0,US
3650,2025-10-10 22:35:00,0,0.0,DE
3651,2025-10-29 00:46:00,0,0.0,US
3652,2025-11-08 21:21:00,0,0.0,CA
3653,2025-10-25 13:39:00,0,0.0,US
3654,2025-12-07 11:18:00,1,13.61,US
3655,2025-12-22 12:08:00,1,8.88,US
3656,2025-12-28 22:12:00,0,0.0,US
3657,2025-10-18 14:29:00,1,12.44,BR
3658,2026-01-03 16:33:00,0,0.0,US
3659,2025-10-11 10:35:00,0,0.0,GB
3660,2025-10-15 18:02:00,0,0.0,FR
3661,2025-11-27 19:38:00,1,13.61,BR
3662,2025-12-30 00:00:00,0,0.0,US
3663,2025-11-21 15:19:00,0,0.0,ES
3664,2025-09-29 19:23:00,0,0.0,US
3665,2025-12-01 10:08:00,0,0.0,US
3666,2025-12-21 18:49:00,0,0.0,MX
3667,2025-12-16 19:27:00,0,0.0,GB
3668,2025-10-12 03:45:00,0,0.0,US
3669,2025-11-16 13:57:00,0,0.0,MX
3670,2025-10-17 13:48:00,1,14.59,GB
3671,2025-11-27 03:15:00,0,0.0,MX
3672,2025-11-05 00:00:00,0,0.0,US
3673,2025-11-23 03:04:00,0,0.0,CA
3674,2025-12-17 00:00:00,0,0.0,CA
3675,2026-01-01 01:47:00,0,0.0,US
3676,2025-11-01 21:26:00,1,13.31,GB
3677,2025-11-14 15:56:00,0,0.0,MX
3678,2025-10-12 21:53:00,1,11.7,CA
3679,2025-12-23 19:12:00,0,0.0,GB
3680,2025-11-22 10:11:00,0,0.0,DE
3681,2025-10-09 00:12:00,0,0.0,GB
3682,2025-11-15 17:34:00,0,0.0,US
3683,2025-11-26 00:46:00,0,0.0,ES
3684,2025-10-22 15:11:00,0,0.0,US
3685,2025-11-07 12:47:00,0,0.0,DE
3686,2025-10-05 05:26:00,0,0.0,CA
3687,2025-11-17 11:08:00,0,0.0,CA
3688,2025-12-18 16:08:00,0,0.0,FR
3689,2025-12-23 18:57:00,0,0.0,GB
3690,2025-11-06 00:10:00,0,0.0,ES
3691,2025-11-26 05:01:00,0,0.0,FR
3692,2025-11-09 17:54:00,0,0.0,US
3693,2026-01-01 07:53:00,0,0.0,MX
3694,2025-11-16 06:06:00,0,0.0,DE
3695,2025-12-09 21:51:00,0,0.0,US
3696,2025-10-11 23:59:00,0,0.0,BR
3697,2025-11-03 12:15:00,0,0.0,ES
3698,2025-12-13 02:19:00,0,0.0,US
3699,2025-10-26 16:44:00,0,0.0,US
3700,2025-11-24 15:36:00,0,0.0,US
3701,2025-12-08 19:21:00,0,0.0,US
3702,2025-10-24 01:37:00,0,0.0,US
3703,2025-12-29 01:55:00,0,0.0,MX
3704,2025-12-09 08:06:00,0,0.0,FR
3705,2025-10-29 15:19:00,0,0.0,MX
3706,2025-11-20 01:59:00,0,0.0,BR
3707,2025-11-07 21:20:00,0,0.0,US
3708,2025-11-08 12:26:00,0,0.0,US
3709,2025-10-25 11:26:00,0,0.0,ES
3710,2025-11-17 22:12:00,0,0.0,US
3711,2025-11-25 02:57:00,0,0.0,ES
3712,2025-12-22 03:33:00,0,0.0,US
3713,2025-10-31 11:14:00,0,0.0,GB
3714,2025-10-09 18:14:00,0,0.0,GB
3715,2025-12-12 17:46:00,0,0.0,US
3716,2025-10-14 18:12:00,0,0.0,US
3717,2025-10-09 10:23:00,1,21.66,MX
3718,2025-11-09 09:54:00,0,0.0,US
3719,2025-12-28 15:49:00,0,0.0,US
3720,2025-11-02 00:03:00,0,0.0,US
3721,2025-11-03 22:29:00,0,0.0,US
3722,2025-11-12 00:00:00,0,0.0,MX
3723,2025-12-10 02:36:00,0,0.0,US
3724,2025-12-15 07:55:00,0,0.0,US
3725,2025-10-26 21:24:00,0,0.0,MX
3726,2025-11-15 00:00:00,0,0.0,GB
3727,2025-11-05 11:30:00,0,0.0,US
3728,2025-11-07 20:15:00,0,0.0,ES
3729,2026-01-07 15:54:00,1,17.44,MX
3730,2025-11-29 00:00:00,0,0.0,ES
3731,2025-10-14 11:25:00,0,0.0,US
3732,2025-12-15 22:28:00,0,0.0,US
3733,2025-12-20 16:24:00,0,0.0,US
3734,2026-01-05 17:12:00,0,0.0,FR
3735,2025-11-11 20:24:00,0,0.0,CA
3736,2025-12-04 14:35:00,0,0.0,FR
3737,2025-11-18 23:38:00,0,0.0,GB
3738,2026-01-02 12:56:00,1,13.31,US
3739,2025-11-26 09:08:00,0,0.0,CA
3740,2025-10-07 09:00:00,0,0.0,US
3741,2025-10-23 08:11:00,0,0.0,MX
3742,2025-12-15 01:53:00,0,0.0,DE
3743,2025-10-21 01:00:00,0,0.0,US
3744,2025-10-19 23:49:00,0,0.0,ES
3745,2025-12-23 01:43:00,0,0.0,MX
3746,2025-10-30 08:06:00,0,0.0,CA
3747,2025-12-12 09:59:00,0,0.0,GB
3748,2026-01-02 11:02:00,0,0.0,US
3749,2025-10-23 09:33:00,0,0.0,GB
3750,2026-01-06 10:30:00,0,0.0,CA
3751,2025-10-16 18:00:00,0,0.0,MX
3752,2025-11-15 05:17:00,0,0.0,US
3753,2025-11-30 03:42:00,0,0.0,US
3754,2025-12-13 19:30:00,1,13.09,FR
3755,2025-10-22 17:57:00,0,0.0,BR
3756,2025-11-20 14:57:00,0,0.0,CA
3757,2025-11-09 17:33:00,0,0.0,DE
3758,2025-10-28 00:02:00,0,0.0,FR
3759,2025-12-19 20:52:00,0,0.0,US
3760,2025-10-21 11:09:00,0,0.0,ES
3761,2025-10-14 22:14:00,0,0.0,US
3762,2025-11-08 08:57:00,0,0.0,GB
3763,2025-12-30 15:51:00,0,0.0,US
3764,2025-10-20 09:47:00,1,11.68,US
3765,2025-12-15 20:51:00,0,0.0,MX
3766,2025-11-25 05:44:00,0,0.0,GB
3767,2025-11-26 11:32:00,0,0.0,MX
3768,2025-11-26 15:43:00,1,11.56,GB
3769,2025-12-27 16:17:00,0,0.0,ES
3770,2026-01-03 10:45:00,0,0.0,US
3771,2026-01-02 04:36:00,0,0.0,US
3772,2025-11-22 00:24:00,0,0.0,GB
3773,2025-12-10 19:22:00,0,0.0,CA
3774,2025-12-09 00:00:00,0,0.0,US
3775,2026-01-06 11:48:00,0,0.0,MX
3776,2025-12-19 15:56:00,0,0.0,GB
3777,2025-11-18 22:10:00,0,0.0,FR
3778,2025-11-04 00:00:00,0,0.0,ES
3779,2025-11-08 11:45:00,0,0.0,DE
3780,2025-10-09 00:00:00,0,0.0,US
3781,2025-12-24 18:43:00,0,0.0,FR
3782,2025-11-30 10:54:00,0,0.0,GB
3783,2025-10-30 23:05:00,0,0.0,US
3784,2025-12-20 18:15:00,0,0.0,ES
3785,2025-11-08 00:00:00,0,0.0,US
3786,2025-11-08 00:00:00,0,0.0,GB
3787,2025-12-08 00:00:00,0,0.0,GB
3788,2025-10-15 09:02:00,0,0.0,FR
3789,2025-12-08 11:33:00,0,0.0,GB
3790,2025-10-11 14:35:00,0,0.0,ES
3791,2025-11-05 06:34:00,0,0.0,US
3792,2025-11-03 21:41:00,0,0.0,US
3793,2025-11-07 00:00:00,0,0.0,US
3794,2026-01-08 23:01:00,0,0.0,BR
3795,2025-12-06 00:00:00,0,0.0,CA
3796,2025-12-26 16:44:00,0,0.0,US
3797,2025-10-16 02:48:00,0,0.0,US
3798,2025-12-23 06:51:00,0,0.0,BR
3799,2025-10-18 22:35:00,1,11.1,CA
3800,2025-10-27 07:51:00,0,0.0,DE
3801,2025-11-18 22:26:00,0,0.0,MX
3802,2025-11-05 00:00:00,0,0.0,FR
3803,2025-12-23 00:00:00,0,0.0,DE
3804,2025-12-10 15:51:00,0,0.0,MX
3805,2025-11-30 18:11:00,0,0.0,CA
3806,2025-10-28 05:51:00,0,0.0,US
3807,2025-10-08 17:52:00,0,0.0,US
3808,2025-10-14 11:56:00,0,0.0,CA
3809,2025-11-26 18:14:00,0,0.0,CA
3810,2025-10-24 02:27:00,0,0.0,US
3811,2025-10-23 02:59:00,0,0.0,MX
3812,2025-11-14 00:00:00,0,0.0,US
3813,2025-12-26 08:21:00,0,0.0,FR
3814,2025-11-25 00:00:00,0,0.0,BR
3815,2025-11-23 23:41:00,0,0.0,US
3816,2025-11-03 07:48:00,0,0.0,US
3817,2025-10-23 19:08:00,0,0.0,US
3818,2025-12-13 22:14:00,0,0.0,US
3819,2025-12-29 17:06:00,0,0.0,MX
3820,2025-11-28 20:26:00,0,0.0,US
3821,2026-01-05 18:30:00,0,0.0,US
3822,2025-11-04 13:54:00,1,12.2,GB
3823,2025-11-25 00:00:00,0,0.0,CA
3824,2025-10-26 12:37:00,0,0.0,GB
3825,2026-01-12 04:08:00,0,0.0,MX
3826,2025-12-04 04:36:00,0,0.0,MX
3827,2025-10-27 21:21:00,0,0.0,US
3828,2025-11-14 15:19:00,0,0.0,CA
3829,2026-01-04 04:00:00,0,0.0,MX
3830,2025-12-14 14:16:00,0,0.0,US
3831,2026-01-07 16:20:00,0,0.0,FR
3832,2026-01-04 18:37:00,0,0.0,US
3833,2025-11-03 09:40:00,0,0.0,US
3834,2025-12-04 18:13:00,0,0.0,US
3835,2025-12-10 07:33:00,0,0.0,DE
3836,2025-12-23 20:34:00,0,0.0,FR
3837,2025-12-15 16:10:00,0,0.0,BR
3838,2025-11-16 16:35:00,0,0.0,CA
3839,2025-12-03 00:00:00,0,0.0,GB
3840,2025-12-19 23:11:00,0,0.0,FR
3841,2025-12-17 08:39:00,0,0.0,US
3842,2025-10-27 11:17:00,0,0.0,GB
3843,2025-11-27 12:19:00,0,0.0,GB
3844,2025-10-12 06:19:00,0,0.0,CA
3845,2025-12-13 20:15:00,0,0.0,US
3846,2025-12-14 12:48:00,0,0.0,GB
3847,2025-10-05 16:53:00,0,0.0,US
3848,2025-12-06 21:27:00,0,0.0,CA
3849,2025-10-23 18:08:00,0,0.0,BR
3850,2025-11-09 22:29:00,0,0.0,ES
3851,2025-10-19 17:57:00,0,0.0,US
3852,2025-12-08 00:55:00,1,17.07,US
3853,2025-11-21 00:00:00,1,10.4,BR
3854,2025-12-31 13:38:00,1,8.88,ES
3855,2025-11-24 23:52:00,0,0.0,US
3856,2025-11-02 03:28:00,0,0.0,GB
3857,2025-11-30 05:40:00,0,0.0,US
3858,2025-12-19 12:26:00,0,0.0,BR
3859,2025-10-30 00:00:00,0,0.0,US
3860,2025-11-18 19:48:00,0,0.0,GB
3861,2025-11-14 17:12:00,0,0.0,CA
3862,2025-11-12 17:32:00,0,0.0,GB
3863,2025-12-15 01:33:00,1,5.39,US
3864,2026-01-09 22:07:00,1,19.96,US
3865,2025-10-25 02:31:00,1,12.37,US
3866,2025-12-01 17:28:00,0,0.0,US
3867,2025-11-15 00:00:00,0,0.0,US
3868,2025-10-10 16:50:00,1,13.17,US
3869,2025-11-02 00:00:00,0,0.0,BR
3870,2025-12-08 08:50:00,0,0.0,MX
3871,2025-10-31 15:10:00,0,0.0,FR
3872,2025-12-20 22:05:00,0,0.0,MX
3873,2025-11-29 14:56:00,0,0.0,BR
3874,2025-11-18 18:04:00,0,0.0,GB
3875,2025-12-05 22:13:00,0,0.0,FR
3876,2025-10-11 14:42:00,0,0.0,BR
3877,2025-12-01 09:57:00,0,0.0,US
3878,2025-12-15 11:05:00,0,0.0,MX
3879,2026-01-07 18:32:00,0,0.0,US
3880,2025-11-18 23:31:00,0,0.0,GB
3881,2026-01-02 22:42:00,0,0.0,US
3882,2025-12-26 05:13:00,0,0.0,BR
3883,2025-10-25 12:25:00,0,0.0,US
3884,2025-11-14 16:19:00,0,0.0,FR
3885,2025-11-08 02:22:00,0,0.0,US
3886,2025-11-16 16:02:00,0,0.0,GB
3887,2025-11-18 05:11:00,0,0.0,GB
3888,2025-12-16 20:12:00,0,0.0,US
3889,2025-12-14 01:56:00,0,0.0,BR
3890,2025-11-05 07:41:00,0,0.0,US
3891,2025-12-29 08:20:00,0,0.0,US
3892,2025-12-31 18:08:00,0,0.0,US
3893,2026-01-09 03:14:00,1,15.32,US
3894,2025-11-01 12:00:00,0,0.0,GB
3895,2025-12-09 16:37:00,0,0.0,US
3896,2025-12-28 19:50:00,0,0.0,US
3897,2025-10-16 13:12:00,0,0.0,US
3898,2025-12-12 00:00:00,0,0.0,DE
3899,2026-01-04 22:09:00,0,0.0,MX
3900,2025-10-29 00:00:00,0,0.0,MX
3901,2025-11-15 23:16:00,0,0.0,BR
3902,2025-12-13 23:17:00,0,0.0,DE
3903,2025-12-16 03:10:00,0,0.0,GB
3904,2025-12-01 05:07:00,0,0.0,MX
3905,2025-12-09 11:00:00,0,0.0,US
3906,2025-11-10 12:09:00,0,0.0,MX
3907,2025-11-04 11:20:00,0,0.0,ES
3908,2025-11-26 10:24:00,0,0.0,BR
3909,2025-12-27 22:29:00,0,0.0,MX
3910,2025-10-19 09:02:00,0,0.0,FR
3911,2025-11-14 21:35:00,0,0.0,US
3912,2025-10-04 15:43:00,1,15.5,US
3913,2025-11-24 16:12:00,0,0.0,DE
3914,2025-12-30 11:17:00,0,0.0,ES
3915,2025-12-01 19:05:00,0,0.0,US
3916,2025-12-08 09:54:00,0,0.0,US
3917,2025-12-31 19:05:00,0,0.0,US
3918,2025-12-08 22:36:00,0,0.0,BR
3919,2025-11-12 04:56:00,0,0.0,US
3920,2025-11-07 09:18:00,0,0.0,BR
3921,2025-11-20 00:00:00,0,0.0,GB
3922,2025-10-06 22:51:00,0,0.0,US
3923,2025-10-14 00:52:00,0,0.0,FR
3924,2025-10-04 18:18:00,0,0.0,US
3925,2025-12-14 01:25:00,0,0.0,BR
3926,2025-11-09 12:52:00,0,0.0,CA
3927,2025-12-08 15:49:00,0,0.0,US
3928,2025-11-02 17:29:00,0,0.0,CA
3929,2025-11-24 00:54:00,0,0.0,US
3930,2025-11-22 09:04:00,0,0.0,CA
3931,2025-12-10 01:20:00,0,0.0,US
3932,2025-10-30 21:25:00,0,0.0,CA
3933,2026-01-06 10:58:00,0,0.0,US
3934,2025-12-31 07:24:00,0,0.0,US
3935,2026-01-01 21:14:00,0,0.0,GB
3936,2025-11-17 09:27:00,0,0.0,ES
3937,2025-12-11 05:19:00,0,0.0,US
3938,2025-10-31 06:30:00,1,15.52,FR
3939,2025-11-19 13:54:00,1,10.7,GB
3940,2025-11-03 00:00:00,0,0.0,US
3941,2025-11-11 16:23:00,0,0.0,US
3942,2025-11-03 05:53:00,0,0.0,FR
3943,2025-11-23 07:18:00,0,0.0,US
3944,2025-10-16 11:58:00,0,0.0,US
3945,2025-12-22 00:00:00,0,0.0,GB
3946,2025-12-07 04:52:00,0,0.0,GB
3947,2025-12-12 19:00:00,0,0.0,FR
3948,2025-11-01 16:50:00,0,0.0,MX
3949,2025-10-23 20:29:00,0,0.0,US
3950,2025-11-17 12:34:00,0,0.0,US
3951,2025-12-26 00:00:00,0,0.0,US
3952,2026-01-02 03:12:00,0,0.0,GB
3953,2026-01-04 08:37:00,0,0.0,ES
3954,2025-12-15 04:58:00,0,0.0,US
3955,2025-11-19 00:00:00,0,0.0,CA
3956,2025-12-27 00:00:00,0,0.0,CA
3957,2025-12-08 08:27:00,0,0.0,US
3958,2025-11-23 04:44:00,0,0.0,BR
3959,2025-11-07 09:11:00,0,0.0,ES
3960,2025-12-13 11:57:00,0,0.0,US
3961,2025-11-23 00:45:00,0,0.0,DE
3962,2025-12-19 21:21:00,0,0.0,FR
3963,2025-10-31 00:09:00,0,0.0,US
3964,2025-11-15 03:02:00,0,0.0,FR
3965,2025-12-30 13:29:00,1,14.47,DE
3966,2025-12-30 23:31:00,0,0.0,GB
3967,2025-11-19 16:37:00,0,0.0,US
3968,2025-10-27 21:06:00,0,0.0,US
3969,2025-12-05 00:59:00,0,0.0,US
3970,2025-11-03 11:07:00,0,0.0,FR
3971,2025-12-09 16:15:00,0,0.0,DE
3972,2025-11-23 00:00:00,0,0.0,US
3973,2025-10-07 03:01:00,0,0.0,BR
3974,2025-11-26 13:40:00,0,0.0,US
3975,2025-11-10 12:16:00,0,0.0,DE
3976,2025-12-03 08:58:00,0,0.0,BR
3977,2025-10-22 21:17:00,0,0.0,ES
3978,2025-11-27 17:38:00,0,0.0,DE
3979,2026-01-01 19:20:00,0,0.0,US
3980,2025-10-08 00:00:00,0,0.0,CA
3981,2025-11-19 10:10:00,0,0.0,BR
3982,2025-12-30 22:07:00,0,0.0,FR
3983,2025-11-08 19:35:00,0,0.0,CA
3984,2025-12-20 11:26:00,0,0.0,US
3985,2025-11-12 00:00:00,0,0.0,US
3986,2025-12-28 00:00:00,0,0.0,US
3987,2025-10-10 07:15:00,1,10.16,US
3988,2025-10-27 19:35:00,0,0.0,US
3989,2025-12-31 19:44:00,1,6.14,US
3990,2025-10-30 06:49:00,0,0.0,MX
3991,2025-10-28 07:42:00,0,0.0,FR
3992,2025-12-10 23:32:00,0,0.0,ES
3993,2025-11-28 07:38:00,0,0.0,US
3994,2025-10-20 00:10:00,0,0.0,BR
3995,2025-11-04 15:35:00,0,0.0,GB
3996,2025-11-10 01:33:00,0,0.0,US
3997,2025-10-10 06:38:00,0,0.0,BR
3998,2026-01-07 14:22:00,1,16.23,US
3999,2026-01-04 22:11:00,0,0.0,CA
4000,2025-11-17 01:35:00,0,0.0,US
4001,2025-12-01 22:04:00,0,0.0,DE
4002,2025-11-25 18:54:00,0,0.0,US
4003,2025-11-15 23:15:00,0,0.0,BR
4004,2025-11-15 09:17:00,0,0.0,BR
4005,2025-10-24 07:06:00,0,0.0,US
4006,2025-12-09 21:29:00,0,0.0,ES
4007,2025-10-30 13:07:00,0,0.0,US
4008,2025-12-09 11:31:00,0,0.0,US
4009,2025-10-30 20:02:00,1,12.01,GB
4010,2025-11-07 06:33:00,0,0.0,MX
4011,2025-11-29 23:50:00,0,0.0,DE
4012,2025-12-07 00:00:00,0,0.0,US
4013,2025-10-20 21:15:00,0,0.0,US
4014,2025-11-29 10:23:00,0,0.0,DE
4015,2025-11-03 21:24:00,0,0.0,CA
4016,2025-11-10 02:29:00,0,0.0,FR
4017,2025-12-21 19:16:00,0,0.0,US
4018,2025-11-06 00:00:00,0,0.0,US
4019,2025-10-23 00:00:00,0,0.0,FR
4020,2025-11-14 00:00:00,0,0.0,CA
4021,2025-11-11 14:34:00,0,0.0,US
4022,2025-11-24 09:17:00,0,0.0,US
4023,2025-12-16 23:21:00,0,0.0,DE
4024,2025-10-08 16:02:00,0,0.0,US
4025,2025-10-25 19:14:00,1,14.66,BR
4026,2025-09-28 16:47:00,0,0.0,FR
4027,2025-12-13 15:16:00,0,0.0,GB
4028,2025-10-29 13:50:00,0,0.0,DE
4029,2025-12-20 12:32:00,0,0.0,ES
4030,2025-12-12 20:08:00,0,0.0,US
4031,2025-10-08 00:00:00,0,0.0,FR
4032,2026-01-05 22:49:00,0,0.0,BR
4033,2025-10-28 05:15:00,0,0.0,US
4034,2025-10-08 23:08:00,0,0.0,US
4035,2025-10-11 06:45:00,0,0.0,US
4036,2025-10-02 00:00:00,0,0.0,US
4037,2025-12-02 08:50:00,0,0.0,DE
4038,2025-11-27 04:45:00,0,0.0,BR
4039,2025-12-07 04:43:00,0,0.0,US
4040,2025-12-18 00:00:00,0,0.0,FR
4041,2025-11-11 14:59:00,0,0.0,BR
4042,2025-12-24 11:27:00,0,0.0,MX
4043,2025-11-24 06:06:00,0,0.0,US
4044,2025-10-24 11:15:00,0,0.0,MX
4045,2025-12-11 18:21:00,0,0.0,FR
4046,2025-10-30 00:00:00,0,0.0,BR
4047,2025-12-19 19:20:00,0,0.0,MX
4048,2025-12-07 03:22:00,0,0.0,GB
4049,2025-10-06 12:53:00,0,0.0,BR
4050,2025-12-18 00:00:00,0,0.0,GB
4051,2025-12-08 05:51:00,0,0.0,US
4052,2025-12-26 06:15:00,0,0.0,US
4053,2025-10-25 22:26:00,0,0.0,US
4054,2025-11-06 01:32:00,0,0.0,FR
4055,2025-10-17 20:55:00,0,0.0,US
4056,2025-12-03 00:00:00,0,0.0,US
4057,2025-11-20 16:45:00,0,0.0,BR
4058,2025-12-01 19:13:00,0,0.0,MX
4059,2025-10-14 22:02:00,0,0.0,FR
4060,2025-11-03 21:36:00,0,0.0,US
4061,2025-10-23 23:18:00,0,0.0,US
4062,2025-12-15 10:34:00,0,0.0,US
4063,2025-12-06 16:55:00,0,0.0,MX
4064,2025-10-18 21:18:00,0,0.0,US
4065,2025-11-12 00:00:00,0,0.0,MX
4066,2025-12-10 13:57:00,0,0.0,GB
4067,2025-11-01 22:18:00,0,0.0,US
4068,2025-11-07 19:13:00,0,0.0,GB
4069,2025-10-12 10:42:00,0,0.0,US
4070,2025-12-15 18:33:00,0,0.0,BR
4071,2025-11-22 14:49:00,0,0.0,FR
4072,2025-12-24 21:16:00,0,0.0,ES
4073,2026-01-01 03:40:00,0,0.0,BR
4074,2025-10-17 22:01:00,0,0.0,ES
4075,2025-10-22 00:24:00,0,0.0,US
4076,2025-11-28 04:31:00,0,0.0,US
4077,2025-12-23 03:45:00,0,0.0,MX
4078,2026-01-01 20:46:00,0,0.0,MX
4079,2025-12-24 06:57:00,0,0.0,DE
4080,2025-12-13 23:14:00,0,0.0,MX
4081,2025-12-17 10:47:00,0,0.0,US
4082,2025-11-22 11:04:00,0,0.0,GB
4083,2025-10-04 00:00:00,0,0.0,US
4084,2025-10-19 00:00:00,0,0.0,FR
4085,2025-12-08 08:41:00,0,0.0,US
4086,2025-10-23 03:50:00,0,0.0,US
4087,2025-10-31 16:26:00,0,0.0,US
4088,2025-11-20 23:52:00,1,14.85,US
4089,2025-10-30 20:27:00,0,0.0,GB
4090,2025-12-16 04:26:00,0,0.0,US
4091,2025-11-17 20:46:00,0,0.0,US
4092,2025-12-25 11:37:00,0,0.0,BR
4093,2025-12-17 09:30:00,0,0.0,DE
4094,2025-12-21 06:34:00,0,0.0,US
4095,2025-12-13 01:03:00,0,0.0,CA
4096,2025-12-10 05:54:00,0,0.0,US
4097,2025-10-23 11:52:00,0,0.0,US
4098,2025-12-28 00:00:00,0,0.0,CA
4099,2025-12-03 15:56:00,1,10.45,US
4100,2025-12-05 18:04:00,0,0.0,FR
4101,2025-12-31 21:14:00,0,0.0,US
4102,2025-11-23 12:48:00,1,14.15,GB
4103,2025-10-19 07:51:00,0,0.0,DE
4104,2026-01-03 11:26:00,0,0.0,CA
4105,2025-10-23 05:50:00,0,0.0,MX
4106,2025-12-28 00:27:00,0,0.0,US
4107,2025-11-22 15:30:00,0,0.0,US
4108,2025-12-24 15:29:00,0,0.0,US
4109,2025-10-20 19:01:00,1,14.85,FR
4110,2025-11-07 11:05:00,0,0.0,US
4111,2025-12-08 07:32:00,1,11.51,US
4112,2025-12-01 06:54:00,0,0.0,DE
4113,2025-12-01 23:19:00,0,0.0,MX
4114,2025-10-13 13:56:00,1,11.86,MX
4115,2025-11-04 04:49:00,0,0.0,US
4116,2025-12-19 16:30:00,0,0.0,US
4117,2025-12-30 19:33:00,0,0.0,DE
4118,2025-11-06 05:55:00,0,0.0,US
4119,2025-11-26 20:49:00,0,0.0,US
4120,2025-12-11 20:19:00,1,14.31,DE
4121,2025-12-08 01:06:00,0,0.0,US
4122,2025-10-04 00:00:00,0,0.0,ES
4123,2025-12-05 06:48:00,0,0.0,US
4124,2025-11-11 16:41:00,0,0.0,MX
4125,2025-10-08 20:22:00,0,0.0,BR
4126,2025-10-22 18:19:00,0,0.0,MX
4127,2025-11-29 16:06:00,0,0.0,DE
4128,2025-11-11 18:45:00,0,0.0,US
4129,2025-10-17 13:50:00,0,0.0,BR
4130,2025-12-01 16:29:00,0,0.0,DE
4131,2025-12-03 07:11:00,0,0.0,US
4132,2025-12-02 17:23:00,0,0.0,BR
4133,2025-10-22 00:00:00,0,0.0,MX
4134,2025-10-14 16:49:00,0,0.0,CA
4135,2025-11-22 00:00:00,1,15.02,BR
4136,2025-11-18 00:00:00,0,0.0,GB
4137,2025-12-27 14:20:00,0,0.0,GB
4138,2025-10-07 11:46:00,0,0.0,FR
4139,2025-12-20 20:57:00,0,0.0,GB
4140,2025-11-17 21:58:00,0,0.0,ES
4141,2025-10-30 12:41:00,0,0.0,GB
4142,2025-12-05 12:21:00,0,0.0,US
4143,2025-11-23 05:36:00,0,0.0,US
4144,2025-11-27 19:36:00,0,0.0,US
4145,2025-11-20 04:29:00,0,0.0,US
4146,2025-11-11 13:04:00,0,0.0,US
4147,2025-11-13 22:11:00,0,0.0,GB
4148,2025-12-06 15:27:00,0,0.0,GB
4149,2025-10-25 02:41:00,0,0.0,GB
4150,2025-11-27 18:07:00,0,0.0,CA
4151,2025-10-07 20:16:00,0,0.0,MX
4152,2025-11-12 20:00:00,0,0.0,US
4153,2025-11-05 06:25:00,0,0.0,FR
4154,2025-11-19 14:51:00,0,0.0,US
4155,2025-10-20 00:00:00,0,0.0,US
4156,2025-12-15 14:35:00,0,0.0,BR
4157,2025-11-15 12:50:00,0,0.0,US
4158,2025-12-05 08:04:00,0,0.0,FR
4159,2025-10-10 00:00:00,0,0.0,MX
4160,2025-12-02 03:36:00,0,0.0,CA
4161,2025-11-24 21:32:00,0,0.0,US
4162,2025-10-21 08:40:00,0,0.0,US
4163,2025-11-19 08:23:00,0,0.0,BR
4164,2025-12-27 00:00:00,0,0.0,US
4165,2025-12-15 10:31:00,0,0.0,US
4166,2025-12-22 14:00:00,0,0.0,BR
4167,2025-11-11 22:33:00,0,0.0,US
4168,2025-10-21 23:39:00,0,0.0,FR
4169,2025-10-26 00:06:00,0,0.0,GB
4170,2025-12-20 12:05:00,0,0.0,DE
4171,2025-11-26 00:12:00,0,0.0,FR
4172,2025-11-16 23:34:00,0,0.0,DE
4173,2025-10-14 18:56:00,0,0.0,US
4174,2025-12-19 05:32:00,0,0.0,BR
4175,2025-12-06 14:19:00,0,0.0,US
4176,2025-11-26 18:23:00,0,0.0,US
4177,2025-10-26 02:52:00,0,0.0,US
4178,2025-11-24 07:26:00,0,0.0,US
4179,2025-12-22 04:14:00,0,0.0,US
4180,2025-12-03 15:06:00,0,0.0,US
4181,2026-01-04 22:21:00,1,11.01,GB
4182,2025-12-11 03:13:00,0,0.0,US
4183,2025-10-29 23:14:00,0,0.0,US
4184,2025-12-04 13:52:00,0,0.0,CA
4185,2025-11-08 06:43:00,0,0.0,US
4186,2025-11-25 22:59:00,0,0.0,GB
4187,2025-12-26 10:01:00,0,0.0,US
4188,2025-11-19 04:09:00,0,0.0,BR
4189,2025-12-17 00:00:00,0,0.0,US
4190,2025-11-17 00:00:00,0,0.0,MX
4191,2025-12-14 01:50:00,0,0.0,FR
4192,2025-10-19 01:43:00,1,10.68,US
4193,2025-12-12 05:18:00,0,0.0,MX
4194,2025-12-10 23:43:00,0,0.0,MX
4195,2025-11-09 00:02:00,0,0.0,US
4196,2025-11-06 00:00:00,0,0.0,US
4197,2025-12-02 18:17:00,0,0.0,FR
4198,2025-10-16 14:33:00,0,0.0,US
4199,2025-11-11 18:06:00,1,15.19,GB
4200,2025-12-13 00:00:00,0,0.0,CA
4201,2025-12-19 23:12:00,0,0.0,FR
4202,2025-12-08 21:53:00,0,0.0,US
4203,2025-12-04 15:44:00,0,0.0,MX
4204,2025-11-09 09:42:00,0,0.0,BR
4205,2025-12-23 10:11:00,0,0.0,DE
4206,2025-12-11 09:48:00,0,0.0,US
4207,2025-11-27 16:04:00,0,0.0,CA
4208,2026-01-09 06:38:00,0,0.0,MX
4209,2025-10-16 05:36:00,1,13.26,BR
4210,2025-10-25 10:28:00,0,0.0,US
4211,2025-11-25 03:56:00,0,0.0,BR
4212,2025-12-20 21:01:00,0,0.0,GB
4213,2025-10-21 00:07:00,0,0.0,DE
4214,2026-01-08 19:22:00,0,0.0,US
4215,2025-12-29 01:53:00,0,0.0,MX
4216,2025-10-11 00:00:00,0,0.0,US
4217,2025-10-29 20:41:00,0,0.0,CA
4218,2025-11-02 12:18:00,0,0.0,CA
4219,2025-12-25 07:44:00,0,0.0,ES
4220,2025-11-03 05:24:00,0,0.0,US
4221,2025-11-17 16:26:00,0,0.0,ES
4222,2026-01-03 16:19:00,0,0.0,US
4223,2026-01-05 12:57:00,0,0.0,US
4224,2025-10-06 13:51:00,0,0.0,US
4225,2025-12-20 03:51:00,0,0.0,US
4226,2025-12-02 07:13:00,0,0.0,FR
4227,2025-11-08 09:26:00,0,0.0,FR
4228,2025-10-26 20:22:00,0,0.0,ES
4229,2025-11-25 06:57:00,0,0.0,CA
4230,2025-10-25 02:53:00,0,0.0,US
4231,2025-12-20 16:31:00,0,0.0,GB
4232,2025-10-02 00:00:00,0,0.0,FR
4233,2025-10-29 07:28:00,0,0.0,US
4234,2025-11-09 08:35:00,0,0.0,FR
4235,2025-11-14 16:21:00,0,0.0,US
4236,2025-11-04 04:36:00,0,0.0,DE
4237,2025-12-23 20:26:00,1,6.0,MX
4238,2025-11-12 09:46:00,0,0.0,FR
4239,2025-10-28 08:30:00,0,0.0,FR
4240,2025-12-19 20:07:00,0,0.0,US
4241,2025-11-25 06:37:00,0,0.0,MX
4242,2025-11-16 13:56:00,0,0.0,US
4243,2025-12-02 03:42:00,1,10.78,MX
4244,2025-11-16 19:00:00,0,0.0,US
4245,2025-12-11 12:37:00,1,12.71,CA
4246,2025-11-21 14:48:00,0,0.0,CA
4247,2025-10-24 22:01:00,0,0.0,US
4248,2025-11-14 22:29:00,0,0.0,MX
4249,2025-10-10 19:17:00,0,0.0,FR
4250,2025-12-15 00:54:00,0,0.0,US
4251,2026-01-03 16:54:00,0,0.0,ES
4252,2025-12-02 08:13:00,0,0.0,MX
4253,2025-11-29 21:38:00,0,0.0,US
4254,2025-11-11 00:00:00,0,0.0,ES
4255,2025-12-08 15:46:00,0,0.0,MX
4256,2026-01-05 00:10:00,1,9.95,MX
4257,2025-10-23 10:55:00,0,0.0,CA
4258,2026-01-11 19:44:00,0,0.0,FR
4259,2025-12-18 01:59:00,0,0.0,US
4260,2025-11-28 09:21:00,0,0.0,US
4261,2026-01-04 10:43:00,0,0.0,US
4262,2025-12-19 11:40:00,0,0.0,US
4263,2025-12-12 00:00:00,0,0.0,FR
4264,2025-10-22 15:48:00,0,0.0,MX
4265,2025-10-18 03:45:00,0,0.0,GB
4266,2026-01-10 11:05:00,1,7.86,FR
4267,2026-01-09 18:10:00,0,0.0,MX
4268,2025-12-30 17:43:00,0,0.0,US
4269,2025-11-02 05:03:00,0,0.0,BR
4270,2025-11-17 20:58:00,0,0.0,MX
4271,2025-10-08 22:53:00,0,0.0,US
4272,2025-11-05 20:45:00,0,0.0,US
4273,2025-11-04 16:53:00,0,0.0,CA
4274,2025-12-01 16:10:00,0,0.0,DE
4275,2025-11-23 00:00:00,0,0.0,US
4276,2025-12-13 16:45:00,0,0.0,ES
4277,2025-12-25 00:00:00,0,0.0,US
4278,2025-11-28 03:43:00,0,0.0,US
4279,2025-11-05 02:57:00,0,0.0,US
4280,2025-11-15 08:39:00,0,0.0,CA
4281,2025-10-27 02:17:00,0,0.0,CA
4282,2025-11-17 22:15:00,0,0.0,GB
4283,2025-10-02 00:50:00,0,0.0,FR
4284,2025-11-30 00:00:00,0,0.0,US
4285,2025-11-30 04:01:00,0,0.0,DE
4286,2025-12-22 17:57:00,0,0.0,US
4287,2025-12-27 13:11:00,0,0.0,CA
4288,2025-12-23 14:54:00,0,0.0,US
4289,2026-01-03 18:41:00,1,13.53,FR
4290,2025-10-28 23:04:00,0,0.0,CA
4291,2025-10-23 06:18:00,1,12.33,GB
4292,2025-12-23 04:12:00,0,0.0,US
4293,2025-12-24 10:12:00,0,0.0,GB
4294,2025-12-09 21:21:00,0,0.0,US
4295,2025-12-21 00:00:00,0,0.0,MX
4296,2025-11-01 22:12:00,0,0.0,GB
4297,2025-12-31 15:56:00,0,0.0,US
4298,2025-12-27 07:05:00,0,0.0,MX
4299,2025-12-29 21:50:00,0,0.0,FR
4300,2025-10-27 22:45:00,1,10.04,US
4301,2025-12-24 08:40:00,0,0.0,MX
4302,2025-10-19 16:13:00,1,12.46,US
4303,2025-12-08 01:50:00,0,0.0,US
4304,2025-12-12 01:02:00,0,0.0,MX
4305,2025-11-07 00:32:00,0,0.0,MX
4306,2026-01-14 19:24:00,0,0.0,GB
4307,2025-11-02 19:15:00,0,0.0,FR
4308,2025-11-11 15:47:00,0,0.0,GB
4309,2025-12-19 19:31:00,1,12.95,US
4310,2025-11-23 05:18:00,0,0.0,MX
4311,2025-11-20 16:50:00,1,11.11,GB
4312,2025-11-03 00:00:00,0,0.0,FR
4313,2025-12-08 00:00:00,0,0.0,GB
4314,2025-11-25 08:35:00,0,0.0,MX
4315,2025-11-30 00:00:00,0,0.0,US
4316,2025-12-25 10:17:00,0,0.0,FR
4317,2025-12-29 02:16:00,0,0.0,US
4318,2026-01-03 17:48:00,0,0.0,CA
4319,2025-12-23 00:00:00,0,0.0,FR
4320,2025-12-11 16:08:00,0,0.0,US
4321,2025-11-05 15:29:00,0,0.0,FR
4322,2025-12-05 00:00:00,0,0.0,US
4323,2025-10-15 19:58:00,0,0.0,US
4324,2025-11-04 09:56:00,0,0.0,MX
4325,2025-11-03 12:47:00,0,0.0,DE
4326,2025-11-04 21:27:00,0,0.0,CA
4327,2025-12-14 20:49:00,0,0.0,FR
4328,2025-10-15 09:34:00,0,0.0,CA
4329,2025-12-09 13:15:00,0,0.0,DE
4330,2025-10-23 19:52:00,0,0.0,US
4331,2025-12-23 20:10:00,0,0.0,US
4332,2025-10-26 07:36:00,0,0.0,US
4333,2026-01-11 12:31:00,0,0.0,DE
4334,2025-11-28 00:00:00,0,0.0,MX
4335,2025-11-02 20:18:00,1,13.95,GB
4336,2025-11-21 03:02:00,0,0.0,US
4337,2025-11-19 23:42:00,0,0.0,DE
4338,2025-10-07 05:51:00,0,0.0,ES
4339,2025-11-14 16:32:00,0,0.0,US
4340,2025-10-26 00:00:00,0,0.0,US
4341,2025-11-01 00:00:00,0,0.0,FR
4342,2025-12-04 00:00:00,0,0.0,FR
4343,2025-09-27 11:17:00,0,0.0,FR
4344,2025-12-23 14:15:00,1,5.21,US
4345,2025-10-07 21:18:00,0,0.0,BR
4346,2025-12-10 13:41:00,0,0.0,US
4347,2025-11-09 00:00:00,1,12.36,MX
4348,2025-11-30 18:19:00,0,0.0,BR
4349,2025-12-14 23:42:00,0,0.0,US
4350,2025-10-13 06:05:00,0,0.0,CA
4351,2025-12-08 14:49:00,0,0.0,CA
4352,2025-11-09 18:08:00,0,0.0,US
4353,2026-01-07 16:07:00,0,0.0,US
4354,2026-01-11 17:51:00,0,0.0,DE
4355,2025-11-24 00:55:00,1,10.32,US
4356,2025-10-26 15:20:00,0,0.0,ES
4357,2025-11-23 00:00:00,0,0.0,FR
4358,2025-10-29 07:14:00,0,0.0,ES
4359,2025-10-06 00:00:00,0,0.0,DE
4360,2025-12-17 21:29:00,0,0.0,US
4361,2025-12-12 04:51:00,0,0.0,US
4362,2025-12-21 22:17:00,0,0.0,US
4363,2026-01-02 10:47:00,0,0.0,US
4364,2025-12-21 07:14:00,0,0.0,US
4365,2025-11-11 00:00:00,0,0.0,FR
4366,2025-11-13 14:44:00,0,0.0,FR
4367,2025-10-17 21:29:00,0,0.0,DE
4368,2025-10-14 15:48:00,0,0.0,US
4369,2025-12-17 07:25:00,0,0.0,FR
4370,2025-12-22 03:22:00,0,0.0,DE
4371,2025-12-13 07:10:00,0,0.0,US
4372,2025-12-30 16:48:00,1,9.6,US
4373,2025-11-29 14:03:00,0,0.0,US
4374,2025-11-28 06:34:00,1,15.92,CA
4375,2025-12-22 05:00:00,0,0.0,FR
4376,2025-11-17 10:22:00,0,0.0,US
4377,2025-12-31 00:00:00,0,0.0,CA
4378,2025-10-25 23:43:00,0,0.0,CA
4379,2025-10-14 14:41:00,0,0.0,FR
4380,2025-11-07 12:40:00,0,0.0,US
4381,2025-11-15 00:00:00,0,0.0,GB
4382,2025-11-24 04:02:00,0,0.0,US
4383,2025-11-12 00:00:00,0,0.0,GB
4384,2025-12-08 23:59:00,0,0.0,FR
4385,2025-12-30 00:00:00,0,0.0,FR
4386,2025-10-17 18:37:00,0,0.0,FR
4387,2025-11-07 02:29:00,0,0.0,US
4388,2025-11-17 07:31:00,1,9.34,US
4389,2025-10-08 00:00:00,0,0.0,US
4390,2025-10-13 03:49:00,0,0.0,US
4391,2025-10-14 01:57:00,0,0.0,US
4392,2025-11-29 18:10:00,0,0.0,DE
4393,2025-12-13 14:43:00,0,0.0,US
4394,2025-11-20 15:35:00,0,0.0,US
4395,2026-01-03 20:25:00,0,0.0,DE
4396,2025-11-14 00:00:00,0,0.0,DE
4397,2025-12-30 01:08:00,0,0.0,ES
4398,2025-11-05 04:06:00,0,0.0,CA
4399,2025-11-18 02:09:00,0,0.0,US
4400,2025-10-17 10:09:00,0,0.0,DE
4401,2025-12-16 22:13:00,0,0.0,US
4402,2025-12-28 15:18:00,0,0.0,DE
4403,2025-12-05 14:13:00,1,10.95,US
4404,2026-01-06 15:55:00,0,0.0,US
4405,2025-12-08 14:46:00,0,0.0,BR
4406,2025-11-28 17:42:00,1,9.51,GB
4407,2026-01-09 04:03:00,0,0.0,BR
4408,2026-01-07 06:45:00,0,0.0,BR
4409,2025-12-01 10:36:00,0,0.0,BR
4410,2025-11-17 18:46:00,0,0.0,US
4411,2025-12-02 00:00:00,0,0.0,US
4412,2025-11-10 09:13:00,0,0.0,US
4413,2025-12-09 14:13:00,0,0.0,BR
4414,2025-11-03 00:00:00,0,0.0,US
4415,2025-12-18 01:43:00,0,0.0,US
4416,2025-10-19 02:50:00,0,0.0,MX
4417,2025-12-07 05:53:00,0,0.0,CA
4418,2025-11-06 15:39:00,0,0.0,US
4419,2025-12-10 15:56:00,0,0.0,ES
4420,2025-11-16 03:16:00,0,0.0,ES
4421,2025-11-28 15:31:00,0,0.0,US
4422,2025-12-14 12:45:00,0,0.0,MX
4423,2025-12-22 13:52:00,0,0.0,US
4424,2025-10-30 00:00:00,0,0.0,US
4425,2025-12-20 02:54:00,0,0.0,US
4426,2025-11-15 08:43:00,0,0.0,US
4427,2026-01-07 20:39:00,0,0.0,US
4428,2025-12-16 14:12:00,0,0.0,US
4429,2025-10-29 06:18:00,0,0.0,GB
4430,2025-11-17 23:41:00,0,0.0,US
4431,2025-12-19 07:34:00,0,0.0,FR
4432,2025-12-07 05:43:00,0,0.0,DE
4433,2025-12-03 18:59:00,0,0.0,US
4434,2025-11-14 08:27:00,0,0.0,GB
4435,2025-11-16 22:54:00,0,0.0,ES
4436,2025-10-28 05:27:00,0,0.0,US
4437,2025-10-22 21:30:00,0,0.0,BR
4438,2025-11-12 14:14:00,0,0.0,MX
4439,2025-12-26 02:51:00,1,11.48,US
4440,2025-11-24 17:25:00,0,0.0,US
4441,2025-10-31 17:45:00,0,0.0,US
4442,2025-12-29 11:42:00,0,0.0,GB
4443,2025-10-18 20:02:00,0,0.0,US
4444,2025-11-13 21:41:00,0,0.0,CA
4445,2025-12-06 06:27:00,0,0.0,ES
4446,2025-10-26 11:48:00,1,13.05,US
4447,2025-10-14 08:05:00,0,0.0,US
4448,2025-10-04 00:00:00,0,0.0,ES
4449,2025-11-02 15:12:00,0,0.0,BR
4450,2026-01-10 06:10:00,0,0.0,BR
4451,2025-11-08 20:34:00,0,0.0,US
4452,2025-12-06 01:10:00,0,0.0,GB
4453,2026-01-02 18:25:00,0,0.0,CA
4454,2025-12-17 00:00:00,0,0.0,BR
4455,2025-11-03 01:55:00,0,0.0,CA
4456,2025-12-19 17:46:00,0,0.0,US
4457,2025-11-16 03:15:00,0,0.0,FR
4458,2025-11-30 19:45:00,0,0.0,GB
4459,2025-11-28 20:40:00,0,0.0,ES
4460,2025-10-29 12:50:00,0,0.0,US
4461,2025-11-17 10:15:00,0,0.0,US
4462,2025-11-16 00:00:00,0,0.0,US
4463,2025-11-15 06:11:00,0,0.0,US
4464,2025-10-11 00:00:00,0,0.0,US
4465,2025-11-20 18:32:00,0,0.0,US
4466,2025-11-24 05:59:00,1,14.05,US
4467,2025-12-07 08:35:00,0,0.0,US
4468,2025-12-25 00:00:00,0,0.0,FR
4469,2026-01-04 04:43:00,1,10.37,MX
4470,2025-11-19 06:29:00,0,0.0,DE
4471,2025-10-26 06:11:00,0,0.0,US
4472,2025-11-22 04:32:00,0,0.0,US
4473,2025-10-31 15:58:00,0,0.0,ES
4474,2025-11-05 14:50:00,0,0.0,US
4475,2025-12-18 12:14:00,0,0.0,US
4476,2025-12-23 19:47:00,1,11.74,MX
4477,2025-12-25 00:00:00,0,0.0,US
4478,2026-01-01 14:21:00,0,0.0,US
4479,2025-10-24 04:12:00,0,0.0,GB
4480,2025-11-27 15:37:00,0,0.0,GB
4481,2025-11-09 15:13:00,0,0.0,US
4482,2025-11-10 00:00:00,0,0.0,BR
4483,2025-10-25 19:01:00,0,0.0,MX
4484,2025-10-15 06:59:00,0,0.0,FR
4485,2025-12-15 19:39:00,0,0.0,US
4486,2025-11-28 00:00:00,0,0.0,US
4487,2025-10-02 15:22:00,0,0.0,BR
4488,2025-10-19 12:36:00,0,0.0,US
4489,2025-12-21 17:49:00,0,0.0,FR
4490,2025-11-05 02:16:00,0,0.0,ES
4491,2025-11-27 07:57:00,1,11.34,US
4492,2025-11-03 00:00:00,0,0.0,DE
4493,2025-12-14 17:46:00,0,0.0,US
4494,2025-10-29 18:55:00,0,0.0,ES
4495,2025-10-17 21:23:00,0,0.0,US
4496,2025-12-08 17:47:00,0,0.0,US
4497,2025-12-01 05:44:00,0,0.0,US
4498,2025-12-04 17:46:00,1,11.82,MX
4499,2025-11-06 20:58:00,0,0.0,US
4500,2025-12-23 07:01:00,0,0.0,ES
4501,2026-01-08 05:11:00,0,0.0,GB
4502,2025-12-16 18:57:00,0,0.0,BR
4503,2025-11-11 23:35:00,0,0.0,GB
4504,2025-12-13 00:58:00,0,0.0,CA
4505,2025-11-21 21:02:00,0,0.0,FR
4506,2025-10-25 00:00:00,0,0.0,GB
4507,2025-12-26 23:19:00,0,0.0,MX
4508,2025-12-04 13:22:00,0,0.0,US
4509,2025-12-16 16:16:00,0,0.0,US
4510,2025-12-21 09:07:00,0,0.0,US
4511,2025-11-23 15:07:00,0,0.0,CA
4512,2025-12-03 07:46:00,1,12.73,US
4513,2025-10-22 19:53:00,1,7.31,ES
4514,2025-10-30 17:09:00,0,0.0,US
4515,2025-11-02 01:41:00,1,11.36,BR
4516,2025-12-08 13:03:00,0,0.0,US
4517,2025-10-11 16:52:00,0,0.0,BR
4518,2025-11-09 22:39:00,0,0.0,GB
4519,2025-11-15 21:19:00,0,0.0,US
4520,2025-11-24 17:30:00,0,0.0,ES
4521,2025-12-28 08:14:00,1,12.7,US
4522,2025-12-26 21:03:00,0,0.0,US
4523,2025-12-25 08:49:00,0,0.0,DE
4524,2025-11-24 04:47:00,0,0.0,US
4525,2025-11-07 00:00:00,0,0.0,FR
4526,2025-11-22 13:11:00,0,0.0,US
4527,2025-10-14 12:29:00,0,0.0,US
4528,2025-11-20 14:12:00,0,0.0,GB
4529,2025-10-28 21:27:00,1,6.12,FR
4530,2025-12-05 09:33:00,0,0.0,FR
4531,2025-12-23 00:00:00,0,0.0,US
4532,2025-12-29 18:31:00,0,0.0,BR
4533,2025-12-01 09:44:00,1,15.94,CA
4534,2025-11-18 23:22:00,0,0.0,GB
4535,2025-10-05 00:00:00,0,0.0,US
4536,2025-12-01 22:58:00,1,9.75,FR
4537,2025-12-06 20:15:00,0,0.0,GB
4538,2025-12-12 16:41:00,0,0.0,US
4539,2025-10-27 17:25:00,0,0.0,US
4540,2025-12-14 00:00:00,0,0.0,US
4541,2025-10-22 00:21:00,0,0.0,ES
4542,2025-10-22 06:22:00,0,0.0,MX
4543,2025-11-11 10:28:00,0,0.0,GB
4544,2025-11-25 12:23:00,0,0.0,ES
4545,2025-10-11 19:20:00,0,0.0,CA
4546,2025-10-17 15:28:00,0,0.0,ES
4547,2025-10-27 06:50:00,0,0.0,US
4548,2025-10-09 19:16:00,0,0.0,US
4549,2025-10-31 11:11:00,0,0.0,US
4550,2025-10-24 15:10:00,0,0.0,GB
4551,2025-10-29 03:40:00,0,0.0,CA
4552,2026-01-07 12:39:00,0,0.0,FR
4553,2025-10-25 00:00:00,0,0.0,BR
4554,2025-11-30 17:26:00,1,13.98,GB
4555,2025-11-30 04:37:00,0,0.0,CA
4556,2025-12-21 14:20:00,0,0.0,BR
4557,2025-12-07 16:03:00,0,0.0,GB
4558,2025-11-29 03:52:00,1,13.7,CA
4559,2025-11-18 15:16:00,0,0.0,MX
4560,2025-12-01 11:12:00,0,0.0,FR
4561,2025-11-20 08:18:00,0,0.0,ES
4562,2025-11-08 09:39:00,0,0.0,CA
4563,2025-12-20 17:53:00,0,0.0,US
4564,2025-12-06 18:44:00,0,0.0,FR
4565,2025-12-16 07:06:00,0,0.0,MX
4566,2025-10-31 16:19:00,0,0.0,ES
4567,2025-10-09 18:04:00,0,0.0,DE
4568,2025-11-27 17:50:00,0,0.0,CA
4569,2025-11-15 18:35:00,0,0.0,FR
4570,2025-11-18 00:00:00,0,0.0,BR
4571,2025-10-14 22:30:00,0,0.0,GB
4572,2025-12-02 05:40:00,0,0.0,FR
4573,2025-12-03 07:48:00,0,0.0,BR
4574,2025-10-20 15:39:00,0,0.0,ES
4575,2025-12-22 04:00:00,1,7.42,CA
4576,2025-11-23 21:29:00,0,0.0,CA
4577,2025-12-24 01:41:00,0,0.0,GB
4578,2025-10-26 00:00:00,0,0.0,CA
4579,2025-12-21 16:05:00,1,11.7,GB
4580,2025-10-09 11:45:00,1,13.6,BR
4581,2025-10-27 05:17:00,0,0.0,DE
4582,2025-12-05 13:17:00,0,0.0,FR
4583,2025-11-23 05:29:00,0,0.0,BR
4584,2025-10-14 22:15:00,0,0.0,FR
4585,2025-11-27 18:17:00,0,0.0,DE
4586,2026-01-02 02:15:00,0,0.0,FR
4587,2025-10-15 01:44:00,0,0.0,US
4588,2025-11-17 00:00:00,0,0.0,US
4589,2025-11-06 00:00:00,0,0.0,GB
4590,2025-11-15 01:36:00,0,0.0,US
4591,2025-11-07 14:56:00,0,0.0,FR
4592,2025-10-03 00:00:00,0,0.0,CA
4593,2025-12-01 12:52:00,0,0.0,DE
4594,2025-10-14 03:58:00,0,0.0,US
4595,2025-10-11 00:32:00,0,0.0,GB
4596,2025-12-03 11:46:00,0,0.0,FR
4597,2025-12-08 19:52:00,0,0.0,FR
4598,2025-12-10 21:52:00,0,0.0,CA
4599,2025-12-20 21:19:00,0,0.0,MX
4600,2025-11-11 17:51:00,0,0.0,BR
4601,2025-12-12 17:53:00,0,0.0,US
4602,2025-12-26 01:10:00,1,13.39,MX
4603,2025-10-20 00:00:00,0,0.0,ES
4604,2025-11-10 14:49:00,0,0.0,FR
4605,2025-12-22 17:58:00,0,0.0,US
4606,2025-11-19 00:00:00,0,0.0,GB
4607,2025-11-24 17:45:00,0,0.0,ES
4608,2025-10-23 05:16:00,0,0.0,CA
4609,2025-11-21 17:38:00,0,0.0,FR
4610,2025-11-04 00:00:00,0,0.0,DE
4611,2025-12-09 09:13:00,0,0.0,FR
4612,2025-12-14 10:46:00,0,0.0,US
4613,2025-12-21 19:49:00,0,0.0,ES
4614,2025-11-08 03:24:00,1,11.38,ES
4615,2025-11-27 02:59:00,0,0.0,US
4616,2025-11-06 23:16:00,0,0.0,GB
4617,2025-11-20 13:01:00,0,0.0,US
4618,2025-11-26 14:02:00,0,0.0,GB
4619,2025-12-12 09:31:00,0,0.0,GB
4620,2025-12-27 18:30:00,1,10.8,DE
4621,2026-01-02 18:47:00,0,0.0,FR
4622,2025-11-30 14:47:00,0,0.0,US
4623,2025-10-18 22:12:00,0,0.0,US
4624,2025-11-02 16:03:00,0,0.0,DE
4625,2025-12-18 14:46:00,1,15.47,US
4626,2025-12-31 04:03:00,0,0.0,US
4627,2025-10-08 11:18:00,0,0.0,US
4628,2025-10-18 17:21:00,0,0.0,DE
4629,2025-11-01 14:52:00,0,0.0,MX
4630,2025-12-23 02:57:00,0,0.0,FR
4631,2025-11-11 00:00:00,0,0.0,GB
4632,2025-11-18 02:59:00,0,0.0,FR
4633,2025-12-22 14:16:00,0,0.0,DE
4634,2025-11-30 02:32:00,0,0.0,FR
4635,2025-10-24 04:39:00,0,0.0,US
4636,2025-10-28 04:46:00,0,0.0,CA
4637,2026-01-06 13:44:00,0,0.0,GB
4638,2025-11-02 05:00:00,0,0.0,BR
4639,2025-10-29 02:09:00,0,0.0,DE
4640,2025-10-22 05:16:00,0,0.0,DE
4641,2025-10-31 17:01:00,0,0.0,US
4642,2025-11-25 02:37:00,0,0.0,US
4643,2025-11-04 15:26:00,0,0.0,DE
4644,2025-12-06 20:56:00,0,0.0,GB
4645,2025-10-29 05:58:00,0,0.0,US
4646,2025-10-12 18:46:00,0,0.0,US
4647,2025-12-03 19:58:00,0,0.0,US
4648,2025-10-31 16:52:00,0,0.0,US
4649,2025-11-23 12:43:00,0,0.0,US
4650,2025-11-27 18:13:00,0,0.0,US
4651,2025-10-23 07:00:00,0,0.0,US
4652,2025-12-30 00:00:00,0,0.0,US
4653,2025-12-13 04:58:00,0,0.0,US
4654,2025-11-16 00:00:00,0,0.0,US
4655,2025-11-24 03:37:00,0,0.0,US
4656,2025-11-29 16:00:00,0,0.0,MX
4657,2025-12-09 09:04:00,1,10.87,FR
4658,2025-11-24 18:09:00,1,13.41,FR
4659,2025-12-30 16:44:00,0,0.0,CA
4660,2025-10-25 09:12:00,0,0.0,US
4661,2025-12-10 00:00:00,0,0.0,US
4662,2025-11-21 15:46:00,0,0.0,GB
4663,2025-12-09 11:44:00,0,0.0,CA
4664,2025-10-29 20:07:00,0,0.0,BR
4665,2025-10-14 00:50:00,0,0.0,DE
4666,2025-12-24 10:29:00,0,0.0,GB
4667,2025-10-09 00:00:00,0,0.0,FR
4668,2025-12-14 14:08:00,1,7.29,US
4669,2025-11-23 15:36:00,0,0.0,US
4670,2025-12-18 23:41:00,0,0.0,US
4671,2025-12-04 21:08:00,0,0.0,MX
4672,2025-11-02 23:17:00,0,0.0,GB
4673,2025-11-19 20:55:00,0,0.0,US
4674,2025-11-15 10:08:00,0,0.0,US
4675,2025-10-04 00:00:00,0,0.0,MX
4676,2025-10-14 14:42:00,0,0.0,US
4677,2026-01-11 00:04:00,0,0.0,US
4678,2025-12-06 18:41:00,0,0.0,CA
4679,2025-11-15 07:23:00,0,0.0,ES
4680,2025-10-31 13:26:00,0,0.0,CA
4681,2025-12-26 14:58:00,0,0.0,GB
4682,2025-12-21 22:26:00,0,0.0,CA
4683,2026-01-07 07:11:00,0,0.0,CA
4684,2025-11-21 00:00:00,0,0.0,US
4685,2025-12-08 16:41:00,0,0.0,US
4686,2025-10-21 00:00:00,0,0.0,DE
4687,2025-12-07 14:32:00,0,0.0,CA
4688,2025-12-03 11:47:00,0,0.0,US
4689,2025-10-20 18:27:00,0,0.0,ES
4690,2025-11-13 13:32:00,0,0.0,FR
4691,2025-10-25 20:37:00,1,5.86,US
4692,2025-12-08 09:40:00,0,0.0,MX
4693,2025-10-25 10:43:00,0,0.0,BR
4694,2025-12-31 03:01:00,0,0.0,US
4695,2025-12-10 13:12:00,1,17.07,CA
4696,2025-10-04 00:00:00,0,0.0,US
4697,2025-12-28 04:08:00,0,0.0,DE
4698,2025-11-07 08:23:00,0,0.0,US
4699,2025-10-13 23:42:00,0,0.0,ES
4700,2025-12-20 00:00:00,0,0.0,US
4701,2026-01-02 12:59:00,0,0.0,US
4702,2025-10-14 10:48:00,0,0.0,US
4703,2025-12-01 16:56:00,0,0.0,FR
4704,2025-11-23 08:24:00,0,0.0,FR
4705,2025-11-21 08:29:00,0,0.0,US
4706,2026-01-02 09:24:00,0,0.0,MX
4707,2025-10-06 02:04:00,0,0.0,CA
4708,2025-11-02 02:25:00,0,0.0,GB
4709,2025-12-14 01:07:00,0,0.0,US
4710,2025-12-30 20:42:00,0,0.0,ES
4711,2025-10-21 17:38:00,0,0.0,US
4712,2025-10-27 00:00:00,0,0.0,FR
4713,2025-11-14 07:12:00,0,0.0,US
4714,2025-12-05 00:20:00,0,0.0,GB
4715,2025-10-13 22:58:00,0,0.0,CA
4716,2025-12-11 10:46:00,0,0.0,MX
4717,2025-12-07 01:56:00,0,0.0,MX
4718,2025-10-14 14:46:00,0,0.0,GB
4719,2025-12-28 02:07:00,0,0.0,US
4720,2025-12-31 10:44:00,0,0.0,US
4721,2025-10-05 00:00:00,0,0.0,ES
4722,2025-12-23 21:02:00,0,0.0,US
4723,2025-10-19 18:25:00,0,0.0,CA
4724,2025-10-17 00:09:00,0,0.0,US
4725,2025-10-12 15:54:00,0,0.0,GB
4726,2025-11-25 19:38:00,0,0.0,ES
4727,2025-11-29 14:32:00,0,0.0,CA
4728,2025-12-28 03:05:00,1,9.25,US
4729,2025-12-09 21:04:00,0,0.0,US
4730,2025-11-16 11:14:00,0,0.0,US
4731,2025-10-25 20:45:00,0,0.0,US
4732,2025-11-21 06:22:00,0,0.0,US
4733,2025-12-28 14:54:00,0,0.0,US
4734,2025-11-08 20:40:00,0,0.0,ES
4735,2025-10-21 00:00:00,1,10.6,US
4736,2025-10-08 18:17:00,0,0.0,BR
4737,2025-10-11 00:00:00,0,0.0,US
4738,2025-10-11 00:00:00,0,0.0,US
4739,2025-11-15 08:17:00,0,0.0,FR
4740,2025-12-03 00:00:00,0,0.0,US
4741,2025-11-25 22:41:00,0,0.0,US
4742,2025-11-02 16:01:00,0,0.0,DE
4743,2025-12-16 21:56:00,0,0.0,US
4744,2026-01-06 23:42:00,0,0.0,US
4745,2025-10-10 17:31:00,0,0.0,ES
4746,2025-12-22 00:00:00,0,0.0,US
4747,2025-10-15 02:10:00,0,0.0,FR
4748,2025-12-16 05:41:00,0,0.0,US
4749,2025-12-20 20:44:00,0,0.0,BR
4750,2025-11-20 16:28:00,0,0.0,US
4751,2025-11-27 14:44:00,0,0.0,US
4752,2025-12-22 08:48:00,0,0.0,ES
4753,2025-12-30 07:22:00,0,0.0,FR
4754,2025-10-11 01:57:00,0,0.0,US
4755,2025-11-19 21:07:00,0,0.0,DE
4756,2025-12-27 00:00:00,0,0.0,US
4757,2025-12-06 15:42:00,0,0.0,US
4758,2026-01-06 17:19:00,1,4.4,US
4759,2025-12-11 21:02:00,0,0.0,GB
4760,2025-11-28 01:19:00,0,0.0,DE
4761,2025-12-02 03:34:00,0,0.0,DE
4762,2025-11-29 00:33:00,0,0.0,DE
4763,2025-11-24 19:25:00,0,0.0,CA
4764,2025-12-19 03:55:00,0,0.0,US
4765,2025-12-03 20:55:00,1,10.75,US
4766,2025-10-06 09:54:00,0,0.0,MX
4767,2025-10-29 20:07:00,0,0.0,ES
4768,2025-12-06 00:00:00,0,0.0,MX
4769,2025-10-29 09:38:00,0,0.0,GB
4770,2025-11-10 01:37:00,0,0.0,FR
4771,2025-12-28 00:00:00,0,0.0,FR
4772,2025-10-07 18:16:00,0,0.0,DE
4773,2025-10-23 18:47:00,0,0.0,BR
4774,2025-11-18 16:21:00,0,0.0,US
4775,2025-12-06 20:44:00,0,0.0,DE
4776,2026-01-04 20:03:00,1,10.1,CA
4777,2025-11-17 09:09:00,0,0.0,GB
4778,2025-11-29 10:55:00,1,7.44,US
4779,2026-01-02 14:14:00,0,0.0,ES
4780,2025-10-25 00:00:00,1,13.38,US
4781,2025-10-27 18:52:00,0,0.0,DE
4782,2025-11-20 08:07:00,0,0.0,FR
4783,2025-10-13 07:14:00,0,0.0,US
4784,2025-12-21 20:20:00,1,7.93,FR
4785,2025-12-27 15:41:00,1,18.66,GB
4786,2025-10-16 00:00:00,0,0.0,GB
4787,2025-10-03 09:35:00,1,15.17,US
4788,2026-01-05 05:04:00,0,0.0,US
4789,2025-11-28 23:57:00,0,0.0,US
4790,2025-10-22 01:34:00,1,10.04,MX
4791,2025-11-13 01:55:00,0,0.0,GB
4792,2025-10-18 15:52:00,0,0.0,DE
4793,2025-11-10 04:50:00,0,0.0,GB
4794,2025-10-08 00:57:00,0,0.0,US
4795,2025-11-15 21:02:00,0,0.0,US
4796,2025-12-24 20:00:00,0,0.0,DE
4797,2026-01-06 07:37:00,0,0.0,ES
4798,2025-12-02 22:38:00,0,0.0,US
4799,2025-12-20 00:00:00,0,0.0,CA
4800,2025-12-07 19:34:00,0,0.0,US
4801,2025-11-01 12:28:00,0,0.0,ES
4802,2025-11-11 18:19:00,0,0.0,US
4803,2025-10-21 04:40:00,1,12.23,FR
4804,2025-10-18 20:49:00,0,0.0,DE
4805,2025-10-22 04:52:00,0,0.0,US
4806,2025-11-16 11:09:00,0,0.0,GB
4807,2025-12-17 00:00:00,0,0.0,CA
4808,2025-10-14 14:42:00,0,0.0,GB
4809,2025-12-04 00:00:00,0,0.0,CA
4810,2025-12-01 14:44:00,0,0.0,FR
4811,2025-11-29 05:33:00,1,13.55,MX
4812,2025-12-12 19:32:00,0,0.0,DE
4813,2025-12-09 22:37:00,0,0.0,BR
4814,2025-11-20 17:15:00,0,0.0,CA
4815,2025-11-18 14:44:00,0,0.0,ES
4816,2025-11-13 20:32:00,0,0.0,US
4817,2025-11-01 08:51:00,0,0.0,FR
4818,2025-10-26 00:00:00,0,0.0,ES
4819,2026-01-02 22:20:00,1,9.66,FR
4820,2025-12-05 05:21:00,0,0.0,GB
4821,2025-12-08 10:35:00,0,0.0,GB
4822,2025-10-25 08:15:00,0,0.0,ES
4823,2026-01-04 10:53:00,0,0.0,MX
4824,2026-01-04 23:55:00,0,0.0,FR
4825,2025-11-26 22:22:00,0,0.0,DE
4826,2025-11-18 00:00:00,0,0.0,FR
4827,2025-11-12 08:27:00,1,11.8,MX
4828,2025-11-20 16:00:00,0,0.0,GB
4829,2025-11-26 15:09:00,0,0.0,US
4830,2025-12-26 17:44:00,0,0.0,US
4831,2025-11-06 21:55:00,1,9.89,US
4832,2025-10-18 11:23:00,0,0.0,DE
4833,2025-12-31 20:59:00,0,0.0,CA
4834,2025-12-29 17:00:00,0,0.0,FR
4835,2025-11-01 16:17:00,0,0.0,US
4836,2025-12-27 11:07:00,0,0.0,US
4837,2025-12-01 21:04:00,0,0.0,FR
4838,2025-11-08 02:48:00,0,0.0,CA
4839,2025-11-26 04:53:00,0,0.0,US
4840,2025-10-23 09:13:00,0,0.0,DE
4841,2025-10-22 12:28:00,0,0.0,US
4842,2025-12-17 22:34:00,0,0.0,ES
4843,2025-10-24 19:27:00,0,0.0,US
4844,2025-10-09 06:38:00,0,0.0,FR
4845,2025-11-29 02:37:00,0,0.0,MX
4846,2025-12-23 00:53:00,0,0.0,ES
4847,2025-12-05 23:05:00,0,0.0,US
4848,2025-12-12 13:38:00,0,0.0,ES
4849,2025-12-24 19:02:00,0,0.0,US
4850,2025-10-19 01:43:00,0,0.0,MX
4851,2025-12-29 16:40:00,0,0.0,GB
4852,2025-10-08 09:51:00,0,0.0,BR
4853,2025-12-19 20:08:00,0,0.0,GB
4854,2025-10-16 19:43:00,0,0.0,GB
4855,2025-10-25 22:38:00,0,0.0,US
4856,2025-12-16 08:09:00,0,0.0,US
4857,2025-11-30 05:37:00,0,0.0,DE
4858,2025-11-15 21:28:00,0,0.0,GB
4859,2025-11-12 00:00:00,0,0.0,BR
4860,2026-01-10 06:17:00,0,0.0,MX
4861,2025-10-29 00:00:00,0,0.0,ES
4862,2025-10-22 02:01:00,0,0.0,US
4863,2025-11-20 20:17:00,0,0.0,FR
4864,2026-01-06 21:35:00,0,0.0,US
4865,2025-11-20 22:58:00,1,11.89,GB
4866,2025-12-30 05:31:00,0,0.0,ES
4867,2026-01-07 12:05:00,0,0.0,US
4868,2025-11-09 13:58:00,0,0.0,DE
4869,2025-12-27 22:26:00,0,0.0,US
4870,2025-10-17 02:47:00,0,0.0,US
4871,2026-01-05 22:16:00,0,0.0,MX
4872,2025-12-20 14:18:00,0,0.0,GB
4873,2025-10-05 04:48:00,0,0.0,US
4874,2025-12-08 05:07:00,0,0.0,ES
4875,2025-10-08 12:27:00,0,0.0,US
4876,2025-12-14 19:36:00,0,0.0,US
4877,2025-12-11 04:26:00,0,0.0,US
4878,2025-10-29 21:09:00,0,0.0,CA
4879,2025-12-11 10:32:00,0,0.0,US
4880,2025-10-16 23:03:00,0,0.0,US
4881,2025-10-24 10:29:00,0,0.0,US
4882,2025-11-06 09:10:00,0,0.0,US
4883,2025-12-03 14:10:00,0,0.0,GB
4884,2025-12-26 04:53:00,0,0.0,CA
4885,2025-12-26 00:00:00,0,0.0,DE
4886,2025-10-08 17:33:00,0,0.0,MX
4887,2025-12-11 05:14:00,1,9.08,US
4888,2025-12-15 00:00:00,0,0.0,US
4889,2025-11-05 04:54:00,0,0.0,US
4890,2025-10-23 23:48:00,0,0.0,FR
4891,2025-10-29 03:48:00,0,0.0,MX
4892,2025-10-29 00:00:00,1,12.3,US
4893,2026-01-12 21:34:00,0,0.0,US
4894,2025-11-22 06:56:00,0,0.0,FR
4895,2025-12-24 07:38:00,0,0.0,GB
4896,2026-01-01 23:36:00,0,0.0,GB
4897,2025-10-26 14:33:00,0,0.0,DE
4898,2025-11-26 18:39:00,0,0.0,US
4899,2025-12-19 07:08:00,0,0.0,DE
4900,2025-11-26 19:21:00,0,0.0,US
4901,2025-12-26 00:00:00,0,0.0,GB
4902,2025-12-15 06:58:00,0,0.0,US
4903,2025-10-07 00:00:00,0,0.0,GB
4904,2025-12-16 23:58:00,0,0.0,US
4905,2025-12-25 14:08:00,0,0.0,CA
4906,2025-12-28 20:49:00,0,0.0,GB
4907,2025-11-06 16:23:00,0,0.0,ES
4908,2025-10-30 00:00:00,0,0.0,US
4909,2025-11-23 18:04:00,1,10.6,US
4910,2026-01-11 12:13:00,0,0.0,US
4911,2025-10-21 00:00:00,0,0.0,GB
4912,2025-12-29 00:00:00,0,0.0,FR
4913,2025-11-10 09:36:00,0,0.0,US
4914,2025-12-18 17:54:00,0,0.0,US
4915,2025-10-12 13:21:00,0,0.0,US
4916,2025-10-15 19:52:00,0,0.0,ES
4917,2025-11-25 16:02:00,0,0.0,US
4918,2025-11-17 12:13:00,0,0.0,US
4919,2025-09-30 13:01:00,0,0.0,DE
4920,2025-12-22 10:43:00,0,0.0,ES
4921,2026-01-03 12:41:00,0,0.0,DE
4922,2025-10-31 21:02:00,0,0.0,US
4923,2025-11-08 13:53:00,0,0.0,CA
4924,2025-11-16 14:59:00,0,0.0,MX
4925,2025-10-21 03:36:00,0,0.0,FR
4926,2025-11-04 16:49:00,0,0.0,DE
4927,2025-10-16 00:00:00,0,0.0,US
4928,2025-10-25 18:23:00,0,0.0,MX
4929,2025-12-19 15:04:00,0,0.0,DE
4930,2025-11-22 00:00:00,0,0.0,BR
4931,2025-12-02 06:09:00,0,0.0,GB
4932,2025-11-03 02:58:00,0,0.0,ES
4933,2025-12-26 11:22:00,0,0.0,ES
4934,2025-12-19 06:56:00,1,9.62,FR
4935,2025-10-13 14:18:00,0,0.0,BR
4936,2025-10-21 18:45:00,0,0.0,US
4937,2025-10-31 00:55:00,0,0.0,US
4938,2026-01-01 19:04:00,0,0.0,US
4939,2025-12-07 00:00:00,0,0.0,GB
4940,2025-11-14 16:12:00,0,0.0,DE
4941,2025-11-20 20:45:00,0,0.0,FR
4942,2025-12-07 00:00:00,0,0.0,FR
4943,2025-11-06 14:41:00,0,0.0,US
4944,2025-11-04 03:37:00,0,0.0,US
4945,2025-12-18 01:49:00,0,0.0,US
4946,2025-10-23 16:58:00,0,0.0,BR
4947,2025-12-26 12:04:00,0,0.0,ES
4948,2025-10-11 16:08:00,0,0.0,DE
4949,2025-11-23 11:48:00,1,19.44,MX
4950,2025-11-01 16:26:00,0,0.0,US
4951,2025-11-17 10:21:00,0,0.0,FR
4952,2025-10-27 07:33:00,0,0.0,FR
4953,2025-10-29 00:46:00,0,0.0,DE
4954,2025-12-08 14:57:00,0,0.0,US
4955,2025-12-10 03:06:00,0,0.0,CA
4956,2025-11-24 15:15:00,0,0.0,BR
4957,2025-10-05 00:00:00,0,0.0,FR
4958,2026-01-05 21:13:00,0,0.0,US
4959,2026-01-03 03:05:00,0,0.0,CA
4960,2025-11-23 09:35:00,0,0.0,US
4961,2025-11-06 07:51:00,1,16.17,US
4962,2025-11-23 17:45:00,0,0.0,US
4963,2025-11-28 17:54:00,0,0.0,DE
4964,2025-11-02 13:46:00,0,0.0,GB
4965,2025-11-15 21:41:00,0,0.0,MX
4966,2025-10-16 00:03:00,0,0.0,CA
4967,2025-10-23 07:37:00,0,0.0,US
4968,2025-11-30 18:26:00,0,0.0,DE
4969,2025-11-21 00:00:00,0,0.0,MX
4970,2025-10-21 23:54:00,0,0.0,US
4971,2026-01-02 07:57:00,0,0.0,GB
4972,2026-01-12 22:40:00,0,0.0,ES
4973,2026-01-01 21:11:00,0,0.0,US
4974,2025-12-13 11:21:00,0,0.0,ES
4975,2025-11-21 00:00:00,0,0.0,US
4976,2025-10-09 02:48:00,0,0.0,US
4977,2025-12-13 14:04:00,0,0.0,ES
4978,2025-11-21 20:44:00,0,0.0,ES
4979,2025-11-05 05:16:00,0,0.0,US
4980,2025-10-17 12:28:00,0,0.0,DE
4981,2025-10-27 19:45:00,0,0.0,GB
4982,2025-10-10 05:19:00,0,0.0,CA
4983,2025-11-22 01:42:00,0,0.0,DE
4984,2025-11-17 15:53:00,0,0.0,GB
4985,2025-11-05 07:16:00,0,0.0,US
4986,2025-12-29 23:55:00,0,0.0,MX
4987,2025-12-21 08:17:00,0,0.0,GB
4988,2025-10-11 14:02:00,0,0.0,GB
4989,2025-12-20 06:36:00,0,0.0,BR
4990,2026-01-07 20:47:00,0,0.0,DE
4991,2026-01-04 01:02:00,0,0.0,US
4992,2025-11-17 14:01:00,0,0.0,US
4993,2025-12-25 00:00:00,0,0.0,US
4994,2025-10-30 00:00:00,0,0.0,GB
4995,2025-12-07 18:50:00,0,0.0,MX
4996,2026-01-03 07:55:00,0,0.0,FR
4997,2025-10-30 05:34:00,1,17.6,ES
4998,2025-11-10 17:06:00,0,0.0,US
4999,2025-10-10 09:28:00,0,0.0,CA
5000,2025-10-21 10:23:00,0,0.0,CA
5001,2025-11-30 05:50:00,0,0.0,BR
5002,2025-12-27 08:32:00,0,0.0,FR
5003,2025-11-18 09:00:00,0,0.0,BR
5004,2025-12-29 08:13:00,0,0.0,US
5005,2025-11-23 00:00:00,0,0.0,GB
5006,2025-12-13 12:26:00,0,0.0,US
5007,2025-12-10 08:37:00,0,0.0,BR
5008,2025-12-18 13:47:00,0,0.0,US
5009,2025-11-04 10:33:00,0,0.0,BR
5010,2025-11-16 20:34:00,0,0.0,MX
5011,2025-10-16 00:00:00,0,0.0,GB
5012,2025-12-28 11:14:00,0,0.0,BR
5013,2025-11-22 23:44:00,0,0.0,BR
5014,2025-11-19 08:44:00,0,0.0,DE
5015,2025-12-21 08:51:00,0,0.0,US
5016,2025-11-18 11:58:00,0,0.0,DE
5017,2025-12-16 05:15:00,1,17.14,GB
5018,2025-10-25 21:36:00,0,0.0,GB
5019,2025-12-09 20:30:00,0,0.0,CA
5020,2025-12-01 13:17:00,0,0.0,US
5021,2025-12-03 00:00:00,0,0.0,ES
5022,2025-12-17 13:10:00,0,0.0,FR
5023,2025-11-09 00:21:00,0,0.0,ES
5024,2025-10-27 09:35:00,0,0.0,MX
5025,2025-12-16 02:59:00,0,0.0,FR
5026,2025-10-24 02:11:00,0,0.0,FR
5027,2025-12-02 00:00:00,0,0.0,BR
5028,2025-10-12 19:56:00,0,0.0,FR
5029,2025-11-18 00:00:00,0,0.0,DE
5030,2025-11-14 00:00:00,0,0.0,US
5031,2025-11-07 12:43:00,0,0.0,US
5032,2025-10-10 00:00:00,0,0.0,CA
5033,2025-12-16 22:34:00,0,0.0,BR
5034,2025-11-16 11:20:00,0,0.0,GB
5035,2025-10-30 14:25:00,0,0.0,BR
5036,2025-11-29 15:32:00,0,0.0,FR
5037,2025-11-06 06:55:00,0,0.0,DE
5038,2025-10-08 00:00:00,0,0.0,US
5039,2025-10-17 21:42:00,0,0.0,US
5040,2025-12-20 19:30:00,0,0.0,FR
5041,2025-11-29 00:28:00,1,5.57,DE
5042,2025-10-22 08:09:00,0,0.0,US
5043,2025-11-25 17:33:00,0,0.0,GB
5044,2025-10-14 05:31:00,0,0.0,US
5045,2025-11-13 19:44:00,0,0.0,MX
5046,2025-12-10 18:27:00,0,0.0,ES
5047,2026-01-01 16:26:00,0,0.0,US
5048,2026-01-01 04:49:00,0,0.0,FR
5049,2026-01-06 22:44:00,0,0.0,MX
5050,2025-10-19 13:32:00,0,0.0,ES
5051,2025-11-07 23:18:00,0,0.0,FR
5052,2025-12-07 18:17:00,1,14.42,US
5053,2025-10-27 02:45:00,0,0.0,GB
5054,2025-11-18 10:16:00,0,0.0,FR
5055,2025-10-10 00:00:00,0,0.0,US
5056,2025-10-29 00:41:00,0,0.0,GB
5057,2025-10-20 17:15:00,1,9.29,US
5058,2025-11-29 00:43:00,0,0.0,US
5059,2025-11-30 10:15:00,0,0.0,US
5060,2025-11-20 19:40:00,0,0.0,US
5061,2025-10-23 09:26:00,1,14.08,ES
5062,2025-11-06 00:00:00,0,0.0,US
5063,2025-11-09 05:07:00,0,0.0,CA
5064,2025-12-23 02:53:00,0,0.0,MX
5065,2025-12-08 03:23:00,1,11.8,GB
5066,2025-11-21 16:17:00,0,0.0,ES
5067,2025-12-18 11:23:00,0,0.0,GB
5068,2025-12-20 16:39:00,1,8.43,FR
5069,2025-12-01 14:12:00,0,0.0,US
5070,2025-10-17 07:09:00,0,0.0,GB
5071,2025-11-21 02:38:00,0,0.0,US
5072,2025-12-31 00:11:00,0,0.0,FR
5073,2025-11-11 23:15:00,0,0.0,BR
5074,2025-10-27 06:19:00,0,0.0,US
5075,2025-12-05 21:35:00,0,0.0,FR
5076,2025-11-23 11:58:00,0,0.0,MX
5077,2025-10-11 10:14:00,0,0.0,MX
5078,2025-10-13 22:27:00,0,0.0,US
5079,2025-11-13 22:30:00,0,0.0,FR
5080,2025-11-04 16:02:00,0,0.0,MX
5081,2025-11-03 16:40:00,0,0.0,FR
5082,2025-11-19 20:54:00,0,0.0,US
5083,2025-11-08 03:57:00,0,0.0,GB
5084,2025-12-08 05:25:00,0,0.0,CA
5085,2025-12-29 07:02:00,0,0.0,BR
5086,2025-12-23 05:53:00,1,10.54,GB
5087,2025-11-13 17:40:00,1,11.81,FR
5088,2025-11-24 10:31:00,0,0.0,ES
5089,2025-11-10 20:10:00,0,0.0,US
5090,2025-10-26 22:51:00,0,0.0,FR
5091,2025-11-08 20:12:00,1,11.08,US
5092,2025-11-25 00:00:00,0,0.0,US
5093,2025-12-10 19:02:00,0,0.0,US
5094,2025-11-11 01:08:00,0,0.0,US
5095,2025-11-15 12:03:00,0,0.0,DE
5096,2025-10-17 00:00:00,0,0.0,BR
5097,2025-11-09 05:20:00,0,0.0,CA
5098,2025-12-16 22:08:00,1,7.71,DE
5099,2026-01-06 19:02:00,0,0.0,ES
5100,2025-12-20 11:30:00,0,0.0,GB
5101,2025-10-04 00:00:00,0,0.0,GB
5102,2025-10-22 23:49:00,0,0.0,FR
5103,2025-10-21 05:10:00,0,0.0,US
5104,2025-10-10 07:36:00,0,0.0,ES
5105,2025-12-29 20:36:00,0,0.0,US
5106,2025-12-21 06:05:00,0,0.0,US
5107,2025-11-18 22:18:00,0,0.0,FR
5108,2025-12-21 17:57:00,0,0.0,US
5109,2025-12-17 15:12:00,0,0.0,US
5110,2025-10-14 11:32:00,0,0.0,MX
5111,2025-12-07 14:12:00,0,0.0,US
5112,2025-11-08 22:55:00,0,0.0,CA
5113,2025-12-18 10:20:00,0,0.0,CA
5114,2025-12-12 05:40:00,0,0.0,US
5115,2025-11-04 17:06:00,0,0.0,GB
5116,2025-11-14 08:10:00,0,0.0,MX
5117,2025-11-07 00:00:00,0,0.0,US
5118,2025-12-16 16:21:00,0,0.0,DE
5119,2026-01-07 06:33:00,0,0.0,CA
5120,2025-10-07 11:23:00,0,0.0,US
5121,2025-11-04 04:23:00,0,0.0,FR
5122,2025-11-30 07:41:00,0,0.0,CA
5123,2025-12-19 20:20:00,0,0.0,US
5124,2025-10-29 07:13:00,0,0.0,US
5125,2025-11-24 14:13:00,0,0.0,US
5126,2025-12-12 04:44:00,0,0.0,US
5127,2025-11-28 17:58:00,0,0.0,US
5128,2025-10-06 12:43:00,0,0.0,US
5129,2025-10-07 00:00:00,0,0.0,US
5130,2025-12-11 23:25:00,0,0.0,GB
5131,2025-11-15 23:54:00,0,0.0,US
5132,2025-11-19 08:22:00,0,0.0,US
5133,2025-11-18 19:01:00,0,0.0,US
5134,2025-12-10 14:58:00,0,0.0,US
5135,2025-11-26 01:55:00,0,0.0,US
5136,2025-10-12 23:20:00,0,0.0,BR
5137,2025-10-16 13:44:00,0,0.0,FR
5138,2025-12-23 12:06:00,0,0.0,FR
5139,2025-10-04 02:08:00,0,0.0,MX
5140,2025-12-11 15:21:00,0,0.0,DE
5141,2025-10-12 20:19:00,0,0.0,DE
5142,2025-10-10 11:37:00,0,0.0,GB
5143,2025-10-10 02:26:00,0,0.0,DE
5144,2026-01-03 23:27:00,0,0.0,CA
5145,2025-10-22 07:25:00,0,0.0,DE
5146,2025-10-22 05:29:00,0,0.0,MX
5147,2025-12-03 09:17:00,0,0.0,DE
5148,2025-11-11 05:45:00,0,0.0,DE
5149,2025-10-04 19:21:00,0,0.0,US
5150,2025-11-05 21:01:00,0,0.0,FR
5151,2025-11-09 00:00:00,0,0.0,US
5152,2025-12-16 00:36:00,1,10.63,CA
5153,2025-10-25 21:04:00,0,0.0,BR
5154,2025-12-11 21:07:00,0,0.0,FR
5155,2025-11-16 17:51:00,0,0.0,US
5156,2025-10-09 00:00:00,0,0.0,GB
5157,2025-11-27 00:00:00,0,0.0,US
5158,2025-12-25 18:29:00,0,0.0,US
5159,2025-11-19 08:10:00,0,0.0,US
5160,2025-10-24 14:27:00,0,0.0,GB
5161,2025-12-10 00:36:00,0,0.0,US
5162,2025-12-14 03:48:00,0,0.0,FR
5163,2025-10-04 16:19:00,0,0.0,US
5164,2025-10-18 22:11:00,0,0.0,US
5165,2025-10-24 23:27:00,0,0.0,US
5166,2025-11-06 15:03:00,1,12.08,US
5167,2025-11-29 00:04:00,0,0.0,ES
5168,2025-10-19 09:16:00,1,14.21,ES
5169,2025-12-19 23:01:00,0,0.0,FR
5170,2025-11-29 15:42:00,0,0.0,US
5171,2025-10-22 09:08:00,0,0.0,FR
5172,2025-11-06 18:15:00,1,12.91,US
5173,2025-10-17 23:50:00,0,0.0,US
5174,2025-11-15 11:32:00,0,0.0,GB
5175,2025-12-14 00:00:00,0,0.0,US
5176,2026-01-01 00:00:00,0,0.0,US
5177,2025-12-25 10:59:00,0,0.0,ES
5178,2025-12-15 00:00:00,0,0.0,CA
5179,2025-10-07 23:28:00,0,0.0,DE
5180,2025-10-20 01:16:00,0,0.0,CA
5181,2025-11-23 05:39:00,0,0.0,US
5182,2025-11-13 11:25:00,0,0.0,MX
5183,2025-12-28 00:00:00,0,0.0,US
5184,2025-11-29 05:37:00,0,0.0,US
5185,2025-11-07 03:33:00,0,0.0,US
5186,2025-11-12 09:19:00,0,0.0,CA
5187,2025-12-28 01:16:00,0,0.0,US
5188,2025-10-07 00:00:00,0,0.0,US
5189,2025-10-07 04:45:00,0,0.0,ES
5190,2025-11-04 12:23:00,0,0.0,FR
5191,2025-10-20 19:32:00,0,0.0,GB
5192,2025-10-28 14:07:00,0,0.0,US
5193,2025-12-11 04:04:00,0,0.0,DE
5194,2025-10-28 13:28:00,0,0.0,GB
5195,2025-12-01 15:53:00,1,15.44,MX
5196,2025-10-22 06:43:00,0,0.0,US
5197,2025-12-11 19:21:00,0,0.0,US
5198,2025-10-15 11:27:00,0,0.0,CA
5199,2025-12-17 08:01:00,0,0.0,US
5200,2025-12-21 21:41:00,0,0.0,FR
5201,2025-12-20 23:01:00,0,0.0,MX
5202,2025-11-21 14:14:00,0,0.0,GB
5203,2025-12-14 05:56:00,0,0.0,FR
5204,2025-12-10 09:52:00,0,0.0,GB
5205,2025-12-30 08:00:00,0,0.0,US
5206,2025-12-11 00:00:00,0,0.0,US
5207,2025-11-03 04:52:00,0,0.0,ES
5208,2026-01-01 03:17:00,0,0.0,US
5209,2025-10-21 05:22:00,0,0.0,US
5210,2025-12-03 09:00:00,0,0.0,GB
5211,2025-10-07 18:36:00,0,0.0,FR
5212,2025-12-23 08:19:00,0,0.0,FR
5213,2025-11-13 01:31:00,0,0.0,DE
5214,2025-10-18 18:08:00,0,0.0,GB
5215,2025-12-29 11:13:00,0,0.0,CA
5216,2025-10-18 23:35:00,0,0.0,US
5217,2025-12-12 19:11:00,0,0.0,GB
5218,2025-12-10 21:34:00,0,0.0,US
5219,2025-11-09 20:03:00,0,0.0,DE
5220,2025-11-11 08:35:00,1,8.06,US
5221,2025-11-15 17:23:00,0,0.0,US
5222,2025-10-27 20:13:00,0,0.0,ES
5223,2025-12-03 21:13:00,0,0.0,US
5224,2025-11-10 16:55:00,0,0.0,BR
5225,2025-11-20 20:24:00,0,0.0,US
5226,2025-11-13 03:45:00,0,0.0,ES
5227,2025-11-13 12:11:00,0,0.0,US
5228,2025-12-24 12:08:00,0,0.0,GB
5229,2026-01-04 23:21:00,0,0.0,FR
5230,2025-11-17 23:15:00,0,0.0,US
5231,2025-10-11 12:04:00,0,0.0,US
5232,2025-12-30 22:56:00,1,13.16,US
5233,2025-10-12 02:40:00,0,0.0,US
5234,2025-10-25 22:36:00,0,0.0,DE
5235,2026-01-09 17:54:00,0,0.0,MX
5236,2026-01-02 23:53:00,0,0.0,FR
5237,2025-12-30 18:51:00,0,0.0,GB
5238,2025-12-16 03:49:00,0,0.0,BR
5239,2025-12-11 19:14:00,0,0.0,US
5240,2025-10-25 13:36:00,0,0.0,US
5241,2025-12-05 08:31:00,0,0.0,ES
5242,2025-12-18 00:20:00,0,0.0,ES
5243,2026-01-08 06:19:00,0,0.0,MX
5244,2025-12-22 23:50:00,0,0.0,DE
5245,2025-11-05 08:50:00,0,0.0,DE
5246,2025-12-13 00:00:00,0,0.0,US
5247,2025-11-19 00:00:00,0,0.0,US
5248,2025-12-24 05:57:00,0,0.0,DE
5249,2025-11-24 18:00:00,0,0.0,ES
5250,2025-11-05 08:33:00,0,0.0,ES
5251,2025-11-26 19:04:00,0,0.0,CA
5252,2025-11-15 00:00:00,0,0.0,US
5253,2025-11-25 11:19:00,0,0.0,US
5254,2025-10-26 15:36:00,0,0.0,US
5255,2026-01-03 21:48:00,0,0.0,ES
5256,2025-11-24 18:47:00,0,0.0,US
5257,2025-12-03 12:55:00,0,0.0,FR
5258,2025-12-30 02:50:00,0,0.0,US
5259,2025-10-18 09:24:00,0,0.0,ES
5260,2025-11-27 00:00:00,0,0.0,MX
5261,2025-11-03 18:36:00,0,0.0,FR
5262,2025-12-26 23:44:00,0,0.0,BR
5263,2025-12-12 00:00:00,0,0.0,DE
5264,2025-12-19 18:10:00,0,0.0,US
5265,2025-10-25 20:10:00,0,0.0,US
5266,2025-12-10 02:32:00,0,0.0,CA
5267,2025-12-25 13:37:00,0,0.0,FR
5268,2025-12-03 18:46:00,0,0.0,FR
5269,2025-10-09 02:10:00,0,0.0,GB
5270,2025-10-25 16:31:00,1,12.34,BR
5271,2025-12-02 00:14:00,0,0.0,US
5272,2025-11-24 00:00:00,0,0.0,ES
5273,2025-12-31 04:49:00,1,10.83,GB
5274,2025-11-27 00:00:00,0,0.0,GB
5275,2025-12-08 11:52:00,0,0.0,FR
5276,2025-10-14 03:55:00,0,0.0,US
5277,2025-11-26 01:26:00,0,0.0,GB
5278,2025-10-10 04:38:00,0,0.0,GB
5279,2025-12-24 00:00:00,0,0.0,DE
5280,2026-01-06 08:18:00,0,0.0,US
5281,2025-12-02 15:15:00,0,0.0,DE
5282,2025-10-11 06:54:00,0,0.0,FR
5283,2025-12-25 08:14:00,0,0.0,GB
5284,2025-12-16 11:15:00,0,0.0,US
5285,2025-12-24 06:50:00,1,12.44,FR
5286,2025-11-25 09:05:00,0,0.0,US
5287,2025-11-25 14:44:00,0,0.0,US
5288,2025-12-18 00:00:00,0,0.0,FR
5289,2025-12-28 00:00:00,1,7.98,BR
5290,2025-11-27 08:17:00,0,0.0,US
5291,2025-11-28 00:00:00,0,0.0,DE
5292,2025-11-22 17:19:00,0,0.0,GB
5293,2025-11-13 03:33:00,0,0.0,US
5294,2025-10-27 11:07:00,0,0.0,US
5295,2025-10-10 00:00:00,0,0.0,DE
5296,2025-11-28 15:03:00,0,0.0,DE
5297,2025-11-15 21:08:00,0,0.0,US
5298,2025-12-24 16:28:00,0,0.0,MX
5299,2025-11-20 08:59:00,0,0.0,GB
5300,2025-11-02 17:11:00,0,0.0,US
5301,2025-10-27 15:59:00,0,0.0,US
5302,2026-01-06 02:12:00,0,0.0,CA
5303,2025-12-13 22:35:00,0,0.0,ES
5304,2025-11-01 00:32:00,0,0.0,DE
5305,2025-11-21 00:00:00,0,0.0,US
5306,2025-12-09 10:11:00,0,0.0,FR
5307,2026-01-06 09:46:00,0,0.0,GB
5308,2025-12-30 10:36:00,0,0.0,US
5309,2025-11-20 13:37:00,0,0.0,US
5310,2025-12-21 07:38:00,0,0.0,US
5311,2025-11-07 05:20:00,0,0.0,CA
5312,2025-11-08 08:20:00,0,0.0,CA
5313,2025-10-28 23:19:00,0,0.0,US
5314,2025-11-30 07:51:00,0,0.0,FR
5315,2025-11-09 15:34:00,0,0.0,DE
5316,2025-12-25 04:24:00,0,0.0,MX
5317,2025-11-29 12:14:00,0,0.0,ES
5318,2026-01-07 22:53:00,0,0.0,GB
5319,2025-10-22 18:53:00,1,12.0,ES
5320,2025-12-11 13:16:00,0,0.0,FR
5321,2025-10-02 05:32:00,0,0.0,GB
5322,2025-12-24 00:00:00,0,0.0,GB
5323,2025-11-07 10:17:00,0,0.0,DE
5324,2025-11-27 14:02:00,0,0.0,DE
5325,2025-12-19 03:35:00,0,0.0,FR
5326,2025-11-27 00:00:00,0,0.0,US
5327,2025-12-08 00:00:00,1,10.85,CA
5328,2025-11-05 13:45:00,0,0.0,US
5329,2025-11-18 06:14:00,0,0.0,ES
5330,2025-11-15 12:02:00,0,0.0,FR
5331,2025-10-29 09:54:00,0,0.0,MX
5332,2025-11-08 19:58:00,0,0.0,CA
5333,2025-10-28 13:31:00,0,0.0,US
5334,2026-01-02 11:47:00,0,0.0,ES
5335,2025-11-24 00:26:00,0,0.0,GB
5336,2025-12-30 14:17:00,0,0.0,ES
5337,2025-10-09 16:39:00,1,10.52,GB
5338,2026-01-04 00:41:00,0,0.0,MX
5339,2025-11-07 16:03:00,1,12.78,DE
5340,2025-11-14 23:11:00,0,0.0,FR
5341,2025-10-29 16:27:00,0,0.0,FR
5342,2025-12-30 04:23:00,0,0.0,US
5343,2025-12-14 10:06:00,1,15.42,MX
5344,2025-12-01 04:25:00,0,0.0,ES
5345,2025-10-20 05:44:00,0,0.0,MX
5346,2025-10-20 00:00:00,0,0.0,DE
5347,2025-10-20 05:26:00,1,8.1,MX
5348,2025-11-19 06:46:00,0,0.0,FR
5349,2025-10-14 18:41:00,0,0.0,US
5350,2025-10-11 00:00:00,0,0.0,US
5351,2025-12-16 01:59:00,0,0.0,US
5352,2025-11-28 23:12:00,0,0.0,MX
5353,2025-12-06 17:17:00,0,0.0,CA
5354,2026-01-03 18:11:00,0,0.0,ES
5355,2025-12-10 15:37:00,0,0.0,ES
5356,2025-11-20 00:44:00,0,0.0,US
5357,2025-11-21 04:34:00,0,0.0,FR
5358,2025-11-08 19:41:00,0,0.0,MX
5359,2025-12-20 22:23:00,0,0.0,FR
5360,2025-10-12 21:28:00,0,0.0,CA
5361,2025-12-03 18:11:00,0,0.0,DE
5362,2025-11-19 23:53:00,1,9.94,US
5363,2025-12-25 19:05:00,0,0.0,MX
5364,2025-12-12 19:10:00,0,0.0,US
5365,2025-10-30 23:24:00,0,0.0,US
5366,2025-12-25 00:00:00,0,0.0,US
5367,2025-12-11 04:02:00,0,0.0,CA
5368,2025-11-02 20:17:00,0,0.0,MX
5369,2025-12-15 12:14:00,0,0.0,MX
5370,2025-10-29 21:33:00,0,0.0,DE
5371,2025-10-08 11:17:00,0,0.0,FR
5372,2026-01-02 07:40:00,0,0.0,ES
5373,2025-12-01 21:54:00,0,0.0,GB
5374,2025-10-23 22:26:00,0,0.0,US
5375,2025-12-23 21:13:00,1,12.84,BR
5376,2025-11-17 12:28:00,0,0.0,MX
5377,2025-12-16 23:17:00,0,0.0,US
5378,2025-11-16 00:00:00,0,0.0,US
5379,2025-11-16 00:54:00,1,10.8,US
5380,2025-12-30 14:32:00,0,0.0,BR
5381,2025-10-15 12:50:00,0,0.0,US
5382,2025-11-27 07:13:00,0,0.0,BR
5383,2025-12-08 03:22:00,0,0.0,CA
5384,2025-12-28 06:55:00,0,0.0,US
5385,2025-10-16 18:43:00,1,11.36,US
5386,2025-12-31 20:42:00,0,0.0,ES
5387,2025-10-22 20:20:00,0,0.0,BR
5388,2025-12-17 00:08:00,0,0.0,US
5389,2025-10-30 00:00:00,0,0.0,BR
5390,2025-12-12 03:25:00,0,0.0,GB
5391,2025-11-27 04:40:00,0,0.0,US
5392,2025-10-25 19:03:00,0,0.0,CA
5393,2026-01-02 14:22:00,1,19.67,US
5394,2025-12-16 00:00:00,0,0.0,BR
5395,2025-11-18 18:55:00,0,0.0,FR
5396,2025-12-17 07:14:00,0,0.0,US
5397,2025-11-23 20:44:00,0,0.0,US
5398,2025-10-29 18:33:00,0,0.0,US
5399,2025-10-20 01:36:00,0,0.0,GB
5400,2025-10-20 00:00:00,0,0.0,US
5401,2026-01-07 13:14:00,0,0.0,MX
5402,2025-11-05 05:24:00,0,0.0,DE
5403,2025-11-20 09:58:00,0,0.0,DE
5404,2025-12-30 09:18:00,0,0.0,GB
5405,2025-11-28 20:14:00,0,0.0,US
5406,2025-11-29 08:00:00,0,0.0,MX
5407,2025-12-27 05:58:00,0,0.0,US
5408,2025-11-19 15:43:00,0,0.0,MX
5409,2025-12-11 08:46:00,1,14.63,US
5410,2025-10-19 14:45:00,1,13.13,US
5411,2025-10-30 10:30:00,0,0.0,ES
5412,2025-12-28 12:27:00,0,0.0,FR
5413,2025-11-09 14:56:00,0,0.0,US
5414,2025-10-11 20:17:00,0,0.0,FR
5415,2025-12-02 14:09:00,0,0.0,US
5416,2025-10-29 02:58:00,0,0.0,US
5417,2025-12-03 22:03:00,0,0.0,ES
5418,2026-01-02 14:03:00,0,0.0,ES
5419,2026-01-10 06:23:00,0,0.0,MX
5420,2025-11-25 06:20:00,1,11.29,GB
5421,2025-11-19 22:57:00,0,0.0,CA
5422,2025-11-04 22:25:00,0,0.0,FR
5423,2025-12-30 17:26:00,0,0.0,US
5424,2025-11-28 05:05:00,0,0.0,US
5425,2025-10-26 23:00:00,0,0.0,US
5426,2025-11-28 15:11:00,0,0.0,GB
5427,2025-11-10 12:55:00,1,11.33,BR
5428,2025-12-14 00:50:00,0,0.0,FR
5429,2025-12-02 05:15:00,0,0.0,US
5430,2025-11-27 10:47:00,0,0.0,DE
5431,2025-12-30 21:34:00,0,0.0,ES
5432,2025-10-17 04:10:00,0,0.0,DE
5433,2025-12-05 16:30:00,0,0.0,US
5434,2025-10-21 21:39:00,0,0.0,US
5435,2025-10-17 04:26:00,0,0.0,US
5436,2025-11-01 05:22:00,0,0.0,US
5437,2025-11-18 16:42:00,0,0.0,DE
5438,2025-11-14 00:00:00,0,0.0,US
5439,2025-12-27 21:08:00,0,0.0,MX
5440,2025-12-01 10:27:00,0,0.0,US
5441,2025-12-26 07:42:00,0,0.0,GB
5442,2025-12-24 08:19:00,0,0.0,US
5443,2025-10-30 16:19:00,0,0.0,DE
5444,2025-10-20 00:00:00,0,0.0,GB
5445,2025-12-25 00:00:00,0,0.0,US
5446,2025-10-12 21:02:00,0,0.0,GB
5447,2025-10-12 01:44:00,0,0.0,US
5448,2025-12-30 05:07:00,0,0.0,MX
5449,2026-01-06 17:00:00,0,0.0,BR
5450,2025-11-24 00:00:00,0,0.0,US
5451,2025-12-17 00:00:00,0,0.0,CA
5452,2025-11-11 19:17:00,0,0.0,DE
5453,2025-10-16 19:14:00,0,0.0,FR
5454,2025-10-11 00:51:00,0,0.0,FR
5455,2025-12-19 00:00:00,0,0.0,BR
5456,2025-10-24 19:16:00,0,0.0,FR
5457,2025-10-29 04:52:00,0,0.0,US
5458,2025-12-18 14:36:00,0,0.0,ES
5459,2025-12-29 08:30:00,0,0.0,US
5460,2025-11-23 19:13:00,0,0.0,FR
5461,2025-12-28 09:09:00,0,0.0,DE
5462,2025-10-12 00:35:00,0,0.0,CA
5463,2026-01-09 17:19:00,0,0.0,DE
5464,2025-11-16 00:00:00,0,0.0,ES
5465,2025-11-20 11:36:00,0,0.0,US
5466,2025-11-20 17:30:00,0,0.0,GB
5467,2025-12-08 22:12:00,0,0.0,US
5468,2025-12-15 13:06:00,0,0.0,GB
5469,2026-01-01 05:14:00,0,0.0,US
5470,2025-10-04 06:22:00,0,0.0,GB
5471,2026-01-02 01:16:00,0,0.0,US
5472,2025-11-10 23:43:00,0,0.0,CA
5473,2025-12-25 18:27:00,0,0.0,FR
5474,2025-12-26 12:22:00,0,0.0,US
5475,2025-12-12 06:19:00,0,0.0,ES
5476,2025-12-13 16:40:00,0,0.0,MX
5477,2025-12-18 21:53:00,0,0.0,US
5478,2025-12-10 19:15:00,0,0.0,ES
5479,2025-10-20 16:41:00,0,0.0,US
5480,2025-11-03 00:31:00,0,0.0,BR
5481,2025-11-27 04:23:00,0,0.0,ES
5482,2025-11-01 06:41:00,0,0.0,ES
5483,2025-10-16 05:30:00,0,0.0,BR
5484,2025-10-10 00:00:00,0,0.0,US
5485,2025-11-03 00:00:00,0,0.0,MX
5486,2025-10-31 05:21:00,0,0.0,US
5487,2025-12-25 13:48:00,0,0.0,US
5488,2025-11-05 00:00:00,0,0.0,US
5489,2025-10-12 21:16:00,0,0.0,US
5490,2025-11-20 09:10:00,0,0.0,US
5491,2025-10-31 05:49:00,0,0.0,DE
5492,2025-12-18 00:00:00,0,0.0,US
5493,2025-10-15 02:32:00,0,0.0,BR
5494,2025-11-17 03:10:00,0,0.0,CA
5495,2025-11-06 13:07:00,0,0.0,GB
5496,2025-12-08 22:27:00,0,0.0,BR
5497,2025-12-26 04:29:00,0,0.0,MX
5498,2025-10-24 17:04:00,0,0.0,DE
5499,2025-12-25 00:00:00,1,12.31,BR
5500,2025-11-17 12:48:00,0,0.0,FR
5501,2025-11-19 18:44:00,0,0.0,BR
5502,2025-12-27 00:00:00,0,0.0,FR
5503,2025-11-26 23:20:00,0,0.0,FR
5504,2025-10-24 05:48:00,0,0.0,GB
5505,2025-12-19 09:46:00,1,13.27,US
5506,2025-10-19 17:07:00,0,0.0,MX
5507,2025-12-06 19:25:00,0,0.0,US
5508,2025-10-08 00:00:00,0,0.0,DE
5509,2025-12-08 22:50:00,0,0.0,GB
5510,2025-10-15 18:43:00,0,0.0,DE
5511,2025-11-25 00:00:00,0,0.0,US
5512,2025-10-23 13:29:00,0,0.0,US
5513,2025-10-13 18:18:00,0,0.0,GB
5514,2025-10-13 12:39:00,0,0.0,DE
5515,2025-12-05 10:11:00,0,0.0,US
5516,2025-10-27 08:17:00,0,0.0,US
5517,2025-10-29 22:09:00,0,0.0,US
5518,2025-11-10 07:21:00,0,0.0,US
5519,2025-10-25 19:29:00,0,0.0,US
5520,2025-12-16 22:29:00,0,0.0,US
5521,2025-10-13 22:51:00,0,0.0,US
5522,2025-12-25 02:45:00,0,0.0,US
5523,2025-12-16 22:35:00,0,0.0,US
5524,2025-11-22 20:46:00,0,0.0,US
5525,2025-12-27 14:47:00,0,0.0,CA
5526,2025-10-15 15:11:00,1,15.02,DE
5527,2025-11-16 00:00:00,0,0.0,GB
5528,2025-12-22 01:01:00,0,0.0,GB
5529,2025-12-05 16:25:00,0,0.0,MX
5530,2025-12-04 11:44:00,0,0.0,US
5531,2025-10-17 18:04:00,0,0.0,US
5532,2025-12-25 07:54:00,0,0.0,US
5533,2025-11-12 15:59:00,0,0.0,ES
5534,2025-12-14 19:53:00,0,0.0,DE
5535,2025-10-19 01:48:00,0,0.0,BR
5536,2025-10-15 12:01:00,0,0.0,GB
5537,2025-11-30 04:58:00,0,0.0,DE
5538,2026-01-07 12:22:00,0,0.0,FR
5539,2025-11-26 00:00:00,0,0.0,US
5540,2025-12-21 17:26:00,0,0.0,DE
5541,2025-10-28 08:57:00,0,0.0,GB
5542,2025-11-02 04:11:00,0,0.0,US
5543,2025-12-14 16:11:00,0,0.0,US
5544,2025-12-11 11:57:00,0,0.0,US
5545,2025-12-23 20:29:00,0,0.0,BR
5546,2025-11-18 11:17:00,0,0.0,ES
5547,2025-12-17 14:00:00,0,0.0,DE
5548,2025-10-13 19:26:00,0,0.0,US
5549,2025-11-29 19:18:00,0,0.0,US
5550,2025-12-09 05:44:00,0,0.0,US
5551,2025-10-10 03:28:00,0,0.0,US
5552,2026-01-02 15:20:00,0,0.0,US
5553,2025-12-21 16:31:00,0,0.0,DE
5554,2025-12-12 18:27:00,0,0.0,US
5555,2026-01-01 12:32:00,1,7.71,BR
5556,2025-12-27 21:44:00,0,0.0,US
5557,2025-12-23 11:02:00,0,0.0,ES
5558,2025-10-21 00:00:00,0,0.0,BR
5559,2025-12-21 01:17:00,0,0.0,US
5560,2025-11-17 00:00:00,0,0.0,DE
5561,2025-12-30 00:00:00,0,0.0,US
5562,2025-11-02 09:52:00,0,0.0,MX
5563,2025-12-09 20:30:00,0,0.0,US
5564,2025-12-29 21:16:00,1,7.65,MX
5565,2025-12-30 01:55:00,0,0.0,US
5566,2025-10-18 08:30:00,0,0.0,US
5567,2025-10-21 20:45:00,0,0.0,US
5568,2025-10-02 23:30:00,0,0.0,ES
5569,2025-11-07 03:51:00,0,0.0,US
5570,2025-11-26 16:10:00,0,0.0,US
5571,2025-12-15 09:46:00,0,0.0,CA
5572,2025-11-08 21:50:00,0,0.0,US
5573,2026-01-06 00:19:00,0,0.0,US
5574,2025-10-30 12:55:00,0,0.0,CA
5575,2025-11-23 07:21:00,0,0.0,BR
5576,2025-12-25 00:00:00,0,0.0,BR
5577,2025-11-20 00:31:00,0,0.0,CA
5578,2025-11-03 06:26:00,0,0.0,GB
5579,2025-10-17 07:36:00,0,0.0,DE
5580,2025-10-28 16:33:00,0,0.0,US
5581,2025-11-14 10:11:00,0,0.0,US
5582,2025-12-15 12:11:00,0,0.0,GB
5583,2025-11-18 23:18:00,0,0.0,CA
5584,2025-12-26 12:53:00,0,0.0,FR
5585,2025-11-27 14:06:00,0,0.0,US
5586,2025-11-11 19:59:00,0,0.0,BR
5587,2025-11-01 15:45:00,0,0.0,US
5588,2025-12-12 22:03:00,0,0.0,US
5589,2025-10-29 21:52:00,0,0.0,FR
5590,2025-10-18 04:26:00,0,0.0,US
5591,2025-12-11 20:51:00,0,0.0,DE
5592,2025-12-18 00:00:00,0,0.0,FR
5593,2025-12-18 06:48:00,0,0.0,ES
5594,2025-11-18 05:59:00,0,0.0,US
5595,2025-10-24 07:52:00,0,0.0,US
5596,2025-12-11 14:46:00,1,10.76,US
5597,2025-10-15 18:48:00,0,0.0,US
5598,2025-11-13 00:00:00,0,0.0,FR
5599,2025-11-28 08:08:00,0,0.0,GB
5600,2025-10-14 04:17:00,0,0.0,US
5601,2025-11-19 19:27:00,0,0.0,US
5602,2025-11-11 20:03:00,0,0.0,DE
5603,2025-11-19 03:47:00,0,0.0,GB
5604,2025-10-28 07:46:00,0,0.0,US
5605,2025-11-20 06:36:00,0,0.0,BR
5606,2025-10-19 00:00:00,0,0.0,US
5607,2025-12-01 20:14:00,1,14.41,US
5608,2025-12-24 13:27:00,1,12.95,US
5609,2025-11-08 20:33:00,0,0.0,ES
5610,2025-11-12 16:13:00,0,0.0,MX
5611,2025-11-16 23:34:00,0,0.0,GB
5612,2025-12-15 00:00:00,0,0.0,US
5613,2025-12-14 20:18:00,0,0.0,CA
5614,2025-12-17 05:40:00,0,0.0,GB
5615,2025-11-05 09:38:00,0,0.0,DE
5616,2025-12-07 06:38:00,0,0.0,FR
5617,2025-12-03 00:00:00,0,0.0,US
5618,2025-11-27 02:30:00,0,0.0,US
5619,2025-12-15 17:12:00,0,0.0,CA
5620,2025-10-14 08:50:00,0,0.0,US
5621,2025-10-08 11:08:00,0,0.0,DE
5622,2025-12-20 02:12:00,0,0.0,CA
5623,2025-12-31 21:13:00,0,0.0,CA
5624,2025-10-10 16:04:00,1,8.12,MX
5625,2025-12-27 04:15:00,0,0.0,BR
5626,2025-11-17 14:34:00,0,0.0,CA
5627,2025-10-24 00:02:00,0,0.0,US
5628,2025-12-27 14:57:00,0,0.0,DE
5629,2026-01-08 04:49:00,0,0.0,US
5630,2025-12-07 02:27:00,0,0.0,FR
5631,2025-12-21 14:55:00,0,0.0,US
5632,2025-11-24 22:23:00,0,0.0,US
5633,2025-11-01 00:00:00,0,0.0,BR
5634,2025-12-11 08:22:00,0,0.0,FR
5635,2025-11-08 15:58:00,0,0.0,CA
5636,2025-12-25 00:00:00,0,0.0,MX
5637,2025-11-17 20:08:00,0,0.0,CA
5638,2025-12-12 00:00:00,0,0.0,US
5639,2025-12-28 00:00:00,0,0.0,US
5640,2025-11-24 10:37:00,0,0.0,FR
5641,2025-11-28 13:47:00,0,0.0,ES
5642,2025-10-31 15:33:00,0,0.0,US
5643,2025-10-23 12:46:00,0,0.0,ES
5644,2025-10-14 22:54:00,0,0.0,US
5645,2025-12-15 14:12:00,0,0.0,GB
5646,2025-12-20 03:19:00,0,0.0,US
5647,2025-12-14 15:20:00,0,0.0,CA
5648,2025-12-14 13:10:00,0,0.0,CA
5649,2026-01-02 08:42:00,0,0.0,MX
5650,2025-12-07 08:36:00,0,0.0,ES
5651,2025-12-15 00:00:00,0,0.0,CA
5652,2025-12-30 21:31:00,1,12.01,US
5653,2025-12-03 03:06:00,0,0.0,US
5654,2025-10-08 06:43:00,0,0.0,DE
5655,2025-10-20 01:14:00,0,0.0,US
5656,2025-10-18 11:02:00,1,8.17,US
5657,2025-11-16 17:05:00,0,0.0,US
5658,2025-11-27 00:00:00,0,0.0,ES
5659,2025-11-13 17:11:00,0,0.0,MX
5660,2026-01-07 15:54:00,0,0.0,US
5661,2025-11-09 19:31:00,0,0.0,GB
5662,2026-01-02 20:47:00,0,0.0,CA
5663,2025-12-22 16:28:00,0,0.0,BR
5664,2025-12-05 23:53:00,0,0.0,ES
5665,2025-10-04 00:00:00,0,0.0,GB
5666,2025-10-15 05:24:00,0,0.0,BR
5667,2025-12-22 10:01:00,0,0.0,ES
5668,2025-12-02 18:18:00,0,0.0,MX
5669,2025-10-10 23:56:00,0,0.0,MX
5670,2025-12-01 09:32:00,0,0.0,FR
5671,2025-10-14 07:08:00,0,0.0,ES
5672,2025-12-13 00:00:00,0,0.0,GB
5673,2025-11-12 16:33:00,0,0.0,CA
5674,2026-01-13 17:33:00,0,0.0,CA
5675,2025-12-07 12:32:00,0,0.0,US
5676,2025-12-15 12:47:00,0,0.0,US
5677,2025-10-13 22:49:00,0,0.0,DE
5678,2025-11-27 22:30:00,0,0.0,MX
5679,2025-11-22 03:51:00,0,0.0,FR
5680,2025-12-13 12:35:00,0,0.0,GB
5681,2025-11-10 18:27:00,0,0.0,BR
5682,2025-11-03 00:00:00,0,0.0,DE
5683,2025-10-23 22:42:00,0,0.0,MX
5684,2025-11-21 21:49:00,0,0.0,GB
5685,2025-10-30 00:00:00,0,0.0,MX
5686,2025-11-24 12:33:00,0,0.0,CA
5687,2025-10-29 19:48:00,0,0.0,DE
5688,2025-11-08 14:21:00,0,0.0,US
5689,2025-10-22 00:00:00,0,0.0,ES
5690,2026-01-02 16:53:00,0,0.0,ES
5691,2025-11-26 09:15:00,0,0.0,FR
5692,2025-11-02 00:50:00,0,0.0,MX
5693,2025-12-10 02:45:00,0,0.0,MX
5694,2025-12-05 22:01:00,0,0.0,CA
5695,2025-12-08 04:52:00,0,0.0,MX
5696,2025-11-06 03:35:00,0,0.0,US
5697,2025-11-10 00:33:00,0,0.0,DE
5698,2026-01-07 05:23:00,0,0.0,FR
5699,2025-12-10 00:00:00,0,0.0,MX
5700,2025-11-07 12:09:00,0,0.0,FR
5701,2025-11-10 13:08:00,0,0.0,US
5702,2025-12-06 13:22:00,0,0.0,FR
5703,2025-12-15 06:21:00,1,10.37,ES
5704,2026-01-04 21:11:00,0,0.0,GB
5705,2025-11-09 00:00:00,0,0.0,ES
5706,2025-12-11 17:26:00,0,0.0,DE
5707,2025-11-06 14:34:00,0,0.0,GB
5708,2025-11-30 23:11:00,0,0.0,MX
5709,2025-10-26 15:20:00,0,0.0,US
5710,2025-10-15 02:10:00,0,0.0,US
5711,2025-11-22 18:40:00,0,0.0,FR
5712,2025-11-19 19:27:00,0,0.0,US
5713,2025-11-09 21:48:00,0,0.0,GB
5714,2025-11-09 06:34:00,0,0.0,US
5715,2025-10-12 20:34:00,0,0.0,DE
5716,2025-12-12 23:56:00,0,0.0,ES
5717,2025-11-11 11:20:00,0,0.0,GB
5718,2025-11-17 09:28:00,0,0.0,US
5719,2025-12-26 18:38:00,0,0.0,DE
5720,2025-10-29 11:47:00,0,0.0,MX
5721,2025-12-09 00:00:00,0,0.0,FR
5722,2025-12-02 18:03:00,0,0.0,US
5723,2025-12-07 07:08:00,0,0.0,US
5724,2025-11-09 15:14:00,0,0.0,FR
5725,2025-12-15 18:43:00,0,0.0,FR
5726,2025-12-22 21:41:00,0,0.0,FR
5727,2025-11-14 19:55:00,0,0.0,MX
5728,2025-11-24 09:07:00,0,0.0,GB
5729,2025-10-16 11:36:00,0,0.0,ES
5730,2025-11-17 22:59:00,0,0.0,GB
5731,2025-10-03 00:35:00,0,0.0,US
5732,2025-12-13 07:57:00,0,0.0,US
5733,2025-10-21 22:16:00,1,12.52,US
5734,2025-11-26 10:29:00,0,0.0,US
5735,2025-11-23 13:22:00,0,0.0,US
5736,2025-11-16 04:16:00,0,0.0,CA
5737,2025-11-14 16:16:00,0,0.0,GB
5738,2025-10-16 07:37:00,0,0.0,FR
5739,2025-11-19 19:04:00,0,0.0,CA
5740,2025-11-15 02:50:00,0,0.0,US
5741,2025-10-11 20:52:00,0,0.0,FR
5742,2025-12-17 23:56:00,0,0.0,FR
5743,2025-12-18 00:00:00,0,0.0,ES
5744,2026-01-13 04:21:00,0,0.0,US
5745,2025-10-25 00:35:00,0,0.0,BR
5746,2026-01-01 11:14:00,0,0.0,GB
5747,2025-12-08 10:48:00,0,0.0,BR
5748,2025-10-21 12:01:00,0,0.0,US
5749,2025-11-29 19:31:00,0,0.0,ES
5750,2025-12-25 06:13:00,0,0.0,BR
5751,2025-12-25 21:03:00,0,0.0,US
5752,2025-11-15 00:00:00,0,0.0,US
5753,2025-10-20 00:00:00,0,0.0,DE
5754,2025-12-12 07:57:00,0,0.0,US
5755,2025-10-17 20:55:00,0,0.0,DE
5756,2025-12-08 23:54:00,0,0.0,US
5757,2025-11-26 23:20:00,0,0.0,MX
5758,2025-11-17 22:47:00,1,7.75,US
5759,2025-12-27 12:08:00,0,0.0,US
5760,2025-10-31 13:52:00,0,0.0,FR
5761,2025-10-23 00:00:00,0,0.0,US
5762,2025-11-04 00:00:00,0,0.0,DE
5763,2025-11-18 21:40:00,0,0.0,FR
5764,2025-11-03 00:00:00,0,0.0,US
5765,2025-11-14 21:24:00,0,0.0,US
5766,2025-12-20 21:50:00,0,0.0,MX
5767,2025-11-08 23:54:00,0,0.0,US
5768,2025-10-22 19:38:00,1,14.6,FR
5769,2025-10-27 15:22:00,0,0.0,US
5770,2025-10-21 08:37:00,0,0.0,DE
5771,2025-10-27 18:47:00,0,0.0,US
5772,2025-12-20 00:00:00,0,0.0,US
5773,2025-11-25 08:53:00,0,0.0,US
5774,2025-12-11 21:47:00,0,0.0,FR
5775,2025-12-10 00:20:00,0,0.0,BR
5776,2025-11-29 14:48:00,0,0.0,GB
5777,2026-01-07 21:52:00,0,0.0,US
5778,2025-10-23 13:58:00,0,0.0,US
5779,2025-10-26 04:42:00,0,0.0,FR
5780,2025-10-25 18:14:00,0,0.0,GB
5781,2025-12-18 10:47:00,0,0.0,DE
5782,2025-12-08 23:16:00,0,0.0,MX
5783,2025-11-19 04:54:00,1,16.89,US
5784,2025-10-16 18:30:00,0,0.0,FR
5785,2025-11-08 21:17:00,0,0.0,US
5786,2025-12-28 23:36:00,0,0.0,US
5787,2025-10-25 08:15:00,0,0.0,GB
5788,2025-10-27 23:11:00,0,0.0,US
5789,2025-11-01 18:54:00,0,0.0,DE
5790,2025-11-30 15:30:00,0,0.0,GB
5791,2025-11-16 00:00:00,0,0.0,CA
5792,2025-10-25 13:33:00,0,0.0,MX
5793,2025-12-18 14:11:00,0,0.0,MX
5794,2025-10-28 00:25:00,0,0.0,US
5795,2025-12-23 00:00:00,0,0.0,US
5796,2025-10-23 07:41:00,0,0.0,CA
5797,2025-10-30 11:01:00,0,0.0,US
5798,2025-10-09 23:24:00,0,0.0,US
5799,2025-11-11 05:36:00,0,0.0,CA
5800,2025-11-13 06:25:00,0,0.0,GB
5801,2025-12-20 18:30:00,0,0.0,MX
5802,2025-12-25 18:01:00,0,0.0,US
5803,2025-12-19 05:45:00,0,0.0,DE
5804,2025-11-30 12:45:00,0,0.0,DE
5805,2025-11-03 23:57:00,0,0.0,GB
5806,2025-10-16 21:13:00,0,0.0,GB
5807,2025-12-02 11:15:00,0,0.0,US
5808,2025-11-23 09:37:00,0,0.0,FR
5809,2025-12-21 19:49:00,0,0.0,BR
5810,2025-12-29 02:25:00,0,0.0,US
5811,2025-10-09 00:00:00,0,0.0,GB
5812,2025-11-23 00:28:00,0,0.0,GB
5813,2025-12-09 15:22:00,0,0.0,BR
5814,2025-11-18 05:00:00,1,10.13,MX
5815,2025-09-27 09:05:00,0,0.0,DE
5816,2025-12-19 02:05:00,0,0.0,DE
5817,2025-10-13 01:21:00,0,0.0,BR
5818,2025-10-16 07:49:00,1,11.5,US
5819,2025-10-23 03:34:00,1,9.4,US
5820,2025-11-05 20:46:00,0,0.0,ES
5821,2025-12-29 23:00:00,0,0.0,CA
5822,2025-11-06 17:30:00,0,0.0,GB
5823,2025-10-24 18:54:00,0,0.0,US
5824,2025-10-26 12:13:00,0,0.0,BR
5825,2025-10-06 00:00:00,0,0.0,GB
5826,2025-12-02 15:26:00,0,0.0,DE
5827,2025-12-01 07:35:00,0,0.0,ES
5828,2025-12-19 16:23:00,0,0.0,MX
5829,2025-11-27 11:41:00,0,0.0,US
5830,2025-11-08 17:40:00,0,0.0,US
5831,2025-11-10 13:10:00,0,0.0,US
5832,2025-12-19 19:07:00,0,0.0,MX
5833,2025-11-29 10:50:00,0,0.0,ES
5834,2025-11-17 01:12:00,0,0.0,MX
5835,2025-11-04 13:04:00,0,0.0,GB
5836,2025-12-30 09:03:00,0,0.0,DE
5837,2025-10-29 21:54:00,0,0.0,US
5838,2025-11-01 00:00:00,0,0.0,US
5839,2026-01-07 13:09:00,0,0.0,BR
5840,2025-11-12 00:00:00,0,0.0,US
5841,2025-10-29 00:00:00,0,0.0,US
5842,2025-12-13 23:42:00,0,0.0,DE
5843,2025-10-11 01:30:00,0,0.0,GB
5844,2025-10-13 20:01:00,0,0.0,US
5845,2025-11-06 08:45:00,0,0.0,US
5846,2025-12-27 14:33:00,0,0.0,FR
5847,2026-01-07 06:35:00,0,0.0,MX
5848,2025-11-16 00:23:00,0,0.0,US
5849,2025-11-29 12:27:00,0,0.0,GB
5850,2025-11-09 01:01:00,1,13.89,GB
5851,2025-10-25 06:41:00,0,0.0,ES
5852,2025-10-10 15:31:00,0,0.0,US
5853,2025-11-27 03:38:00,0,0.0,DE
5854,2025-10-10 07:47:00,0,0.0,MX
5855,2025-10-30 09:32:00,0,0.0,US
5856,2025-11-17 22:34:00,0,0.0,MX
5857,2025-10-15 06:57:00,0,0.0,US
5858,2025-12-15 00:00:00,0,0.0,US
5859,2025-12-05 09:54:00,0,0.0,US
5860,2025-11-24 04:12:00,0,0.0,GB
5861,2025-11-12 23:43:00,0,0.0,GB
5862,2025-12-28 17:57:00,0,0.0,US
5863,2025-11-10 14:50:00,0,0.0,US
5864,2026-01-06 13:50:00,0,0.0,DE
5865,2025-11-02 16:12:00,0,0.0,CA
5866,2025-11-20 07:17:00,0,0.0,US
5867,2025-11-19 20:12:00,0,0.0,ES
5868,2025-10-30 07:27:00,0,0.0,BR
5869,2025-12-10 00:00:00,0,0.0,BR
5870,2025-12-29 09:51:00,0,0.0,GB
5871,2025-10-29 04:55:00,0,0.0,US
5872,2025-10-27 04:36:00,0,0.0,CA
5873,2025-11-14 22:19:00,1,11.1,DE
5874,2025-12-02 20:08:00,0,0.0,GB
5875,2025-12-07 00:03:00,0,0.0,FR
5876,2025-10-27 15:36:00,0,0.0,US
5877,2025-12-24 16:15:00,0,0.0,MX
5878,2025-12-24 19:28:00,0,0.0,US
5879,2025-11-01 13:25:00,1,13.2,US
5880,2025-12-23 00:50:00,1,10.06,US
5881,2025-10-09 17:20:00,0,0.0,US
5882,2025-11-27 00:18:00,0,0.0,US
5883,2025-11-11 21:13:00,0,0.0,MX
5884,2025-12-20 17:16:00,1,8.97,CA
5885,2025-12-30 04:19:00,0,0.0,DE
5886,2025-12-12 02:27:00,0,0.0,DE
5887,2025-12-05 03:46:00,0,0.0,BR
5888,2025-12-03 21:05:00,0,0.0,GB
5889,2025-12-03 20:40:00,0,0.0,MX
5890,2025-12-06 14:34:00,0,0.0,US
5891,2025-10-10 17:10:00,0,0.0,MX
5892,2025-12-23 16:31:00,0,0.0,GB
5893,2025-11-09 00:56:00,0,0.0,ES
5894,2025-11-06 00:00:00,0,0.0,DE
5895,2025-11-15 00:00:00,0,0.0,US
5896,2025-12-02 02:07:00,0,0.0,GB
5897,2025-11-16 10:58:00,0,0.0,US
5898,2025-11-08 23:07:00,0,0.0,GB
5899,2025-11-28 06:20:00,0,0.0,FR
5900,2025-12-01 00:00:00,0,0.0,GB
5901,2025-12-02 20:26:00,0,0.0,US
5902,2025-11-26 00:36:00,0,0.0,CA
5903,2025-12-26 14:41:00,0,0.0,US
5904,2025-12-13 01:27:00,0,0.0,GB
5905,2025-12-26 20:57:00,0,0.0,GB
5906,2025-12-01 09:29:00,0,0.0,DE
5907,2025-11-22 01:00:00,0,0.0,CA
5908,2025-11-15 00:00:00,0,0.0,BR
5909,2025-11-02 09:34:00,0,0.0,US
5910,2025-10-11 00:00:00,0,0.0,ES
5911,2025-11-30 08:32:00,0,0.0,ES
5912,2025-10-16 18:48:00,0,0.0,US
5913,2025-11-23 14:24:00,0,0.0,BR
5914,2025-12-29 13:06:00,0,0.0,GB
5915,2025-11-21 17:01:00,0,0.0,US
5916,2025-11-17 22:15:00,0,0.0,US
5917,2025-10-29 17:24:00,0,0.0,US
5918,2026-01-02 13:19:00,0,0.0,GB
5919,2025-10-17 08:07:00,0,0.0,US
5920,2025-11-24 23:33:00,0,0.0,CA
5921,2025-12-03 18:15:00,0,0.0,DE
5922,2025-10-18 08:29:00,0,0.0,US
5923,2025-11-29 08:28:00,0,0.0,GB
5924,2025-12-13 23:20:00,0,0.0,MX
5925,2025-11-23 18:41:00,0,0.0,CA
5926,2025-11-03 21:40:00,0,0.0,MX
5927,2025-12-23 21:07:00,0,0.0,CA
5928,2025-12-03 09:52:00,0,0.0,FR
5929,2025-11-14 21:11:00,0,0.0,GB
5930,2025-09-29 03:32:00,0,0.0,CA
5931,2026-01-01 00:00:00,0,0.0,US
5932,2026-01-03 17:14:00,0,0.0,MX
5933,2025-11-29 10:53:00,0,0.0,ES
5934,2025-10-31 03:42:00,0,0.0,FR
5935,2025-12-25 08:27:00,0,0.0,US
5936,2025-11-03 00:00:00,0,0.0,CA
5937,2025-10-20 13:53:00,1,14.17,MX
5938,2025-11-15 18:45:00,0,0.0,CA
5939,2025-10-23 14:07:00,1,11.55,US
5940,2025-11-25 15:29:00,0,0.0,US
5941,2025-10-31 17:18:00,0,0.0,BR
5942,2026-01-07 08:55:00,0,0.0,DE
5943,2025-12-10 12:56:00,0,0.0,GB
5944,2025-12-30 22:45:00,0,0.0,GB
5945,2026-01-01 14:57:00,0,0.0,GB
5946,2025-10-31 12:16:00,1,9.95,US
5947,2025-12-24 21:35:00,0,0.0,US
5948,2025-11-17 21:43:00,0,0.0,US
5949,2025-10-11 04:53:00,0,0.0,US
5950,2025-12-08 00:00:00,0,0.0,CA
5951,2025-12-19 17:09:00,0,0.0,CA
5952,2025-11-11 05:22:00,0,0.0,US
5953,2025-12-25 02:34:00,0,0.0,US
5954,2025-10-25 16:52:00,0,0.0,FR
5955,2025-12-04 16:03:00,1,14.22,ES
5956,2026-01-04 06:37:00,0,0.0,GB
5957,2025-10-25 00:00:00,0,0.0,US
5958,2025-12-19 03:59:00,0,0.0,MX
5959,2025-11-15 02:43:00,0,0.0,FR
5960,2025-11-17 18:02:00,0,0.0,BR
5961,2025-12-30 06:37:00,0,0.0,GB
5962,2025-10-25 13:59:00,0,0.0,GB
5963,2025-10-25 15:18:00,0,0.0,ES
5964,2025-11-17 00:00:00,0,0.0,GB
5965,2025-10-18 23:57:00,0,0.0,US
5966,2025-11-17 02:17:00,0,0.0,MX
5967,2025-12-29 23:11:00,0,0.0,ES
5968,2025-10-28 08:23:00,1,12.63,US
5969,2025-11-04 21:22:00,0,0.0,US
5970,2025-12-07 07:10:00,0,0.0,US
5971,2025-11-30 00:00:00,0,0.0,US
5972,2025-10-23 09:35:00,0,0.0,US
5973,2025-11-20 14:21:00,0,0.0,DE
5974,2025-11-01 03:08:00,0,0.0,BR
5975,2025-10-20 17:06:00,0,0.0,DE
5976,2025-11-24 04:59:00,0,0.0,BR
5977,2025-11-13 23:50:00,1,6.91,CA
5978,2025-11-08 00:00:00,0,0.0,DE
5979,2025-11-05 14:17:00,0,0.0,US
5980,2025-11-11 05:18:00,0,0.0,CA
5981,2025-12-11 15:06:00,1,11.58,CA
5982,2025-11-30 21:25:00,0,0.0,GB
5983,2026-01-05 22:29:00,0,0.0,DE
5984,2025-10-15 07:22:00,0,0.0,BR
5985,2025-10-13 21:47:00,0,0.0,GB
5986,2025-12-10 00:00:00,0,0.0,US
5987,2025-12-19 13:08:00,0,0.0,BR
5988,2025-12-29 00:00:00,0,0.0,FR
5989,2025-12-28 14:38:00,0,0.0,MX
5990,2025-12-30 20:28:00,0,0.0,DE
5991,2025-12-15 12:53:00,0,0.0,MX
5992,2025-12-28 00:18:00,0,0.0,MX
5993,2025-11-30 02:18:00,0,0.0,GB
5994,2025-10-15 04:24:00,0,0.0,US
5995,2025-12-30 23:30:00,0,0.0,US
5996,2025-11-06 07:10:00,0,0.0,US
5997,2025-11-23 00:00:00,0,0.0,BR
5998,2025-10-15 23:39:00,0,0.0,GB
5999,2025-12-15 13:58:00,0,0.0,GB
6000,2025-10-07 06:32:00,1,10.38,US
6001,2025-11-14 04:01:00,0,0.0,US
6002,2025-10-16 22:46:00,0,0.0,US
6003,2026-01-02 03:46:00,0,0.0,GB
6004,2025-10-06 00:00:00,0,0.0,CA
6005,2026-01-05 07:42:00,0,0.0,US
6006,2025-12-27 13:21:00,1,6.59,US
6007,2025-12-11 06:48:00,0,0.0,ES
6008,2025-12-03 13:06:00,0,0.0,MX
6009,2025-12-09 02:39:00,0,0.0,ES
6010,2025-11-09 17:35:00,0,0.0,US
6011,2025-11-07 00:45:00,0,0.0,US
6012,2025-10-29 12:43:00,1,8.92,GB
6013,2025-10-08 09:38:00,1,5.25,FR
6014,2025-10-02 00:00:00,0,0.0,US
6015,2025-12-13 02:02:00,0,0.0,FR
6016,2025-10-11 05:48:00,0,0.0,BR
6017,2025-10-30 19:29:00,0,0.0,FR
6018,2025-12-09 17:29:00,0,0.0,ES
6019,2025-11-29 14:42:00,0,0.0,CA
6020,2025-11-21 15:57:00,1,11.56,ES
6021,2025-11-29 04:05:00,0,0.0,US
6022,2025-11-04 03:02:00,0,0.0,MX
6023,2025-11-04 02:23:00,1,11.04,MX
6024,2025-11-24 19:27:00,0,0.0,US
6025,2025-12-02 21:50:00,0,0.0,MX
6026,2025-11-06 11:45:00,0,0.0,DE
6027,2025-11-01 09:04:00,0,0.0,US
6028,2025-12-06 07:59:00,0,0.0,MX
6029,2025-11-19 19:47:00,0,0.0,MX
6030,2025-11-19 19:33:00,0,0.0,US
6031,2025-10-30 12:51:00,0,0.0,GB
6032,2025-11-13 20:34:00,0,0.0,US
6033,2025-10-27 00:00:00,0,0.0,BR
6034,2025-10-09 19:28:00,0,0.0,BR
6035,2025-12-21 14:59:00,0,0.0,DE
6036,2025-11-25 10:02:00,0,0.0,ES
6037,2025-11-15 03:26:00,1,12.44,ES
6038,2025-12-19 00:00:00,0,0.0,MX
6039,2025-11-28 07:21:00,0,0.0,US
6040,2025-11-02 10:27:00,0,0.0,US
6041,2025-10-24 02:24:00,0,0.0,DE
6042,2025-11-04 06:57:00,1,13.47,DE
6043,2025-12-26 00:00:00,0,0.0,DE
6044,2025-12-20 20:43:00,1,14.7,FR
6045,2025-10-14 21:37:00,0,0.0,BR
6046,2025-10-20 14:18:00,0,0.0,FR
6047,2025-11-16 16:45:00,0,0.0,GB
6048,2025-12-05 14:51:00,1,16.16,GB
6049,2025-12-15 12:18:00,0,0.0,FR
6050,2025-11-28 18:03:00,0,0.0,GB
6051,2025-12-29 02:26:00,0,0.0,DE
6052,2025-12-13 00:00:00,0,0.0,ES
6053,2025-10-16 04:17:00,0,0.0,CA
6054,2025-12-31 13:45:00,0,0.0,DE
6055,2025-11-12 00:00:00,0,0.0,US
6056,2025-12-27 07:51:00,0,0.0,MX
6057,2025-10-27 10:03:00,0,0.0,FR
6058,2025-10-22 17:05:00,0,0.0,ES
6059,2025-11-25 16:02:00,0,0.0,ES
6060,2025-12-20 13:34:00,0,0.0,DE
6061,2025-12-03 23:45:00,0,0.0,FR
6062,2025-12-09 12:45:00,0,0.0,FR
6063,2025-11-23 22:43:00,0,0.0,GB
6064,2025-11-16 22:50:00,0,0.0,US
6065,2025-11-12 22:25:00,0,0.0,US
6066,2025-10-09 07:23:00,0,0.0,DE
6067,2025-11-27 12:59:00,0,0.0,DE
6068,2025-12-03 19:18:00,0,0.0,DE
6069,2025-10-09 00:00:00,0,0.0,BR
6070,2025-11-22 12:59:00,0,0.0,GB
6071,2025-12-19 00:00:00,0,0.0,GB
6072,2025-12-12 08:51:00,0,0.0,BR
6073,2025-11-04 22:40:00,0,0.0,GB
6074,2025-12-07 14:14:00,0,0.0,US
6075,2025-10-20 22:37:00,0,0.0,BR
6076,2025-10-19 16:25:00,0,0.0,GB
6077,2025-12-23 12:57:00,0,0.0,BR
6078,2025-12-06 00:00:00,0,0.0,US
6079,2025-12-08 18:59:00,0,0.0,US
6080,2025-10-26 04:36:00,0,0.0,GB
6081,2025-10-15 17:09:00,1,8.71,US
6082,2025-10-20 05:44:00,0,0.0,DE
6083,2025-11-15 16:17:00,0,0.0,US
6084,2025-12-10 22:03:00,0,0.0,DE
6085,2025-10-15 16:27:00,0,0.0,CA
6086,2025-12-25 00:00:00,0,0.0,FR
6087,2026-01-08 08:02:00,0,0.0,US
6088,2025-12-07 18:34:00,0,0.0,US
6089,2025-10-14 19:07:00,0,0.0,GB
6090,2025-12-26 00:00:00,0,0.0,DE
6091,2025-12-15 19:44:00,0,0.0,US
6092,2025-10-16 00:00:00,0,0.0,MX
6093,2025-12-21 00:00:00,0,0.0,GB
6094,2025-10-19 14:38:00,0,0.0,US
6095,2025-12-04 20:03:00,0,0.0,CA
6096,2025-11-17 18:13:00,1,17.94,BR
6097,2025-11-30 00:00:00,0,0.0,US
6098,2025-11-05 15:00:00,0,0.0,US
6099,2025-12-03 19:31:00,0,0.0,FR
6100,2025-10-20 22:29:00,0,0.0,US
6101,2025-10-21 00:00:00,0,0.0,ES
6102,2025-10-29 23:11:00,0,0.0,FR
6103,2025-11-09 23:04:00,1,13.95,MX
6104,2025-11-08 14:29:00,0,0.0,FR
6105,2025-12-27 08:58:00,0,0.0,US
6106,2025-12-13 11:40:00,0,0.0,BR
6107,2025-10-24 17:50:00,0,0.0,CA
6108,2025-11-07 00:00:00,0,0.0,US
6109,2025-11-13 12:55:00,0,0.0,FR
6110,2025-11-25 19:42:00,0,0.0,US
6111,2025-10-31 23:41:00,0,0.0,FR
6112,2025-10-23 17:47:00,0,0.0,US
6113,2025-11-20 10:21:00,0,0.0,GB
6114,2025-12-06 10:32:00,0,0.0,US
6115,2025-10-24 01:06:00,0,0.0,MX
6116,2025-12-04 00:00:00,0,0.0,ES
6117,2025-11-29 03:09:00,0,0.0,DE
6118,2025-11-09 16:52:00,0,0.0,US
6119,2025-10-30 16:02:00,0,0.0,US
6120,2025-11-27 14:37:00,0,0.0,MX
6121,2025-11-12 10:25:00,0,0.0,GB
6122,2025-10-29 10:03:00,0,0.0,US
6123,2025-11-01 14:07:00,0,0.0,FR
6124,2025-10-07 02:19:00,0,0.0,FR
6125,2025-10-22 16:00:00,1,12.66,ES
6126,2025-10-21 20:49:00,0,0.0,US
6127,2025-12-10 21:42:00,0,0.0,US
6128,2025-10-05 20:11:00,0,0.0,FR
6129,2025-12-24 03:28:00,0,0.0,MX
6130,2025-12-24 21:42:00,0,0.0,US
6131,2025-12-29 00:00:00,0,0.0,US
6132,2026-01-04 12:53:00,0,0.0,US
6133,2025-10-16 10:18:00,0,0.0,GB
6134,2025-10-24 16:10:00,0,0.0,DE
6135,2025-10-04 14:57:00,0,0.0,CA
6136,2025-12-19 17:41:00,0,0.0,FR
6137,2025-11-06 18:54:00,0,0.0,MX
6138,2025-11-29 04:16:00,0,0.0,MX
6139,2025-12-21 08:36:00,0,0.0,CA
6140,2025-12-15 16:43:00,0,0.0,CA
6141,2025-12-15 21:29:00,0,0.0,CA
6142,2025-11-25 00:00:00,0,0.0,FR
6143,2025-10-10 00:00:00,0,0.0,MX
6144,2025-11-22 17:41:00,0,0.0,US
6145,2025-12-27 06:23:00,0,0.0,MX
6146,2025-11-13 10:47:00,0,0.0,ES
6147,2025-11-22 00:00:00,0,0.0,GB
6148,2025-11-13 19:36:00,0,0.0,US
6149,2025-10-12 12:35:00,0,0.0,CA
6150,2025-12-22 09:25:00,0,0.0,MX
6151,2025-11-01 04:00:00,0,0.0,US
6152,2025-11-04 14:19:00,1,13.87,ES
6153,2025-12-10 18:58:00,0,0.0,FR
6154,2025-10-22 14:31:00,0,0.0,US
6155,2025-12-18 13:31:00,1,9.19,BR
6156,2026-01-11 20:40:00,0,0.0,US
6157,2025-12-25 12:44:00,0,0.0,US
6158,2025-11-03 11:52:00,0,0.0,US
6159,2025-10-19 05:40:00,0,0.0,US
6160,2025-10-19 10:39:00,1,15.89,GB
6161,2026-01-01 01:54:00,0,0.0,CA
6162,2025-10-31 13:33:00,0,0.0,GB
6163,2025-11-29 06:49:00,0,0.0,DE
6164,2025-12-24 19:58:00,0,0.0,BR
6165,2025-12-19 04:03:00,0,0.0,US
6166,2025-12-25 00:32:00,0,0.0,US
6167,2025-12-30 09:16:00,0,0.0,GB
6168,2026-01-04 00:16:00,0,0.0,GB
6169,2025-10-15 00:00:00,0,0.0,DE
6170,2025-12-28 20:09:00,0,0.0,US
6171,2025-11-29 08:09:00,0,0.0,US
6172,2026-01-08 20:07:00,0,0.0,FR
6173,2025-12-29 21:49:00,0,0.0,GB
6174,2025-11-03 15:42:00,0,0.0,US
6175,2025-11-09 00:00:00,0,0.0,GB
6176,2025-10-31 18:14:00,0,0.0,US
6177,2025-11-22 20:22:00,0,0.0,GB
6178,2025-12-25 03:41:00,0,0.0,BR
6179,2025-10-27 09:56:00,0,0.0,GB
6180,2025-12-31 05:30:00,0,0.0,US
6181,2025-12-09 21:04:00,0,0.0,FR
6182,2025-11-27 21:57:00,0,0.0,ES
6183,2025-11-30 14:22:00,0,0.0,ES
6184,2025-11-10 06:48:00,1,7.94,DE
6185,2026-01-07 19:43:00,0,0.0,US
6186,2025-10-29 08:17:00,0,0.0,ES
6187,2025-12-07 00:00:00,0,0.0,GB
6188,2025-12-29 11:49:00,0,0.0,GB
6189,2026-01-05 07:49:00,0,0.0,GB
6190,2025-12-11 06:35:00,0,0.0,US
6191,2026-01-05 06:00:00,0,0.0,FR
6192,2025-11-24 20:18:00,0,0.0,GB
6193,2025-12-29 16:52:00,0,0.0,US
6194,2025-10-21 06:50:00,0,0.0,CA
6195,2025-10-29 00:00:00,0,0.0,US
6196,2025-10-31 16:44:00,0,0.0,MX
6197,2025-12-15 23:09:00,0,0.0,ES
6198,2025-11-22 08:23:00,0,0.0,CA
6199,2025-11-30 12:00:00,0,0.0,CA
6200,2025-12-24 00:00:00,0,0.0,DE
6201,2025-10-17 00:00:00,0,0.0,US
6202,2025-12-20 11:40:00,0,0.0,US
6203,2025-11-04 00:00:00,0,0.0,DE
6204,2025-11-05 10:12:00,0,0.0,US
6205,2025-11-12 22:08:00,0,0.0,GB
6206,2025-10-15 21:44:00,0,0.0,DE
6207,2025-12-14 15:04:00,0,0.0,BR
6208,2025-12-06 12:03:00,0,0.0,US
6209,2025-11-12 00:00:00,0,0.0,US
6210,2025-12-09 00:00:00,0,0.0,BR
6211,2025-12-18 00:00:00,0,0.0,ES
6212,2025-12-26 00:00:00,0,0.0,GB
6213,2025-11-27 06:10:00,0,0.0,GB
6214,2025-12-08 18:16:00,0,0.0,BR
6215,2025-11-05 15:26:00,0,0.0,US
6216,2025-11-03 02:11:00,0,0.0,GB
6217,2025-10-23 01:37:00,0,0.0,US
6218,2025-11-28 20:24:00,1,11.82,CA
6219,2025-12-23 21:10:00,0,0.0,DE
6220,2025-12-05 00:00:00,0,0.0,US
6221,2025-12-11 01:38:00,0,0.0,GB
6222,2025-10-21 00:00:00,0,0.0,DE
6223,2025-10-13 13:35:00,0,0.0,US
6224,2026-01-01 22:13:00,0,0.0,FR
6225,2025-10-16 04:09:00,0,0.0,US
6226,2025-10-23 00:09:00,1,7.91,ES
6227,2025-11-16 00:00:00,0,0.0,US
6228,2025-10-08 22:20:00,0,0.0,GB
6229,2025-11-20 17:19:00,0,0.0,ES
6230,2025-10-30 04:49:00,0,0.0,DE
6231,2025-12-03 11:51:00,0,0.0,MX
6232,2025-12-17 14:51:00,1,7.93,US
6233,2025-10-28 08:21:00,0,0.0,GB
6234,2025-11-26 16:46:00,0,0.0,BR
6235,2025-10-12 00:00:00,0,0.0,US
6236,2025-11-01 14:24:00,1,10.28,CA
6237,2025-12-27 18:25:00,0,0.0,ES
6238,2025-11-03 19:27:00,0,0.0,MX
6239,2025-12-05 00:00:00,0,0.0,US
6240,2025-11-13 06:32:00,0,0.0,GB
6241,2025-11-01 13:02:00,0,0.0,MX
6242,2025-12-18 17:00:00,0,0.0,FR
6243,2025-11-02 00:00:00,0,0.0,MX
6244,2026-01-08 01:53:00,0,0.0,US
6245,2025-10-07 10:44:00,0,0.0,US
6246,2025-12-03 18:00:00,0,0.0,US
6247,2025-11-10 12:56:00,0,0.0,ES
6248,2025-10-21 04:35:00,0,0.0,CA
6249,2025-11-05 13:27:00,0,0.0,US
6250,2025-12-30 05:42:00,0,0.0,ES
6251,2025-11-03 14:26:00,0,0.0,US
6252,2025-12-25 22:07:00,0,0.0,GB
6253,2025-12-26 15:02:00,0,0.0,ES
6254,2025-12-14 20:52:00,0,0.0,FR
6255,2025-10-18 00:00:00,0,0.0,US
6256,2025-12-15 00:00:00,0,0.0,MX
6257,2025-12-20 22:17:00,1,13.35,US
6258,2025-10-03 05:35:00,0,0.0,GB
6259,2025-12-06 18:30:00,1,11.99,US
6260,2025-12-06 18:50:00,0,0.0,US
6261,2025-12-06 00:00:00,0,0.0,US
6262,2025-11-14 00:00:00,0,0.0,US
6263,2025-11-29 22:52:00,0,0.0,GB
6264,2026-01-04 17:33:00,0,0.0,US
6265,2025-10-31 21:27:00,0,0.0,CA
6266,2025-12-30 15:41:00,1,10.18,US
6267,2025-10-09 23:09:00,0,0.0,CA
6268,2025-11-22 12:45:00,0,0.0,US
6269,2025-12-07 04:49:00,0,0.0,CA
6270,2025-12-24 15:25:00,0,0.0,GB
6271,2025-12-20 08:12:00,0,0.0,US
6272,2025-12-08 13:26:00,0,0.0,GB
6273,2025-11-04 00:00:00,0,0.0,US
6274,2025-12-12 05:01:00,0,0.0,US
6275,2025-12-06 16:58:00,1,6.15,US
6276,2025-11-08 22:18:00,0,0.0,FR
6277,2025-11-21 23:26:00,0,0.0,US
6278,2025-12-11 19:37:00,0,0.0,US
6279,2025-10-18 00:17:00,0,0.0,FR
6280,2025-10-14 08:26:00,0,0.0,US
6281,2025-11-14 11:55:00,1,17.3,US
6282,2025-10-10 22:20:00,0,0.0,US
6283,2026-01-11 10:11:00,0,0.0,FR
6284,2025-10-23 00:00:00,0,0.0,US
6285,2025-10-23 11:39:00,1,6.42,ES
6286,2025-11-04 03:09:00,0,0.0,US
6287,2025-12-17 00:40:00,0,0.0,BR
6288,2025-10-08 20:39:00,0,0.0,DE
6289,2025-10-25 02:53:00,0,0.0,BR
6290,2025-12-31 18:41:00,0,0.0,MX
6291,2025-10-13 19:55:00,0,0.0,MX
6292,2025-12-21 03:29:00,1,9.26,US
6293,2025-12-18 00:00:00,0,0.0,ES
6294,2025-12-18 09:42:00,0,0.0,CA
6295,2026-01-07 22:58:00,0,0.0,GB
6296,2025-12-18 20:23:00,0,0.0,BR
6297,2025-12-30 09:22:00,0,0.0,ES
6298,2026-01-05 21:29:00,0,0.0,US
6299,2025-12-18 02:34:00,0,0.0,US
6300,2025-10-15 00:00:00,0,0.0,FR
6301,2025-10-20 16:00:00,0,0.0,MX
6302,2025-11-22 00:41:00,0,0.0,GB
6303,2025-11-02 00:00:00,0,0.0,GB
6304,2025-11-05 00:00:00,0,0.0,DE
6305,2025-11-10 18:22:00,0,0.0,FR
6306,2025-11-09 17:16:00,0,0.0,GB
6307,2025-11-24 06:37:00,0,0.0,US
6308,2025-12-14 03:27:00,0,0.0,FR
6309,2025-12-07 05:20:00,0,0.0,US
6310,2025-11-04 00:00:00,0,0.0,FR
6311,2025-12-26 05:30:00,0,0.0,US
6312,2025-12-19 18:33:00,0,0.0,DE
6313,2025-11-30 04:52:00,0,0.0,GB
6314,2025-10-24 18:24:00,0,0.0,US
6315,2026-01-03 14:18:00,0,0.0,DE
6316,2025-10-18 02:42:00,0,0.0,BR
6317,2025-12-13 04:19:00,0,0.0,US
6318,2025-12-28 02:42:00,0,0.0,FR
6319,2025-11-09 19:32:00,0,0.0,BR
6320,2025-10-28 03:15:00,0,0.0,MX
6321,2025-12-17 10:50:00,0,0.0,ES
6322,2025-11-12 01:34:00,0,0.0,US
6323,2025-11-25 11:37:00,0,0.0,US
6324,2025-11-17 20:31:00,1,11.03,FR
6325,2025-10-20 08:41:00,0,0.0,US
6326,2025-12-13 03:49:00,0,0.0,DE
6327,2025-10-10 22:31:00,0,0.0,US
6328,2026-01-01 11:30:00,0,0.0,DE
6329,2025-12-01 13:26:00,0,0.0,CA
6330,2025-12-09 20:15:00,0,0.0,GB
6331,2025-10-28 10:33:00,0,0.0,GB
6332,2025-10-26 17:57:00,0,0.0,CA
6333,2025-11-20 20:28:00,0,0.0,MX
6334,2025-12-24 13:56:00,1,7.4,GB
6335,2025-11-09 18:44:00,0,0.0,US
6336,2025-11-06 05:11:00,0,0.0,FR
6337,2025-11-23 11:35:00,0,0.0,FR
6338,2025-10-15 09:15:00,0,0.0,US
6339,2025-10-12 16:19:00,0,0.0,US
6340,2025-10-05 00:00:00,0,0.0,CA
6341,2025-11-18 04:53:00,0,0.0,DE
6342,2025-12-17 22:53:00,0,0.0,MX
6343,2025-10-05 00:00:00,0,0.0,US
6344,2025-11-22 12:50:00,0,0.0,DE
6345,2025-11-03 07:55:00,1,10.97,US
6346,2025-10-31 12:41:00,0,0.0,GB
6347,2025-11-19 05:42:00,0,0.0,DE
6348,2025-10-13 04:41:00,0,0.0,US
6349,2025-10-30 20:51:00,0,0.0,BR
6350,2025-12-29 00:00:00,0,0.0,BR
6351,2025-10-20 16:20:00,0,0.0,ES
6352,2025-12-13 02:49:00,0,0.0,US
6353,2025-11-30 14:07:00,1,11.87,MX
6354,2025-12-19 14:15:00,0,0.0,ES
6355,2025-10-18 22:10:00,1,14.24,US
6356,2025-11-15 05:45:00,0,0.0,FR
6357,2025-11-15 03:04:00,0,0.0,CA
6358,2025-10-29 10:41:00,0,0.0,US
6359,2025-11-04 10:49:00,0,0.0,ES
6360,2025-11-03 00:00:00,0,0.0,CA
6361,2025-11-30 08:25:00,0,0.0,US
6362,2025-12-12 18:52:00,0,0.0,US
6363,2025-11-21 05:54:00,0,0.0,GB
6364,2025-12-08 12:03:00,0,0.0,GB
6365,2025-12-06 00:00:00,0,0.0,US
6366,2025-10-22 16:21:00,0,0.0,MX
6367,2025-12-02 20:15:00,0,0.0,US
6368,2025-12-23 10:30:00,0,0.0,FR
6369,2025-11-02 05:51:00,0,0.0,CA
6370,2025-12-01 02:48:00,0,0.0,GB
6371,2025-11-08 13:06:00,0,0.0,FR
6372,2025-11-28 04:55:00,0,0.0,US
6373,2025-10-29 04:22:00,0,0.0,ES
6374,2025-12-10 21:16:00,0,0.0,MX
6375,2025-10-17 15:22:00,0,0.0,GB
6376,2025-11-27 13:54:00,0,0.0,US
6377,2025-10-28 16:57:00,0,0.0,GB
6378,2026-01-08 15:20:00,0,0.0,DE
6379,2025-10-31 22:29:00,0,0.0,BR
6380,2025-10-23 12:48:00,1,8.55,FR
6381,2025-10-31 07:47:00,0,0.0,MX
6382,2025-12-12 14:37:00,0,0.0,US
6383,2026-01-03 00:06:00,0,0.0,FR
6384,2025-12-06 13:13:00,0,0.0,BR
6385,2025-11-26 00:00:00,0,0.0,GB
6386,2026-01-01 17:13:00,0,0.0,BR
6387,2026-01-05 13:40:00,0,0.0,US
6388,2025-12-15 05:19:00,0,0.0,US
6389,2025-10-24 06:46:00,0,0.0,US
6390,2025-10-29 11:08:00,0,0.0,GB
6391,2025-10-26 02:04:00,0,0.0,FR
6392,2025-11-15 16:27:00,0,0.0,GB
6393,2026-01-03 16:38:00,0,0.0,DE
6394,2025-12-28 06:57:00,0,0.0,US
6395,2025-10-08 00:00:00,0,0.0,US
6396,2025-10-12 01:20:00,0,0.0,CA
6397,2025-12-16 03:46:00,0,0.0,US
6398,2025-12-19 08:23:00,0,0.0,US
6399,2025-11-11 16:50:00,0,0.0,US
6400,2025-11-30 17:32:00,1,10.52,US
6401,2025-11-15 16:28:00,1,7.8,GB
6402,2025-10-15 04:22:00,0,0.0,BR
6403,2025-12-18 05:55:00,0,0.0,FR
6404,2025-12-26 00:20:00,0,0.0,ES
6405,2025-12-08 13:05:00,0,0.0,US
6406,2025-10-20 01:21:00,0,0.0,ES
6407,2025-12-28 21:03:00,0,0.0,DE
6408,2025-11-08 19:10:00,0,0.0,BR
6409,2025-12-01 02:40:00,0,0.0,ES
6410,2025-11-26 13:49:00,0,0.0,MX
6411,2026-01-06 16:40:00,1,12.15,US
6412,2025-11-03 06:49:00,0,0.0,US
6413,2025-12-12 14:07:00,0,0.0,US
6414,2025-12-18 01:45:00,0,0.0,GB
6415,2025-10-25 05:34:00,0,0.0,BR
6416,2026-01-02 16:29:00,1,11.68,GB
6417,2026-01-02 06:43:00,0,0.0,US
6418,2025-12-27 07:55:00,0,0.0,US
6419,2025-12-02 16:13:00,0,0.0,BR
6420,2025-11-20 13:01:00,0,0.0,GB
6421,2025-11-06 00:00:00,0,0.0,MX
6422,2025-12-15 08:20:00,0,0.0,US
6423,2025-10-04 21:09:00,1,13.64,US
6424,2025-11-07 19:33:00,1,7.9,DE
6425,2025-12-25 00:00:00,0,0.0,GB
6426,2025-11-19 02:14:00,0,0.0,US
6427,2025-12-11 09:53:00,0,0.0,ES
6428,2025-11-18 23:46:00,0,0.0,US
6429,2025-12-20 02:22:00,0,0.0,US
6430,2025-11-15 15:17:00,0,0.0,MX
6431,2025-12-12 00:00:00,0,0.0,DE
6432,2025-10-27 01:58:00,0,0.0,BR
6433,2025-12-21 20:08:00,0,0.0,GB
6434,2025-12-23 00:00:00,0,0.0,ES
6435,2025-11-18 23:10:00,0,0.0,CA
6436,2025-12-08 17:09:00,0,0.0,US
6437,2025-10-21 06:38:00,0,0.0,CA
6438,2025-11-04 05:38:00,0,0.0,BR
6439,2025-12-19 00:07:00,1,12.88,US
6440,2025-11-07 15:02:00,0,0.0,US
6441,2025-10-27 08:37:00,0,0.0,DE
6442,2025-10-22 18:59:00,0,0.0,ES
6443,2025-12-23 07:46:00,0,0.0,ES
6444,2025-11-21 06:50:00,0,0.0,CA
6445,2025-11-03 15:31:00,0,0.0,MX
6446,2025-10-31 20:35:00,0,0.0,FR
6447,2025-10-10 05:41:00,0,0.0,ES
6448,2025-12-22 00:00:00,0,0.0,CA
6449,2025-12-01 13:57:00,0,0.0,ES
6450,2025-10-18 14:49:00,0,0.0,GB
6451,2025-11-07 14:20:00,0,0.0,US
6452,2025-10-29 05:43:00,0,0.0,MX
6453,2025-10-27 14:40:00,0,0.0,US
6454,2025-12-13 19:43:00,0,0.0,CA
6455,2025-10-03 11:38:00,1,12.52,MX
6456,2025-10-31 15:07:00,0,0.0,DE
6457,2025-11-01 10:15:00,1,10.01,US
6458,2025-11-11 14:37:00,0,0.0,GB
6459,2025-11-03 20:07:00,0,0.0,GB
6460,2025-12-31 18:51:00,0,0.0,MX
6461,2025-10-08 12:56:00,0,0.0,GB
6462,2025-10-23 10:13:00,0,0.0,MX
6463,2025-11-03 04:04:00,0,0.0,GB
6464,2025-10-19 07:40:00,0,0.0,MX
6465,2025-11-06 07:21:00,0,0.0,FR
6466,2025-11-06 02:00:00,1,11.65,US
6467,2025-11-30 02:34:00,0,0.0,FR
6468,2025-11-11 09:22:00,0,0.0,DE
6469,2025-11-05 06:29:00,0,0.0,US
6470,2025-11-09 04:36:00,0,0.0,GB
6471,2025-11-25 01:44:00,0,0.0,CA
6472,2025-12-15 13:05:00,0,0.0,MX
6473,2025-11-27 03:47:00,0,0.0,MX
6474,2025-10-27 17:27:00,0,0.0,DE
6475,2025-11-17 09:25:00,0,0.0,MX
6476,2025-10-24 17:29:00,0,0.0,GB
6477,2025-10-20 06:08:00,0,0.0,US
6478,2025-12-22 15:26:00,0,0.0,US
6479,2025-10-28 09:51:00,0,0.0,GB
6480,2025-12-12 15:44:00,0,0.0,ES
6481,2025-11-08 18:59:00,0,0.0,US
6482,2025-10-07 03:41:00,0,0.0,FR
6483,2025-10-29 03:15:00,0,0.0,CA
6484,2025-12-06 10:40:00,0,0.0,GB
6485,2025-10-29 18:18:00,0,0.0,US
6486,2025-12-27 16:51:00,0,0.0,GB
6487,2025-12-01 11:28:00,0,0.0,MX
6488,2025-10-26 19:30:00,0,0.0,DE
6489,2025-12-09 11:34:00,0,0.0,US
6490,2025-11-22 21:37:00,0,0.0,US
6491,2025-12-16 19:17:00,0,0.0,GB
6492,2025-12-15 12:05:00,0,0.0,US
6493,2025-11-05 19:48:00,0,0.0,ES
6494,2025-10-26 00:00:00,0,0.0,GB
6495,2025-12-21 11:40:00,0,0.0,ES
6496,2025-12-14 18:32:00,0,0.0,US
6497,2026-01-02 04:57:00,0,0.0,GB
6498,2025-11-16 09:46:00,1,13.51,US
6499,2025-12-09 22:27:00,0,0.0,US
6500,2025-11-27 06:42:00,0,0.0,MX
6501,2025-12-25 00:00:00,0,0.0,MX
6502,2025-11-28 00:00:00,0,0.0,BR
6503,2025-12-28 23:00:00,0,0.0,MX
6504,2025-10-13 23:49:00,0,0.0,US
6505,2025-12-29 19:57:00,0,0.0,GB
6506,2025-12-10 21:59:00,0,0.0,US
6507,2025-10-25 03:04:00,0,0.0,US
6508,2025-12-14 17:34:00,0,0.0,DE
6509,2025-11-29 09:56:00,1,18.63,GB
6510,2025-10-18 00:00:00,0,0.0,DE
6511,2025-10-13 08:06:00,0,0.0,ES
6512,2025-10-14 07:40:00,0,0.0,FR
6513,2025-10-25 20:25:00,0,0.0,US
6514,2025-11-22 06:09:00,0,0.0,ES
6515,2025-10-30 23:48:00,0,0.0,MX
6516,2025-11-26 11:38:00,0,0.0,BR
6517,2025-12-10 11:19:00,0,0.0,US
6518,2025-11-18 18:41:00,0,0.0,CA
6519,2026-01-11 16:10:00,1,13.0,BR
6520,2025-12-23 00:00:00,0,0.0,US
6521,2025-11-26 09:40:00,0,0.0,DE
6522,2025-10-08 00:00:00,0,0.0,US
6523,2025-12-28 21:36:00,1,14.2,GB
6524,2025-12-12 15:35:00,0,0.0,DE
6525,2025-11-22 12:09:00,0,0.0,GB
6526,2025-12-20 04:22:00,0,0.0,US
6527,2025-12-29 02:09:00,0,0.0,BR
6528,2025-12-13 08:58:00,0,0.0,CA
6529,2025-10-03 09:12:00,0,0.0,GB
6530,2025-12-16 03:29:00,0,0.0,GB
6531,2025-10-14 06:28:00,0,0.0,MX
6532,2025-10-21 00:00:00,0,0.0,DE
6533,2025-12-25 21:31:00,0,0.0,US
6534,2025-10-21 20:45:00,0,0.0,DE
6535,2025-11-02 05:36:00,0,0.0,ES
6536,2025-11-17 18:13:00,0,0.0,FR
6537,2025-11-17 11:24:00,0,0.0,DE
6538,2025-12-19 21:06:00,0,0.0,CA
6539,2025-11-16 20:27:00,0,0.0,ES
6540,2025-10-16 10:49:00,0,0.0,BR
6541,2025-12-19 02:27:00,0,0.0,US
6542,2025-10-07 00:00:00,0,0.0,BR
6543,2025-11-15 09:45:00,0,0.0,FR
6544,2025-12-14 00:58:00,0,0.0,GB
6545,2026-01-05 18:54:00,1,5.55,FR
6546,2025-11-09 13:42:00,0,0.0,US
6547,2025-10-30 05:21:00,0,0.0,ES
6548,2025-12-07 14:32:00,0,0.0,ES
6549,2025-10-22 14:35:00,0,0.0,MX
6550,2026-01-06 13:26:00,0,0.0,ES
6551,2025-12-22 02:46:00,0,0.0,US
6552,2025-10-17 23:36:00,0,0.0,CA
6553,2025-12-02 08:45:00,0,0.0,US
6554,2025-11-20 16:49:00,0,0.0,GB
6555,2025-12-28 00:00:00,0,0.0,FR
6556,2025-12-21 15:43:00,0,0.0,ES
6557,2025-10-31 22:27:00,0,0.0,US
6558,2025-10-19 00:00:00,0,0.0,DE
6559,2025-11-01 07:05:00,1,7.8,BR
6560,2025-12-25 14:06:00,0,0.0,US
6561,2025-12-15 11:22:00,0,0.0,FR
6562,2025-12-01 08:44:00,0,0.0,MX
6563,2025-11-07 19:38:00,0,0.0,US
6564,2025-11-09 17:11:00,1,9.87,CA
6565,2025-11-04 13:11:00,0,0.0,GB
6566,2025-12-18 17:10:00,0,0.0,FR
6567,2025-10-15 12:29:00,0,0.0,US
6568,2025-11-16 05:29:00,0,0.0,BR
6569,2025-12-19 20:29:00,0,0.0,US
6570,2025-12-31 12:49:00,0,0.0,FR
6571,2025-12-12 10:43:00,0,0.0,US
6572,2026-01-04 20:31:00,0,0.0,ES
6573,2025-10-19 20:54:00,0,0.0,BR
6574,2025-12-05 03:00:00,0,0.0,DE
6575,2026-01-10 23:14:00,0,0.0,GB
6576,2025-12-11 05:34:00,0,0.0,MX
6577,2025-11-15 11:00:00,0,0.0,MX
6578,2025-10-26 04:49:00,0,0.0,US
6579,2025-12-31 23:53:00,1,10.97,US
6580,2025-10-25 06:36:00,0,0.0,US
6581,2025-10-25 01:31:00,0,0.0,US
6582,2025-11-08 00:00:00,0,0.0,GB
6583,2025-12-31 20:04:00,0,0.0,BR
6584,2025-10-27 00:00:00,0,0.0,BR
6585,2025-11-10 14:35:00,1,10.75,MX
6586,2025-11-18 05:58:00,0,0.0,ES
6587,2025-09-29 07:52:00,0,0.0,FR
6588,2025-10-17 00:00:00,0,0.0,US
6589,2025-10-15 01:03:00,0,0.0,BR
6590,2025-12-11 06:09:00,1,10.85,ES
6591,2025-11-18 20:38:00,0,0.0,US
6592,2025-11-10 07:13:00,0,0.0,GB
6593,2025-11-02 00:00:00,0,0.0,GB
6594,2025-10-24 21:41:00,0,0.0,GB
6595,2025-12-03 16:57:00,0,0.0,BR
6596,2025-10-22 00:11:00,0,0.0,DE
6597,2025-12-26 13:09:00,0,0.0,CA
6598,2025-12-04 07:41:00,0,0.0,ES
6599,2025-10-26 01:38:00,0,0.0,BR
6600,2026-01-03 03:17:00,0,0.0,US
6601,2025-10-11 00:00:00,0,0.0,GB
6602,2025-12-30 00:00:00,0,0.0,GB
6603,2025-12-18 00:00:00,0,0.0,FR
6604,2026-01-13 00:48:00,1,10.82,GB
6605,2025-10-23 22:35:00,0,0.0,MX
6606,2025-11-16 13:12:00,0,0.0,CA
6607,2025-11-12 22:59:00,0,0.0,CA
6608,2026-01-05 21:22:00,0,0.0,US
6609,2025-11-23 23:49:00,0,0.0,GB
6610,2025-10-22 17:15:00,0,0.0,FR
6611,2025-12-02 07:31:00,0,0.0,BR
6612,2025-10-05 16:18:00,0,0.0,US
6613,2025-12-14 22:14:00,0,0.0,US
6614,2025-10-19 10:45:00,0,0.0,FR
6615,2025-10-28 04:39:00,0,0.0,US
6616,2025-10-10 11:39:00,0,0.0,GB
6617,2025-10-20 16:29:00,0,0.0,ES
6618,2025-10-17 09:56:00,0,0.0,ES
6619,2025-12-14 13:46:00,0,0.0,BR
6620,2025-11-25 02:35:00,0,0.0,FR
6621,2025-12-14 00:00:00,0,0.0,CA
6622,2025-12-29 23:59:00,0,0.0,ES
6623,2025-12-12 10:45:00,0,0.0,GB
6624,2025-12-09 00:00:00,0,0.0,US
6625,2025-12-30 23:04:00,0,0.0,DE
6626,2025-11-25 17:52:00,0,0.0,US
6627,2025-10-20 00:36:00,1,14.99,ES
6628,2025-10-14 02:02:00,0,0.0,US
6629,2025-10-05 00:00:00,0,0.0,DE
6630,2025-12-01 17:35:00,0,0.0,US
6631,2025-11-21 00:00:00,0,0.0,BR
6632,2025-11-30 05:58:00,0,0.0,CA
6633,2025-10-21 00:00:00,0,0.0,FR
6634,2025-12-25 01:37:00,0,0.0,US
6635,2025-12-28 02:22:00,1,13.23,DE
6636,2025-11-27 15:21:00,0,0.0,ES
6637,2025-10-17 00:00:00,0,0.0,US
6638,2025-11-04 19:17:00,0,0.0,GB
6639,2025-11-12 14:21:00,0,0.0,US
6640,2025-11-01 20:26:00,0,0.0,DE
6641,2025-10-16 00:00:00,0,0.0,FR
6642,2025-11-19 20:34:00,0,0.0,US
6643,2025-10-27 14:29:00,1,14.25,FR
6644,2025-11-02 20:36:00,0,0.0,MX
6645,2025-12-19 20:51:00,0,0.0,US
6646,2025-12-29 00:00:00,0,0.0,ES
6647,2025-12-07 20:30:00,1,12.22,CA
6648,2025-10-20 16:29:00,0,0.0,US
6649,2025-12-26 20:54:00,0,0.0,US
6650,2025-12-10 16:46:00,0,0.0,FR
6651,2025-12-19 15:03:00,0,0.0,ES
6652,2025-11-17 03:41:00,0,0.0,MX
6653,2025-12-27 04:46:00,0,0.0,MX
6654,2025-11-09 11:47:00,0,0.0,BR
6655,2025-12-15 11:47:00,0,0.0,FR
6656,2025-11-18 00:00:00,0,0.0,US
6657,2025-11-13 00:33:00,1,12.04,DE
6658,2025-11-06 14:11:00,0,0.0,ES
6659,2025-11-26 00:00:00,0,0.0,CA
6660,2025-12-18 09:16:00,1,7.42,MX
6661,2025-11-26 13:55:00,0,0.0,ES
6662,2025-12-03 17:12:00,0,0.0,CA
6663,2025-10-13 20:23:00,0,0.0,CA
6664,2025-11-15 03:29:00,0,0.0,FR
6665,2025-11-18 03:44:00,0,0.0,MX
6666,2025-11-13 08:36:00,0,0.0,GB
6667,2025-11-08 01:33:00,0,0.0,US
6668,2025-11-26 20:39:00,0,0.0,GB
6669,2026-01-10 18:58:00,0,0.0,CA
6670,2025-12-17 21:45:00,0,0.0,DE
6671,2025-12-22 02:53:00,0,0.0,MX
6672,2025-10-24 12:14:00,0,0.0,FR
6673,2025-11-10 02:11:00,0,0.0,BR
6674,2025-10-15 00:00:00,0,0.0,FR
6675,2026-01-06 06:47:00,0,0.0,MX
6676,2025-10-15 14:27:00,1,10.17,GB
6677,2025-12-09 00:00:00,0,0.0,US
6678,2025-11-07 18:10:00,0,0.0,BR
6679,2025-12-11 18:36:00,0,0.0,GB
6680,2025-11-24 07:34:00,0,0.0,US
6681,2025-11-17 19:41:00,0,0.0,BR
6682,2025-11-14 04:20:00,0,0.0,ES
6683,2025-12-27 20:29:00,0,0.0,US
6684,2025-12-21 18:31:00,0,0.0,MX
6685,2025-11-07 15:07:00,0,0.0,FR
6686,2025-12-10 22:22:00,0,0.0,CA
6687,2025-11-03 20:12:00,0,0.0,US
6688,2025-12-14 14:09:00,0,0.0,MX
6689,2025-11-14 19:21:00,0,0.0,MX
6690,2025-11-26 14:50:00,0,0.0,ES
6691,2025-11-07 09:46:00,0,0.0,GB
6692,2025-12-31 00:00:00,0,0.0,DE
6693,2025-11-07 22:49:00,0,0.0,CA
6694,2025-10-14 17:56:00,0,0.0,FR
6695,2025-11-06 01:09:00,0,0.0,FR
6696,2025-11-13 06:07:00,0,0.0,US
6697,2025-11-22 00:00:00,0,0.0,GB
6698,2025-11-02 00:00:00,0,0.0,FR
6699,2025-12-19 00:00:00,0,0.0,GB
6700,2026-01-07 05:56:00,0,0.0,ES
6701,2025-11-27 22:07:00,0,0.0,US
6702,2025-11-07 10:18:00,0,0.0,BR
6703,2025-11-21 11:00:00,0,0.0,BR
6704,2025-11-19 14:43:00,0,0.0,US
6705,2025-12-18 23:53:00,0,0.0,DE
6706,2025-12-18 07:43:00,0,0.0,MX
6707,2025-10-21 06:18:00,0,0.0,GB
6708,2025-11-08 00:00:00,0,0.0,DE
6709,2026-01-03 19:33:00,0,0.0,DE
6710,2025-10-25 05:55:00,0,0.0,US
6711,2025-12-19 22:06:00,0,0.0,US
6712,2025-10-29 07:48:00,0,0.0,FR
6713,2025-11-08 09:48:00,1,12.08,GB
6714,2025-11-17 00:31:00,1,11.81,US
6715,2025-10-11 07:05:00,0,0.0,US
6716,2025-11-13 00:52:00,1,13.12,MX
6717,2025-10-26 10:45:00,0,0.0,US
6718,2025-11-26 08:15:00,0,0.0,ES
6719,2025-11-11 16:40:00,0,0.0,US
6720,2025-10-29 11:39:00,0,0.0,ES
6721,2025-12-11 13:13:00,0,0.0,GB
6722,2026-01-03 13:41:00,0,0.0,BR
6723,2025-12-29 20:38:00,0,0.0,GB
6724,2025-10-26 06:14:00,0,0.0,GB
6725,2025-11-01 00:05:00,0,0.0,US
6726,2025-11-04 00:00:00,0,0.0,MX
6727,2026-01-03 17:30:00,0,0.0,US
6728,2025-11-29 12:00:00,0,0.0,US
6729,2025-12-10 17:36:00,0,0.0,ES
6730,2025-12-13 04:36:00,0,0.0,FR
6731,2025-11-09 00:00:00,0,0.0,DE
6732,2025-12-31 06:16:00,0,0.0,US
6733,2026-01-05 14:30:00,0,0.0,GB
6734,2025-11-23 05:48:00,0,0.0,GB
6735,2025-11-21 23:54:00,0,0.0,MX
6736,2025-12-29 05:21:00,0,0.0,CA
6737,2025-10-20 06:50:00,0,0.0,DE
6738,2025-12-12 00:52:00,0,0.0,US
6739,2025-10-21 14:34:00,1,17.94,MX
6740,2025-11-04 16:29:00,0,0.0,US
6741,2026-01-07 23:23:00,0,0.0,MX
6742,2025-11-18 09:08:00,0,0.0,BR
6743,2025-12-19 20:16:00,0,0.0,CA
6744,2025-11-02 01:01:00,0,0.0,FR
6745,2025-11-13 21:24:00,0,0.0,FR
6746,2025-12-18 19:06:00,0,0.0,DE
6747,2025-10-12 01:04:00,0,0.0,DE
6748,2025-12-04 13:33:00,0,0.0,MX
6749,2025-10-07 00:00:00,0,0.0,US
6750,2025-11-24 23:51:00,0,0.0,DE
6751,2025-10-06 00:00:00,0,0.0,US
6752,2025-11-06 00:05:00,0,0.0,BR
6753,2025-10-14 22:09:00,0,0.0,GB
6754,2025-12-17 22:29:00,0,0.0,US
6755,2025-12-13 14:58:00,0,0.0,US
6756,2025-10-27 00:00:00,0,0.0,GB
6757,2025-10-26 11:46:00,0,0.0,FR
6758,2025-11-04 22:00:00,0,0.0,CA
6759,2025-11-22 17:03:00,0,0.0,BR
6760,2025-10-08 06:16:00,0,0.0,GB
6761,2025-11-28 01:36:00,0,0.0,BR
6762,2025-10-14 10:06:00,0,0.0,MX
6763,2025-10-21 14:45:00,0,0.0,GB
6764,2025-11-03 20:53:00,0,0.0,GB
6765,2025-12-22 22:46:00,0,0.0,DE
6766,2025-11-08 15:16:00,0,0.0,BR
6767,2025-12-11 03:25:00,0,0.0,GB
6768,2025-11-14 03:14:00,1,10.12,US
6769,2025-10-05 14:32:00,0,0.0,US
6770,2025-12-01 00:00:00,0,0.0,DE
6771,2025-12-25 10:43:00,0,0.0,US
6772,2025-11-01 13:47:00,0,0.0,MX
6773,2025-12-14 21:46:00,0,0.0,FR
6774,2025-10-25 09:58:00,0,0.0,US
6775,2025-11-09 15:50:00,0,0.0,GB
6776,2025-12-04 06:01:00,0,0.0,US
6777,2025-12-11 03:24:00,0,0.0,GB
6778,2025-12-08 22:19:00,0,0.0,DE
6779,2025-11-02 16:36:00,0,0.0,FR
6780,2025-12-31 05:44:00,0,0.0,DE
6781,2025-11-09 23:06:00,1,13.92,MX
6782,2025-11-17 00:00:00,0,0.0,BR
6783,2026-01-09 00:12:00,0,0.0,US
6784,2025-10-12 04:29:00,0,0.0,US
6785,2025-12-25 11:16:00,0,0.0,DE
6786,2025-11-13 11:21:00,0,0.0,US
6787,2025-10-28 08:58:00,0,0.0,ES
6788,2025-12-13 22:39:00,0,0.0,US
6789,2025-12-14 16:47:00,0,0.0,DE
6790,2025-11-17 20:21:00,0,0.0,MX
6791,2025-12-30 08:58:00,0,0.0,GB
6792,2025-10-14 07:29:00,0,0.0,DE
6793,2025-11-15 12:03:00,0,0.0,US
6794,2025-12-31 21:57:00,0,0.0,FR
6795,2025-11-04 19:41:00,0,0.0,DE
6796,2025-12-24 14:58:00,0,0.0,BR
6797,2025-12-09 08:43:00,0,0.0,BR
6798,2025-11-02 05:59:00,0,0.0,CA
6799,2025-11-11 11:10:00,0,0.0,ES
6800,2025-10-20 16:10:00,0,0.0,CA
6801,2025-12-25 11:44:00,0,0.0,US
6802,2025-11-23 23:51:00,0,0.0,BR
6803,2026-01-10 10:26:00,0,0.0,ES
6804,2025-10-26 16:23:00,1,12.64,ES
6805,2025-10-10 19:48:00,0,0.0,BR
6806,2025-11-25 19:08:00,0,0.0,CA
6807,2025-12-28 07:30:00,0,0.0,DE
6808,2025-12-13 16:18:00,0,0.0,BR
6809,2025-12-23 12:17:00,0,0.0,FR
6810,2025-10-29 11:19:00,0,0.0,FR
6811,2025-11-27 03:31:00,0,0.0,GB
6812,2025-11-12 20:20:00,0,0.0,ES
6813,2025-12-25 15:08:00,0,0.0,GB
6814,2025-12-02 18:55:00,0,0.0,ES
6815,2025-12-17 17:55:00,0,0.0,GB
6816,2025-11-20 10:34:00,0,0.0,US
6817,2025-11-18 17:32:00,0,0.0,GB
6818,2025-10-09 22:47:00,0,0.0,DE
6819,2026-01-04 17:51:00,0,0.0,CA
6820,2025-11-09 02:27:00,0,0.0,US
6821,2025-11-19 04:53:00,0,0.0,CA
6822,2025-10-21 21:47:00,1,12.44,DE
6823,2025-12-08 13:42:00,0,0.0,US
6824,2025-12-19 00:00:00,0,0.0,US
6825,2025-12-14 01:07:00,0,0.0,FR
6826,2025-11-22 18:33:00,0,0.0,ES
6827,2025-12-25 00:00:00,0,0.0,FR
6828,2025-12-13 13:01:00,0,0.0,DE
6829,2025-10-22 17:35:00,0,0.0,DE
6830,2025-11-06 02:30:00,0,0.0,BR
6831,2025-11-19 13:15:00,0,0.0,GB
6832,2025-10-13 13:28:00,0,0.0,DE
6833,2025-11-03 20:00:00,0,0.0,US
6834,2025-12-30 17:17:00,0,0.0,US
6835,2025-11-20 06:19:00,0,0.0,GB
6836,2025-12-23 01:32:00,0,0.0,GB
6837,2025-11-28 08:06:00,0,0.0,ES
6838,2025-11-24 11:38:00,1,4.63,CA
6839,2025-10-14 06:17:00,0,0.0,CA
6840,2025-10-13 00:00:00,0,0.0,US
6841,2026-01-06 02:20:00,0,0.0,US
6842,2025-10-16 21:45:00,1,13.91,US
6843,2026-01-02 00:00:00,0,0.0,BR
6844,2025-12-08 21:39:00,0,0.0,ES
6845,2025-12-28 23:14:00,0,0.0,US
6846,2025-11-13 10:14:00,1,10.09,US
6847,2025-10-23 03:15:00,0,0.0,GB
6848,2025-10-31 21:44:00,0,0.0,US
6849,2026-01-02 13:28:00,0,0.0,US
6850,2025-11-23 00:00:00,0,0.0,FR
6851,2025-12-07 00:00:00,0,0.0,US
6852,2025-10-13 18:20:00,0,0.0,MX
6853,2025-11-30 00:45:00,0,0.0,DE
6854,2025-10-28 17:49:00,1,14.3,DE
6855,2025-11-27 23:51:00,0,0.0,ES
6856,2026-01-04 01:04:00,0,0.0,BR
6857,2026-01-01 13:21:00,0,0.0,US
6858,2025-11-14 18:12:00,0,0.0,US
6859,2025-12-19 03:04:00,0,0.0,GB
6860,2025-11-20 02:55:00,0,0.0,BR
6861,2025-11-20 05:13:00,0,0.0,US
6862,2026-01-03 00:59:00,0,0.0,US
6863,2025-11-17 22:17:00,1,13.61,CA
6864,2025-11-11 03:35:00,0,0.0,US
6865,2025-10-30 02:43:00,0,0.0,CA
6866,2025-10-07 19:10:00,0,0.0,CA
6867,2025-11-18 18:31:00,0,0.0,DE
6868,2025-12-04 13:25:00,0,0.0,MX
6869,2025-11-23 21:52:00,0,0.0,FR
6870,2025-11-25 06:44:00,0,0.0,MX
6871,2025-10-16 00:00:00,0,0.0,US
6872,2025-10-28 01:02:00,0,0.0,ES
6873,2025-12-09 13:07:00,0,0.0,GB
6874,2025-11-27 05:44:00,0,0.0,FR
6875,2026-01-02 00:32:00,0,0.0,US
6876,2025-11-08 15:22:00,0,0.0,ES
6877,2025-11-11 19:50:00,0,0.0,GB
6878,2025-12-07 00:00:00,0,0.0,CA
6879,2025-12-02 07:22:00,0,0.0,US
6880,2026-01-04 00:16:00,0,0.0,US
6881,2025-10-26 03:19:00,0,0.0,US
6882,2025-10-12 01:20:00,0,0.0,US
6883,2025-12-15 01:26:00,0,0.0,US
6884,2025-12-10 17:46:00,0,0.0,BR
6885,2025-11-03 15:55:00,0,0.0,CA
6886,2025-12-20 00:00:00,0,0.0,US
6887,2025-10-29 20:18:00,0,0.0,US
6888,2025-12-05 11:50:00,0,0.0,US
6889,2026-01-02 03:28:00,0,0.0,US
6890,2025-11-25 09:52:00,0,0.0,US
6891,2025-12-04 19:33:00,0,0.0,GB
6892,2025-10-27 21:21:00,0,0.0,US
6893,2025-12-25 17:22:00,1,14.4,FR
6894,2025-11-17 11:04:00,0,0.0,ES
6895,2025-11-23 00:53:00,0,0.0,GB
6896,2025-10-19 18:00:00,0,0.0,US
6897,2025-12-24 17:11:00,0,0.0,US
6898,2025-10-20 21:32:00,0,0.0,MX
6899,2025-10-16 17:16:00,1,10.84,ES
6900,2025-12-09 07:17:00,0,0.0,ES
6901,2025-10-11 03:38:00,0,0.0,DE
6902,2025-10-13 00:00:00,0,0.0,FR
6903,2025-11-12 12:40:00,0,0.0,US
6904,2025-10-09 18:11:00,0,0.0,MX
6905,2026-01-06 22:10:00,0,0.0,MX
6906,2025-10-30 21:32:00,0,0.0,US
6907,2025-10-23 12:16:00,0,0.0,BR
6908,2025-10-06 07:46:00,0,0.0,BR
6909,2025-10-27 18:56:00,0,0.0,ES
6910,2025-11-25 00:00:00,0,0.0,US
6911,2025-11-12 06:04:00,0,0.0,US
6912,2025-11-26 22:59:00,0,0.0,US
6913,2025-11-08 22:11:00,0,0.0,US
6914,2025-11-11 00:00:00,0,0.0,US
6915,2025-10-30 16:44:00,0,0.0,CA
6916,2025-10-13 03:46:00,0,0.0,ES
6917,2025-10-19 21:58:00,0,0.0,US
6918,2025-12-02 02:41:00,0,0.0,MX
6919,2025-10-18 11:12:00,0,0.0,US
6920,2025-12-16 20:56:00,0,0.0,US
6921,2025-12-03 08:45:00,0,0.0,US
6922,2025-11-10 08:50:00,0,0.0,BR
6923,2025-10-12 15:02:00,0,0.0,US
6924,2025-11-02 19:56:00,0,0.0,US
6925,2026-01-06 11:40:00,0,0.0,MX
6926,2025-11-14 16:11:00,0,0.0,US
6927,2025-12-20 22:27:00,0,0.0,FR
6928,2025-10-31 07:01:00,0,0.0,US
6929,2025-12-22 04:36:00,0,0.0,CA
6930,2025-11-04 23:31:00,0,0.0,ES
6931,2026-01-02 20:17:00,0,0.0,US
6932,2025-12-02 20:53:00,0,0.0,US
6933,2025-11-16 03:46:00,0,0.0,MX
6934,2025-10-07 08:27:00,0,0.0,GB
6935,2025-12-22 20:21:00,0,0.0,CA
6936,2025-10-31 22:14:00,0,0.0,US
6937,2025-12-22 12:22:00,0,0.0,GB
6938,2025-10-12 00:00:00,0,0.0,BR
6939,2025-10-08 20:18:00,0,0.0,US
6940,2025-11-01 03:11:00,0,0.0,GB
6941,2025-10-14 15:26:00,0,0.0,FR
6942,2025-12-19 23:38:00,1,14.94,MX
6943,2025-12-04 06:35:00,0,0.0,CA
6944,2025-11-10 01:56:00,0,0.0,GB
6945,2025-11-14 13:57:00,0,0.0,MX
6946,2025-11-17 02:06:00,0,0.0,US
6947,2025-12-26 23:18:00,0,0.0,FR
6948,2025-11-02 10:05:00,0,0.0,US
6949,2025-12-26 20:51:00,0,0.0,DE
6950,2026-01-02 04:24:00,0,0.0,MX
6951,2025-11-16 14:51:00,1,14.57,DE
6952,2026-01-02 06:25:00,0,0.0,MX
6953,2025-12-14 01:30:00,0,0.0,FR
6954,2025-10-20 18:04:00,0,0.0,MX
6955,2025-11-21 21:41:00,0,0.0,US
6956,2025-10-27 21:16:00,0,0.0,DE
6957,2025-12-05 20:50:00,0,0.0,FR
6958,2025-11-23 00:19:00,1,14.39,MX
6959,2025-12-02 17:11:00,0,0.0,ES
6960,2025-12-15 08:38:00,0,0.0,GB
6961,2026-01-01 18:13:00,0,0.0,ES
6962,2025-11-12 19:00:00,0,0.0,US
6963,2025-10-24 21:39:00,0,0.0,ES
6964,2025-10-28 23:52:00,0,0.0,DE
6965,2025-12-17 12:02:00,0,0.0,ES
6966,2025-10-16 12:14:00,1,6.15,US
6967,2025-11-03 07:15:00,0,0.0,BR
6968,2025-12-22 08:17:00,1,14.19,FR
6969,2025-11-24 18:50:00,0,0.0,GB
6970,2025-11-13 23:02:00,0,0.0,US
6971,2025-12-30 14:50:00,1,11.6,US
6972,2025-10-31 00:00:00,0,0.0,ES
6973,2025-11-18 16:55:00,0,0.0,GB
6974,2025-11-19 11:07:00,0,0.0,US
6975,2025-12-10 04:35:00,0,0.0,US
6976,2026-01-05 22:12:00,0,0.0,BR
6977,2025-10-25 00:00:00,0,0.0,US
6978,2025-12-15 16:15:00,1,13.14,MX
6979,2025-11-18 01:42:00,0,0.0,GB
6980,2025-10-29 06:06:00,0,0.0,US
6981,2025-11-03 05:02:00,0,0.0,US
6982,2025-10-26 19:55:00,0,0.0,FR
6983,2025-10-20 00:00:00,0,0.0,US
6984,2025-10-05 11:47:00,0,0.0,US
6985,2026-01-07 06:29:00,0,0.0,DE
6986,2025-12-26 15:00:00,1,13.06,GB
6987,2025-12-16 10:53:00,0,0.0,MX
6988,2025-11-23 19:23:00,1,12.09,FR
6989,2025-12-31 11:20:00,0,0.0,US
6990,2025-12-07 03:36:00,0,0.0,US
6991,2025-12-17 23:49:00,0,0.0,DE
6992,2025-12-30 21:58:00,0,0.0,GB
6993,2025-10-31 00:00:00,0,0.0,US
6994,2025-10-13 00:32:00,0,0.0,BR
6995,2025-12-11 06:20:00,0,0.0,US
6996,2025-10-25 01:17:00,0,0.0,US
6997,2025-12-30 00:00:00,0,0.0,BR
6998,2025-11-16 03:12:00,0,0.0,FR
6999,2025-10-03 00:00:00,0,0.0,US
7000,2025-12-13 00:11:00,0,0.0,US
7001,2025-11-25 18:36:00,0,0.0,US
7002,2025-11-15 06:15:00,0,0.0,US
7003,2025-11-30 09:47:00,1,8.52,GB
7004,2025-11-11 14:49:00,0,0.0,GB
7005,2025-12-12 10:16:00,0,0.0,GB
7006,2025-10-20 11:40:00,0,0.0,FR
7007,2025-12-18 11:18:00,0,0.0,GB
7008,2025-11-09 09:55:00,0,0.0,GB
7009,2025-11-30 15:31:00,0,0.0,BR
7010,2025-10-31 18:48:00,0,0.0,GB
7011,2025-10-15 14:14:00,1,16.61,DE
7012,2026-01-05 11:35:00,0,0.0,ES
7013,2025-10-30 17:49:00,0,0.0,US
7014,2025-12-22 16:01:00,1,14.56,GB
7015,2025-12-26 05:04:00,0,0.0,US
7016,2025-11-20 05:38:00,0,0.0,US
7017,2025-12-28 03:56:00,0,0.0,ES
7018,2025-10-16 00:37:00,0,0.0,CA
7019,2025-11-17 19:37:00,0,0.0,BR
7020,2025-10-31 15:05:00,0,0.0,US
7021,2025-10-14 00:00:00,0,0.0,MX
7022,2026-01-02 04:04:00,0,0.0,US
7023,2025-10-02 07:52:00,0,0.0,BR
7024,2025-12-04 15:32:00,0,0.0,ES
7025,2025-11-13 05:24:00,0,0.0,GB
7026,2025-11-17 06:25:00,0,0.0,GB
7027,2025-12-04 21:54:00,0,0.0,BR
7028,2025-11-11 22:33:00,0,0.0,US
7029,2025-11-13 22:45:00,0,0.0,DE
7030,2025-10-19 00:00:00,0,0.0,CA
7031,2025-12-05 15:28:00,0,0.0,US
7032,2025-10-12 08:36:00,0,0.0,BR
7033,2025-12-08 02:20:00,0,0.0,ES
7034,2025-11-11 23:40:00,0,0.0,DE
7035,2025-11-08 06:53:00,0,0.0,GB
7036,2026-01-05 20:13:00,0,0.0,US
7037,2025-11-28 00:00:00,0,0.0,DE
7038,2026-01-04 14:42:00,0,0.0,CA
7039,2025-10-06 02:14:00,0,0.0,GB
7040,2025-12-30 02:25:00,0,0.0,BR
7041,2025-12-22 22:27:00,0,0.0,DE
7042,2025-11-15 23:37:00,1,10.92,US
7043,2025-12-09 21:21:00,0,0.0,US
7044,2025-11-17 13:41:00,0,0.0,US
7045,2025-10-17 01:22:00,0,0.0,US
7046,2025-10-18 03:56:00,0,0.0,GB
7047,2025-10-11 19:33:00,0,0.0,US
7048,2025-11-02 15:18:00,0,0.0,US
7049,2025-12-25 23:17:00,0,0.0,MX
7050,2025-10-29 15:53:00,0,0.0,US
7051,2025-10-24 21:32:00,0,0.0,DE
7052,2025-11-12 15:26:00,0,0.0,US
7053,2025-11-11 17:23:00,0,0.0,US
7054,2025-10-10 11:35:00,0,0.0,BR
7055,2025-11-20 06:57:00,0,0.0,ES
7056,2025-12-26 23:33:00,0,0.0,US
7057,2025-10-13 03:24:00,0,0.0,US
7058,2025-12-21 19:49:00,1,9.07,CA
7059,2025-12-01 16:18:00,0,0.0,DE
7060,2025-10-23 13:36:00,0,0.0,ES
7061,2025-11-10 09:42:00,0,0.0,US
7062,2025-11-13 19:27:00,0,0.0,US
7063,2025-10-15 16:06:00,0,0.0,US
7064,2025-10-21 00:00:00,0,0.0,US
7065,2025-11-10 00:00:00,0,0.0,DE
7066,2025-12-05 09:11:00,1,10.53,GB
7067,2025-11-11 01:02:00,0,0.0,DE
7068,2026-01-07 12:31:00,0,0.0,CA
7069,2025-11-07 00:00:00,0,0.0,CA
7070,2026-01-03 20:14:00,0,0.0,ES
7071,2026-01-05 21:37:00,0,0.0,US
7072,2025-10-17 00:03:00,1,9.59,US
7073,2025-11-22 17:20:00,0,0.0,US
7074,2026-01-01 05:53:00,0,0.0,DE
7075,2025-10-19 22:37:00,0,0.0,MX
7076,2025-11-20 10:33:00,0,0.0,GB
7077,2025-11-08 04:40:00,0,0.0,GB
7078,2025-10-19 22:15:00,0,0.0,DE
7079,2025-11-01 00:49:00,0,0.0,MX
7080,2025-11-09 20:12:00,0,0.0,US
7081,2025-11-25 04:58:00,0,0.0,US
7082,2025-11-14 17:45:00,1,13.02,CA
7083,2025-11-25 05:47:00,0,0.0,US
7084,2025-11-08 07:30:00,0,0.0,ES
7085,2025-11-02 16:37:00,0,0.0,DE
7086,2025-11-25 00:00:00,0,0.0,US
7087,2025-10-30 00:00:00,0,0.0,MX
7088,2025-10-15 12:18:00,0,0.0,MX
7089,2025-11-12 12:11:00,0,0.0,GB
7090,2025-12-01 22:42:00,0,0.0,ES
7091,2025-12-21 00:01:00,0,0.0,US
7092,2025-11-07 02:24:00,0,0.0,GB
7093,2025-10-23 15:38:00,0,0.0,MX
7094,2025-12-20 10:35:00,0,0.0,ES
7095,2025-11-28 05:32:00,0,0.0,US
7096,2025-12-03 18:37:00,0,0.0,GB
7097,2025-12-09 02:55:00,1,12.41,US
7098,2025-10-13 23:06:00,1,10.11,BR
7099,2025-10-16 00:00:00,0,0.0,ES
7100,2026-01-05 08:02:00,0,0.0,GB
7101,2025-10-21 13:14:00,0,0.0,US
7102,2025-10-26 15:27:00,0,0.0,ES
7103,2025-12-08 12:48:00,0,0.0,BR
7104,2025-11-23 10:11:00,0,0.0,BR
7105,2025-12-17 22:41:00,0,0.0,ES
7106,2025-11-07 05:40:00,0,0.0,BR
7107,2025-11-22 06:04:00,0,0.0,US
7108,2025-12-05 18:31:00,0,0.0,CA
7109,2025-10-31 08:25:00,0,0.0,DE
7110,2025-10-22 21:28:00,0,0.0,CA
7111,2025-11-18 15:04:00,0,0.0,US
7112,2025-11-03 15:32:00,0,0.0,CA
7113,2025-11-23 00:00:00,0,0.0,US
7114,2025-10-22 00:00:00,0,0.0,US
7115,2025-10-14 18:06:00,0,0.0,US
7116,2025-11-11 16:25:00,0,0.0,MX
7117,2025-10-10 13:07:00,0,0.0,US
7118,2025-11-04 00:00:00,0,0.0,US
7119,2026-01-06 02:18:00,1,12.01,DE
7120,2025-11-18 14:46:00,0,0.0,GB
7121,2025-12-19 09:23:00,0,0.0,DE
7122,2025-11-08 00:00:00,0,0.0,US
7123,2025-10-08 02:19:00,0,0.0,GB
7124,2025-11-07 17:06:00,1,14.53,US
7125,2025-11-27 12:06:00,0,0.0,MX
7126,2025-12-16 00:15:00,0,0.0,MX
7127,2025-10-09 23:38:00,0,0.0,BR
7128,2025-11-22 01:48:00,0,0.0,BR
7129,2025-11-27 17:45:00,0,0.0,FR
7130,2025-12-04 21:29:00,0,0.0,GB
7131,2025-11-11 08:20:00,0,0.0,CA
7132,2025-11-28 16:37:00,1,6.04,DE
7133,2025-11-06 05:21:00,0,0.0,US
7134,2025-11-23 10:12:00,0,0.0,DE
7135,2025-11-15 03:59:00,0,0.0,BR
7136,2026-01-01 14:34:00,0,0.0,US
7137,2025-11-23 00:00:00,0,0.0,DE
7138,2026-01-06 18:13:00,0,0.0,US
7139,2025-10-22 17:00:00,0,0.0,US
7140,2025-10-08 19:22:00,0,0.0,US
7141,2025-10-12 00:36:00,0,0.0,MX
7142,2025-11-13 03:13:00,0,0.0,GB
7143,2025-10-16 03:12:00,0,0.0,US
7144,2026-01-12 06:39:00,0,0.0,BR
7145,2025-12-17 21:53:00,0,0.0,ES
7146,2025-10-20 21:06:00,0,0.0,ES
7147,2025-10-30 23:15:00,0,0.0,DE
7148,2025-11-18 01:32:00,0,0.0,US
7149,2025-10-12 23:45:00,0,0.0,MX
7150,2025-11-10 06:46:00,0,0.0,DE
7151,2025-10-22 18:03:00,0,0.0,FR
7152,2025-12-01 05:07:00,0,0.0,ES
7153,2025-10-29 09:34:00,0,0.0,CA
7154,2025-12-18 16:49:00,1,14.82,US
7155,2025-11-18 00:16:00,0,0.0,US
7156,2025-12-03 21:12:00,0,0.0,DE
7157,2025-12-01 00:55:00,1,7.91,ES
7158,2025-10-30 15:38:00,0,0.0,BR
7159,2025-12-07 17:12:00,0,0.0,MX
7160,2025-12-06 23:53:00,0,0.0,GB
7161,2025-11-04 00:00:00,0,0.0,CA
7162,2025-12-17 11:44:00,0,0.0,BR
7163,2025-11-30 00:42:00,0,0.0,US
7164,2025-10-15 17:56:00,0,0.0,US
7165,2025-11-02 05:05:00,1,10.17,CA
7166,2025-11-28 22:35:00,0,0.0,US
7167,2026-01-08 07:31:00,0,0.0,US
7168,2025-10-13 20:50:00,0,0.0,ES
7169,2025-12-11 09:44:00,0,0.0,GB
7170,2025-11-09 00:00:00,0,0.0,CA
7171,2025-11-26 12:59:00,0,0.0,ES
7172,2025-11-06 16:17:00,0,0.0,US
7173,2025-11-04 01:56:00,0,0.0,US
7174,2025-10-15 00:00:00,0,0.0,FR
7175,2025-10-08 00:00:00,0,0.0,ES
7176,2025-12-07 21:29:00,0,0.0,DE
7177,2025-11-15 23:50:00,0,0.0,US
7178,2025-12-06 05:33:00,0,0.0,BR
7179,2026-01-02 09:07:00,0,0.0,US
7180,2025-12-03 11:08:00,0,0.0,US
7181,2025-10-29 13:14:00,0,0.0,FR
7182,2025-12-07 07:51:00,0,0.0,US
7183,2025-12-14 02:14:00,0,0.0,US
7184,2025-12-12 07:01:00,0,0.0,US
7185,2026-01-09 17:13:00,0,0.0,GB
7186,2025-11-20 00:00:00,0,0.0,GB
7187,2025-12-10 11:41:00,0,0.0,US
7188,2026-01-03 18:56:00,0,0.0,CA
7189,2025-10-22 01:04:00,0,0.0,ES
7190,2025-11-17 17:53:00,0,0.0,US
7191,2025-12-11 23:46:00,0,0.0,US
7192,2025-11-30 15:20:00,0,0.0,GB
7193,2025-12-15 07:41:00,0,0.0,US
7194,2025-12-21 15:31:00,0,0.0,BR
7195,2025-12-30 00:00:00,1,8.24,US
7196,2025-10-29 10:50:00,0,0.0,US
7197,2026-01-07 12:40:00,0,0.0,GB
7198,2026-01-05 11:09:00,0,0.0,DE
7199,2025-12-01 00:28:00,0,0.0,US
7200,2025-12-03 05:34:00,0,0.0,US
7201,2025-10-20 00:00:00,0,0.0,ES
7202,2025-11-11 19:41:00,0,0.0,US
7203,2025-10-19 15:54:00,0,0.0,US
7204,2025-11-03 17:11:00,0,0.0,CA
7205,2025-10-27 21:14:00,0,0.0,US
7206,2025-11-16 14:12:00,0,0.0,US
7207,2025-10-31 14:42:00,0,0.0,ES
7208,2026-01-10 08:50:00,0,0.0,US
7209,2025-12-24 14:53:00,0,0.0,FR
7210,2025-11-02 00:00:00,0,0.0,BR
7211,2025-11-29 02:18:00,0,0.0,US
7212,2025-10-18 15:47:00,0,0.0,US
7213,2025-10-16 20:09:00,0,0.0,GB
7214,2025-12-21 00:00:00,0,0.0,BR
7215,2025-12-01 10:09:00,0,0.0,US
7216,2025-10-25 02:07:00,0,0.0,US
7217,2025-11-11 03:13:00,1,12.43,ES
7218,2025-11-12 10:08:00,1,9.99,DE
7219,2025-11-20 06:51:00,0,0.0,GB
7220,2025-11-06 16:32:00,0,0.0,ES
7221,2025-10-16 08:01:00,0,0.0,US
7222,2025-10-23 02:32:00,0,0.0,US
7223,2025-11-04 16:52:00,0,0.0,FR
7224,2025-10-23 17:30:00,0,0.0,MX
7225,2026-01-03 02:17:00,0,0.0,MX
7226,2025-12-24 03:42:00,0,0.0,DE
7227,2025-11-25 20:18:00,0,0.0,ES
7228,2025-12-26 08:44:00,0,0.0,FR
7229,2025-10-21 20:38:00,0,0.0,DE
7230,2025-10-06 05:17:00,0,0.0,MX
7231,2025-12-12 00:00:00,0,0.0,GB
7232,2025-11-16 00:16:00,0,0.0,US
7233,2025-12-13 21:13:00,0,0.0,US
7234,2025-12-22 21:02:00,0,0.0,US
7235,2025-12-28 00:00:00,0,0.0,GB
7236,2025-11-03 07:37:00,0,0.0,ES
7237,2025-12-02 21:21:00,0,0.0,DE
7238,2025-10-14 01:17:00,0,0.0,US
7239,2025-12-31 00:00:00,0,0.0,GB
7240,2025-12-23 00:28:00,0,0.0,CA
7241,2025-11-16 19:54:00,0,0.0,FR
7242,2025-12-10 00:00:00,0,0.0,MX
7243,2025-12-23 23:26:00,0,0.0,US
7244,2025-10-15 02:39:00,0,0.0,US
7245,2025-11-24 09:12:00,0,0.0,US
7246,2025-12-06 05:15:00,0,0.0,CA
7247,2025-12-13 07:13:00,0,0.0,US
7248,2025-11-11 00:00:00,0,0.0,MX
7249,2025-11-18 21:18:00,1,14.51,GB
7250,2025-12-07 23:16:00,0,0.0,ES
7251,2025-10-24 10:04:00,0,0.0,DE
7252,2025-10-18 15:58:00,0,0.0,BR
7253,2025-11-03 00:00:00,0,0.0,CA
7254,2025-11-07 16:15:00,0,0.0,US
7255,2025-10-31 00:00:00,0,0.0,BR
7256,2026-01-09 21:16:00,0,0.0,US
7257,2025-12-15 15:13:00,0,0.0,US
7258,2025-11-19 03:57:00,0,0.0,GB
7259,2025-12-25 00:00:00,0,0.0,US
7260,2025-11-13 03:25:00,0,0.0,FR
7261,2025-12-07 17:36:00,1,13.87,GB
7262,2025-12-19 00:00:00,0,0.0,MX
7263,2025-12-04 20:59:00,0,0.0,ES
7264,2025-12-02 01:28:00,0,0.0,US
7265,2025-12-31 08:19:00,0,0.0,US
7266,2025-11-23 21:17:00,0,0.0,MX
7267,2026-01-01 04:43:00,0,0.0,ES
7268,2025-10-12 04:51:00,0,0.0,US
7269,2025-10-30 17:13:00,0,0.0,GB
7270,2025-12-07 23:27:00,0,0.0,FR
7271,2025-12-12 05:24:00,0,0.0,US
7272,2025-10-31 07:41:00,0,0.0,GB
7273,2025-12-03 16:09:00,0,0.0,GB
7274,2025-11-04 04:07:00,0,0.0,CA
7275,2025-10-17 00:00:00,0,0.0,BR
7276,2025-11-02 00:18:00,0,0.0,ES
7277,2025-11-19 00:11:00,0,0.0,MX
7278,2025-11-06 21:00:00,0,0.0,MX
7279,2025-11-28 19:31:00,1,15.97,BR
7280,2025-12-26 07:40:00,0,0.0,US
7281,2025-12-23 12:10:00,0,0.0,DE
7282,2025-12-02 08:05:00,0,0.0,US
7283,2025-12-15 10:07:00,0,0.0,ES
7284,2025-12-17 20:41:00,0,0.0,ES
7285,2025-12-22 00:59:00,1,5.94,DE
7286,2026-01-01 06:48:00,0,0.0,FR
7287,2025-10-19 20:53:00,1,15.63,GB
7288,2025-12-16 16:16:00,0,0.0,US
7289,2026-01-05 23:48:00,0,0.0,GB
7290,2025-10-19 13:06:00,0,0.0,GB
7291,2025-10-31 06:37:00,1,11.92,US
7292,2025-10-24 07:14:00,0,0.0,DE
7293,2025-10-29 07:53:00,1,15.74,US
7294,2025-10-02 10:19:00,0,0.0,MX
7295,2025-12-08 08:00:00,0,0.0,US
7296,2025-12-18 00:00:00,0,0.0,US
7297,2025-11-30 04:21:00,1,15.36,FR
7298,2025-10-28 05:40:00,0,0.0,DE
7299,2025-12-03 07:48:00,0,0.0,US
7300,2025-12-25 01:00:00,0,0.0,DE
7301,2025-11-21 18:41:00,0,0.0,ES
7302,2025-11-01 13:36:00,0,0.0,GB
7303,2025-12-20 02:05:00,0,0.0,GB
7304,2025-12-21 00:00:00,0,0.0,US
7305,2025-11-14 21:33:00,0,0.0,GB
7306,2025-10-08 07:40:00,0,0.0,CA
7307,2025-12-07 00:18:00,0,0.0,ES
7308,2025-12-14 22:46:00,1,14.86,GB
7309,2025-11-17 08:49:00,0,0.0,US
7310,2026-01-05 10:00:00,0,0.0,FR
7311,2025-10-18 15:45:00,0,0.0,DE
7312,2025-11-19 16:14:00,1,14.53,US
7313,2025-11-04 19:41:00,0,0.0,US
7314,2025-11-10 00:19:00,0,0.0,US
7315,2025-11-11 21:52:00,0,0.0,DE
7316,2025-12-04 10:01:00,0,0.0,US
7317,2025-12-24 17:03:00,0,0.0,US
7318,2026-01-02 09:42:00,0,0.0,DE
7319,2025-11-04 23:45:00,0,0.0,US
7320,2025-10-12 08:11:00,0,0.0,US
7321,2025-10-09 19:06:00,0,0.0,US
7322,2025-11-26 09:53:00,0,0.0,US
7323,2025-11-23 01:24:00,0,0.0,BR
7324,2025-11-16 18:23:00,0,0.0,US
7325,2026-01-05 05:32:00,0,0.0,ES
7326,2025-12-26 04:31:00,1,10.84,US
7327,2025-11-17 22:21:00,0,0.0,US
7328,2025-10-19 12:23:00,0,0.0,US
7329,2025-11-20 21:38:00,0,0.0,FR
7330,2025-12-09 15:31:00,0,0.0,DE
7331,2026-01-08 07:12:00,0,0.0,US
7332,2025-12-01 11:04:00,0,0.0,US
7333,2025-12-01 03:00:00,0,0.0,US
7334,2025-11-27 08:06:00,0,0.0,DE
7335,2025-12-07 10:22:00,1,8.19,DE
7336,2025-11-19 23:08:00,0,0.0,GB
7337,2025-10-11 10:40:00,0,0.0,MX
7338,2025-11-10 04:33:00,0,0.0,MX
7339,2025-10-25 04:05:00,0,0.0,BR
7340,2025-11-01 13:13:00,0,0.0,US
7341,2025-12-13 15:19:00,0,0.0,DE
7342,2025-11-30 00:00:00,0,0.0,DE
7343,2025-10-22 22:07:00,0,0.0,GB
7344,2025-11-18 20:42:00,1,14.7,US
7345,2025-12-15 20:59:00,0,0.0,US
7346,2025-12-25 08:02:00,0,0.0,ES
7347,2025-12-27 00:03:00,0,0.0,ES
7348,2025-10-27 23:18:00,0,0.0,DE
7349,2025-10-22 00:11:00,0,0.0,DE
7350,2025-10-09 00:00:00,0,0.0,MX
7351,2025-11-20 00:00:00,0,0.0,FR
7352,2025-12-08 19:21:00,1,12.77,GB
7353,2025-12-08 16:45:00,1,11.88,MX
7354,2025-12-10 19:23:00,1,9.52,GB
7355,2025-11-20 15:05:00,0,0.0,US
7356,2025-12-06 06:18:00,0,0.0,CA
7357,2025-12-11 00:38:00,0,0.0,FR
7358,2025-11-14 15:33:00,0,0.0,MX
7359,2025-11-21 17:36:00,0,0.0,BR
7360,2025-10-12 14:08:00,0,0.0,BR
7361,2025-12-22 20:14:00,0,0.0,ES
7362,2025-10-10 15:54:00,0,0.0,US
7363,2025-11-30 21:18:00,0,0.0,GB
7364,2025-11-12 00:00:00,0,0.0,MX
7365,2025-11-21 17:16:00,0,0.0,US
7366,2025-12-24 17:38:00,0,0.0,US
7367,2025-10-28 12:49:00,0,0.0,GB
7368,2025-10-23 08:33:00,0,0.0,US
7369,2025-12-05 00:00:00,0,0.0,BR
7370,2025-12-04 00:00:00,0,0.0,CA
7371,2025-10-23 04:17:00,1,14.64,CA
7372,2025-12-14 04:32:00,0,0.0,FR
7373,2026-01-10 01:45:00,0,0.0,US
7374,2025-12-21 18:42:00,0,0.0,BR
7375,2025-12-14 00:00:00,0,0.0,CA
7376,2025-12-11 21:37:00,0,0.0,US
7377,2025-10-11 00:00:00,0,0.0,CA
7378,2025-12-01 23:47:00,0,0.0,FR
7379,2025-12-02 13:11:00,0,0.0,US
7380,2025-12-09 15:09:00,0,0.0,GB
7381,2025-10-13 00:54:00,0,0.0,US
7382,2025-11-21 04:54:00,0,0.0,MX
7383,2025-12-08 02:28:00,0,0.0,BR
7384,2025-11-19 00:00:00,0,0.0,US
7385,2025-12-04 08:05:00,0,0.0,DE
7386,2025-12-27 07:32:00,0,0.0,CA
7387,2025-11-28 17:27:00,0,0.0,US
7388,2025-12-16 06:59:00,0,0.0,US
7389,2025-10-23 18:56:00,0,0.0,ES
7390,2025-10-10 16:51:00,1,11.4,ES
7391,2025-12-31 23:34:00,0,0.0,MX
7392,2025-11-01 00:00:00,0,0.0,US
7393,2025-11-09 00:00:00,0,0.0,GB
7394,2025-11-06 08:25:00,0,0.0,US
7395,2025-12-29 12:20:00,0,0.0,FR
7396,2025-10-09 12:50:00,0,0.0,US
7397,2025-10-27 16:33:00,0,0.0,US
7398,2025-10-12 19:02:00,0,0.0,US
7399,2025-11-14 10:56:00,0,0.0,MX
7400,2025-11-12 18:29:00,0,0.0,US
7401,2025-11-16 09:40:00,0,0.0,US
7402,2025-10-28 08:30:00,0,0.0,ES
7403,2025-12-24 03:25:00,0,0.0,DE
7404,2026-01-02 18:08:00,0,0.0,US
7405,2025-12-29 00:00:00,0,0.0,FR
7406,2025-11-01 08:00:00,0,0.0,MX
7407,2025-12-16 00:46:00,0,0.0,ES
7408,2025-10-31 15:40:00,0,0.0,US
7409,2025-10-31 03:16:00,0,0.0,US
7410,2025-10-08 05:17:00,0,0.0,GB
7411,2025-11-10 18:32:00,0,0.0,MX
7412,2025-12-16 01:04:00,0,0.0,US
7413,2025-11-07 03:24:00,0,0.0,MX
7414,2026-01-10 04:49:00,0,0.0,GB
7415,2025-10-25 00:00:00,0,0.0,US
7416,2025-12-19 20:20:00,0,0.0,FR
7417,2025-11-02 00:00:00,0,0.0,DE
7418,2025-12-19 14:30:00,0,0.0,DE
7419,2025-10-29 18:43:00,0,0.0,GB
7420,2025-10-18 08:34:00,0,0.0,US
7421,2025-10-10 04:40:00,0,0.0,GB
7422,2025-10-19 12:04:00,0,0.0,US
7423,2025-11-14 19:49:00,0,0.0,US
7424,2025-10-29 04:10:00,0,0.0,MX
7425,2025-10-27 12:50:00,0,0.0,US
7426,2025-11-14 03:36:00,0,0.0,US
7427,2025-12-09 14:08:00,0,0.0,BR
7428,2025-10-18 12:11:00,0,0.0,ES
7429,2025-12-16 00:00:00,0,0.0,US
7430,2025-10-11 23:27:00,0,0.0,MX
7431,2025-10-20 05:55:00,0,0.0,US
7432,2025-11-24 01:10:00,0,0.0,BR
7433,2025-11-19 17:45:00,0,0.0,BR
7434,2026-01-10 09:30:00,0,0.0,MX
7435,2026-01-05 10:00:00,0,0.0,US
7436,2025-11-08 04:59:00,0,0.0,GB
7437,2026-01-11 11:59:00,0,0.0,MX
7438,2025-10-30 04:17:00,0,0.0,BR
7439,2025-10-27 03:06:00,0,0.0,GB
7440,2025-10-29 06:47:00,0,0.0,FR
7441,2025-12-29 11:11:00,0,0.0,MX
7442,2025-10-18 02:21:00,0,0.0,FR
7443,2026-01-01 23:47:00,0,0.0,US
7444,2025-10-03 00:00:00,0,0.0,MX
7445,2025-11-04 10:36:00,0,0.0,US
7446,2025-12-04 22:18:00,0,0.0,CA
7447,2025-12-11 00:00:00,0,0.0,FR
7448,2025-12-04 04:38:00,0,0.0,ES
7449,2025-11-06 00:44:00,0,0.0,MX
7450,2026-01-01 21:49:00,0,0.0,US
7451,2025-12-20 11:10:00,0,0.0,US
7452,2025-11-15 13:07:00,0,0.0,FR
7453,2025-12-13 17:41:00,1,13.14,MX
7454,2025-10-22 08:06:00,0,0.0,US
7455,2025-11-20 20:46:00,0,0.0,FR
7456,2025-10-12 00:00:00,0,0.0,MX
7457,2025-12-02 03:57:00,0,0.0,CA
7458,2025-11-23 09:48:00,0,0.0,FR
7459,2025-12-13 21:44:00,0,0.0,DE
7460,2025-12-17 12:43:00,0,0.0,US
7461,2025-12-22 22:49:00,0,0.0,ES
7462,2025-10-13 00:44:00,1,11.95,MX
7463,2025-10-17 00:00:00,0,0.0,US
7464,2025-12-25 08:29:00,0,0.0,FR
7465,2025-10-11 07:21:00,0,0.0,CA
7466,2025-11-02 14:16:00,0,0.0,GB
7467,2025-11-22 21:19:00,0,0.0,DE
7468,2025-10-08 00:00:00,0,0.0,US
7469,2025-10-28 23:04:00,0,0.0,ES
7470,2025-10-22 21:08:00,0,0.0,BR
7471,2025-11-01 00:00:00,0,0.0,US
7472,2025-12-02 22:16:00,0,0.0,BR
7473,2025-12-19 00:00:00,0,0.0,US
7474,2025-10-09 23:51:00,0,0.0,ES
7475,2025-10-28 00:00:00,1,9.63,GB
7476,2025-12-01 02:03:00,0,0.0,CA
7477,2025-11-05 12:11:00,0,0.0,DE
7478,2026-01-06 20:16:00,0,0.0,DE
7479,2025-12-17 16:49:00,0,0.0,GB
7480,2025-11-19 11:38:00,0,0.0,US
7481,2025-10-15 08:49:00,0,0.0,US
7482,2025-12-29 15:52:00,0,0.0,FR
7483,2025-10-17 19:47:00,0,0.0,FR
7484,2025-10-26 10:23:00,0,0.0,US
7485,2025-11-25 17:33:00,0,0.0,CA
7486,2025-12-08 08:10:00,1,9.0,CA
7487,2025-12-28 00:00:00,0,0.0,US
7488,2026-01-10 02:42:00,0,0.0,ES
7489,2025-12-12 13:39:00,0,0.0,BR
7490,2025-11-06 18:49:00,0,0.0,GB
7491,2025-10-05 16:20:00,0,0.0,GB
7492,2025-12-25 00:00:00,0,0.0,US
7493,2026-01-03 18:49:00,0,0.0,US
7494,2025-12-29 01:13:00,0,0.0,US
7495,2025-10-26 15:58:00,0,0.0,MX
7496,2025-12-31 18:51:00,0,0.0,GB
7497,2025-12-21 17:03:00,0,0.0,ES
7498,2025-11-16 12:30:00,0,0.0,FR
7499,2025-11-04 08:10:00,0,0.0,DE
7500,2025-10-03 13:18:00,0,0.0,CA
7501,2025-12-16 21:44:00,0,0.0,US
7502,2025-11-06 12:14:00,0,0.0,GB
7503,2025-11-05 06:20:00,1,12.74,US
7504,2025-11-14 06:27:00,0,0.0,DE
7505,2026-01-09 16:45:00,0,0.0,DE
7506,2025-11-06 21:02:00,0,0.0,US
7507,2025-11-08 16:55:00,0,0.0,DE
7508,2025-12-05 17:00:00,0,0.0,US
7509,2025-11-03 11:52:00,0,0.0,US
7510,2025-11-29 15:08:00,0,0.0,ES
7511,2025-10-24 12:35:00,0,0.0,GB
7512,2025-10-28 00:27:00,0,0.0,FR
7513,2025-11-22 11:07:00,0,0.0,ES
7514,2025-11-15 09:41:00,0,0.0,US
7515,2025-12-18 22:33:00,0,0.0,DE
7516,2025-12-18 00:00:00,0,0.0,CA
7517,2026-01-08 23:51:00,0,0.0,US
7518,2025-12-02 08:39:00,0,0.0,US
7519,2025-10-19 05:51:00,0,0.0,US
7520,2025-12-15 14:24:00,0,0.0,GB
7521,2025-11-03 05:56:00,0,0.0,GB
7522,2025-12-22 22:24:00,1,9.38,FR
7523,2025-12-07 02:37:00,1,11.98,US
7524,2025-11-22 00:40:00,0,0.0,DE
7525,2025-10-13 11:21:00,1,12.82,US
7526,2025-12-19 17:02:00,0,0.0,US
7527,2026-01-01 19:42:00,0,0.0,GB
7528,2025-12-01 07:06:00,0,0.0,CA
7529,2025-11-13 01:36:00,0,0.0,ES
7530,2025-10-24 18:26:00,0,0.0,US
7531,2025-10-10 00:00:00,0,0.0,US
7532,2025-10-11 19:19:00,0,0.0,FR
7533,2026-01-04 18:00:00,0,0.0,FR
7534,2025-11-20 15:33:00,0,0.0,US
7535,2025-10-30 09:31:00,0,0.0,US
7536,2025-12-24 13:33:00,1,15.31,MX
7537,2025-11-07 18:19:00,0,0.0,US
7538,2025-12-26 17:25:00,0,0.0,CA
7539,2025-11-02 14:20:00,0,0.0,DE
7540,2025-12-14 06:11:00,0,0.0,DE
7541,2025-12-19 07:12:00,0,0.0,US
7542,2025-11-17 02:57:00,0,0.0,US
7543,2025-12-17 06:03:00,0,0.0,US
7544,2025-12-04 16:17:00,0,0.0,GB
7545,2025-12-22 00:00:00,0,0.0,US
7546,2025-11-17 17:25:00,1,14.92,ES
7547,2025-11-14 23:55:00,0,0.0,US
7548,2025-12-17 05:21:00,0,0.0,MX
7549,2025-12-01 03:53:00,0,0.0,GB
7550,2025-10-30 17:53:00,0,0.0,ES
7551,2026-01-05 22:36:00,0,0.0,GB
7552,2025-11-21 00:42:00,0,0.0,FR
7553,2025-11-25 00:00:00,0,0.0,BR
7554,2025-12-10 05:01:00,0,0.0,US
7555,2025-12-27 19:06:00,0,0.0,CA
7556,2025-12-26 13:43:00,1,14.66,GB
7557,2025-12-08 19:28:00,0,0.0,BR
7558,2025-12-15 00:00:00,0,0.0,DE
7559,2025-11-24 14:29:00,0,0.0,BR
7560,2025-10-16 17:21:00,0,0.0,CA
7561,2025-10-21 05:09:00,0,0.0,MX
7562,2025-10-20 18:17:00,0,0.0,MX
7563,2025-10-19 12:13:00,0,0.0,US
7564,2025-10-28 01:12:00,0,0.0,US
7565,2025-11-08 02:14:00,0,0.0,BR
7566,2025-10-27 00:00:00,0,0.0,GB
7567,2025-12-25 02:39:00,0,0.0,CA
7568,2025-10-23 13:11:00,0,0.0,DE
7569,2025-10-07 00:00:00,0,0.0,MX
7570,2026-01-03 08:46:00,0,0.0,CA
7571,2025-12-28 19:52:00,0,0.0,US
7572,2025-11-16 00:33:00,0,0.0,DE
7573,2025-12-17 04:59:00,0,0.0,ES
7574,2025-10-11 18:57:00,0,0.0,DE
7575,2026-01-02 23:47:00,0,0.0,US
7576,2025-11-17 19:03:00,0,0.0,GB
7577,2025-12-30 04:32:00,0,0.0,MX
7578,2025-11-15 14:05:00,0,0.0,ES
7579,2025-12-22 18:58:00,0,0.0,US
7580,2025-12-17 23:01:00,0,0.0,DE
7581,2025-12-06 19:57:00,0,0.0,MX
7582,2025-12-21 07:58:00,0,0.0,FR
7583,2025-12-12 23:04:00,0,0.0,GB
7584,2025-10-16 00:00:00,0,0.0,US
7585,2025-12-30 20:44:00,0,0.0,GB
7586,2025-10-28 17:25:00,0,0.0,BR
7587,2026-01-02 09:16:00,0,0.0,US
7588,2025-12-21 00:00:00,0,0.0,US
7589,2025-12-21 12:24:00,0,0.0,CA
7590,2025-11-13 19:19:00,0,0.0,BR
7591,2025-12-22 20:29:00,0,0.0,MX
7592,2025-11-24 00:00:00,0,0.0,US
7593,2025-11-22 00:00:00,0,0.0,US
7594,2026-01-11 00:24:00,0,0.0,GB
7595,2025-11-16 08:00:00,0,0.0,BR
7596,2025-11-09 13:03:00,0,0.0,DE
7597,2025-11-20 10:18:00,1,19.72,CA
7598,2025-10-21 21:58:00,0,0.0,US
7599,2025-10-22 20:53:00,0,0.0,DE
7600,2025-11-23 10:21:00,0,0.0,US
7601,2025-11-23 00:54:00,0,0.0,US
7602,2025-10-27 10:25:00,0,0.0,CA
7603,2025-10-26 23:50:00,0,0.0,MX
7604,2025-10-24 14:17:00,0,0.0,US
7605,2025-12-13 18:01:00,0,0.0,ES
7606,2025-11-05 08:31:00,0,0.0,US
7607,2025-10-12 23:42:00,1,15.16,US
7608,2025-11-16 04:05:00,0,0.0,GB
7609,2025-12-21 19:18:00,0,0.0,US
7610,2025-10-23 10:00:00,0,0.0,US
7611,2025-12-12 18:08:00,0,0.0,CA
7612,2025-12-25 04:46:00,0,0.0,US
7613,2025-11-20 05:10:00,0,0.0,GB
7614,2025-10-14 09:38:00,0,0.0,US
7615,2025-10-14 12:15:00,0,0.0,GB
7616,2026-01-06 07:52:00,1,8.77,US
7617,2026-01-07 18:06:00,0,0.0,BR
7618,2025-11-29 09:27:00,0,0.0,ES
7619,2025-10-13 07:34:00,0,0.0,DE
7620,2025-10-29 04:52:00,0,0.0,ES
7621,2025-12-18 02:17:00,1,15.41,BR
7622,2025-10-10 00:26:00,0,0.0,US
7623,2025-10-22 11:44:00,0,0.0,CA
7624,2025-10-28 01:31:00,0,0.0,DE
7625,2025-10-23 06:02:00,0,0.0,US
7626,2025-12-28 23:11:00,0,0.0,GB
7627,2025-11-04 09:41:00,0,0.0,US
7628,2025-11-07 02:55:00,0,0.0,FR
7629,2026-01-02 15:53:00,0,0.0,CA
7630,2025-11-10 21:54:00,0,0.0,US
7631,2025-11-23 14:32:00,0,0.0,US
7632,2025-10-14 11:27:00,0,0.0,BR
7633,2025-10-30 13:36:00,0,0.0,ES
7634,2025-12-09 23:19:00,0,0.0,BR
7635,2026-01-01 03:55:00,1,16.12,DE
7636,2025-11-09 08:21:00,1,12.67,MX
7637,2025-12-09 00:00:00,0,0.0,US
7638,2025-11-02 11:57:00,0,0.0,BR
7639,2025-10-25 19:18:00,0,0.0,BR
7640,2025-10-17 05:19:00,0,0.0,BR
7641,2025-11-23 18:45:00,0,0.0,US
7642,2025-10-24 11:05:00,0,0.0,US
7643,2025-10-15 22:38:00,0,0.0,US
7644,2025-10-27 17:44:00,0,0.0,US
7645,2025-11-18 01:06:00,0,0.0,US
7646,2026-01-04 22:48:00,0,0.0,US
7647,2025-11-25 08:18:00,0,0.0,MX
7648,2025-11-30 11:46:00,0,0.0,FR
7649,2025-12-13 11:21:00,0,0.0,GB
7650,2025-12-27 00:00:00,0,0.0,MX
7651,2025-11-14 13:56:00,0,0.0,GB
7652,2025-10-30 17:43:00,0,0.0,MX
7653,2025-11-26 00:13:00,0,0.0,US
7654,2025-11-12 13:00:00,0,0.0,GB
7655,2025-10-18 07:02:00,0,0.0,GB
7656,2025-12-29 04:41:00,0,0.0,GB
7657,2025-10-10 13:40:00,0,0.0,FR
7658,2025-12-11 10:48:00,0,0.0,DE
7659,2025-12-26 15:35:00,0,0.0,FR
7660,2025-11-30 12:58:00,0,0.0,US
7661,2026-01-05 21:44:00,0,0.0,ES
7662,2025-12-11 18:01:00,0,0.0,BR
7663,2025-12-03 07:53:00,1,10.9,BR
7664,2025-10-18 23:47:00,0,0.0,GB
7665,2025-12-08 15:57:00,0,0.0,US
7666,2026-01-02 22:14:00,0,0.0,US
7667,2025-11-12 00:00:00,0,0.0,FR
7668,2026-01-04 16:25:00,0,0.0,GB
7669,2025-12-10 15:19:00,0,0.0,ES
7670,2025-12-10 12:41:00,0,0.0,US
7671,2025-11-06 00:00:00,0,0.0,BR
7672,2025-11-06 00:00:00,0,0.0,GB
7673,2025-10-11 17:07:00,0,0.0,US
7674,2025-11-06 10:23:00,0,0.0,GB
7675,2025-12-09 22:27:00,0,0.0,CA
7676,2025-10-21 02:00:00,0,0.0,CA
7677,2026-01-01 21:37:00,0,0.0,US
7678,2025-10-22 18:37:00,0,0.0,BR
7679,2025-12-26 09:56:00,1,14.58,GB
7680,2025-10-13 06:08:00,1,10.99,FR
7681,2026-01-09 21:28:00,0,0.0,FR
7682,2025-10-07 22:08:00,0,0.0,ES
7683,2025-10-14 23:57:00,0,0.0,ES
7684,2025-11-13 12:51:00,0,0.0,GB
7685,2025-10-08 13:17:00,0,0.0,US
7686,2025-11-22 10:31:00,0,0.0,BR
7687,2025-11-12 16:03:00,0,0.0,US
7688,2025-11-03 02:53:00,0,0.0,BR
7689,2025-11-20 17:46:00,0,0.0,US
7690,2025-11-12 00:01:00,0,0.0,BR
7691,2025-11-27 09:03:00,0,0.0,DE
7692,2026-01-01 00:00:00,0,0.0,US
7693,2025-11-17 02:32:00,0,0.0,FR
7694,2025-10-30 20:54:00,0,0.0,US
7695,2026-01-07 21:10:00,0,0.0,MX
7696,2025-12-26 00:00:00,0,0.0,US
7697,2025-12-16 08:22:00,1,14.4,US
7698,2025-11-05 16:42:00,0,0.0,MX
7699,2025-12-27 18:00:00,0,0.0,US
7700,2025-11-24 08:07:00,0,0.0,US
7701,2025-11-28 11:36:00,0,0.0,FR
7702,2025-12-06 02:39:00,0,0.0,US
7703,2025-11-07 01:45:00,0,0.0,ES
7704,2025-10-21 04:25:00,0,0.0,GB
7705,2025-11-06 00:00:00,0,0.0,CA
7706,2025-12-26 14:41:00,0,0.0,US
7707,2025-10-26 04:10:00,0,0.0,FR
7708,2025-10-24 13:31:00,0,0.0,US
7709,2025-10-04 09:28:00,0,0.0,DE
7710,2025-11-02 11:07:00,0,0.0,MX
7711,2025-10-20 00:00:00,0,0.0,MX
7712,2025-11-25 02:05:00,0,0.0,US
7713,2025-12-22 02:13:00,0,0.0,CA
7714,2025-12-26 03:43:00,0,0.0,US
7715,2026-01-10 20:40:00,1,6.59,DE
7716,2025-12-29 17:50:00,0,0.0,GB
7717,2025-11-08 01:43:00,0,0.0,US
7718,2025-11-04 01:09:00,0,0.0,MX
7719,2025-12-20 03:52:00,0,0.0,US
7720,2025-11-27 17:13:00,0,0.0,GB
7721,2025-10-29 02:49:00,0,0.0,US
7722,2025-10-31 12:42:00,1,13.28,US
7723,2025-12-24 20:32:00,0,0.0,US
7724,2025-11-15 01:04:00,0,0.0,ES
7725,2026-01-01 13:18:00,0,0.0,DE
7726,2025-11-04 14:49:00,0,0.0,CA
7727,2025-12-26 16:49:00,0,0.0,DE
7728,2025-11-28 22:13:00,0,0.0,CA
7729,2025-11-29 14:03:00,1,16.52,US
7730,2025-11-19 14:46:00,1,11.36,FR
7731,2025-12-14 00:00:00,0,0.0,US
7732,2026-01-03 11:39:00,0,0.0,DE
7733,2025-12-27 17:46:00,0,0.0,ES
7734,2025-11-06 17:52:00,0,0.0,US
7735,2025-10-21 15:08:00,0,0.0,FR
7736,2025-12-25 22:01:00,0,0.0,DE
7737,2025-11-19 00:00:00,0,0.0,US
7738,2026-01-01 05:27:00,0,0.0,MX
7739,2025-11-29 00:00:00,0,0.0,US
7740,2025-12-21 00:00:00,0,0.0,CA
7741,2025-11-21 00:00:00,0,0.0,CA
7742,2025-12-30 00:00:00,0,0.0,CA
7743,2025-12-04 18:44:00,0,0.0,US
7744,2025-12-17 00:00:00,0,0.0,US
7745,2025-11-20 01:27:00,0,0.0,US
7746,2025-11-17 10:01:00,0,0.0,GB
7747,2025-12-25 13:37:00,0,0.0,GB
7748,2025-12-07 01:48:00,0,0.0,DE
7749,2025-12-25 23:15:00,0,0.0,GB
7750,2025-12-15 04:39:00,0,0.0,FR
7751,2026-01-11 00:33:00,0,0.0,BR
7752,2025-11-17 19:19:00,0,0.0,US
7753,2025-11-02 00:50:00,0,0.0,US
7754,2025-12-21 11:33:00,0,0.0,DE
7755,2025-10-27 03:44:00,0,0.0,BR
7756,2025-12-05 08:50:00,0,0.0,US
7757,2025-10-19 13:47:00,1,8.3,MX
7758,2025-11-30 16:11:00,1,10.21,ES
7759,2025-11-10 06:59:00,0,0.0,GB
7760,2025-10-25 19:55:00,0,0.0,US
7761,2025-10-21 00:00:00,0,0.0,DE
7762,2025-11-10 23:43:00,0,0.0,CA
7763,2025-11-12 17:46:00,0,0.0,US
7764,2025-12-24 11:28:00,1,7.74,US
7765,2025-10-14 08:04:00,0,0.0,ES
7766,2025-11-08 14:07:00,0,0.0,US
7767,2025-11-10 21:18:00,0,0.0,DE
7768,2025-11-30 21:27:00,0,0.0,US
7769,2025-12-11 13:34:00,1,13.66,CA
7770,2025-10-15 11:25:00,1,8.6,US
7771,2025-11-08 11:20:00,0,0.0,US
7772,2025-11-24 20:14:00,1,7.62,US
7773,2025-10-07 20:22:00,0,0.0,CA
7774,2025-12-26 06:10:00,0,0.0,DE
7775,2025-11-22 13:08:00,0,0.0,MX
7776,2025-12-08 13:21:00,0,0.0,US
7777,2025-12-24 23:54:00,1,16.38,DE
7778,2025-12-20 23:13:00,0,0.0,FR
7779,2025-12-25 00:00:00,0,0.0,MX
7780,2025-12-28 10:30:00,0,0.0,CA
7781,2025-12-09 13:13:00,0,0.0,US
7782,2025-11-12 20:45:00,0,0.0,US
7783,2025-12-25 22:20:00,0,0.0,CA
7784,2025-10-15 15:58:00,0,0.0,US
7785,2025-10-28 01:14:00,0,0.0,ES
7786,2025-12-26 02:20:00,0,0.0,GB
7787,2025-12-11 01:20:00,0,0.0,US
7788,2026-01-02 20:06:00,0,0.0,BR
7789,2025-12-18 06:31:00,0,0.0,US
7790,2025-12-14 17:46:00,1,13.67,FR
7791,2025-11-06 20:12:00,0,0.0,MX
7792,2025-11-06 21:56:00,0,0.0,GB
7793,2025-10-30 19:46:00,0,0.0,US
7794,2025-12-12 02:24:00,0,0.0,MX
7795,2025-10-19 02:10:00,0,0.0,GB
7796,2025-11-23 18:28:00,0,0.0,CA
7797,2026-01-07 07:45:00,0,0.0,US
7798,2025-10-10 22:59:00,1,13.26,MX
7799,2025-12-17 19:56:00,0,0.0,FR
7800,2025-11-09 21:31:00,1,9.38,MX
7801,2025-11-04 00:00:00,0,0.0,ES
7802,2025-12-07 04:24:00,1,4.09,BR
7803,2025-12-19 14:22:00,0,0.0,FR
7804,2025-11-30 06:30:00,1,13.42,US
7805,2025-11-17 07:59:00,0,0.0,GB
7806,2025-11-22 00:00:00,0,0.0,MX
7807,2025-11-02 01:57:00,0,0.0,CA
7808,2025-10-19 08:36:00,0,0.0,FR
7809,2025-12-21 01:10:00,0,0.0,US
7810,2025-11-19 15:51:00,0,0.0,MX
7811,2025-10-26 09:50:00,0,0.0,US
7812,2025-10-24 07:56:00,0,0.0,ES
7813,2025-10-18 03:55:00,0,0.0,DE
7814,2025-12-02 11:00:00,0,0.0,US
7815,2025-12-11 12:06:00,0,0.0,US
7816,2025-11-26 13:11:00,0,0.0,US
7817,2025-11-03 05:35:00,0,0.0,US
7818,2025-10-13 11:51:00,0,0.0,ES
7819,2025-12-23 07:49:00,0,0.0,FR
7820,2025-11-26 21:26:00,0,0.0,DE
7821,2025-11-01 19:09:00,0,0.0,CA
7822,2025-10-25 16:02:00,0,0.0,MX
7823,2025-12-16 17:14:00,1,11.69,BR
7824,2025-12-06 17:13:00,0,0.0,DE
7825,2025-12-04 03:12:00,0,0.0,US
7826,2026-01-05 15:58:00,0,0.0,US
7827,2025-12-11 00:00:00,0,0.0,BR
7828,2025-12-11 14:16:00,1,9.83,US
7829,2025-10-20 00:24:00,0,0.0,ES
7830,2025-12-04 03:06:00,0,0.0,US
7831,2025-11-20 09:26:00,0,0.0,ES
7832,2025-10-23 19:02:00,0,0.0,US
7833,2025-10-18 10:07:00,0,0.0,US
7834,2025-10-27 00:40:00,0,0.0,CA
7835,2025-11-06 08:34:00,0,0.0,GB
7836,2025-10-11 00:00:00,0,0.0,ES
7837,2025-10-30 23:06:00,0,0.0,MX
7838,2025-12-26 17:14:00,0,0.0,FR
7839,2025-11-14 22:14:00,0,0.0,FR
7840,2026-01-10 20:31:00,0,0.0,ES
7841,2025-11-30 09:01:00,0,0.0,CA
7842,2026-01-01 19:22:00,0,0.0,MX
7843,2025-11-25 18:48:00,0,0.0,US
7844,2025-11-29 00:00:00,0,0.0,CA
7845,2025-12-02 17:28:00,0,0.0,CA
7846,2025-12-03 00:00:00,0,0.0,US
7847,2025-10-22 15:42:00,0,0.0,FR
7848,2025-11-25 14:56:00,0,0.0,US
7849,2025-12-21 11:01:00,0,0.0,US
7850,2025-12-27 10:08:00,0,0.0,US
7851,2025-12-20 03:28:00,1,13.35,US
7852,2025-12-16 12:24:00,1,12.24,DE
7853,2025-12-25 05:37:00,0,0.0,BR
7854,2025-11-26 20:56:00,0,0.0,MX
7855,2025-12-24 20:47:00,1,17.97,CA
7856,2025-11-26 10:15:00,1,8.76,ES
7857,2025-10-28 11:18:00,0,0.0,CA
7858,2025-12-15 20:15:00,0,0.0,MX
7859,2025-11-21 17:15:00,0,0.0,GB
7860,2025-10-28 21:47:00,1,8.96,ES
7861,2025-12-22 08:02:00,0,0.0,FR
7862,2025-12-05 21:34:00,0,0.0,FR
7863,2025-10-17 15:50:00,1,12.33,US
7864,2025-11-17 13:43:00,1,11.28,ES
7865,2025-10-23 00:00:00,0,0.0,FR
7866,2025-12-03 09:49:00,0,0.0,US
7867,2025-10-28 10:07:00,0,0.0,DE
7868,2025-11-08 15:18:00,0,0.0,ES
7869,2025-12-10 20:34:00,1,14.55,DE
7870,2025-11-01 07:02:00,0,0.0,DE
7871,2025-12-27 19:49:00,0,0.0,FR
7872,2025-12-23 10:10:00,0,0.0,FR
7873,2025-11-29 00:00:00,0,0.0,DE
7874,2025-11-24 17:06:00,0,0.0,US
7875,2025-11-23 14:08:00,0,0.0,US
7876,2025-12-15 23:13:00,1,11.32,US
7877,2025-12-26 06:23:00,0,0.0,MX
7878,2025-12-01 04:14:00,0,0.0,US
7879,2026-01-01 23:14:00,0,0.0,BR
7880,2025-12-21 00:00:00,0,0.0,ES
7881,2025-12-03 20:05:00,0,0.0,ES
7882,2025-12-14 22:09:00,0,0.0,US
7883,2025-11-19 00:28:00,0,0.0,GB
7884,2026-01-08 21:08:00,0,0.0,US
7885,2026-01-05 07:58:00,0,0.0,FR
7886,2025-12-02 23:52:00,0,0.0,US
7887,2025-11-30 05:47:00,0,0.0,US
7888,2025-12-27 15:25:00,0,0.0,US
7889,2026-01-03 22:37:00,0,0.0,US
7890,2025-12-30 07:13:00,0,0.0,GB
7891,2025-10-11 23:55:00,0,0.0,US
7892,2025-12-12 06:02:00,0,0.0,GB
7893,2025-11-02 05:56:00,0,0.0,ES
7894,2026-01-06 19:59:00,0,0.0,MX
7895,2025-12-11 00:00:00,0,0.0,MX
7896,2025-10-10 12:20:00,0,0.0,ES
7897,2025-12-13 12:17:00,0,0.0,US
7898,2025-10-21 04:27:00,0,0.0,FR
7899,2025-10-30 19:15:00,0,0.0,GB
7900,2025-11-20 20:20:00,0,0.0,US
7901,2025-12-24 22:47:00,0,0.0,US
7902,2025-12-21 16:14:00,1,16.68,DE
7903,2025-12-03 00:00:00,0,0.0,US
7904,2025-12-06 03:07:00,1,11.99,FR
7905,2025-12-25 01:56:00,0,0.0,FR
7906,2026-01-08 20:10:00,0,0.0,DE
7907,2025-12-08 15:02:00,0,0.0,DE
7908,2025-12-07 08:31:00,0,0.0,BR
7909,2025-11-12 16:03:00,0,0.0,DE
7910,2025-11-09 04:21:00,0,0.0,MX
7911,2025-12-25 07:02:00,0,0.0,CA
7912,2025-11-01 00:35:00,0,0.0,GB
7913,2025-10-07 18:18:00,0,0.0,MX
7914,2026-01-01 00:00:00,0,0.0,US
7915,2025-11-15 19:03:00,0,0.0,US
7916,2025-11-30 00:00:00,0,0.0,MX
7917,2025-12-26 06:24:00,0,0.0,CA
7918,2025-10-10 14:20:00,0,0.0,DE
7919,2025-12-06 17:30:00,0,0.0,DE
7920,2025-11-04 04:54:00,0,0.0,DE
7921,2025-10-11 20:24:00,0,0.0,FR
7922,2025-11-13 13:01:00,0,0.0,CA
7923,2025-11-02 09:54:00,0,0.0,CA
7924,2025-11-10 00:00:00,0,0.0,FR
7925,2025-10-24 17:43:00,0,0.0,US
7926,2026-01-02 04:25:00,0,0.0,GB
7927,2025-10-17 05:11:00,0,0.0,MX
7928,2025-11-09 00:21:00,1,9.99,GB
7929,2025-10-17 13:36:00,0,0.0,GB
7930,2025-11-04 08:23:00,0,0.0,GB
7931,2025-10-10 04:42:00,0,0.0,US
7932,2025-10-10 20:33:00,0,0.0,US
7933,2025-11-01 04:30:00,0,0.0,ES
7934,2025-12-07 20:37:00,0,0.0,FR
7935,2025-10-20 15:53:00,0,0.0,MX
7936,2025-11-13 07:08:00,0,0.0,GB
7937,2025-12-04 19:39:00,0,0.0,US
7938,2025-10-06 00:00:00,0,0.0,MX
7939,2025-10-31 20:52:00,0,0.0,BR
7940,2025-12-06 19:08:00,0,0.0,GB
7941,2025-12-27 14:03:00,0,0.0,US
7942,2025-10-19 18:58:00,0,0.0,US
7943,2025-12-05 19:46:00,0,0.0,ES
7944,2025-10-27 12:00:00,0,0.0,FR
7945,2026-01-04 03:34:00,0,0.0,US
7946,2025-12-27 13:53:00,0,0.0,FR
7947,2025-12-05 00:00:00,0,0.0,DE
7948,2025-10-11 06:50:00,0,0.0,US
7949,2025-10-18 21:08:00,0,0.0,DE
7950,2025-12-28 06:57:00,0,0.0,CA
7951,2025-11-20 21:34:00,0,0.0,US
7952,2026-01-03 02:27:00,0,0.0,US
7953,2025-11-11 20:41:00,0,0.0,BR
7954,2025-10-28 15:15:00,0,0.0,GB
7955,2025-11-07 08:28:00,0,0.0,MX
7956,2025-10-28 21:26:00,0,0.0,US
7957,2025-11-21 01:36:00,0,0.0,DE
7958,2025-11-09 06:08:00,0,0.0,US
7959,2025-11-06 13:46:00,1,12.63,US
7960,2025-10-07 00:00:00,0,0.0,GB
7961,2025-11-04 00:00:00,0,0.0,US
7962,2025-12-15 00:00:00,0,0.0,FR
7963,2025-12-29 00:00:00,0,0.0,GB
7964,2025-11-19 01:15:00,0,0.0,DE
7965,2025-12-22 19:40:00,0,0.0,US
7966,2025-12-19 00:00:00,0,0.0,CA
7967,2026-01-06 16:43:00,1,16.6,US
7968,2025-12-28 22:40:00,0,0.0,US
7969,2025-12-21 05:41:00,0,0.0,CA
7970,2025-12-02 22:04:00,0,0.0,DE
7971,2025-12-11 16:52:00,0,0.0,MX
7972,2025-12-18 03:09:00,0,0.0,FR
7973,2025-11-19 10:25:00,0,0.0,US
7974,2026-01-11 08:14:00,0,0.0,US
7975,2025-12-23 01:21:00,0,0.0,US
7976,2025-11-04 20:59:00,1,6.12,FR
7977,2025-10-24 00:00:00,0,0.0,US
7978,2025-10-30 09:06:00,0,0.0,BR
7979,2025-11-04 23:11:00,0,0.0,GB
7980,2025-11-23 22:15:00,0,0.0,US
7981,2025-12-09 03:04:00,0,0.0,ES
7982,2025-10-22 22:17:00,0,0.0,ES
7983,2025-10-31 16:36:00,0,0.0,US
7984,2025-12-09 20:31:00,0,0.0,US
7985,2025-11-13 16:19:00,0,0.0,GB
7986,2025-12-27 00:00:00,0,0.0,MX
7987,2025-12-02 03:16:00,0,0.0,GB
7988,2025-12-01 06:17:00,1,16.45,GB
7989,2025-11-05 16:52:00,0,0.0,ES
7990,2025-11-12 21:11:00,0,0.0,DE
7991,2025-12-17 08:57:00,0,0.0,US
7992,2025-12-05 17:12:00,0,0.0,DE
7993,2025-12-20 01:25:00,0,0.0,MX
7994,2025-12-06 06:56:00,0,0.0,ES
7995,2026-01-01 03:54:00,0,0.0,MX
7996,2025-10-06 23:25:00,0,0.0,US
7997,2025-10-18 00:00:00,0,0.0,FR
7998,2025-12-07 01:44:00,0,0.0,US
7999,2025-11-04 21:45:00,0,0.0,FR
8000,2025-11-02 18:59:00,0,0.0,GB
8001,2025-12-28 12:03:00,0,0.0,DE
8002,2025-11-01 22:19:00,0,0.0,DE
8003,2025-10-13 00:00:00,0,0.0,FR
8004,2025-10-12 03:49:00,0,0.0,FR
8005,2025-12-08 07:45:00,0,0.0,GB
8006,2025-12-24 09:18:00,0,0.0,US
8007,2025-10-18 00:00:00,0,0.0,MX
8008,2025-12-22 03:25:00,0,0.0,US
8009,2025-11-28 22:53:00,0,0.0,US
8010,2025-10-29 09:48:00,0,0.0,MX
8011,2025-11-11 23:03:00,0,0.0,CA
8012,2025-11-08 10:19:00,0,0.0,US
8013,2025-10-19 03:33:00,0,0.0,US
8014,2025-12-14 09:22:00,0,0.0,US
8015,2025-12-24 00:00:00,0,0.0,US
8016,2025-11-25 00:59:00,0,0.0,BR
8017,2025-11-21 06:53:00,0,0.0,US
8018,2025-12-01 00:00:00,0,0.0,US
8019,2025-10-20 21:06:00,0,0.0,US
8020,2025-11-17 19:18:00,0,0.0,GB
8021,2025-11-22 00:59:00,0,0.0,US
8022,2025-12-18 08:38:00,1,12.76,US
8023,2025-11-23 00:00:00,0,0.0,FR
8024,2025-12-21 08:22:00,0,0.0,MX
8025,2025-11-13 01:28:00,0,0.0,DE
8026,2025-12-15 23:32:00,1,11.48,US
8027,2025-12-30 05:04:00,0,0.0,US
8028,2025-10-20 00:11:00,0,0.0,BR
8029,2025-11-11 23:39:00,0,0.0,US
8030,2025-11-23 21:40:00,0,0.0,ES
8031,2026-01-03 06:01:00,0,0.0,US
8032,2025-12-03 07:28:00,0,0.0,FR
8033,2025-10-26 23:24:00,0,0.0,GB
8034,2025-10-16 12:52:00,1,13.52,DE
8035,2025-10-14 10:37:00,0,0.0,US
8036,2025-12-12 08:35:00,0,0.0,FR
8037,2025-11-01 12:42:00,0,0.0,BR
8038,2025-12-20 22:24:00,0,0.0,CA
8039,2025-12-01 16:18:00,0,0.0,US
8040,2025-11-24 19:46:00,0,0.0,US
8041,2025-12-17 01:48:00,0,0.0,FR
8042,2026-01-04 07:23:00,0,0.0,ES
8043,2025-12-17 08:48:00,0,0.0,CA
8044,2025-11-05 21:15:00,0,0.0,DE
8045,2025-10-04 19:46:00,0,0.0,GB
8046,2025-12-22 01:42:00,0,0.0,MX
8047,2025-10-31 05:35:00,0,0.0,MX
8048,2025-12-19 04:18:00,0,0.0,BR
8049,2025-11-23 23:49:00,0,0.0,US
8050,2025-12-07 14:21:00,0,0.0,DE
8051,2025-11-27 13:29:00,0,0.0,CA
8052,2025-11-21 08:45:00,0,0.0,MX
8053,2025-11-18 14:40:00,0,0.0,US
8054,2025-11-27 00:00:00,0,0.0,ES
8055,2025-11-21 13:56:00,0,0.0,US
8056,2025-12-15 00:00:00,0,0.0,GB
8057,2025-11-02 00:00:00,0,0.0,GB
8058,2026-01-04 21:05:00,0,0.0,US
8059,2025-10-24 22:49:00,1,10.81,ES
8060,2025-11-15 02:19:00,0,0.0,US
8061,2025-11-11 22:37:00,0,0.0,US
8062,2025-11-08 16:55:00,0,0.0,US
8063,2025-12-18 18:20:00,0,0.0,GB
8064,2025-10-28 06:10:00,0,0.0,BR
8065,2025-10-08 01:32:00,0,0.0,GB
8066,2025-11-06 23:00:00,0,0.0,FR
8067,2025-11-04 17:34:00,0,0.0,US
8068,2025-10-28 00:00:00,0,0.0,BR
8069,2025-11-21 00:00:00,0,0.0,CA
8070,2025-10-28 04:44:00,1,7.1,GB
8071,2025-11-12 11:43:00,0,0.0,MX
8072,2025-11-06 05:23:00,0,0.0,US
8073,2025-11-29 19:30:00,0,0.0,US
8074,2025-10-26 00:49:00,0,0.0,US
8075,2025-11-09 04:11:00,0,0.0,MX
8076,2025-12-06 21:02:00,0,0.0,US
8077,2025-10-31 00:00:00,0,0.0,CA
8078,2025-12-05 00:06:00,0,0.0,GB
8079,2025-12-11 21:46:00,0,0.0,US
8080,2025-11-06 23:48:00,0,0.0,FR
8081,2026-01-05 18:54:00,0,0.0,CA
8082,2025-12-13 21:36:00,0,0.0,MX
8083,2025-10-22 22:28:00,0,0.0,MX
8084,2025-11-03 18:30:00,1,12.43,FR
8085,2026-01-03 20:05:00,0,0.0,GB
8086,2025-11-20 05:16:00,0,0.0,ES
8087,2025-11-15 21:10:00,0,0.0,US
8088,2025-10-13 08:02:00,1,8.43,ES
8089,2025-11-24 03:42:00,0,0.0,US
8090,2025-10-05 08:48:00,0,0.0,FR
8091,2025-10-21 02:58:00,0,0.0,US
8092,2025-12-02 07:33:00,1,10.85,FR
8093,2025-11-07 16:39:00,0,0.0,GB
8094,2025-12-16 00:00:00,0,0.0,GB
8095,2025-11-25 21:09:00,0,0.0,CA
8096,2026-01-08 19:26:00,1,6.74,CA
8097,2025-12-07 16:39:00,0,0.0,US
8098,2025-10-17 16:46:00,0,0.0,US
8099,2025-11-09 01:27:00,0,0.0,GB
8100,2025-10-09 22:31:00,0,0.0,US
8101,2025-11-28 21:06:00,0,0.0,US
8102,2025-11-18 02:33:00,0,0.0,US
8103,2025-10-15 19:58:00,0,0.0,US
8104,2025-12-11 21:13:00,0,0.0,US
8105,2025-11-20 15:44:00,1,11.81,MX
8106,2025-12-30 11:42:00,0,0.0,FR
8107,2025-12-31 13:10:00,0,0.0,BR
8108,2025-11-13 03:27:00,0,0.0,DE
8109,2025-12-21 21:59:00,0,0.0,US
8110,2025-11-26 02:06:00,0,0.0,GB
8111,2025-12-24 05:05:00,0,0.0,FR
8112,2025-10-13 01:11:00,1,13.78,ES
8113,2026-01-07 01:06:00,0,0.0,GB
8114,2025-10-26 00:37:00,0,0.0,GB
8115,2025-11-27 00:00:00,0,0.0,ES
8116,2026-01-02 13:46:00,0,0.0,US
8117,2025-11-28 09:08:00,0,0.0,DE
8118,2025-11-06 22:46:00,0,0.0,GB
8119,2025-12-23 00:00:00,0,0.0,DE
8120,2025-12-31 22:20:00,0,0.0,CA
8121,2025-11-27 00:00:00,0,0.0,US
8122,2025-10-29 23:37:00,0,0.0,US
8123,2025-10-27 22:59:00,0,0.0,GB
8124,2025-10-24 10:51:00,0,0.0,US
8125,2025-12-31 14:20:00,0,0.0,ES
8126,2025-11-12 16:24:00,1,9.91,US
8127,2025-12-01 00:53:00,0,0.0,DE
8128,2025-11-11 08:02:00,0,0.0,MX
8129,2025-12-30 06:44:00,0,0.0,US
8130,2025-11-23 11:10:00,1,18.07,US
8131,2025-11-18 04:03:00,0,0.0,CA
8132,2025-11-15 11:42:00,0,0.0,CA
8133,2025-11-15 09:40:00,0,0.0,US
8134,2025-12-06 22:37:00,0,0.0,US
8135,2025-11-10 01:39:00,0,0.0,ES
8136,2025-11-07 03:12:00,0,0.0,CA
8137,2026-01-04 02:42:00,0,0.0,GB
8138,2025-12-02 03:57:00,0,0.0,GB
8139,2025-10-28 07:21:00,0,0.0,US
8140,2025-11-28 20:11:00,0,0.0,ES
8141,2025-11-15 03:26:00,0,0.0,US
8142,2025-12-15 10:17:00,0,0.0,US
8143,2025-11-22 22:42:00,1,9.19,US
8144,2025-12-30 00:00:00,0,0.0,US
8145,2025-12-19 08:57:00,0,0.0,US
8146,2025-12-02 22:13:00,0,0.0,GB
8147,2025-11-30 00:00:00,0,0.0,BR
8148,2025-12-22 23:50:00,1,10.09,US
8149,2025-11-06 16:10:00,0,0.0,ES
8150,2025-12-29 12:21:00,0,0.0,DE
8151,2025-10-24 15:37:00,0,0.0,BR
8152,2025-12-05 20:13:00,0,0.0,ES
8153,2025-10-15 00:00:00,0,0.0,MX
8154,2026-01-01 18:50:00,1,16.42,US
8155,2025-10-21 10:12:00,1,10.04,DE
8156,2025-10-20 22:16:00,0,0.0,ES
8157,2025-12-20 22:42:00,0,0.0,US
8158,2025-10-22 18:06:00,0,0.0,MX
8159,2025-12-07 07:13:00,0,0.0,US
8160,2025-12-20 18:47:00,0,0.0,FR
8161,2025-10-14 17:18:00,0,0.0,US
8162,2025-10-16 12:03:00,0,0.0,DE
8163,2025-11-16 05:09:00,0,0.0,US
8164,2025-10-22 10:13:00,0,0.0,GB
8165,2025-10-07 08:48:00,0,0.0,GB
8166,2025-10-12 14:35:00,1,9.01,DE
8167,2025-11-07 21:22:00,1,8.88,US
8168,2025-12-31 00:48:00,0,0.0,MX
8169,2025-12-10 07:32:00,0,0.0,US
8170,2025-11-09 00:00:00,0,0.0,US
8171,2025-11-08 00:00:00,0,0.0,US
8172,2025-10-29 14:46:00,0,0.0,US
8173,2025-11-26 13:56:00,0,0.0,ES
8174,2025-12-21 01:19:00,0,0.0,BR
8175,2025-11-02 00:00:00,0,0.0,US
8176,2025-12-09 15:53:00,0,0.0,MX
8177,2025-12-28 11:27:00,0,0.0,US
8178,2025-11-06 04:58:00,0,0.0,US
8179,2025-11-07 02:04:00,0,0.0,GB
8180,2025-10-27 08:08:00,0,0.0,GB
8181,2025-10-12 08:44:00,1,8.39,GB
8182,2025-12-17 18:38:00,0,0.0,ES
8183,2025-10-21 20:06:00,0,0.0,ES
8184,2026-01-11 19:14:00,0,0.0,FR
8185,2025-12-19 09:53:00,0,0.0,MX
8186,2025-10-30 14:31:00,1,9.69,DE
8187,2026-01-14 06:54:00,0,0.0,US
8188,2025-10-06 09:21:00,0,0.0,FR
8189,2025-11-20 22:51:00,0,0.0,US
8190,2025-12-31 03:30:00,0,0.0,ES
8191,2025-12-03 02:18:00,0,0.0,US
8192,2025-12-01 00:00:00,0,0.0,DE
8193,2025-11-13 04:30:00,0,0.0,MX
8194,2025-10-18 02:28:00,0,0.0,DE
8195,2025-10-16 00:00:00,0,0.0,MX
8196,2025-10-26 19:14:00,0,0.0,FR
8197,2025-12-18 18:32:00,0,0.0,GB
8198,2025-11-01 04:17:00,0,0.0,GB
8199,2025-10-15 22:30:00,0,0.0,ES
8200,2025-10-23 22:43:00,0,0.0,US
8201,2025-11-16 00:00:00,0,0.0,ES
8202,2025-12-28 04:55:00,1,14.39,MX
8203,2025-11-05 22:27:00,0,0.0,GB
8204,2026-01-02 12:15:00,0,0.0,GB
8205,2025-12-12 00:00:00,0,0.0,CA
8206,2025-11-08 17:30:00,0,0.0,MX
8207,2025-11-30 03:51:00,0,0.0,ES
8208,2025-10-29 17:51:00,0,0.0,MX
8209,2025-12-20 00:00:00,0,0.0,FR
8210,2025-10-28 14:33:00,0,0.0,US
8211,2025-12-18 14:06:00,0,0.0,BR
8212,2026-01-03 16:35:00,0,0.0,GB
8213,2025-11-25 02:54:00,0,0.0,CA
8214,2025-12-13 02:19:00,0,0.0,US
8215,2025-10-22 00:00:00,0,0.0,DE
8216,2026-01-06 01:10:00,0,0.0,DE
8217,2025-12-20 00:00:00,0,0.0,CA
8218,2025-12-20 06:17:00,1,9.26,US
8219,2025-11-30 19:34:00,0,0.0,FR
8220,2025-11-02 06:19:00,0,0.0,DE
8221,2025-11-28 16:16:00,1,13.94,FR
8222,2025-11-05 20:29:00,0,0.0,DE
8223,2025-12-11 18:41:00,0,0.0,US
8224,2025-12-17 11:38:00,0,0.0,GB
8225,2025-10-19 17:15:00,0,0.0,MX
8226,2025-12-28 02:10:00,0,0.0,CA
8227,2025-12-19 11:12:00,0,0.0,CA
8228,2025-10-10 00:00:00,0,0.0,GB
8229,2025-10-15 12:24:00,0,0.0,ES
8230,2025-10-22 13:31:00,0,0.0,MX
8231,2025-11-26 10:08:00,0,0.0,CA
8232,2025-11-09 02:19:00,0,0.0,GB
8233,2025-11-16 16:03:00,0,0.0,GB
8234,2025-12-15 20:09:00,0,0.0,CA
8235,2025-10-28 17:10:00,0,0.0,GB
8236,2025-10-26 03:14:00,0,0.0,GB
8237,2025-11-30 15:24:00,1,18.0,DE
8238,2025-11-24 16:08:00,0,0.0,US
8239,2025-12-12 12:42:00,1,15.57,GB
8240,2025-11-29 19:16:00,0,0.0,CA
8241,2025-11-04 00:00:00,0,0.0,FR
8242,2025-12-31 10:07:00,0,0.0,GB
8243,2025-10-27 00:00:00,0,0.0,DE
8244,2025-10-15 02:46:00,0,0.0,DE
8245,2025-12-21 20:44:00,0,0.0,US
8246,2025-11-26 16:20:00,0,0.0,US
8247,2025-10-04 05:06:00,0,0.0,DE
8248,2025-11-25 06:26:00,0,0.0,US
8249,2026-01-06 19:56:00,0,0.0,ES
8250,2025-11-16 05:51:00,0,0.0,GB
8251,2025-11-03 07:17:00,0,0.0,CA
8252,2025-10-13 05:30:00,1,9.63,GB
8253,2025-11-05 00:00:00,0,0.0,US
8254,2025-11-02 22:28:00,0,0.0,GB
8255,2025-10-12 08:17:00,0,0.0,ES
8256,2025-12-07 00:00:00,0,0.0,US
8257,2025-12-02 00:00:00,0,0.0,ES
8258,2026-01-05 16:21:00,0,0.0,US
8259,2025-11-04 15:37:00,0,0.0,CA
8260,2025-12-28 00:00:00,0,0.0,ES
8261,2025-11-16 23:21:00,0,0.0,DE
8262,2025-12-29 04:30:00,0,0.0,CA
8263,2025-11-26 00:00:00,0,0.0,ES
8264,2025-12-28 06:22:00,1,13.35,US
8265,2025-11-03 17:18:00,1,11.81,GB
8266,2025-10-14 13:31:00,0,0.0,MX
8267,2025-11-04 01:02:00,0,0.0,FR
8268,2025-12-24 00:00:00,0,0.0,US
8269,2025-12-21 10:35:00,1,9.8,US
8270,2025-11-05 08:43:00,0,0.0,MX
8271,2025-10-13 03:46:00,0,0.0,US
8272,2025-12-23 09:07:00,0,0.0,GB
8273,2025-12-04 03:52:00,0,0.0,FR
8274,2025-12-16 12:21:00,1,11.68,FR
8275,2025-10-20 11:13:00,0,0.0,US
8276,2025-12-18 21:31:00,0,0.0,MX
8277,2025-10-10 12:17:00,0,0.0,ES
8278,2025-11-22 12:55:00,0,0.0,US
8279,2025-12-23 19:43:00,0,0.0,GB
8280,2025-11-16 17:49:00,0,0.0,US
8281,2025-11-29 16:03:00,0,0.0,FR
8282,2025-11-30 12:11:00,0,0.0,GB
8283,2025-11-12 00:00:00,0,0.0,FR
8284,2025-12-30 07:58:00,0,0.0,US
8285,2025-12-02 06:40:00,0,0.0,GB
8286,2025-12-06 19:49:00,1,9.53,CA
8287,2025-11-17 00:58:00,0,0.0,US
8288,2025-11-27 05:26:00,0,0.0,CA
8289,2025-10-26 16:13:00,0,0.0,DE
8290,2025-10-27 09:50:00,0,0.0,BR
8291,2026-01-03 21:36:00,0,0.0,BR
8292,2025-12-01 18:50:00,0,0.0,US
8293,2025-12-15 00:00:00,0,0.0,MX
8294,2026-01-09 11:18:00,0,0.0,MX
8295,2025-12-28 13:34:00,1,11.85,FR
8296,2025-10-20 20:44:00,0,0.0,FR
8297,2025-10-30 15:27:00,0,0.0,MX
8298,2025-12-13 05:37:00,0,0.0,MX
8299,2025-12-23 11:57:00,0,0.0,US
8300,2025-12-19 14:52:00,1,12.43,BR
8301,2025-11-08 15:10:00,0,0.0,US
8302,2026-01-05 15:10:00,0,0.0,ES
8303,2025-12-13 14:28:00,1,13.11,CA
8304,2025-12-19 01:54:00,0,0.0,US
8305,2025-11-05 00:52:00,0,0.0,US
8306,2025-11-27 12:51:00,0,0.0,ES
8307,2025-11-29 10:37:00,0,0.0,US
8308,2025-11-22 18:26:00,0,0.0,CA
8309,2025-11-17 12:18:00,0,0.0,ES
8310,2025-11-06 16:53:00,0,0.0,DE
8311,2025-12-25 17:43:00,0,0.0,CA
8312,2025-12-06 16:47:00,1,13.28,US
8313,2025-12-08 15:09:00,0,0.0,CA
8314,2025-10-29 02:31:00,0,0.0,CA
8315,2025-10-14 09:35:00,0,0.0,FR
8316,2025-11-12 18:31:00,0,0.0,BR
8317,2025-11-06 21:04:00,0,0.0,ES
8318,2025-12-21 04:29:00,0,0.0,ES
8319,2026-01-01 16:42:00,0,0.0,FR
8320,2025-10-11 22:34:00,0,0.0,CA
8321,2025-10-10 03:33:00,0,0.0,CA
8322,2025-12-25 21:28:00,0,0.0,BR
8323,2026-01-03 04:19:00,0,0.0,GB
8324,2025-12-02 00:45:00,0,0.0,FR
8325,2025-10-28 00:12:00,0,0.0,DE
8326,2025-10-11 05:03:00,0,0.0,US
8327,2025-12-27 10:34:00,0,0.0,DE
8328,2025-11-27 00:24:00,0,0.0,CA
8329,2026-01-06 21:18:00,0,0.0,DE
8330,2025-11-20 09:22:00,0,0.0,US
8331,2025-11-24 03:47:00,1,11.52,FR
8332,2025-12-03 07:06:00,0,0.0,GB
8333,2025-12-13 08:49:00,0,0.0,US
8334,2025-11-13 11:11:00,0,0.0,US
8335,2025-12-06 23:04:00,0,0.0,US
8336,2025-12-31 17:03:00,0,0.0,MX
8337,2025-12-05 13:35:00,0,0.0,FR
8338,2025-11-25 22:50:00,0,0.0,ES
8339,2025-11-15 19:43:00,0,0.0,GB
8340,2025-10-16 01:52:00,0,0.0,US
8341,2025-11-03 00:00:00,0,0.0,ES
8342,2025-11-10 14:11:00,0,0.0,ES
8343,2025-12-31 17:51:00,0,0.0,US
8344,2025-10-28 08:27:00,0,0.0,GB
8345,2025-11-17 18:50:00,0,0.0,GB
8346,2025-10-22 02:15:00,0,0.0,GB
8347,2025-11-13 02:17:00,0,0.0,DE
8348,2025-10-14 23:59:00,1,10.21,US
8349,2025-10-26 08:29:00,1,10.51,US
8350,2026-01-01 21:18:00,0,0.0,US
8351,2025-11-30 22:54:00,0,0.0,GB
8352,2025-10-14 13:30:00,0,0.0,US
8353,2025-12-23 09:17:00,0,0.0,US
8354,2025-10-18 22:18:00,0,0.0,US
8355,2025-10-15 21:34:00,0,0.0,US
8356,2025-10-12 23:19:00,0,0.0,MX
8357,2025-12-03 06:10:00,0,0.0,US
8358,2025-12-01 00:00:00,0,0.0,MX
8359,2025-11-25 16:34:00,0,0.0,US
8360,2025-11-12 00:00:00,0,0.0,DE
8361,2025-12-12 09:19:00,0,0.0,US
8362,2025-11-19 18:45:00,0,0.0,DE
8363,2025-12-04 15:05:00,0,0.0,GB
8364,2025-12-16 19:47:00,0,0.0,US
8365,2025-11-20 21:43:00,0,0.0,CA
8366,2025-11-26 07:10:00,0,0.0,CA
8367,2025-10-21 19:26:00,0,0.0,MX
8368,2025-11-22 11:22:00,0,0.0,GB
8369,2025-10-30 14:43:00,0,0.0,US
8370,2025-12-13 09:32:00,0,0.0,US
8371,2025-10-21 05:27:00,0,0.0,GB
8372,2025-11-08 10:11:00,0,0.0,US
8373,2025-12-26 06:56:00,0,0.0,FR
8374,2025-11-03 17:10:00,0,0.0,CA
8375,2026-01-02 14:37:00,0,0.0,US
8376,2025-12-19 17:19:00,0,0.0,DE
8377,2026-01-01 16:37:00,0,0.0,US
8378,2025-10-03 00:00:00,0,0.0,ES
8379,2025-12-28 09:10:00,0,0.0,ES
8380,2025-11-26 14:15:00,0,0.0,FR
8381,2025-10-31 23:25:00,0,0.0,FR
8382,2025-10-01 04:31:00,0,0.0,US
8383,2025-11-27 05:51:00,0,0.0,US
8384,2025-10-07 18:25:00,0,0.0,CA
8385,2025-11-28 19:44:00,0,0.0,CA
8386,2025-10-30 06:13:00,0,0.0,CA
8387,2025-11-24 11:40:00,0,0.0,BR
8388,2025-10-30 18:01:00,0,0.0,DE
8389,2025-10-08 22:04:00,0,0.0,DE
8390,2025-11-30 10:55:00,0,0.0,ES
8391,2025-11-15 22:52:00,0,0.0,GB
8392,2025-12-01 05:43:00,0,0.0,FR
8393,2025-10-05 00:00:00,0,0.0,US
8394,2026-01-07 13:13:00,0,0.0,US
8395,2025-10-27 23:01:00,0,0.0,MX
8396,2025-12-23 23:21:00,0,0.0,FR
8397,2025-12-17 15:14:00,0,0.0,CA
8398,2025-10-09 20:03:00,0,0.0,US
8399,2025-12-29 00:00:00,0,0.0,US
8400,2025-11-18 08:27:00,0,0.0,US
8401,2025-12-24 20:03:00,0,0.0,FR
8402,2025-12-03 18:20:00,0,0.0,US
8403,2025-10-10 00:00:00,0,0.0,FR
8404,2026-01-06 06:40:00,0,0.0,ES
8405,2025-11-10 03:37:00,0,0.0,DE
8406,2025-11-17 01:23:00,0,0.0,ES
8407,2026-01-12 05:10:00,0,0.0,US
8408,2025-10-10 21:05:00,0,0.0,US
8409,2025-12-14 19:08:00,1,14.43,US
8410,2025-10-13 04:24:00,0,0.0,US
8411,2026-01-11 11:17:00,0,0.0,ES
8412,2025-12-10 00:00:00,0,0.0,US
8413,2025-11-19 07:31:00,0,0.0,GB
8414,2025-12-23 03:15:00,0,0.0,US
8415,2025-12-06 13:21:00,0,0.0,BR
8416,2025-11-24 12:19:00,0,0.0,MX
8417,2025-12-08 20:53:00,1,15.21,DE
8418,2025-12-06 21:40:00,0,0.0,US
8419,2025-11-01 22:23:00,0,0.0,US
8420,2025-12-15 04:07:00,0,0.0,US
8421,2025-10-17 11:28:00,0,0.0,US
8422,2025-11-27 11:14:00,0,0.0,FR
8423,2025-11-26 07:00:00,0,0.0,ES
8424,2025-11-05 05:37:00,0,0.0,US
8425,2025-12-17 08:34:00,0,0.0,FR
8426,2025-12-05 04:48:00,0,0.0,DE
8427,2025-10-14 00:00:00,0,0.0,US
8428,2025-10-15 09:51:00,1,15.09,US
8429,2025-11-18 18:40:00,0,0.0,FR
8430,2025-12-18 17:15:00,0,0.0,US
8431,2025-12-21 17:32:00,0,0.0,FR
8432,2025-11-14 17:44:00,1,12.79,BR
8433,2026-01-05 22:47:00,0,0.0,ES
8434,2025-11-16 21:03:00,0,0.0,MX
8435,2025-12-03 00:00:00,0,0.0,US
8436,2025-12-09 01:46:00,0,0.0,GB
8437,2025-10-15 07:52:00,0,0.0,MX
8438,2025-12-08 12:22:00,0,0.0,US
8439,2025-10-08 09:28:00,0,0.0,DE
8440,2025-11-03 18:10:00,0,0.0,FR
8441,2025-12-13 05:44:00,0,0.0,ES
8442,2026-01-04 20:00:00,0,0.0,GB
8443,2025-11-16 03:25:00,0,0.0,BR
8444,2026-01-06 02:43:00,0,0.0,US
8445,2025-11-26 17:13:00,0,0.0,ES
8446,2026-01-06 19:41:00,0,0.0,DE
8447,2025-11-13 21:36:00,0,0.0,GB
8448,2025-12-30 17:02:00,0,0.0,GB
8449,2025-11-05 23:18:00,0,0.0,FR
8450,2025-11-25 10:07:00,0,0.0,US
8451,2025-10-30 15:28:00,0,0.0,US
8452,2025-10-26 00:00:00,1,14.24,ES
8453,2025-12-08 00:00:00,0,0.0,US
8454,2025-12-29 11:20:00,1,8.87,US
8455,2025-12-04 21:28:00,0,0.0,MX
8456,2025-12-03 21:38:00,0,0.0,US
8457,2025-12-12 10:28:00,0,0.0,US
8458,2025-11-07 22:29:00,0,0.0,FR
8459,2025-12-02 02:17:00,0,0.0,GB
8460,2025-11-18 00:00:00,0,0.0,BR
8461,2025-11-27 21:05:00,0,0.0,US
8462,2025-11-17 11:13:00,0,0.0,CA
8463,2025-11-01 18:08:00,0,0.0,US
8464,2025-11-25 07:56:00,0,0.0,CA
8465,2025-11-09 07:57:00,0,0.0,CA
8466,2026-01-02 23:11:00,0,0.0,CA
8467,2025-12-06 14:14:00,0,0.0,US
8468,2025-11-15 03:22:00,0,0.0,DE
8469,2025-11-28 17:06:00,1,17.63,MX
8470,2025-11-04 07:44:00,0,0.0,FR
8471,2025-12-26 11:48:00,1,13.45,US
8472,2025-12-21 16:00:00,0,0.0,US
8473,2025-10-09 07:45:00,0,0.0,CA
8474,2025-12-27 21:12:00,0,0.0,FR
8475,2025-12-25 10:23:00,0,0.0,CA
8476,2025-12-13 09:52:00,0,0.0,FR
8477,2025-11-03 22:44:00,0,0.0,GB
8478,2025-10-20 07:59:00,1,11.75,US
8479,2025-11-03 02:15:00,0,0.0,US
8480,2025-11-04 23:00:00,0,0.0,US
8481,2025-12-18 04:52:00,0,0.0,MX
8482,2025-12-28 06:20:00,0,0.0,GB
8483,2025-12-16 00:00:00,0,0.0,US
8484,2025-12-03 00:09:00,0,0.0,ES
8485,2025-12-29 11:35:00,0,0.0,US
8486,2025-10-08 00:00:00,0,0.0,DE
8487,2025-11-13 12:43:00,0,0.0,US
8488,2025-12-12 23:19:00,0,0.0,ES
8489,2025-11-12 11:05:00,0,0.0,US
8490,2025-12-04 00:00:00,0,0.0,ES
8491,2025-11-19 12:34:00,1,8.44,CA
8492,2025-10-26 05:02:00,0,0.0,US
8493,2025-10-25 13:22:00,0,0.0,US
8494,2025-12-14 03:03:00,0,0.0,US
8495,2025-12-01 21:47:00,0,0.0,CA
8496,2025-10-25 03:39:00,0,0.0,ES
8497,2025-11-25 00:00:00,0,0.0,ES
8498,2025-12-28 02:29:00,0,0.0,US
8499,2025-12-20 02:02:00,1,11.84,BR
8500,2025-12-07 08:56:00,0,0.0,US
8501,2025-11-26 21:12:00,0,0.0,US
8502,2025-10-13 00:12:00,0,0.0,GB
8503,2025-11-29 08:39:00,0,0.0,MX
8504,2025-11-29 04:35:00,1,12.57,FR
8505,2025-12-09 12:13:00,0,0.0,FR
8506,2025-12-25 05:47:00,0,0.0,US
8507,2026-01-04 03:52:00,0,0.0,GB
8508,2025-10-25 17:19:00,0,0.0,DE
8509,2025-12-22 11:37:00,0,0.0,DE
8510,2025-12-28 11:12:00,0,0.0,BR
8511,2025-11-12 03:36:00,1,11.13,MX
8512,2025-12-19 11:34:00,0,0.0,BR
8513,2026-01-04 04:32:00,1,9.83,CA
8514,2025-10-20 09:21:00,0,0.0,BR
8515,2025-11-05 08:58:00,0,0.0,FR
8516,2025-12-31 13:28:00,0,0.0,US
8517,2025-11-09 01:34:00,0,0.0,MX
8518,2025-10-07 11:21:00,0,0.0,MX
8519,2025-11-06 23:40:00,0,0.0,FR
8520,2025-12-11 17:14:00,0,0.0,US
8521,2025-10-30 12:59:00,0,0.0,MX
8522,2025-11-28 18:49:00,0,0.0,DE
8523,2025-12-22 13:59:00,0,0.0,CA
8524,2026-01-04 17:51:00,1,15.94,FR
8525,2025-12-17 20:07:00,1,10.67,BR
8526,2025-11-23 05:42:00,0,0.0,US
8527,2025-12-01 01:06:00,0,0.0,CA
8528,2025-11-10 16:05:00,0,0.0,US
8529,2025-11-09 21:51:00,0,0.0,MX
8530,2025-10-27 03:24:00,0,0.0,CA
8531,2025-12-10 20:57:00,0,0.0,US
8532,2025-12-08 07:12:00,0,0.0,FR
8533,2025-12-13 12:39:00,0,0.0,FR
8534,2025-12-30 06:09:00,0,0.0,DE
8535,2025-12-17 17:15:00,0,0.0,DE
8536,2025-11-01 00:00:00,0,0.0,FR
8537,2025-11-27 21:45:00,0,0.0,FR
8538,2026-01-09 20:38:00,0,0.0,US
8539,2025-12-16 15:30:00,0,0.0,FR
8540,2025-12-20 20:08:00,0,0.0,US
8541,2025-11-08 01:15:00,0,0.0,US
8542,2025-11-15 22:34:00,0,0.0,DE
8543,2025-12-18 23:54:00,0,0.0,US
8544,2025-10-22 00:00:00,0,0.0,ES
8545,2025-11-21 19:07:00,0,0.0,ES
8546,2025-11-14 18:23:00,0,0.0,US
8547,2025-12-20 19:26:00,0,0.0,GB
8548,2025-11-27 00:48:00,0,0.0,ES
8549,2025-10-12 15:21:00,0,0.0,BR
8550,2025-10-13 10:24:00,0,0.0,BR
8551,2025-10-22 00:00:00,0,0.0,BR
8552,2026-01-09 08:14:00,0,0.0,BR
8553,2026-01-05 21:38:00,0,0.0,BR
8554,2025-11-17 11:40:00,0,0.0,GB
8555,2025-12-29 14:07:00,0,0.0,ES
8556,2025-11-01 15:42:00,0,0.0,US
8557,2025-10-07 19:53:00,0,0.0,US
8558,2025-12-01 21:57:00,0,0.0,US
8559,2026-01-06 00:48:00,0,0.0,US
8560,2025-12-18 21:33:00,0,0.0,US
8561,2025-12-02 17:27:00,0,0.0,FR
8562,2025-10-22 07:15:00,0,0.0,US
8563,2025-12-26 09:48:00,0,0.0,GB
8564,2025-11-13 20:30:00,0,0.0,US
8565,2026-01-04 15:20:00,0,0.0,ES
8566,2025-11-04 22:56:00,0,0.0,US
8567,2025-12-06 02:36:00,0,0.0,CA
8568,2025-12-26 05:45:00,0,0.0,CA
8569,2025-12-03 12:32:00,0,0.0,US
8570,2025-10-25 00:00:00,0,0.0,US
8571,2025-11-03 17:49:00,0,0.0,CA
8572,2025-11-05 08:10:00,0,0.0,US
8573,2025-10-24 10:36:00,0,0.0,US
8574,2025-10-20 07:14:00,0,0.0,FR
8575,2025-11-19 21:49:00,0,0.0,US
8576,2025-11-12 21:20:00,0,0.0,US
8577,2025-11-14 14:22:00,0,0.0,GB
8578,2025-11-17 12:18:00,0,0.0,MX
8579,2025-11-06 19:58:00,0,0.0,GB
8580,2025-12-12 08:04:00,0,0.0,CA
8581,2025-12-28 22:33:00,0,0.0,US
8582,2025-11-08 18:08:00,0,0.0,GB
8583,2025-12-04 18:14:00,0,0.0,CA
8584,2025-10-21 18:18:00,0,0.0,FR
8585,2025-11-07 00:00:00,0,0.0,US
8586,2025-10-18 09:36:00,0,0.0,US
8587,2025-11-26 07:41:00,0,0.0,US
8588,2025-12-05 06:04:00,1,11.72,US
8589,2025-11-13 15:21:00,1,13.27,US
8590,2025-10-21 21:47:00,0,0.0,MX
8591,2025-12-17 23:26:00,0,0.0,CA
8592,2025-10-26 00:50:00,0,0.0,ES
8593,2025-12-04 03:05:00,0,0.0,US
8594,2025-12-07 09:30:00,0,0.0,ES
8595,2025-11-15 10:51:00,0,0.0,US
8596,2025-12-10 00:00:00,0,0.0,MX
8597,2025-12-18 18:44:00,0,0.0,ES
8598,2025-10-11 07:44:00,0,0.0,DE
8599,2025-12-05 00:00:00,0,0.0,ES
8600,2025-10-21 09:00:00,0,0.0,BR
8601,2025-12-27 06:26:00,0,0.0,US
8602,2025-11-06 20:38:00,0,0.0,GB
8603,2025-11-21 13:23:00,0,0.0,GB
8604,2025-11-12 09:12:00,0,0.0,US
8605,2025-10-29 09:36:00,0,0.0,US
8606,2025-11-20 04:41:00,0,0.0,ES
8607,2025-12-17 18:06:00,0,0.0,DE
8608,2025-10-20 12:00:00,0,0.0,FR
8609,2025-12-17 04:27:00,0,0.0,US
8610,2026-01-07 05:43:00,0,0.0,ES
8611,2025-12-26 00:00:00,0,0.0,US
8612,2025-10-15 00:00:00,0,0.0,US
8613,2025-10-03 19:35:00,0,0.0,CA
8614,2026-01-01 15:03:00,0,0.0,CA
8615,2025-11-20 10:03:00,0,0.0,US
8616,2025-10-26 21:20:00,0,0.0,FR
8617,2025-10-21 13:25:00,0,0.0,FR
8618,2025-12-03 00:22:00,0,0.0,US
8619,2026-01-03 16:44:00,0,0.0,BR
8620,2025-11-12 00:00:00,0,0.0,FR
8621,2025-12-09 23:28:00,0,0.0,CA
8622,2025-10-16 10:45:00,1,13.93,MX
8623,2025-11-11 02:32:00,0,0.0,US
8624,2025-10-11 00:00:00,0,0.0,MX
8625,2025-11-24 00:00:00,0,0.0,US
8626,2025-11-16 14:25:00,0,0.0,FR
8627,2025-12-30 16:29:00,0,0.0,US
8628,2025-11-17 11:57:00,0,0.0,US
8629,2025-12-09 17:02:00,0,0.0,FR
8630,2025-10-14 22:42:00,0,0.0,US
8631,2025-10-28 07:37:00,0,0.0,BR
8632,2025-11-11 01:35:00,0,0.0,GB
8633,2025-12-07 11:56:00,0,0.0,US
8634,2025-10-10 05:55:00,1,10.45,ES
8635,2025-12-24 08:57:00,1,9.2,US
8636,2025-10-13 04:21:00,1,13.97,US
8637,2025-11-30 17:20:00,0,0.0,US
8638,2025-12-10 20:49:00,0,0.0,FR
8639,2025-11-22 14:11:00,0,0.0,US
8640,2025-12-29 12:45:00,0,0.0,FR
8641,2025-11-09 02:33:00,0,0.0,MX
8642,2025-11-02 03:17:00,0,0.0,ES
8643,2025-11-11 20:45:00,0,0.0,US
8644,2025-11-12 02:55:00,0,0.0,FR
8645,2025-10-14 23:39:00,0,0.0,ES
8646,2026-01-04 11:45:00,0,0.0,GB
8647,2025-10-18 08:23:00,0,0.0,US
8648,2025-11-09 16:04:00,0,0.0,ES
8649,2025-11-17 01:16:00,0,0.0,DE
8650,2025-10-16 00:00:00,0,0.0,US
8651,2025-12-13 19:20:00,0,0.0,ES
8652,2025-12-04 13:41:00,0,0.0,US
8653,2025-10-06 16:33:00,0,0.0,US
8654,2025-11-04 01:56:00,1,11.36,US
8655,2025-11-29 08:53:00,0,0.0,BR
8656,2025-11-21 22:39:00,0,0.0,CA
8657,2025-11-21 00:00:00,0,0.0,US
8658,2025-11-02 10:00:00,1,10.16,MX
8659,2026-01-05 13:29:00,0,0.0,FR
8660,2025-11-04 23:07:00,0,0.0,US
8661,2025-12-24 00:00:00,0,0.0,GB
8662,2025-10-29 12:26:00,0,0.0,US
8663,2025-11-10 19:06:00,0,0.0,MX
8664,2025-10-09 18:36:00,0,0.0,US
8665,2025-12-15 17:54:00,0,0.0,US
8666,2025-11-05 23:04:00,0,0.0,US
8667,2025-12-10 19:03:00,0,0.0,BR
8668,2025-12-28 15:35:00,1,13.08,MX
8669,2025-11-07 12:39:00,0,0.0,GB
8670,2025-12-07 15:31:00,0,0.0,US
8671,2025-11-21 08:02:00,0,0.0,ES
8672,2025-12-26 15:56:00,0,0.0,US
8673,2025-10-30 00:00:00,0,0.0,US
8674,2025-10-31 18:27:00,0,0.0,GB
8675,2025-10-17 10:25:00,0,0.0,US
8676,2025-10-09 21:51:00,0,0.0,US
8677,2025-12-08 22:11:00,1,19.72,MX
8678,2025-10-22 00:00:00,0,0.0,DE
8679,2025-10-11 12:43:00,0,0.0,FR
8680,2025-11-02 02:53:00,0,0.0,US
8681,2025-12-27 17:23:00,1,10.82,GB
8682,2026-01-01 03:18:00,0,0.0,US
8683,2025-12-08 00:00:00,0,0.0,FR
8684,2025-12-30 14:01:00,0,0.0,GB
8685,2025-10-19 10:57:00,0,0.0,FR
8686,2025-10-29 09:23:00,0,0.0,US
8687,2025-12-03 21:02:00,0,0.0,MX
8688,2025-10-28 05:39:00,0,0.0,DE
8689,2025-11-01 04:07:00,0,0.0,US
8690,2025-11-16 07:37:00,1,15.91,FR
8691,2026-01-03 05:07:00,0,0.0,GB
8692,2025-11-02 18:10:00,0,0.0,DE
8693,2026-01-01 10:53:00,0,0.0,US
8694,2025-12-19 16:02:00,1,15.81,DE
8695,2025-12-08 06:09:00,0,0.0,BR
8696,2025-12-13 20:15:00,0,0.0,US
8697,2025-10-20 12:14:00,0,0.0,US
8698,2026-01-01 19:12:00,0,0.0,FR
8699,2025-10-10 00:00:00,0,0.0,CA
8700,2025-11-13 20:21:00,0,0.0,US
8701,2025-12-29 20:38:00,0,0.0,CA
8702,2026-01-11 08:41:00,0,0.0,GB
8703,2025-10-17 13:03:00,0,0.0,US
8704,2025-11-18 12:25:00,0,0.0,US
8705,2025-10-15 09:37:00,0,0.0,GB
8706,2025-11-02 02:42:00,0,0.0,FR
8707,2026-01-05 14:31:00,1,9.85,GB
8708,2025-12-22 13:50:00,0,0.0,ES
8709,2025-10-28 13:33:00,1,15.07,US
8710,2025-12-03 21:22:00,0,0.0,CA
8711,2025-11-30 00:00:00,0,0.0,CA
8712,2025-11-12 00:00:00,0,0.0,CA
8713,2026-01-08 21:36:00,0,0.0,US
8714,2025-12-09 12:47:00,0,0.0,DE
8715,2025-10-29 07:27:00,0,0.0,US
8716,2025-10-12 19:22:00,0,0.0,CA
8717,2025-10-29 09:01:00,0,0.0,MX
8718,2025-11-27 04:09:00,0,0.0,ES
8719,2025-12-10 00:00:00,0,0.0,US
8720,2025-10-08 09:45:00,0,0.0,GB
8721,2025-11-08 17:26:00,0,0.0,US
8722,2025-11-28 04:25:00,0,0.0,DE
8723,2025-10-16 11:41:00,0,0.0,CA
8724,2025-12-18 16:53:00,0,0.0,US
8725,2025-12-22 01:13:00,0,0.0,MX
8726,2025-10-16 11:01:00,0,0.0,US
8727,2026-01-13 18:40:00,0,0.0,US
8728,2025-11-11 09:45:00,0,0.0,US
8729,2025-10-31 00:54:00,0,0.0,US
8730,2025-11-02 00:00:00,0,0.0,DE
8731,2025-10-12 05:46:00,0,0.0,BR
8732,2025-10-19 22:47:00,1,10.94,GB
8733,2025-11-16 15:10:00,0,0.0,BR
8734,2025-11-20 00:00:00,0,0.0,CA
8735,2025-12-12 12:47:00,0,0.0,MX
8736,2025-12-15 00:00:00,0,0.0,MX
8737,2025-11-11 00:00:00,0,0.0,FR
8738,2025-12-04 02:46:00,0,0.0,US
8739,2025-12-08 20:37:00,0,0.0,US
8740,2025-10-16 18:50:00,0,0.0,US
8741,2026-01-01 21:49:00,0,0.0,US
8742,2025-10-27 15:54:00,0,0.0,BR
8743,2025-12-27 18:21:00,0,0.0,BR
8744,2025-11-13 00:00:00,0,0.0,DE
8745,2025-11-20 03:56:00,0,0.0,GB
8746,2025-12-09 08:00:00,1,7.03,US
8747,2025-11-20 14:16:00,0,0.0,CA
8748,2025-11-12 23:29:00,0,0.0,CA
8749,2025-12-26 17:15:00,1,13.31,US
8750,2026-01-05 03:31:00,0,0.0,BR
8751,2025-10-21 06:09:00,0,0.0,DE
8752,2025-11-19 19:04:00,1,17.55,US
8753,2025-10-20 00:51:00,0,0.0,MX
8754,2025-12-26 21:03:00,0,0.0,US
8755,2025-12-20 18:45:00,0,0.0,DE
8756,2025-12-19 17:35:00,0,0.0,BR
8757,2025-10-29 22:49:00,0,0.0,US
8758,2025-10-25 02:06:00,0,0.0,MX
8759,2025-11-05 16:45:00,0,0.0,US
8760,2026-01-06 20:27:00,0,0.0,US
8761,2025-12-18 00:00:00,0,0.0,GB
8762,2025-11-16 03:11:00,0,0.0,CA
8763,2025-12-07 19:46:00,0,0.0,ES
8764,2025-12-31 22:31:00,0,0.0,FR
8765,2025-12-31 08:36:00,0,0.0,FR
8766,2025-11-19 04:29:00,0,0.0,CA
8767,2026-01-10 06:53:00,0,0.0,FR
8768,2025-12-12 00:00:00,0,0.0,US
8769,2025-12-29 10:16:00,1,12.4,DE
8770,2025-12-14 17:20:00,0,0.0,CA
8771,2025-10-28 22:26:00,0,0.0,FR
8772,2025-10-30 04:48:00,0,0.0,US
8773,2025-11-07 00:00:00,0,0.0,BR
8774,2025-10-17 05:47:00,0,0.0,US
8775,2025-11-17 22:46:00,0,0.0,US
8776,2025-10-23 15:27:00,0,0.0,BR
8777,2025-12-07 05:14:00,0,0.0,US
8778,2025-11-18 16:44:00,0,0.0,GB
8779,2025-10-24 00:00:00,0,0.0,MX
8780,2025-12-28 11:03:00,0,0.0,US
8781,2025-11-22 19:49:00,0,0.0,BR
8782,2025-11-19 19:39:00,0,0.0,MX
8783,2025-10-05 23:31:00,0,0.0,US
8784,2026-01-04 20:40:00,1,12.57,GB
8785,2025-12-06 00:00:00,0,0.0,GB
8786,2025-12-18 00:00:00,0,0.0,FR
8787,2025-12-25 13:49:00,1,12.79,ES
8788,2026-01-04 04:07:00,0,0.0,CA
8789,2025-10-27 06:08:00,0,0.0,GB
8790,2025-12-06 10:03:00,0,0.0,GB
8791,2025-11-23 19:43:00,0,0.0,US
8792,2025-12-01 23:02:00,0,0.0,DE
8793,2025-11-10 04:38:00,0,0.0,US
8794,2025-12-13 03:47:00,0,0.0,CA
8795,2025-12-16 22:39:00,0,0.0,GB
8796,2026-01-09 07:02:00,0,0.0,MX
8797,2025-11-04 22:57:00,1,14.67,US
8798,2025-12-30 07:21:00,0,0.0,FR
8799,2025-11-19 23:42:00,1,15.74,US
8800,2025-12-05 01:03:00,0,0.0,GB
8801,2025-11-13 19:01:00,0,0.0,US
8802,2025-12-01 07:53:00,0,0.0,ES
8803,2025-11-23 11:56:00,0,0.0,ES
8804,2025-12-01 13:27:00,0,0.0,GB
8805,2025-10-24 07:51:00,1,9.18,FR
8806,2025-12-07 04:47:00,0,0.0,DE
8807,2025-11-03 21:09:00,0,0.0,GB
8808,2025-12-21 18:32:00,0,0.0,DE
8809,2025-11-05 13:52:00,0,0.0,FR
8810,2025-10-04 07:52:00,0,0.0,US
8811,2025-10-22 17:04:00,0,0.0,DE
8812,2025-11-29 07:13:00,0,0.0,US
8813,2025-10-16 22:46:00,0,0.0,MX
8814,2025-12-08 06:13:00,0,0.0,US
8815,2025-11-08 23:04:00,0,0.0,GB
8816,2025-10-12 00:00:00,0,0.0,GB
8817,2026-01-14 08:08:00,0,0.0,FR
8818,2025-10-18 22:30:00,0,0.0,FR
8819,2026-01-01 21:07:00,0,0.0,US
8820,2025-12-10 13:48:00,0,0.0,US
8821,2025-10-17 00:40:00,1,14.59,US
8822,2025-11-07 06:21:00,0,0.0,GB
8823,2025-10-10 16:53:00,0,0.0,US
8824,2025-12-21 16:46:00,0,0.0,ES
8825,2025-10-10 14:34:00,0,0.0,US
8826,2026-01-05 08:15:00,0,0.0,ES
8827,2025-12-30 20:38:00,0,0.0,DE
8828,2025-12-14 19:29:00,0,0.0,DE
8829,2025-11-27 10:23:00,1,11.83,GB
8830,2025-11-24 02:18:00,0,0.0,FR
8831,2025-12-03 12:11:00,0,0.0,US
8832,2025-10-16 08:27:00,0,0.0,FR
8833,2025-10-26 16:23:00,0,0.0,FR
8834,2025-12-23 18:06:00,0,0.0,GB
8835,2025-10-24 06:56:00,0,0.0,GB
8836,2025-12-12 14:48:00,0,0.0,US
8837,2025-10-18 17:17:00,0,0.0,MX
8838,2025-10-26 04:23:00,0,0.0,BR
8839,2025-12-22 20:14:00,1,14.23,US
8840,2025-12-28 10:17:00,0,0.0,US
8841,2025-12-10 22:56:00,1,10.45,ES
8842,2025-12-15 00:00:00,0,0.0,DE
8843,2025-11-03 04:51:00,0,0.0,CA
8844,2025-12-29 01:03:00,0,0.0,BR
8845,2025-12-31 20:33:00,0,0.0,BR
8846,2025-11-16 12:50:00,0,0.0,ES
8847,2025-11-08 18:19:00,0,0.0,BR
8848,2025-12-14 15:27:00,0,0.0,DE
8849,2025-11-25 00:00:00,0,0.0,DE
8850,2025-12-04 01:10:00,0,0.0,US
8851,2026-01-01 16:02:00,0,0.0,BR
8852,2025-10-29 12:52:00,0,0.0,ES
8853,2025-12-20 04:15:00,0,0.0,FR
8854,2025-10-23 19:41:00,0,0.0,ES
8855,2025-12-01 04:21:00,0,0.0,US
8856,2025-11-01 15:24:00,0,0.0,DE
8857,2025-11-18 14:32:00,0,0.0,US
8858,2025-10-08 14:20:00,0,0.0,FR
8859,2026-01-12 20:24:00,0,0.0,DE
8860,2025-10-20 23:47:00,0,0.0,CA
8861,2025-11-10 09:21:00,1,8.35,BR
8862,2025-12-04 22:07:00,0,0.0,MX
8863,2025-11-07 19:08:00,0,0.0,ES
8864,2025-12-30 13:46:00,0,0.0,BR
8865,2025-11-05 03:17:00,0,0.0,US
8866,2026-01-04 15:55:00,0,0.0,BR
8867,2025-11-20 23:28:00,1,18.13,US
8868,2025-12-18 00:00:00,0,0.0,US
8869,2025-12-22 16:06:00,0,0.0,MX
8870,2025-11-02 06:03:00,0,0.0,MX
8871,2025-10-16 15:57:00,0,0.0,US
8872,2025-10-23 11:45:00,1,12.02,US
8873,2025-11-30 14:06:00,0,0.0,US
8874,2025-11-04 08:52:00,0,0.0,US
8875,2025-10-21 19:41:00,0,0.0,MX
8876,2025-12-08 09:21:00,0,0.0,US
8877,2025-10-29 14:04:00,0,0.0,US
8878,2025-12-25 17:41:00,0,0.0,US
8879,2025-12-10 00:00:00,0,0.0,GB
8880,2025-11-18 19:24:00,0,0.0,ES
8881,2025-12-15 20:37:00,0,0.0,DE
8882,2025-12-27 23:51:00,0,0.0,US
8883,2025-11-27 11:49:00,0,0.0,FR
8884,2025-12-27 11:59:00,0,0.0,DE
8885,2025-11-16 11:58:00,0,0.0,FR
8886,2025-11-16 02:54:00,0,0.0,DE
8887,2025-11-23 11:10:00,0,0.0,US
8888,2025-10-20 18:12:00,1,10.87,MX
8889,2025-12-13 00:00:00,0,0.0,MX
8890,2025-12-09 00:56:00,1,8.98,US
8891,2025-12-25 05:40:00,0,0.0,BR
8892,2025-11-14 09:13:00,0,0.0,US
8893,2025-11-28 04:16:00,0,0.0,ES
8894,2025-12-24 10:08:00,0,0.0,GB
8895,2025-12-31 22:55:00,0,0.0,DE
8896,2025-11-20 00:50:00,0,0.0,US
8897,2025-11-24 07:55:00,1,7.83,GB
8898,2025-11-27 01:21:00,0,0.0,DE
8899,2025-12-21 22:01:00,0,0.0,MX
8900,2025-12-11 13:42:00,0,0.0,US
8901,2026-01-04 18:26:00,0,0.0,MX
8902,2025-11-07 17:52:00,0,0.0,BR
8903,2025-11-07 02:05:00,0,0.0,MX
8904,2025-10-27 10:32:00,0,0.0,US
8905,2025-12-31 20:50:00,0,0.0,GB
8906,2025-11-29 06:02:00,0,0.0,FR
8907,2025-11-26 20:38:00,0,0.0,US
8908,2025-10-17 22:50:00,0,0.0,FR
8909,2025-12-29 12:18:00,1,18.48,US
8910,2025-11-26 10:38:00,0,0.0,GB
8911,2025-10-18 00:00:00,0,0.0,US
8912,2025-11-21 17:02:00,0,0.0,MX
8913,2025-10-20 09:42:00,0,0.0,CA
8914,2025-12-29 23:40:00,0,0.0,US
8915,2025-10-30 05:56:00,0,0.0,US
8916,2025-10-07 10:11:00,0,0.0,ES
8917,2025-10-31 13:52:00,0,0.0,CA
8918,2025-10-19 05:25:00,0,0.0,ES
8919,2025-12-13 00:00:00,0,0.0,MX
8920,2025-11-02 09:38:00,0,0.0,FR
8921,2025-11-20 06:36:00,0,0.0,MX
8922,2026-01-02 03:14:00,0,0.0,ES
8923,2025-12-23 02:47:00,0,0.0,MX
8924,2025-11-25 04:28:00,0,0.0,US
8925,2025-10-26 00:00:00,0,0.0,US
8926,2026-01-06 01:25:00,0,0.0,US
8927,2025-12-14 18:21:00,0,0.0,US
8928,2025-11-26 00:35:00,0,0.0,GB
8929,2025-11-05 00:00:00,0,0.0,CA
8930,2025-11-01 04:55:00,0,0.0,FR
8931,2025-10-11 12:04:00,0,0.0,US
8932,2025-10-14 20:46:00,1,14.43,ES
8933,2025-10-10 15:47:00,0,0.0,US
8934,2025-11-28 00:00:00,0,0.0,US
8935,2025-11-28 17:12:00,0,0.0,US
8936,2026-01-02 06:47:00,0,0.0,US
8937,2025-12-16 09:07:00,0,0.0,CA
8938,2025-11-24 07:37:00,0,0.0,DE
8939,2025-10-24 04:07:00,0,0.0,US
8940,2026-01-08 00:56:00,0,0.0,US
8941,2025-11-22 19:57:00,0,0.0,US
8942,2025-11-14 15:04:00,0,0.0,DE
8943,2025-12-02 12:18:00,0,0.0,US
8944,2025-10-09 09:23:00,0,0.0,MX
8945,2025-11-30 02:20:00,0,0.0,FR
8946,2026-01-04 16:41:00,0,0.0,US
8947,2025-12-04 10:21:00,1,14.85,US
8948,2025-11-15 03:24:00,0,0.0,US
8949,2025-10-18 21:35:00,1,12.76,ES
8950,2025-11-02 05:35:00,0,0.0,US
8951,2025-12-04 22:38:00,0,0.0,FR
8952,2025-12-31 05:35:00,0,0.0,US
8953,2025-10-16 07:22:00,0,0.0,US
8954,2025-11-19 01:26:00,1,7.14,DE
8955,2025-11-24 00:00:00,0,0.0,GB
8956,2025-10-27 10:31:00,0,0.0,US
8957,2025-11-07 19:34:00,0,0.0,GB
8958,2025-11-10 16:48:00,0,0.0,US
8959,2025-11-06 04:37:00,0,0.0,FR
8960,2025-11-26 19:57:00,1,11.81,BR
8961,2025-12-25 10:53:00,1,8.14,ES
8962,2025-12-28 00:00:00,0,0.0,BR
8963,2025-12-30 15:06:00,0,0.0,BR
8964,2025-12-17 00:00:00,0,0.0,FR
8965,2025-11-13 18:33:00,0,0.0,BR
8966,2025-11-16 12:38:00,0,0.0,US
8967,2025-12-28 08:58:00,0,0.0,GB
8968,2025-12-30 20:12:00,1,8.34,US
8969,2025-12-08 03:16:00,0,0.0,GB
8970,2025-12-03 15:01:00,0,0.0,ES
8971,2025-10-22 00:00:00,0,0.0,GB
8972,2025-10-30 09:40:00,0,0.0,FR
8973,2025-10-07 04:00:00,0,0.0,CA
8974,2025-10-27 19:59:00,0,0.0,US
8975,2025-12-03 17:44:00,1,10.52,US
8976,2025-10-11 07:21:00,0,0.0,US
8977,2025-11-21 07:42:00,0,0.0,US
8978,2025-10-24 23:44:00,0,0.0,US
8979,2025-11-16 02:53:00,0,0.0,US
8980,2025-10-28 14:45:00,0,0.0,GB
8981,2025-12-30 14:54:00,1,6.52,DE
8982,2025-10-23 02:03:00,0,0.0,DE
8983,2025-12-27 00:00:00,0,0.0,DE
8984,2025-10-27 12:41:00,0,0.0,FR
8985,2025-11-01 17:01:00,0,0.0,DE
8986,2025-11-04 00:00:00,0,0.0,MX
8987,2025-11-24 15:06:00,0,0.0,CA
8988,2025-10-08 23:13:00,0,0.0,US
8989,2025-12-03 09:24:00,0,0.0,US
8990,2025-10-24 00:00:00,0,0.0,FR
8991,2025-12-20 06:25:00,0,0.0,US
8992,2025-12-03 19:26:00,1,15.33,FR
8993,2025-10-22 11:19:00,0,0.0,CA
8994,2025-11-20 14:50:00,0,0.0,US
8995,2025-12-30 18:09:00,0,0.0,FR
8996,2025-12-06 09:04:00,0,0.0,GB
8997,2025-10-14 21:50:00,0,0.0,ES
8998,2025-12-04 16:46:00,1,7.93,BR
8999,2025-11-17 14:41:00,0,0.0,ES
9000,2025-12-15 18:57:00,0,0.0,MX
9001,2026-01-01 08:37:00,0,0.0,US
9002,2025-10-18 18:46:00,0,0.0,CA
9003,2025-11-08 16:46:00,0,0.0,GB
9004,2025-12-08 01:15:00,0,0.0,FR
9005,2025-12-12 11:01:00,1,11.5,DE
9006,2025-12-18 21:26:00,0,0.0,ES
9007,2025-10-31 20:09:00,0,0.0,BR
9008,2025-12-18 02:56:00,0,0.0,MX
9009,2026-01-08 09:46:00,0,0.0,MX
9010,2025-11-22 13:55:00,0,0.0,ES
9011,2025-12-06 19:46:00,0,0.0,CA
9012,2025-10-15 23:56:00,0,0.0,US
9013,2025-11-23 06:47:00,0,0.0,CA
9014,2025-10-30 06:04:00,0,0.0,GB
9015,2025-11-04 00:00:00,0,0.0,FR
9016,2025-11-15 00:00:00,0,0.0,ES
9017,2025-11-03 06:45:00,0,0.0,GB
9018,2025-11-14 23:36:00,0,0.0,DE
9019,2025-12-06 22:50:00,0,0.0,DE
9020,2025-11-16 04:01:00,0,0.0,DE
9021,2025-12-09 04:24:00,1,16.61,BR
9022,2025-11-05 13:47:00,0,0.0,ES
9023,2025-11-01 23:15:00,0,0.0,FR
9024,2025-11-18 16:19:00,0,0.0,US
9025,2025-11-07 07:19:00,0,0.0,US
9026,2025-12-19 09:14:00,0,0.0,ES
9027,2025-11-05 05:27:00,0,0.0,GB
9028,2025-10-14 21:08:00,0,0.0,US
9029,2025-12-04 04:18:00,0,0.0,FR
9030,2025-12-29 00:00:00,0,0.0,US
9031,2025-10-23 20:27:00,0,0.0,BR
9032,2025-10-25 17:03:00,0,0.0,CA
9033,2025-11-04 22:50:00,0,0.0,US
9034,2025-12-29 06:35:00,0,0.0,US
9035,2025-12-16 18:41:00,0,0.0,US
9036,2025-10-21 10:57:00,1,10.49,CA
9037,2025-11-14 03:46:00,0,0.0,US
9038,2025-11-02 07:54:00,0,0.0,GB
9039,2025-10-23 00:00:00,0,0.0,US
9040,2025-12-21 01:05:00,0,0.0,DE
9041,2025-12-05 10:29:00,0,0.0,ES
9042,2025-12-29 21:11:00,0,0.0,FR
9043,2025-10-13 22:00:00,0,0.0,DE
9044,2025-11-27 06:03:00,0,0.0,DE
9045,2025-11-30 08:08:00,0,0.0,US
9046,2025-12-13 18:10:00,0,0.0,ES
9047,2025-12-02 00:00:00,0,0.0,BR
9048,2025-10-27 09:12:00,0,0.0,BR
9049,2025-10-04 19:44:00,0,0.0,GB
9050,2025-10-18 00:01:00,0,0.0,US
9051,2025-12-01 19:05:00,0,0.0,MX
9052,2025-11-05 22:45:00,0,0.0,US
9053,2025-11-09 23:24:00,1,13.6,FR
9054,2025-10-30 00:00:00,0,0.0,MX
9055,2025-12-14 00:15:00,0,0.0,US
9056,2025-11-05 01:36:00,0,0.0,ES
9057,2025-12-22 04:35:00,0,0.0,BR
9058,2025-12-06 20:43:00,0,0.0,DE
9059,2025-11-01 12:05:00,0,0.0,DE
9060,2025-10-24 00:49:00,0,0.0,GB
9061,2025-10-17 18:48:00,0,0.0,MX
9062,2025-11-09 21:31:00,0,0.0,US
9063,2026-01-04 02:50:00,0,0.0,US
9064,2025-11-28 18:42:00,0,0.0,GB
9065,2025-10-26 21:52:00,0,0.0,US
9066,2026-01-06 22:37:00,0,0.0,CA
9067,2025-10-20 10:05:00,0,0.0,FR
9068,2025-12-02 17:30:00,0,0.0,FR
9069,2025-10-13 19:10:00,0,0.0,FR
9070,2025-12-10 19:08:00,0,0.0,US
9071,2025-11-26 11:53:00,1,9.66,ES
9072,2025-11-21 06:42:00,0,0.0,US
9073,2025-10-02 00:00:00,0,0.0,FR
9074,2025-12-17 19:36:00,0,0.0,DE
9075,2025-11-29 17:20:00,0,0.0,ES
9076,2025-10-15 14:31:00,0,0.0,ES
9077,2026-01-01 23:30:00,0,0.0,MX
9078,2025-11-15 12:28:00,0,0.0,US
9079,2025-11-20 12:48:00,0,0.0,FR
9080,2025-10-22 06:06:00,1,10.64,US
9081,2025-12-17 19:25:00,0,0.0,US
9082,2025-11-12 02:29:00,0,0.0,BR
9083,2025-12-07 14:46:00,1,13.59,US
9084,2025-11-03 17:37:00,0,0.0,MX
9085,2025-12-19 05:23:00,0,0.0,US
9086,2025-12-16 03:06:00,0,0.0,MX
9087,2026-01-04 17:13:00,0,0.0,FR
9088,2025-11-26 00:00:00,0,0.0,ES
9089,2025-10-10 23:12:00,0,0.0,ES
9090,2025-12-14 14:47:00,0,0.0,DE
9091,2025-12-02 21:39:00,0,0.0,DE
9092,2025-11-14 15:30:00,0,0.0,CA
9093,2025-11-13 09:10:00,0,0.0,FR
9094,2025-10-25 17:23:00,0,0.0,US
9095,2025-11-20 19:26:00,0,0.0,US
9096,2025-10-23 00:00:00,0,0.0,US
9097,2025-12-03 01:16:00,0,0.0,CA
9098,2025-11-29 01:21:00,0,0.0,US
9099,2025-12-01 22:06:00,0,0.0,GB
9100,2025-10-30 04:10:00,1,13.69,US
9101,2025-12-09 00:21:00,0,0.0,GB
9102,2025-11-15 14:16:00,0,0.0,BR
9103,2025-12-25 23:11:00,0,0.0,GB
9104,2025-12-31 12:23:00,0,0.0,GB
9105,2025-12-07 08:30:00,0,0.0,DE
9106,2025-11-04 20:24:00,0,0.0,MX
9107,2026-01-03 02:00:00,0,0.0,BR
9108,2025-10-11 14:19:00,0,0.0,US
9109,2025-12-02 00:00:00,0,0.0,MX
9110,2026-01-08 03:05:00,0,0.0,US
9111,2025-12-14 01:34:00,0,0.0,ES
9112,2025-12-19 21:57:00,0,0.0,ES
9113,2025-12-15 17:37:00,0,0.0,US
9114,2025-10-21 06:49:00,0,0.0,US
9115,2025-11-17 07:43:00,0,0.0,CA
9116,2025-12-26 09:39:00,0,0.0,MX
9117,2025-12-30 13:05:00,0,0.0,MX
9118,2025-12-04 19:35:00,0,0.0,US
9119,2025-12-29 17:39:00,0,0.0,GB
9120,2025-10-22 22:50:00,0,0.0,CA
9121,2025-12-10 08:17:00,0,0.0,CA
9122,2025-12-10 00:00:00,0,0.0,US
9123,2025-12-15 01:40:00,0,0.0,BR
9124,2025-11-15 10:24:00,1,17.02,US
9125,2025-12-20 14:11:00,0,0.0,FR
9126,2025-12-24 19:42:00,0,0.0,MX
9127,2025-12-16 17:30:00,0,0.0,CA
9128,2026-01-02 20:33:00,0,0.0,GB
9129,2025-12-06 17:10:00,0,0.0,FR
9130,2025-10-15 09:13:00,0,0.0,US
9131,2025-10-21 11:48:00,0,0.0,CA
9132,2025-12-17 06:35:00,0,0.0,ES
9133,2025-12-02 00:00:00,0,0.0,FR
9134,2025-10-16 03:49:00,0,0.0,CA
9135,2025-11-29 20:04:00,0,0.0,CA
9136,2025-12-30 15:02:00,0,0.0,DE
9137,2025-12-02 00:00:00,0,0.0,US
9138,2025-11-16 00:00:00,0,0.0,US
9139,2025-11-15 05:29:00,0,0.0,BR
9140,2025-10-19 02:31:00,0,0.0,BR
9141,2025-11-15 17:49:00,0,0.0,BR
9142,2025-11-12 18:09:00,1,8.56,DE
9143,2025-12-27 00:00:00,0,0.0,FR
9144,2025-11-07 08:14:00,1,10.57,CA
9145,2025-10-20 08:57:00,0,0.0,US
9146,2025-12-10 04:54:00,0,0.0,FR
9147,2025-12-29 10:10:00,0,0.0,US
9148,2025-12-12 11:00:00,0,0.0,FR
9149,2026-01-04 01:11:00,0,0.0,GB
9150,2025-11-06 11:05:00,0,0.0,FR
9151,2025-10-14 00:00:00,0,0.0,GB
9152,2025-12-02 22:46:00,0,0.0,US
9153,2025-12-10 13:23:00,0,0.0,GB
9154,2025-10-03 08:14:00,0,0.0,MX
9155,2025-11-13 01:56:00,0,0.0,US
9156,2025-10-24 00:00:00,0,0.0,US
9157,2025-10-25 00:00:00,0,0.0,US
9158,2025-10-20 13:55:00,0,0.0,US
9159,2025-11-24 19:08:00,0,0.0,US
9160,2025-10-24 20:24:00,0,0.0,FR
9161,2025-10-16 13:12:00,0,0.0,ES
9162,2025-11-04 14:33:00,0,0.0,ES
9163,2025-10-20 08:12:00,1,12.82,BR
9164,2025-10-23 13:39:00,0,0.0,BR
9165,2025-12-13 02:27:00,1,13.24,US
9166,2025-11-24 18:25:00,0,0.0,US
9167,2025-11-21 16:46:00,0,0.0,DE
9168,2025-12-29 06:27:00,0,0.0,BR
9169,2025-12-14 18:02:00,0,0.0,BR
9170,2026-01-02 14:40:00,0,0.0,DE
9171,2025-10-23 23:36:00,0,0.0,DE
9172,2025-12-13 04:22:00,0,0.0,GB
9173,2025-11-04 07:40:00,0,0.0,US
9174,2025-12-17 21:01:00,0,0.0,BR
9175,2025-12-12 14:27:00,0,0.0,FR
9176,2025-10-18 03:26:00,0,0.0,DE
9177,2025-11-23 00:35:00,1,15.51,ES
9178,2025-10-09 05:20:00,0,0.0,MX
9179,2025-11-01 12:13:00,0,0.0,MX
9180,2025-12-14 14:31:00,0,0.0,US
9181,2025-11-29 15:37:00,0,0.0,MX
9182,2025-11-19 18:17:00,0,0.0,BR
9183,2025-12-31 23:48:00,0,0.0,FR
9184,2025-10-29 19:46:00,0,0.0,FR
9185,2025-10-15 07:57:00,1,8.03,US
9186,2025-10-12 17:59:00,0,0.0,US
9187,2025-12-21 07:23:00,1,9.39,CA
9188,2025-11-05 09:18:00,0,0.0,DE
9189,2025-10-15 22:07:00,0,0.0,US
9190,2025-11-15 07:35:00,0,0.0,DE
9191,2025-10-22 00:00:00,0,0.0,BR
9192,2025-10-10 07:32:00,0,0.0,FR
9193,2025-10-26 00:00:00,0,0.0,US
9194,2025-11-12 20:43:00,0,0.0,CA
9195,2025-12-07 04:53:00,0,0.0,US
9196,2025-10-21 21:17:00,0,0.0,MX
9197,2025-11-19 10:24:00,0,0.0,DE
9198,2025-12-15 19:56:00,0,0.0,MX
9199,2025-11-25 16:42:00,0,0.0,MX
9200,2025-12-15 23:49:00,0,0.0,FR
9201,2025-12-05 01:02:00,0,0.0,DE
9202,2025-10-21 17:55:00,0,0.0,US
9203,2025-10-13 23:48:00,0,0.0,ES
9204,2025-10-27 03:46:00,0,0.0,DE
9205,2025-10-19 11:58:00,0,0.0,US
9206,2025-12-16 18:34:00,0,0.0,US
9207,2025-11-12 14:40:00,0,0.0,GB
9208,2025-12-15 14:13:00,0,0.0,MX
9209,2025-11-04 03:20:00,0,0.0,BR
9210,2026-01-07 06:36:00,0,0.0,US
9211,2025-10-12 16:54:00,0,0.0,DE
9212,2025-10-20 02:04:00,0,0.0,FR
9213,2025-10-25 15:52:00,0,0.0,CA
9214,2025-11-29 08:54:00,0,0.0,US
9215,2025-11-13 01:23:00,0,0.0,ES
9216,2025-12-16 00:00:00,0,0.0,ES
9217,2025-12-08 21:09:00,0,0.0,US
9218,2025-11-09 01:51:00,0,0.0,BR
9219,2025-11-13 23:20:00,0,0.0,MX
9220,2025-11-04 20:54:00,0,0.0,US
9221,2025-11-05 02:05:00,0,0.0,MX
9222,2025-10-27 06:02:00,0,0.0,GB
9223,2025-10-29 15:05:00,0,0.0,CA
9224,2025-11-03 08:10:00,0,0.0,US
9225,2025-10-05 02:46:00,0,0.0,FR
9226,2025-11-10 10:33:00,0,0.0,GB
9227,2025-10-20 17:21:00,0,0.0,US
9228,2025-11-29 20:41:00,1,11.87,US
9229,2025-12-27 12:02:00,0,0.0,CA
9230,2025-10-11 07:36:00,0,0.0,ES
9231,2025-11-22 20:49:00,0,0.0,FR
9232,2025-12-19 06:47:00,0,0.0,US
9233,2025-11-29 13:40:00,0,0.0,GB
9234,2025-10-13 21:53:00,0,0.0,US
9235,2025-10-29 12:57:00,0,0.0,FR
9236,2025-10-30 00:29:00,1,17.46,ES
9237,2025-10-14 20:40:00,0,0.0,US
9238,2025-11-19 08:41:00,0,0.0,US
9239,2025-12-16 03:22:00,0,0.0,US
9240,2025-10-08 17:25:00,0,0.0,US
9241,2025-10-23 16:22:00,0,0.0,GB
9242,2025-11-08 03:19:00,0,0.0,CA
9243,2025-12-24 00:00:00,0,0.0,US
9244,2025-12-27 00:00:00,0,0.0,US
9245,2025-10-11 01:38:00,0,0.0,GB
9246,2025-12-28 14:14:00,0,0.0,GB
9247,2026-01-02 14:47:00,0,0.0,US
9248,2025-12-23 23:21:00,0,0.0,BR
9249,2025-11-03 13:24:00,0,0.0,GB
9250,2025-11-06 09:42:00,0,0.0,GB
9251,2025-11-09 10:41:00,0,0.0,GB
9252,2025-12-03 06:42:00,1,11.75,DE
9253,2025-12-29 09:38:00,0,0.0,US
9254,2025-12-23 15:19:00,0,0.0,FR
9255,2025-12-16 03:52:00,0,0.0,MX
9256,2025-10-16 14:01:00,0,0.0,US
9257,2025-10-22 05:35:00,0,0.0,GB
9258,2025-11-12 22:01:00,0,0.0,US
9259,2025-12-24 20:59:00,0,0.0,GB
9260,2025-11-18 00:00:00,0,0.0,CA
9261,2025-10-04 00:00:00,0,0.0,MX
9262,2025-12-06 03:44:00,0,0.0,BR
9263,2025-10-17 16:05:00,0,0.0,GB
9264,2025-11-03 19:18:00,0,0.0,US
9265,2025-11-30 03:57:00,0,0.0,GB
9266,2025-11-15 21:15:00,0,0.0,US
9267,2025-10-15 23:40:00,1,12.47,DE
9268,2026-01-08 07:42:00,0,0.0,US
9269,2025-12-17 08:55:00,0,0.0,US
9270,2025-10-15 02:17:00,0,0.0,US
9271,2025-11-23 12:56:00,0,0.0,BR
9272,2025-12-26 01:24:00,0,0.0,US
9273,2025-12-24 05:43:00,0,0.0,BR
9274,2025-11-23 21:26:00,0,0.0,US
9275,2025-10-16 18:32:00,0,0.0,MX
9276,2026-01-07 03:38:00,0,0.0,FR
9277,2025-11-04 00:00:00,0,0.0,ES
9278,2025-12-01 09:08:00,0,0.0,US
9279,2026-01-01 20:07:00,0,0.0,ES
9280,2025-11-20 21:17:00,0,0.0,MX
9281,2025-11-01 06:03:00,0,0.0,DE
9282,2025-12-30 00:00:00,0,0.0,ES
9283,2025-11-11 00:00:00,0,0.0,US
9284,2025-11-25 00:00:00,0,0.0,CA
9285,2025-11-28 05:13:00,0,0.0,FR
9286,2025-11-28 06:46:00,0,0.0,MX
9287,2025-11-21 11:59:00,0,0.0,FR
9288,2025-12-24 20:56:00,0,0.0,FR
9289,2025-10-21 19:25:00,0,0.0,ES
9290,2025-11-12 08:56:00,0,0.0,GB
9291,2025-10-14 04:52:00,0,0.0,US
9292,2025-12-03 22:19:00,0,0.0,FR
9293,2025-12-20 11:34:00,0,0.0,US
9294,2025-12-17 11:02:00,0,0.0,US
9295,2025-11-05 02:33:00,0,0.0,CA
9296,2025-10-21 00:00:00,0,0.0,US
9297,2026-01-04 05:53:00,1,11.7,US
9298,2025-10-31 06:58:00,0,0.0,GB
9299,2025-10-18 07:02:00,0,0.0,FR
9300,2025-12-09 00:00:00,0,0.0,US
9301,2025-10-22 10:38:00,0,0.0,CA
9302,2025-12-23 22:04:00,0,0.0,GB
9303,2025-11-09 16:42:00,0,0.0,US
9304,2025-12-12 05:24:00,0,0.0,MX
9305,2025-12-09 05:49:00,0,0.0,FR
9306,2025-12-02 15:46:00,0,0.0,US
9307,2025-10-20 07:44:00,0,0.0,BR
9308,2025-10-21 17:49:00,0,0.0,US
9309,2025-11-29 23:52:00,0,0.0,DE
9310,2025-12-17 00:00:00,0,0.0,US
9311,2025-11-20 18:15:00,0,0.0,DE
9312,2026-01-09 20:16:00,0,0.0,CA
9313,2025-11-22 08:24:00,0,0.0,ES
9314,2025-12-27 01:29:00,0,0.0,CA
9315,2025-10-15 01:14:00,0,0.0,MX
9316,2025-11-19 00:00:00,0,0.0,US
9317,2025-12-12 09:49:00,0,0.0,US
9318,2025-10-22 07:30:00,0,0.0,CA
9319,2025-10-11 02:56:00,0,0.0,FR
9320,2025-11-22 18:53:00,0,0.0,BR
9321,2025-12-09 16:36:00,0,0.0,DE
9322,2026-01-01 19:54:00,0,0.0,FR
9323,2025-11-28 07:23:00,0,0.0,US
9324,2025-12-11 11:12:00,0,0.0,US
9325,2025-12-19 07:57:00,0,0.0,FR
9326,2025-10-15 22:14:00,0,0.0,DE
9327,2025-12-30 11:50:00,0,0.0,BR
9328,2025-12-23 19:31:00,0,0.0,CA
9329,2025-10-18 18:33:00,0,0.0,MX
9330,2025-12-11 08:56:00,0,0.0,US
9331,2025-11-25 10:54:00,0,0.0,US
9332,2025-12-17 20:26:00,0,0.0,CA
9333,2025-11-03 06:37:00,0,0.0,US
9334,2025-10-19 15:34:00,0,0.0,US
9335,2025-10-25 19:27:00,1,14.17,DE
9336,2025-12-06 02:00:00,0,0.0,DE
9337,2025-12-12 00:40:00,0,0.0,DE
9338,2025-12-15 04:59:00,0,0.0,BR
9339,2025-10-15 20:32:00,1,9.51,ES
9340,2025-10-20 14:49:00,0,0.0,US
9341,2025-12-12 17:37:00,1,8.45,GB
9342,2025-10-27 12:04:00,0,0.0,CA
9343,2025-12-05 14:24:00,0,0.0,ES
9344,2025-12-24 10:02:00,0,0.0,US
9345,2025-12-06 12:57:00,0,0.0,US
9346,2025-11-24 16:56:00,0,0.0,DE
9347,2025-12-22 00:00:00,1,9.91,DE
9348,2025-12-21 00:42:00,0,0.0,GB
9349,2025-10-28 09:50:00,0,0.0,DE
9350,2025-12-20 00:08:00,0,0.0,US
9351,2025-11-21 07:31:00,0,0.0,GB
9352,2025-11-26 11:23:00,0,0.0,BR
9353,2025-12-02 15:08:00,0,0.0,FR
9354,2025-11-11 00:00:00,0,0.0,CA
9355,2025-12-02 12:13:00,0,0.0,US
9356,2025-12-17 02:28:00,0,0.0,US
9357,2025-11-25 06:24:00,0,0.0,MX
9358,2025-11-05 00:00:00,0,0.0,ES
9359,2025-12-28 06:34:00,0,0.0,GB
9360,2025-12-12 20:13:00,0,0.0,DE
9361,2025-11-16 07:21:00,0,0.0,MX
9362,2025-10-12 05:08:00,0,0.0,CA
9363,2025-12-26 20:43:00,0,0.0,ES
9364,2025-12-11 10:15:00,0,0.0,MX
9365,2026-01-09 04:18:00,0,0.0,US
9366,2025-12-14 06:51:00,0,0.0,DE
9367,2025-11-28 08:54:00,0,0.0,US
9368,2025-12-16 00:00:00,0,0.0,CA
9369,2025-11-21 17:57:00,0,0.0,GB
9370,2025-11-18 00:00:00,0,0.0,FR
9371,2025-10-26 05:39:00,0,0.0,US
9372,2025-12-18 08:05:00,1,12.84,GB
9373,2026-01-01 18:21:00,0,0.0,US
9374,2025-10-26 16:18:00,0,0.0,GB
9375,2025-10-28 05:29:00,0,0.0,GB
9376,2025-10-02 00:00:00,1,15.45,MX
9377,2025-12-13 03:42:00,0,0.0,CA
9378,2025-12-28 14:40:00,0,0.0,BR
9379,2025-11-11 22:06:00,0,0.0,ES
9380,2025-10-26 14:54:00,0,0.0,CA
9381,2025-12-27 00:00:00,0,0.0,MX
9382,2025-11-02 14:08:00,1,14.17,US
9383,2025-12-08 08:47:00,0,0.0,CA
9384,2025-10-28 00:00:00,0,0.0,US
9385,2025-10-31 01:23:00,0,0.0,FR
9386,2025-10-05 00:00:00,0,0.0,US
9387,2025-12-26 11:52:00,0,0.0,ES
9388,2025-10-24 07:37:00,0,0.0,US
9389,2025-12-02 22:16:00,0,0.0,GB
9390,2025-11-12 20:25:00,0,0.0,GB
9391,2025-12-28 00:52:00,0,0.0,GB
9392,2025-10-17 23:41:00,0,0.0,DE
9393,2025-10-30 22:21:00,0,0.0,US
9394,2025-12-24 23:51:00,0,0.0,DE
9395,2025-10-11 00:00:00,0,0.0,US
9396,2025-10-09 18:01:00,1,16.95,US
9397,2025-11-29 17:52:00,1,9.36,FR
9398,2025-10-30 01:55:00,0,0.0,BR
9399,2025-10-20 00:13:00,1,11.44,ES
9400,2025-11-01 10:50:00,0,0.0,FR
9401,2025-11-06 16:23:00,0,0.0,CA
9402,2025-11-28 14:34:00,0,0.0,US
9403,2025-11-18 21:10:00,0,0.0,US
9404,2025-10-15 09:41:00,0,0.0,US
9405,2025-10-14 21:09:00,0,0.0,GB
9406,2025-11-30 01:54:00,0,0.0,DE
9407,2025-11-09 01:28:00,0,0.0,US
9408,2025-10-27 08:45:00,0,0.0,MX
9409,2025-10-30 14:35:00,0,0.0,FR
9410,2025-12-15 22:39:00,0,0.0,GB
9411,2025-10-21 05:13:00,0,0.0,CA
9412,2025-11-02 14:25:00,0,0.0,ES
9413,2025-12-21 06:03:00,0,0.0,CA
9414,2025-11-05 15:58:00,0,0.0,US
9415,2025-10-27 18:22:00,0,0.0,MX
9416,2025-12-28 06:25:00,0,0.0,US
9417,2026-01-03 19:32:00,0,0.0,CA
9418,2025-10-27 18:35:00,0,0.0,MX
9419,2025-11-22 16:05:00,0,0.0,US
9420,2025-11-22 11:38:00,0,0.0,GB
9421,2025-11-23 19:39:00,1,11.9,BR
9422,2025-12-16 15:12:00,0,0.0,GB
9423,2025-11-01 00:00:00,0,0.0,US
9424,2025-11-18 19:58:00,0,0.0,US
9425,2025-11-27 07:42:00,1,9.07,GB
9426,2026-01-06 06:47:00,0,0.0,CA
9427,2025-12-04 12:45:00,0,0.0,BR
9428,2026-01-04 13:34:00,0,0.0,US
9429,2025-12-25 10:33:00,0,0.0,US
9430,2025-10-13 02:33:00,0,0.0,US
9431,2025-09-30 18:19:00,0,0.0,MX
9432,2026-01-07 21:31:00,0,0.0,GB
9433,2025-11-02 16:21:00,0,0.0,US
9434,2025-12-26 07:45:00,0,0.0,US
9435,2026-01-02 18:37:00,1,14.67,MX
9436,2025-10-10 14:05:00,0,0.0,GB
9437,2025-11-29 01:18:00,0,0.0,CA
9438,2025-12-23 14:28:00,1,15.13,US
9439,2025-11-10 11:49:00,0,0.0,MX
9440,2025-11-04 00:39:00,0,0.0,MX
9441,2025-10-15 10:05:00,0,0.0,ES
9442,2025-11-05 07:13:00,0,0.0,BR
9443,2025-12-28 18:45:00,0,0.0,US
9444,2025-11-17 21:37:00,0,0.0,GB
9445,2025-11-18 01:43:00,0,0.0,US
9446,2025-10-19 08:06:00,0,0.0,CA
9447,2025-10-18 17:39:00,0,0.0,US
9448,2025-12-16 20:39:00,0,0.0,GB
9449,2025-12-12 07:58:00,0,0.0,US
9450,2025-12-30 00:00:00,0,0.0,ES
9451,2025-10-16 10:02:00,0,0.0,US
9452,2025-10-30 13:08:00,0,0.0,ES
9453,2025-10-28 18:32:00,0,0.0,FR
9454,2026-01-06 12:22:00,0,0.0,MX
9455,2025-11-14 08:05:00,0,0.0,MX
9456,2025-12-30 08:32:00,0,0.0,CA
9457,2025-11-14 06:43:00,0,0.0,DE
9458,2025-11-10 00:00:00,0,0.0,US
9459,2025-11-14 02:43:00,1,12.24,CA
9460,2025-11-14 00:00:00,0,0.0,US
9461,2025-11-28 08:45:00,0,0.0,CA
9462,2025-11-29 00:00:00,0,0.0,US
9463,2025-10-30 08:32:00,1,15.1,FR
9464,2025-10-08 00:00:00,0,0.0,MX
9465,2026-01-12 10:40:00,0,0.0,US
9466,2025-10-25 05:38:00,0,0.0,US
9467,2025-10-17 23:11:00,0,0.0,US
9468,2025-12-04 22:52:00,0,0.0,US
9469,2025-10-23 22:12:00,1,7.77,US
9470,2025-11-10 20:08:00,0,0.0,GB
9471,2025-10-13 00:00:00,0,0.0,US
9472,2025-11-18 00:00:00,0,0.0,FR
9473,2026-01-08 14:56:00,0,0.0,ES
9474,2025-10-14 12:09:00,0,0.0,FR
9475,2025-12-22 19:34:00,0,0.0,US
9476,2026-01-04 20:11:00,0,0.0,DE
9477,2025-10-13 20:43:00,0,0.0,BR
9478,2025-11-18 21:39:00,1,12.71,ES
9479,2026-01-05 08:14:00,0,0.0,US
9480,2025-10-25 00:00:00,0,0.0,GB
9481,2025-12-17 20:55:00,0,0.0,GB
9482,2025-10-10 02:05:00,0,0.0,US
9483,2025-12-16 11:36:00,0,0.0,GB
9484,2025-11-23 00:00:00,0,0.0,DE
9485,2026-01-11 07:34:00,0,0.0,DE
9486,2025-11-20 11:36:00,0,0.0,FR
9487,2025-11-14 00:06:00,0,0.0,US
9488,2025-12-14 08:10:00,0,0.0,DE
9489,2025-11-13 12:11:00,0,0.0,US
9490,2025-12-05 20:32:00,0,0.0,DE
9491,2025-11-30 19:32:00,0,0.0,US
9492,2025-10-17 22:58:00,0,0.0,CA
9493,2025-12-30 06:21:00,0,0.0,CA
9494,2025-10-11 00:00:00,0,0.0,GB
9495,2025-12-25 23:09:00,1,10.36,GB
9496,2025-11-11 06:19:00,0,0.0,DE
9497,2025-11-10 01:45:00,0,0.0,US
9498,2025-11-23 09:59:00,0,0.0,US
9499,2025-12-24 07:57:00,0,0.0,DE
9500,2025-11-09 22:46:00,0,0.0,US
9501,2025-10-18 00:00:00,0,0.0,FR
9502,2025-11-25 23:43:00,0,0.0,US
9503,2025-11-27 08:44:00,0,0.0,GB
9504,2025-11-11 18:47:00,0,0.0,US
9505,2025-11-20 01:46:00,0,0.0,FR
9506,2025-12-24 01:55:00,0,0.0,US
9507,2025-12-31 19:09:00,0,0.0,CA
9508,2025-12-03 23:51:00,0,0.0,CA
9509,2025-10-23 00:00:00,0,0.0,US
9510,2025-11-01 11:21:00,0,0.0,BR
9511,2025-11-12 04:35:00,0,0.0,MX
9512,2025-11-10 00:13:00,0,0.0,DE
9513,2025-11-11 04:15:00,0,0.0,ES
9514,2025-11-04 12:48:00,0,0.0,DE
9515,2025-12-24 00:00:00,0,0.0,DE
9516,2025-11-26 06:39:00,0,0.0,US
9517,2025-10-15 08:38:00,0,0.0,US
9518,2025-12-27 09:38:00,0,0.0,US
9519,2025-11-17 13:11:00,1,10.05,US
9520,2025-12-06 19:32:00,0,0.0,DE
9521,2025-11-12 12:16:00,0,0.0,US
9522,2026-01-01 07:00:00,0,0.0,US
9523,2025-10-04 01:11:00,0,0.0,CA
9524,2025-12-17 07:41:00,1,10.81,US
9525,2025-12-01 07:37:00,1,9.66,US
9526,2025-11-26 00:00:00,0,0.0,US
9527,2025-10-01 17:15:00,0,0.0,CA
9528,2025-12-17 17:32:00,0,0.0,US
9529,2025-12-10 19:36:00,0,0.0,US
9530,2025-12-05 16:15:00,0,0.0,FR
9531,2025-11-05 05:29:00,0,0.0,DE
9532,2025-10-08 14:33:00,0,0.0,DE
9533,2025-12-10 18:15:00,0,0.0,US
9534,2025-12-10 03:02:00,0,0.0,ES
9535,2025-12-15 05:44:00,0,0.0,FR
9536,2025-12-11 00:00:00,0,0.0,CA
9537,2025-11-22 14:23:00,1,12.74,US
9538,2025-12-20 15:19:00,0,0.0,DE
9539,2025-11-26 00:00:00,0,0.0,US
9540,2025-11-04 03:42:00,0,0.0,BR
9541,2025-10-13 09:10:00,0,0.0,FR
9542,2025-10-25 20:48:00,0,0.0,FR
9543,2025-10-28 22:08:00,0,0.0,ES
9544,2025-10-11 03:28:00,0,0.0,CA
9545,2025-12-20 03:45:00,0,0.0,US
9546,2025-10-23 00:00:00,0,0.0,US
9547,2025-12-04 01:09:00,0,0.0,US
9548,2025-10-22 05:43:00,0,0.0,BR
9549,2025-10-26 16:12:00,0,0.0,DE
9550,2025-11-04 23:55:00,0,0.0,ES
9551,2025-11-12 15:21:00,0,0.0,US
9552,2025-10-22 17:34:00,0,0.0,CA
9553,2026-01-03 16:08:00,0,0.0,US
9554,2025-10-28 04:41:00,0,0.0,FR
9555,2025-12-28 00:00:00,0,0.0,MX
9556,2025-10-22 18:30:00,0,0.0,US
9557,2025-10-17 18:12:00,0,0.0,MX
9558,2025-10-23 00:00:00,0,0.0,MX
9559,2025-12-16 14:44:00,0,0.0,DE
9560,2025-11-17 13:09:00,0,0.0,US
9561,2025-12-27 00:00:00,0,0.0,MX
9562,2025-12-20 11:34:00,0,0.0,MX
9563,2025-10-20 17:20:00,0,0.0,US
9564,2026-01-04 00:52:00,1,13.28,US
9565,2025-12-14 22:44:00,0,0.0,US
9566,2025-11-26 00:00:00,0,0.0,MX
9567,2025-12-28 21:31:00,0,0.0,BR
9568,2025-11-17 15:41:00,0,0.0,DE
9569,2025-10-21 13:46:00,0,0.0,FR
9570,2025-11-21 10:32:00,0,0.0,US
9571,2025-12-09 01:02:00,0,0.0,ES
9572,2026-01-07 16:34:00,1,13.6,CA
9573,2025-12-21 12:22:00,0,0.0,DE
9574,2026-01-03 03:44:00,0,0.0,US
9575,2025-12-06 03:09:00,0,0.0,DE
9576,2025-11-29 02:20:00,0,0.0,GB
9577,2025-10-09 00:00:00,0,0.0,US
9578,2025-11-03 00:00:00,0,0.0,FR
9579,2026-01-15 04:00:00,0,0.0,US
9580,2025-12-18 00:02:00,0,0.0,MX
9581,2026-01-01 02:34:00,0,0.0,US
9582,2025-12-27 00:00:00,0,0.0,BR
9583,2025-10-29 09:24:00,0,0.0,US
9584,2025-11-24 13:23:00,0,0.0,GB
9585,2025-12-06 21:13:00,0,0.0,DE
9586,2025-10-17 10:12:00,1,17.14,BR
9587,2025-11-16 03:55:00,0,0.0,FR
9588,2025-11-18 08:13:00,0,0.0,CA
9589,2025-11-20 11:46:00,0,0.0,GB
9590,2025-11-06 05:33:00,0,0.0,MX
9591,2025-12-10 13:05:00,0,0.0,FR
9592,2025-10-13 17:03:00,1,13.27,US
9593,2025-12-08 12:17:00,0,0.0,FR
9594,2025-12-09 17:40:00,0,0.0,US
9595,2025-11-03 10:20:00,0,0.0,FR
9596,2025-11-30 11:37:00,0,0.0,US
9597,2025-11-06 10:48:00,0,0.0,GB
9598,2025-12-06 14:23:00,0,0.0,US
9599,2025-10-13 00:00:00,0,0.0,DE
9600,2025-10-10 00:00:00,0,0.0,US
9601,2025-10-28 13:25:00,0,0.0,US
9602,2025-12-06 09:56:00,0,0.0,FR
9603,2025-11-06 17:15:00,0,0.0,BR
9604,2025-11-08 00:00:00,0,0.0,FR
9605,2025-10-24 20:50:00,0,0.0,DE
9606,2025-10-31 00:00:00,0,0.0,US
9607,2025-12-18 05:04:00,0,0.0,US
9608,2025-11-01 21:24:00,0,0.0,GB
9609,2025-12-26 11:10:00,0,0.0,FR
9610,2025-11-24 05:05:00,0,0.0,US
9611,2025-10-09 23:57:00,0,0.0,FR
9612,2025-11-29 01:15:00,0,0.0,US
9613,2025-12-20 00:00:00,0,0.0,DE
9614,2025-12-14 07:18:00,0,0.0,GB
9615,2025-12-19 12:57:00,0,0.0,CA
9616,2025-12-01 18:49:00,0,0.0,CA
9617,2025-11-30 00:00:00,0,0.0,US
9618,2025-10-11 01:59:00,0,0.0,MX
9619,2025-12-17 11:34:00,0,0.0,MX
9620,2025-11-21 04:16:00,0,0.0,US
9621,2025-11-24 23:13:00,0,0.0,US
9622,2025-12-14 18:44:00,0,0.0,MX
9623,2025-11-30 00:00:00,0,0.0,US
9624,2025-11-11 11:46:00,0,0.0,US
9625,2025-12-05 04:54:00,0,0.0,US
9626,2025-10-11 06:15:00,0,0.0,US
9627,2025-12-10 20:35:00,0,0.0,FR
9628,2026-01-02 18:13:00,0,0.0,US
9629,2025-11-27 09:47:00,0,0.0,GB
9630,2025-11-27 06:32:00,0,0.0,US
9631,2025-11-06 15:38:00,0,0.0,GB
9632,2025-10-22 12:37:00,0,0.0,ES
9633,2025-10-31 22:48:00,0,0.0,DE
9634,2026-01-06 04:05:00,1,14.44,DE
9635,2025-12-07 00:00:00,0,0.0,CA
9636,2025-10-12 04:55:00,0,0.0,MX
9637,2025-12-12 22:52:00,0,0.0,FR
9638,2025-10-16 18:07:00,0,0.0,US
9639,2025-11-13 05:48:00,0,0.0,MX
9640,2025-10-23 14:45:00,0,0.0,DE
9641,2025-12-09 04:27:00,0,0.0,US
9642,2025-10-24 22:34:00,0,0.0,MX
9643,2025-10-29 17:26:00,0,0.0,US
9644,2025-12-03 08:56:00,0,0.0,GB
9645,2025-10-26 22:06:00,0,0.0,US
9646,2026-01-05 23:10:00,1,17.86,US
9647,2025-10-28 00:00:00,0,0.0,US
9648,2025-11-07 06:49:00,0,0.0,GB
9649,2025-12-27 07:28:00,0,0.0,CA
9650,2026-01-05 18:55:00,0,0.0,ES
9651,2025-10-30 05:35:00,0,0.0,DE
9652,2025-11-01 02:13:00,0,0.0,ES
9653,2025-10-19 04:26:00,0,0.0,GB
9654,2025-11-03 04:15:00,0,0.0,US
9655,2025-11-21 02:46:00,1,5.64,US
9656,2025-11-25 21:06:00,0,0.0,CA
9657,2025-11-16 02:08:00,0,0.0,US
9658,2025-12-25 08:39:00,0,0.0,MX
9659,2025-11-04 22:53:00,0,0.0,DE
9660,2025-12-04 18:08:00,0,0.0,MX
9661,2025-11-19 00:00:00,0,0.0,US
9662,2025-11-09 19:40:00,0,0.0,DE
9663,2025-10-03 06:34:00,0,0.0,ES
9664,2025-11-04 19:49:00,0,0.0,MX
9665,2025-10-23 01:02:00,0,0.0,US
9666,2025-11-15 09:20:00,1,11.81,DE
9667,2026-01-01 09:46:00,0,0.0,BR
9668,2025-12-31 08:11:00,1,3.36,DE
9669,2025-10-09 22:45:00,0,0.0,GB
9670,2025-10-31 00:00:00,0,0.0,FR
9671,2025-12-13 10:38:00,0,0.0,US
9672,2025-10-28 00:10:00,1,14.04,GB
9673,2025-10-30 19:25:00,0,0.0,GB
9674,2025-11-01 19:40:00,1,10.05,DE
9675,2025-12-01 19:04:00,0,0.0,US
9676,2025-11-12 18:50:00,0,0.0,BR
9677,2025-10-21 12:03:00,0,0.0,US
9678,2026-01-05 23:12:00,0,0.0,DE
9679,2026-01-01 13:08:00,0,0.0,US
9680,2025-11-18 04:17:00,0,0.0,US
9681,2025-12-05 20:41:00,0,0.0,ES
9682,2025-12-20 00:00:00,0,0.0,DE
9683,2025-10-16 00:00:00,0,0.0,US
9684,2025-12-23 00:00:00,0,0.0,US
9685,2025-10-20 14:35:00,0,0.0,MX
9686,2025-12-04 19:26:00,0,0.0,US
9687,2025-10-21 07:18:00,0,0.0,US
9688,2025-12-17 04:26:00,0,0.0,ES
9689,2025-12-14 13:53:00,0,0.0,US
9690,2025-10-19 03:27:00,0,0.0,DE
9691,2025-11-01 03:37:00,0,0.0,GB
9692,2025-11-19 10:29:00,0,0.0,DE
9693,2025-11-14 01:57:00,0,0.0,US
9694,2025-10-23 00:25:00,0,0.0,US
9695,2026-01-08 23:49:00,0,0.0,GB
9696,2025-10-18 21:00:00,0,0.0,ES
9697,2025-10-18 21:25:00,0,0.0,CA
9698,2025-11-13 03:58:00,0,0.0,US
9699,2025-12-18 08:05:00,0,0.0,MX
9700,2025-12-20 13:02:00,0,0.0,US
9701,2025-11-23 12:44:00,0,0.0,US
9702,2025-10-20 10:43:00,0,0.0,DE
9703,2025-10-13 04:38:00,0,0.0,US
9704,2025-10-08 05:01:00,0,0.0,MX
9705,2025-10-19 00:15:00,0,0.0,GB
9706,2025-12-23 15:02:00,0,0.0,US
9707,2025-11-25 14:46:00,0,0.0,US
9708,2025-11-20 18:36:00,0,0.0,ES
9709,2025-12-13 09:43:00,0,0.0,FR
9710,2025-10-22 15:58:00,0,0.0,FR
9711,2025-12-31 09:37:00,1,7.24,BR
9712,2025-12-23 00:00:00,0,0.0,MX
9713,2025-11-24 00:00:00,0,0.0,US
9714,2025-11-21 00:00:00,0,0.0,US
9715,2026-01-02 09:03:00,0,0.0,US
9716,2025-12-18 01:47:00,0,0.0,BR
9717,2025-12-09 15:28:00,0,0.0,MX
9718,2025-12-30 16:48:00,0,0.0,US
9719,2025-10-11 15:48:00,0,0.0,US
9720,2025-10-13 00:00:00,0,0.0,BR
9721,2025-11-02 19:08:00,0,0.0,US
9722,2025-10-26 21:57:00,0,0.0,US
9723,2025-12-20 18:51:00,0,0.0,US
9724,2026-01-02 08:00:00,0,0.0,DE
9725,2025-10-18 20:10:00,0,0.0,GB
9726,2025-11-04 08:48:00,0,0.0,MX
9727,2025-10-26 22:14:00,0,0.0,US
9728,2025-12-02 23:23:00,0,0.0,MX
9729,2025-11-08 12:56:00,0,0.0,US
9730,2025-11-30 06:43:00,0,0.0,US
9731,2025-10-10 00:00:00,0,0.0,MX
9732,2025-10-25 16:24:00,0,0.0,US
9733,2025-11-10 19:55:00,0,0.0,BR
9734,2025-11-06 11:58:00,0,0.0,MX
9735,2025-11-12 19:05:00,0,0.0,US
9736,2025-10-13 00:00:00,0,0.0,US
9737,2025-11-07 01:02:00,0,0.0,MX
9738,2025-11-25 21:24:00,0,0.0,FR
9739,2026-01-07 01:31:00,0,0.0,US
9740,2025-12-08 12:35:00,0,0.0,BR
9741,2025-11-12 12:32:00,0,0.0,US
9742,2025-09-29 04:50:00,0,0.0,CA
9743,2025-12-28 21:01:00,0,0.0,ES
9744,2025-12-15 18:19:00,0,0.0,GB
9745,2025-11-03 22:06:00,0,0.0,US
9746,2025-10-26 08:29:00,0,0.0,MX
9747,2025-11-09 07:37:00,0,0.0,ES
9748,2025-11-27 00:20:00,0,0.0,FR
9749,2025-12-24 22:10:00,0,0.0,CA
9750,2025-10-16 19:17:00,0,0.0,MX
9751,2025-10-21 05:45:00,0,0.0,MX
9752,2025-11-03 19:41:00,0,0.0,US
9753,2025-10-19 23:33:00,0,0.0,ES
9754,2025-10-14 10:36:00,0,0.0,US
9755,2025-12-10 00:00:00,0,0.0,US
9756,2025-12-09 13:21:00,0,0.0,US
9757,2025-11-17 23:55:00,0,0.0,ES
9758,2025-11-13 22:19:00,1,15.32,FR
9759,2025-10-05 08:51:00,0,0.0,GB
9760,2025-12-27 05:04:00,0,0.0,MX
9761,2025-10-17 14:06:00,0,0.0,BR
9762,2025-10-14 12:04:00,0,0.0,CA
9763,2025-10-09 00:00:00,0,0.0,FR
9764,2025-11-28 06:24:00,0,0.0,BR
9765,2026-01-04 23:26:00,0,0.0,FR
9766,2025-12-28 01:24:00,0,0.0,GB
9767,2025-11-07 22:17:00,0,0.0,GB
9768,2025-11-02 05:27:00,0,0.0,GB
9769,2025-12-21 12:27:00,0,0.0,DE
9770,2025-12-20 00:00:00,0,0.0,DE
9771,2026-01-04 08:24:00,0,0.0,GB
9772,2025-12-31 00:00:00,0,0.0,US
9773,2025-12-17 03:20:00,0,0.0,US
9774,2025-10-18 15:14:00,0,0.0,US
9775,2026-01-04 09:21:00,0,0.0,FR
9776,2025-11-24 06:38:00,0,0.0,MX
9777,2025-11-25 12:39:00,0,0.0,US
9778,2025-11-12 06:07:00,0,0.0,BR
9779,2025-12-03 16:47:00,0,0.0,FR
9780,2025-11-15 05:05:00,0,0.0,FR
9781,2025-10-05 04:50:00,0,0.0,ES
9782,2025-12-21 18:37:00,0,0.0,FR
9783,2025-10-06 12:45:00,0,0.0,US
9784,2025-12-24 02:04:00,0,0.0,MX
9785,2025-12-26 04:42:00,0,0.0,GB
9786,2025-11-02 14:12:00,0,0.0,GB
9787,2025-10-11 13:40:00,0,0.0,CA
9788,2025-12-02 17:32:00,0,0.0,US
9789,2025-11-06 02:42:00,0,0.0,FR
9790,2026-01-06 23:36:00,0,0.0,DE
9791,2025-10-18 14:54:00,0,0.0,FR
9792,2025-10-26 08:06:00,1,11.86,CA
9793,2025-10-30 00:00:00,0,0.0,US
9794,2025-10-24 17:11:00,0,0.0,FR
9795,2025-11-08 07:38:00,0,0.0,GB
9796,2025-11-22 14:31:00,1,13.55,GB
9797,2025-11-09 12:10:00,0,0.0,US
9798,2025-11-09 05:57:00,0,0.0,US
9799,2025-12-22 04:03:00,0,0.0,DE
9800,2025-10-27 06:05:00,0,0.0,FR
9801,2025-12-01 18:22:00,0,0.0,CA
9802,2025-12-23 18:40:00,0,0.0,FR
9803,2025-12-15 00:00:00,0,0.0,US
9804,2026-01-02 08:19:00,0,0.0,BR
9805,2025-10-30 22:22:00,1,12.54,US
9806,2025-10-30 17:12:00,0,0.0,BR
9807,2025-12-17 00:00:00,0,0.0,US
9808,2025-10-17 00:02:00,0,0.0,CA
9809,2025-12-01 04:51:00,0,0.0,MX
9810,2025-11-19 18:24:00,1,3.84,BR
9811,2025-10-23 16:09:00,0,0.0,US
9812,2025-12-02 05:48:00,0,0.0,GB
9813,2025-12-20 15:38:00,0,0.0,US
9814,2025-12-21 00:00:00,0,0.0,ES
9815,2025-10-15 17:37:00,0,0.0,US
9816,2026-01-07 23:52:00,0,0.0,US
9817,2025-10-21 07:06:00,1,6.7,US
9818,2025-11-29 07:50:00,0,0.0,BR
9819,2025-12-19 12:26:00,0,0.0,MX
9820,2025-12-07 14:02:00,0,0.0,GB
9821,2025-12-20 01:00:00,0,0.0,US
9822,2025-12-03 17:10:00,0,0.0,CA
9823,2025-11-04 20:58:00,0,0.0,BR
9824,2025-10-15 14:45:00,0,0.0,ES
9825,2025-10-24 09:24:00,0,0.0,FR
9826,2025-12-01 21:22:00,0,0.0,BR
9827,2025-12-20 07:40:00,0,0.0,US
9828,2025-12-11 20:06:00,0,0.0,US
9829,2025-11-12 19:08:00,0,0.0,GB
9830,2025-11-08 01:03:00,0,0.0,BR
9831,2025-12-26 18:38:00,0,0.0,MX
9832,2025-12-04 02:31:00,0,0.0,DE
9833,2025-12-25 17:03:00,0,0.0,MX
9834,2025-11-16 18:15:00,1,12.52,DE
9835,2025-12-09 23:15:00,0,0.0,US
9836,2025-12-30 04:17:00,0,0.0,US
9837,2025-11-03 01:33:00,0,0.0,FR
9838,2025-11-08 14:58:00,0,0.0,BR
9839,2026-01-05 20:46:00,0,0.0,ES
9840,2025-12-01 15:30:00,0,0.0,US
9841,2025-10-27 00:00:00,0,0.0,ES
9842,2025-10-14 04:21:00,0,0.0,US
9843,2025-10-28 18:48:00,0,0.0,DE
9844,2025-12-10 10:04:00,0,0.0,BR
9845,2025-11-12 03:24:00,0,0.0,US
9846,2025-11-15 12:07:00,0,0.0,US
9847,2025-11-10 00:00:00,0,0.0,MX
9848,2025-10-23 05:00:00,0,0.0,BR
9849,2025-10-22 12:28:00,0,0.0,MX
9850,2025-11-13 03:58:00,0,0.0,US
9851,2026-01-04 04:38:00,0,0.0,ES
9852,2025-10-27 14:46:00,0,0.0,CA
9853,2025-11-25 16:44:00,0,0.0,DE
9854,2025-11-02 15:36:00,0,0.0,ES
9855,2026-01-04 07:08:00,0,0.0,ES
9856,2025-10-27 00:00:00,0,0.0,US
9857,2025-11-05 23:16:00,1,12.28,FR
9858,2025-11-12 22:47:00,0,0.0,MX
9859,2025-11-25 00:00:00,0,0.0,GB
9860,2025-11-30 12:29:00,0,0.0,US
9861,2025-12-29 19:24:00,0,0.0,US
9862,2025-12-17 20:24:00,0,0.0,BR
9863,2025-11-30 16:07:00,0,0.0,FR
9864,2025-11-13 11:53:00,0,0.0,CA
9865,2025-12-12 16:38:00,0,0.0,ES
9866,2025-12-23 10:18:00,0,0.0,GB
9867,2025-10-10 08:28:00,0,0.0,US
9868,2025-12-26 20:02:00,0,0.0,ES
9869,2025-12-20 12:10:00,0,0.0,US
9870,2025-10-09 16:25:00,0,0.0,US
9871,2025-11-28 05:43:00,0,0.0,BR
9872,2025-11-09 13:34:00,0,0.0,ES
9873,2025-12-15 16:59:00,0,0.0,US
9874,2025-10-15 23:33:00,0,0.0,US
9875,2025-12-14 00:00:00,0,0.0,US
9876,2025-12-22 07:56:00,1,17.45,US
9877,2025-12-13 00:00:00,0,0.0,MX
9878,2025-10-10 12:45:00,0,0.0,BR
9879,2025-11-23 10:44:00,0,0.0,MX
9880,2025-11-02 17:14:00,0,0.0,US
9881,2025-12-22 01:25:00,0,0.0,CA
9882,2025-11-30 01:30:00,0,0.0,MX
9883,2025-12-12 13:49:00,0,0.0,ES
9884,2025-10-19 05:54:00,0,0.0,US
9885,2025-10-23 10:33:00,0,0.0,GB
9886,2026-01-05 14:24:00,1,10.3,MX
9887,2025-11-02 03:45:00,0,0.0,DE
9888,2025-11-05 10:02:00,0,0.0,GB
9889,2025-12-28 16:51:00,0,0.0,ES
9890,2025-10-11 21:18:00,0,0.0,GB
9891,2025-11-25 22:34:00,0,0.0,US
9892,2025-10-23 07:59:00,0,0.0,CA
9893,2025-10-21 18:24:00,1,14.26,FR
9894,2025-11-15 06:13:00,0,0.0,CA
9895,2025-10-12 11:42:00,0,0.0,ES
9896,2025-11-15 00:00:00,0,0.0,MX
9897,2025-11-25 10:01:00,0,0.0,ES
9898,2025-12-04 21:46:00,1,16.24,US
9899,2025-11-30 03:11:00,0,0.0,DE
9900,2025-10-23 02:36:00,0,0.0,MX
9901,2026-01-02 14:59:00,0,0.0,US
9902,2025-10-20 16:54:00,0,0.0,BR
9903,2025-10-08 00:00:00,0,0.0,US
9904,2025-11-06 07:33:00,0,0.0,US
9905,2025-11-07 21:03:00,0,0.0,FR
9906,2025-10-20 09:37:00,1,12.5,MX
9907,2025-11-21 09:22:00,0,0.0,US
9908,2025-10-10 00:00:00,0,0.0,US
9909,2025-11-20 00:00:00,0,0.0,US
9910,2025-11-05 07:47:00,0,0.0,US
9911,2025-10-16 16:28:00,0,0.0,MX
9912,2025-11-15 19:51:00,1,14.4,US
9913,2025-12-19 10:28:00,0,0.0,US
9914,2025-12-10 06:37:00,0,0.0,CA
9915,2025-11-17 18:55:00,0,0.0,FR
9916,2025-12-29 17:29:00,0,0.0,FR
9917,2025-12-02 06:31:00,0,0.0,ES
9918,2025-10-20 19:17:00,0,0.0,US
9919,2025-11-03 22:20:00,1,10.47,US
9920,2025-12-08 00:00:00,0,0.0,FR
9921,2025-12-24 00:00:00,0,0.0,GB
9922,2025-10-10 00:13:00,0,0.0,US
9923,2025-12-04 23:08:00,0,0.0,MX
9924,2025-10-23 01:15:00,0,0.0,ES
9925,2025-12-11 10:54:00,1,10.39,DE
9926,2025-10-06 00:00:00,0,0.0,ES
9927,2025-12-19 00:10:00,0,0.0,MX
9928,2025-10-15 01:26:00,0,0.0,US
9929,2025-10-11 08:56:00,0,0.0,BR
9930,2025-10-24 08:16:00,0,0.0,US
9931,2025-12-03 15:43:00,0,0.0,US
9932,2025-11-18 21:12:00,0,0.0,US
9933,2025-12-20 19:33:00,0,0.0,US
9934,2025-12-16 02:43:00,0,0.0,US
9935,2026-01-01 05:17:00,0,0.0,US
9936,2026-01-03 15:27:00,0,0.0,GB
9937,2025-12-31 21:55:00,0,0.0,GB
9938,2025-12-31 02:08:00,0,0.0,US
9939,2025-12-20 12:02:00,0,0.0,FR
9940,2025-10-30 00:00:00,0,0.0,DE
9941,2025-12-17 16:31:00,0,0.0,ES
9942,2025-12-23 14:13:00,0,0.0,US
9943,2025-11-20 10:44:00,0,0.0,DE
9944,2025-12-08 10:26:00,0,0.0,BR
9945,2025-11-14 00:00:00,0,0.0,GB
9946,2025-12-01 00:00:00,0,0.0,FR
9947,2025-12-05 23:19:00,0,0.0,US
9948,2025-12-08 19:00:00,0,0.0,FR
9949,2025-12-03 23:30:00,1,13.0,FR
9950,2025-11-04 16:47:00,0,0.0,GB
9951,2025-11-11 00:00:00,0,0.0,CA
9952,2026-01-02 02:59:00,0,0.0,BR
9953,2025-12-02 03:01:00,0,0.0,US
9954,2025-11-10 09:54:00,0,0.0,DE
9955,2025-12-11 00:00:00,0,0.0,BR
9956,2025-10-15 22:59:00,0,0.0,BR
9957,2025-12-04 20:24:00,0,0.0,GB
9958,2025-11-22 21:34:00,1,8.87,US
9959,2025-12-12 13:36:00,0,0.0,US
9960,2025-12-02 20:20:00,0,0.0,US
9961,2025-12-27 12:08:00,0,0.0,US
9962,2025-11-23 18:36:00,0,0.0,DE
9963,2025-12-31 08:34:00,0,0.0,US
9964,2025-12-07 00:09:00,0,0.0,CA
9965,2025-12-25 14:20:00,0,0.0,GB
9966,2026-01-12 12:07:00,0,0.0,US
9967,2025-12-13 00:26:00,0,0.0,FR
9968,2025-12-01 12:13:00,0,0.0,FR
9969,2025-10-31 23:15:00,0,0.0,CA
9970,2025-12-22 09:50:00,0,0.0,BR
9971,2025-12-01 15:02:00,0,0.0,DE
9972,2025-12-05 15:43:00,0,0.0,ES
9973,2025-12-20 16:51:00,0,0.0,GB
9974,2025-11-22 00:00:00,0,0.0,MX
9975,2025-10-22 11:23:00,0,0.0,US
9976,2025-11-29 23:30:00,0,0.0,GB
9977,2025-12-08 01:39:00,0,0.0,GB
9978,2025-12-27 11:16:00,0,0.0,GB
9979,2025-11-05 15:25:00,0,0.0,US
9980,2025-11-03 15:55:00,0,0.0,FR
9981,2025-11-03 22:56:00,0,0.0,BR
9982,2025-12-11 22:35:00,0,0.0,CA
9983,2025-11-20 15:36:00,0,0.0,US
9984,2025-11-11 18:36:00,0,0.0,US
9985,2025-10-28 06:48:00,0,0.0,GB
9986,2025-12-06 20:17:00,0,0.0,US
9987,2025-12-15 07:59:00,0,0.0,FR
9988,2026-01-15 16:17:00,0,0.0,US
9989,2025-10-26 20:19:00,0,0.0,US
9990,2025-11-07 07:04:00,1,14.44,DE
9991,2025-11-02 09:48:00,0,0.0,CA
9992,2025-12-22 19:19:00,1,10.19,ES
9993,2025-10-15 11:19:00,0,0.0,BR
9994,2025-11-16 22:24:00,0,0.0,ES
9995,2025-10-15 09:38:00,0,0.0,US
9996,2025-11-01 03:42:00,0,0.0,US
9997,2025-11-16 20:13:00,0,0.0,US
9998,2025-10-24 22:39:00,0,0.0,FR
9999,2025-10-24 17:20:00,0,0.0,MX
10000,2025-12-24 04:25:00,0,0.0,DE
10001,2025-12-27 00:00:00,0,0.0,MX
10002,2026-01-04 14:22:00,0,0.0,ES
10003,2025-10-09 20:16:00,1,5.59,DE
10004,2025-12-16 10:37:00,0,0.0,MX
10005,2025-10-15 18:59:00,0,0.0,US
10006,2025-11-05 22:29:00,0,0.0,CA
10007,2025-10-06 15:57:00,0,0.0,CA
10008,2025-12-19 08:04:00,1,7.28,CA
10009,2025-12-30 06:27:00,0,0.0,GB
10010,2025-11-26 22:13:00,0,0.0,FR
10011,2025-11-16 04:20:00,0,0.0,FR
10012,2025-11-21 22:45:00,0,0.0,US
10013,2025-10-11 06:41:00,1,11.51,US
10014,2025-12-22 11:15:00,0,0.0,GB
10015,2025-12-10 20:07:00,0,0.0,DE
10016,2025-10-14 20:50:00,0,0.0,DE
10017,2025-11-22 01:06:00,0,0.0,FR
10018,2025-12-20 18:00:00,0,0.0,US
10019,2025-10-13 12:10:00,0,0.0,US
10020,2025-11-23 01:12:00,0,0.0,CA
10021,2025-12-11 18:40:00,0,0.0,US
10022,2025-12-14 00:00:00,0,0.0,US
10023,2025-10-24 00:00:00,0,0.0,GB
10024,2025-11-09 01:57:00,1,12.58,MX
10025,2025-10-26 20:08:00,0,0.0,GB
10026,2025-10-24 04:12:00,0,0.0,FR
10027,2025-11-23 04:17:00,0,0.0,BR
10028,2025-12-05 12:47:00,0,0.0,FR
10029,2025-11-01 02:07:00,0,0.0,DE
10030,2025-11-27 10:48:00,0,0.0,MX
10031,2025-12-28 08:35:00,0,0.0,GB
10032,2025-11-18 05:32:00,0,0.0,MX
10033,2025-12-03 04:01:00,0,0.0,CA
10034,2025-11-06 22:13:00,0,0.0,DE
10035,2025-11-14 17:23:00,0,0.0,GB
10036,2026-01-06 02:36:00,0,0.0,CA
10037,2025-10-12 22:47:00,1,11.99,GB
10038,2025-10-26 05:08:00,0,0.0,BR
10039,2025-11-19 02:33:00,0,0.0,US
10040,2025-12-05 00:00:00,0,0.0,DE
10041,2025-11-07 12:16:00,0,0.0,MX
10042,2025-11-12 19:47:00,0,0.0,ES
10043,2025-10-04 11:19:00,0,0.0,FR
10044,2026-01-01 01:31:00,0,0.0,US
10045,2025-10-27 00:00:00,0,0.0,US
10046,2026-01-01 11:54:00,0,0.0,GB
10047,2025-11-21 02:32:00,0,0.0,US
10048,2025-12-09 23:16:00,0,0.0,FR
10049,2025-11-03 23:43:00,0,0.0,GB
10050,2025-11-24 20:29:00,0,0.0,ES
10051,2025-10-26 22:01:00,0,0.0,CA
10052,2025-11-10 11:01:00,0,0.0,GB
10053,2026-01-07 10:07:00,0,0.0,GB
10054,2025-10-25 18:19:00,0,0.0,GB
10055,2025-11-02 04:07:00,0,0.0,ES
10056,2025-11-26 12:51:00,0,0.0,CA
10057,2025-12-19 01:06:00,0,0.0,US
10058,2025-12-30 21:09:00,0,0.0,DE
10059,2025-10-14 16:00:00,0,0.0,US
10060,2025-12-15 10:46:00,0,0.0,BR
10061,2025-10-29 21:08:00,0,0.0,ES
10062,2025-11-11 21:46:00,0,0.0,FR
10063,2025-11-21 06:19:00,0,0.0,GB
10064,2025-10-21 05:37:00,0,0.0,US
10065,2025-11-01 00:32:00,0,0.0,ES
10066,2025-11-14 18:57:00,0,0.0,MX
10067,2025-11-23 17:51:00,0,0.0,US
10068,2025-10-16 18:45:00,0,0.0,US
10069,2025-12-07 22:42:00,0,0.0,US
10070,2025-11-27 09:24:00,0,0.0,US
10071,2025-11-03 02:29:00,0,0.0,BR
10072,2025-12-12 12:29:00,0,0.0,CA
10073,2025-11-11 10:05:00,1,15.29,US
10074,2025-10-15 07:31:00,0,0.0,DE
10075,2025-10-06 00:00:00,0,0.0,US
10076,2025-12-23 04:31:00,0,0.0,CA
10077,2025-12-07 14:48:00,0,0.0,DE
10078,2025-11-05 00:00:00,0,0.0,FR
10079,2025-12-07 17:00:00,0,0.0,GB
10080,2025-11-27 22:25:00,0,0.0,MX
10081,2025-11-24 12:35:00,0,0.0,US
10082,2025-11-27 05:47:00,0,0.0,CA
10083,2025-11-11 08:46:00,1,9.97,DE
10084,2025-12-25 18:16:00,0,0.0,DE
10085,2025-12-01 04:44:00,1,18.26,GB
10086,2026-01-06 17:51:00,0,0.0,FR
10087,2025-10-29 00:19:00,0,0.0,BR
10088,2025-11-30 00:00:00,0,0.0,FR
10089,2025-12-01 04:20:00,0,0.0,FR
10090,2025-11-15 07:37:00,0,0.0,US
10091,2025-12-08 00:00:00,0,0.0,US
10092,2025-12-16 10:46:00,0,0.0,ES
10093,2025-11-16 07:48:00,0,0.0,US
10094,2025-12-12 16:43:00,0,0.0,MX
10095,2025-12-12 01:08:00,0,0.0,CA
10096,2025-11-16 05:17:00,0,0.0,FR
10097,2025-12-13 12:34:00,0,0.0,US
10098,2025-12-29 18:53:00,0,0.0,MX
10099,2026-01-04 00:26:00,0,0.0,MX
10100,2025-10-07 04:32:00,0,0.0,US
10101,2025-10-07 03:07:00,0,0.0,MX
10102,2025-10-10 11:53:00,0,0.0,FR
10103,2025-11-06 00:00:00,0,0.0,US
10104,2025-10-19 00:00:00,0,0.0,US
10105,2025-11-12 18:49:00,0,0.0,GB
10106,2025-12-01 00:00:00,0,0.0,BR
10107,2025-10-29 22:46:00,0,0.0,DE
10108,2026-01-02 00:00:00,0,0.0,US
10109,2025-12-01 17:52:00,0,0.0,US
10110,2025-11-22 21:20:00,0,0.0,CA
10111,2025-12-26 12:28:00,0,0.0,FR
10112,2025-10-13 00:00:00,0,0.0,MX
10113,2025-12-11 14:32:00,0,0.0,CA
10114,2025-12-21 13:35:00,0,0.0,DE
10115,2025-12-23 09:43:00,0,0.0,BR
10116,2025-12-27 18:24:00,0,0.0,US
10117,2025-10-23 14:29:00,1,17.15,CA
10118,2025-10-04 18:00:00,0,0.0,FR
10119,2026-01-03 21:57:00,0,0.0,US
10120,2025-12-03 00:00:00,0,0.0,DE
10121,2025-11-13 00:28:00,0,0.0,US
10122,2025-11-25 05:32:00,0,0.0,DE
10123,2025-10-09 05:44:00,1,15.43,US
10124,2025-12-04 13:03:00,0,0.0,GB
10125,2025-11-17 00:00:00,0,0.0,FR
10126,2025-11-11 22:15:00,0,0.0,US
10127,2025-12-23 04:11:00,0,0.0,ES
10128,2025-11-04 14:07:00,1,8.84,US
10129,2025-10-12 00:00:00,0,0.0,US
10130,2025-12-20 02:44:00,0,0.0,FR
10131,2025-11-08 07:20:00,0,0.0,MX
10132,2025-10-14 22:29:00,0,0.0,US
10133,2025-11-28 22:11:00,0,0.0,GB
10134,2025-12-13 19:05:00,0,0.0,MX
10135,2025-11-03 09:06:00,0,0.0,ES
10136,2025-11-16 22:00:00,0,0.0,ES
10137,2025-10-21 14:19:00,0,0.0,FR
10138,2025-12-02 06:39:00,0,0.0,MX
10139,2025-12-17 16:53:00,0,0.0,DE
10140,2026-01-06 09:34:00,0,0.0,DE
10141,2025-10-13 14:58:00,0,0.0,US
10142,2025-12-15 22:32:00,1,11.65,DE
10143,2025-12-04 17:14:00,0,0.0,US
10144,2025-12-16 05:02:00,0,0.0,CA
10145,2025-10-31 12:54:00,0,0.0,US
10146,2025-11-19 23:19:00,0,0.0,US
10147,2025-11-23 03:34:00,0,0.0,MX
10148,2025-12-05 19:37:00,0,0.0,FR
10149,2025-11-10 03:06:00,0,0.0,DE
10150,2025-11-09 18:34:00,0,0.0,US
10151,2025-11-30 14:00:00,0,0.0,BR
10152,2025-11-18 03:33:00,0,0.0,US
10153,2025-12-22 02:22:00,0,0.0,US
10154,2025-12-25 03:53:00,0,0.0,CA
10155,2026-01-12 13:48:00,0,0.0,GB
10156,2025-12-03 04:41:00,0,0.0,ES
10157,2025-10-11 18:21:00,0,0.0,US
10158,2025-12-21 02:59:00,0,0.0,US
10159,2025-10-28 08:24:00,0,0.0,DE
10160,2025-11-24 00:00:00,0,0.0,MX
10161,2025-12-21 18:02:00,0,0.0,CA
10162,2025-11-17 00:00:00,1,6.46,DE
10163,2025-10-19 12:44:00,1,10.43,US
10164,2025-12-17 04:26:00,0,0.0,ES
10165,2025-12-25 01:48:00,0,0.0,US
10166,2025-11-12 03:11:00,0,0.0,FR
10167,2025-10-07 19:10:00,0,0.0,FR
10168,2025-12-21 19:41:00,0,0.0,FR
10169,2025-10-28 14:27:00,0,0.0,GB
10170,2025-12-02 19:07:00,0,0.0,GB
10171,2025-12-27 09:34:00,0,0.0,US
10172,2025-10-27 17:45:00,0,0.0,CA
10173,2025-12-02 09:06:00,0,0.0,GB
10174,2025-12-07 02:24:00,0,0.0,US
10175,2025-12-02 17:32:00,0,0.0,GB
10176,2025-12-18 00:00:00,0,0.0,BR
10177,2025-11-11 14:37:00,0,0.0,GB
10178,2025-10-24 23:23:00,1,15.92,FR
10179,2025-10-29 23:31:00,0,0.0,US
10180,2025-11-10 16:15:00,0,0.0,GB
10181,2025-10-21 10:30:00,1,11.8,US
10182,2025-11-27 19:07:00,0,0.0,DE
10183,2025-12-29 18:50:00,0,0.0,DE
10184,2025-10-22 03:51:00,0,0.0,GB
10185,2025-12-30 16:06:00,0,0.0,GB
10186,2025-12-03 07:45:00,0,0.0,BR
10187,2025-12-19 00:00:00,0,0.0,US
10188,2025-12-13 15:41:00,0,0.0,DE
10189,2025-11-07 00:00:00,0,0.0,US
10190,2025-11-27 20:59:00,0,0.0,BR
10191,2025-11-19 16:29:00,0,0.0,US
10192,2025-10-07 06:29:00,0,0.0,DE
10193,2025-10-10 13:23:00,0,0.0,MX
10194,2025-11-12 12:49:00,0,0.0,GB
10195,2025-10-12 07:23:00,0,0.0,US
10196,2025-12-10 00:26:00,0,0.0,CA
10197,2025-12-15 00:00:00,0,0.0,GB
10198,2025-11-25 00:00:00,0,0.0,MX
10199,2025-10-25 15:56:00,1,14.76,DE
10200,2025-11-22 02:14:00,0,0.0,US
10201,2025-10-27 14:37:00,0,0.0,CA
10202,2025-12-15 19:24:00,0,0.0,US
10203,2025-10-17 08:35:00,0,0.0,DE
10204,2025-12-29 17:39:00,0,0.0,CA
10205,2025-11-04 13:29:00,0,0.0,DE
10206,2025-11-12 06:38:00,0,0.0,DE
10207,2025-10-10 00:00:00,0,0.0,US
10208,2025-10-28 00:00:00,0,0.0,GB
10209,2025-11-23 16:42:00,0,0.0,DE
10210,2025-12-16 13:17:00,0,0.0,FR
10211,2025-11-08 23:22:00,0,0.0,US
10212,2025-10-29 12:52:00,0,0.0,US
10213,2025-11-29 00:00:00,0,0.0,MX
10214,2025-10-17 00:00:00,0,0.0,DE
10215,2025-11-21 13:39:00,0,0.0,US
10216,2025-12-15 05:26:00,0,0.0,ES
10217,2025-11-15 09:23:00,0,0.0,GB
10218,2025-10-31 09:25:00,0,0.0,US
10219,2025-12-02 07:56:00,0,0.0,DE
10220,2025-12-23 10:23:00,0,0.0,CA
10221,2025-12-10 11:29:00,0,0.0,US
10222,2025-10-28 00:00:00,0,0.0,GB
10223,2025-10-16 22:46:00,0,0.0,GB
10224,2025-11-21 19:55:00,0,0.0,GB
10225,2025-11-25 13:01:00,0,0.0,US
10226,2025-11-10 12:02:00,0,0.0,US
10227,2025-11-16 00:00:00,0,0.0,US
10228,2025-10-28 16:51:00,1,10.36,US
10229,2025-12-23 08:33:00,0,0.0,CA
10230,2025-10-31 09:13:00,0,0.0,US
10231,2025-11-02 17:28:00,0,0.0,US
10232,2025-12-06 07:21:00,0,0.0,FR
10233,2025-11-27 11:54:00,0,0.0,US
10234,2025-10-25 23:34:00,0,0.0,US
10235,2025-10-08 00:00:00,0,0.0,US
10236,2025-12-06 00:00:00,0,0.0,MX
10237,2025-10-15 08:39:00,0,0.0,GB
10238,2025-11-28 13:50:00,0,0.0,US
10239,2025-12-21 20:51:00,0,0.0,US
10240,2025-11-03 17:12:00,1,12.81,US
10241,2025-10-28 14:30:00,1,17.09,CA
10242,2025-12-22 06:32:00,0,0.0,ES
10243,2025-12-22 22:49:00,0,0.0,DE
10244,2025-11-02 13:37:00,0,0.0,FR
10245,2025-11-19 21:11:00,1,7.46,FR
10246,2025-12-26 09:18:00,0,0.0,US
10247,2025-10-06 00:00:00,0,0.0,GB
10248,2025-12-02 08:56:00,1,9.34,CA
10249,2025-10-30 15:48:00,0,0.0,CA
10250,2025-12-22 21:29:00,0,0.0,DE
10251,2025-12-08 00:52:00,0,0.0,BR
10252,2025-12-31 00:00:00,0,0.0,GB
10253,2025-12-17 00:00:00,0,0.0,US
10254,2025-11-12 18:49:00,0,0.0,ES
10255,2025-11-03 17:13:00,0,0.0,GB
10256,2025-12-17 23:55:00,0,0.0,GB
10257,2025-12-12 19:14:00,0,0.0,DE
10258,2025-10-14 22:30:00,1,16.22,FR
10259,2025-10-14 05:28:00,0,0.0,US
10260,2025-12-15 02:37:00,1,9.21,US
10261,2025-11-03 15:59:00,0,0.0,ES
10262,2025-10-18 14:01:00,0,0.0,GB
10263,2025-11-27 07:25:00,0,0.0,FR
10264,2025-11-04 21:52:00,0,0.0,US
10265,2025-10-10 00:00:00,0,0.0,ES
10266,2025-12-20 02:12:00,0,0.0,MX
10267,2025-10-17 00:00:00,0,0.0,DE
10268,2025-12-08 22:39:00,0,0.0,FR
10269,2025-10-25 07:40:00,0,0.0,MX
10270,2025-11-03 00:00:00,0,0.0,CA
10271,2025-12-24 20:49:00,0,0.0,MX
10272,2025-10-15 11:21:00,0,0.0,US
10273,2025-11-13 13:23:00,0,0.0,US
10274,2025-10-20 20:17:00,0,0.0,ES
10275,2025-12-08 12:31:00,1,11.57,GB
10276,2025-12-13 00:00:00,0,0.0,US
10277,2025-12-15 06:01:00,1,11.5,BR
10278,2025-10-25 00:00:00,0,0.0,US
10279,2025-11-21 18:11:00,0,0.0,FR
10280,2025-10-29 01:17:00,0,0.0,CA
10281,2025-10-14 18:51:00,0,0.0,US
10282,2025-10-09 02:52:00,0,0.0,GB
10283,2025-12-28 14:58:00,0,0.0,ES
10284,2025-12-03 20:29:00,0,0.0,DE
10285,2025-11-16 21:05:00,0,0.0,ES
10286,2025-12-18 09:49:00,0,0.0,US
10287,2025-11-19 18:54:00,0,0.0,US
10288,2026-01-07 15:03:00,0,0.0,DE
10289,2025-12-06 08:42:00,0,0.0,MX
10290,2026-01-12 11:42:00,0,0.0,US
10291,2025-12-11 07:52:00,0,0.0,US
10292,2025-10-26 22:16:00,1,13.45,US
10293,2025-10-23 05:17:00,0,0.0,GB
10294,2025-10-18 02:45:00,0,0.0,DE
10295,2025-11-08 00:00:00,0,0.0,DE
10296,2025-11-14 18:59:00,0,0.0,GB
10297,2025-11-12 04:14:00,0,0.0,DE
10298,2025-11-02 00:00:00,0,0.0,ES
10299,2025-11-11 05:42:00,1,10.02,US
10300,2025-10-20 22:15:00,0,0.0,US
10301,2025-11-16 22:52:00,0,0.0,ES
10302,2025-12-24 12:04:00,0,0.0,FR
10303,2025-11-16 02:14:00,0,0.0,GB
10304,2025-11-08 21:34:00,0,0.0,DE
10305,2025-11-08 18:40:00,0,0.0,GB
10306,2025-12-11 00:00:00,0,0.0,US
10307,2025-12-23 21:00:00,0,0.0,BR
10308,2025-10-31 00:00:00,0,0.0,US
10309,2025-11-04 10:45:00,0,0.0,US
10310,2025-10-19 00:22:00,0,0.0,US
10311,2025-11-03 00:00:00,0,0.0,DE
10312,2025-11-09 02:37:00,0,0.0,US
10313,2025-11-09 12:00:00,0,0.0,US
10314,2025-12-07 06:31:00,1,12.92,US
10315,2025-10-22 21:20:00,0,0.0,DE
10316,2025-11-01 12:29:00,0,0.0,FR
10317,2025-12-14 06:46:00,0,0.0,US
10318,2025-12-14 00:00:00,0,0.0,ES
10319,2025-10-12 05:51:00,0,0.0,MX
10320,2025-11-25 23:12:00,1,13.67,GB
10321,2025-10-29 21:05:00,0,0.0,GB
10322,2025-12-15 03:32:00,0,0.0,MX
10323,2025-11-09 14:42:00,0,0.0,FR
10324,2025-11-07 00:00:00,0,0.0,FR
10325,2025-11-03 15:42:00,0,0.0,MX
10326,2025-12-18 16:51:00,0,0.0,US
10327,2025-10-22 16:44:00,0,0.0,ES
10328,2025-11-23 15:04:00,0,0.0,GB
10329,2025-11-15 10:28:00,0,0.0,CA
10330,2026-01-04 12:42:00,0,0.0,US
10331,2025-12-19 16:14:00,0,0.0,CA
10332,2025-11-26 02:36:00,0,0.0,MX
10333,2025-11-12 17:06:00,0,0.0,DE
10334,2025-11-20 08:43:00,1,4.96,GB
10335,2025-12-08 13:35:00,0,0.0,MX
10336,2025-12-02 19:18:00,0,0.0,FR
10337,2025-12-28 19:04:00,0,0.0,BR
10338,2025-11-13 14:19:00,0,0.0,FR
10339,2025-11-01 15:50:00,0,0.0,US
10340,2025-12-12 12:48:00,0,0.0,US
10341,2025-10-24 15:45:00,0,0.0,FR
10342,2025-10-27 08:16:00,1,11.1,DE
10343,2025-10-16 22:39:00,0,0.0,US
10344,2025-12-31 00:00:00,0,0.0,US
10345,2025-12-26 10:39:00,0,0.0,US
10346,2025-12-19 22:30:00,0,0.0,US
10347,2025-10-13 09:34:00,0,0.0,FR
10348,2025-10-30 02:15:00,0,0.0,US
10349,2025-11-10 00:00:00,0,0.0,US
10350,2025-10-28 18:09:00,0,0.0,FR
10351,2026-01-03 08:48:00,0,0.0,US
10352,2025-11-19 00:00:00,0,0.0,US
10353,2025-11-26 20:15:00,0,0.0,DE
10354,2025-12-05 05:54:00,0,0.0,FR
10355,2025-11-12 17:43:00,0,0.0,ES
10356,2025-11-04 07:31:00,0,0.0,US
10357,2025-10-31 00:00:00,0,0.0,US
10358,2025-12-21 00:00:00,0,0.0,GB
10359,2026-01-01 01:30:00,0,0.0,US
10360,2025-10-18 15:57:00,0,0.0,DE
10361,2025-11-26 00:00:00,0,0.0,US
10362,2025-11-25 05:06:00,0,0.0,GB
10363,2025-12-08 17:30:00,0,0.0,US
10364,2025-11-08 00:00:00,0,0.0,US
10365,2025-11-14 00:00:00,0,0.0,DE
10366,2026-01-08 23:16:00,0,0.0,GB
10367,2025-11-02 16:22:00,0,0.0,BR
10368,2025-12-20 04:40:00,0,0.0,CA
10369,2025-10-13 07:13:00,0,0.0,GB
10370,2025-12-23 00:00:00,0,0.0,ES
10371,2025-11-10 01:25:00,0,0.0,CA
10372,2025-12-28 01:36:00,0,0.0,US
10373,2025-10-30 09:08:00,0,0.0,US
10374,2025-10-25 05:35:00,0,0.0,DE
10375,2026-01-02 07:31:00,0,0.0,US
10376,2025-11-07 15:48:00,0,0.0,DE
10377,2025-12-31 04:45:00,0,0.0,US
10378,2025-11-04 15:33:00,0,0.0,BR
10379,2025-12-29 05:37:00,0,0.0,CA
10380,2025-10-07 19:39:00,0,0.0,BR
10381,2025-12-04 01:16:00,1,8.04,CA
10382,2025-12-25 14:38:00,0,0.0,BR
10383,2025-12-22 00:00:00,0,0.0,DE
10384,2025-12-26 21:34:00,0,0.0,GB
10385,2025-10-25 00:07:00,0,0.0,MX
10386,2025-12-26 04:41:00,0,0.0,US
10387,2025-12-06 00:00:00,0,0.0,FR
10388,2025-10-10 08:12:00,0,0.0,US
10389,2025-12-06 06:28:00,0,0.0,CA
10390,2026-01-02 15:49:00,0,0.0,DE
10391,2025-10-19 02:55:00,0,0.0,ES
10392,2025-12-23 17:59:00,0,0.0,DE
10393,2025-12-21 19:44:00,0,0.0,US
10394,2025-10-25 10:52:00,1,13.06,ES
10395,2025-11-21 14:08:00,0,0.0,US
10396,2025-10-30 15:04:00,0,0.0,US
10397,2025-12-17 13:42:00,1,10.53,DE
10398,2025-11-26 12:01:00,0,0.0,FR
10399,2025-12-03 19:54:00,0,0.0,GB
10400,2025-11-24 08:15:00,0,0.0,FR
10401,2025-11-23 02:11:00,0,0.0,GB
10402,2025-10-19 00:00:00,0,0.0,US
10403,2026-01-03 04:52:00,0,0.0,GB
10404,2025-12-11 16:56:00,0,0.0,DE
10405,2025-12-05 23:48:00,0,0.0,MX
10406,2025-12-13 12:47:00,0,0.0,GB
10407,2025-10-22 21:53:00,0,0.0,MX
10408,2025-10-23 08:27:00,0,0.0,US
10409,2025-09-30 12:17:00,0,0.0,FR
10410,2025-11-20 16:33:00,0,0.0,US
10411,2025-11-06 00:47:00,0,0.0,US
10412,2025-12-24 18:54:00,1,19.3,US
10413,2025-10-06 14:03:00,0,0.0,US
10414,2025-10-17 04:57:00,0,0.0,CA
10415,2025-12-30 23:06:00,0,0.0,US
10416,2025-10-20 23:05:00,0,0.0,US
10417,2025-10-19 12:57:00,0,0.0,MX
10418,2025-12-22 11:00:00,0,0.0,US
10419,2025-11-08 10:08:00,0,0.0,MX
10420,2026-01-02 09:29:00,0,0.0,US
10421,2025-11-19 05:09:00,0,0.0,US
10422,2025-11-23 01:23:00,0,0.0,US
10423,2025-12-30 20:24:00,0,0.0,FR
10424,2025-10-11 15:09:00,0,0.0,DE
10425,2025-12-06 09:21:00,1,9.16,ES
10426,2025-10-01 03:03:00,0,0.0,DE
10427,2025-10-22 22:59:00,1,8.68,MX
10428,2025-10-31 00:20:00,0,0.0,CA
10429,2025-10-26 16:35:00,0,0.0,BR
10430,2026-01-01 19:31:00,1,17.01,GB
10431,2025-10-29 20:43:00,0,0.0,ES
10432,2025-11-12 10:58:00,0,0.0,US
10433,2025-11-16 18:37:00,0,0.0,FR
10434,2025-12-24 07:47:00,0,0.0,ES
10435,2025-11-26 05:40:00,0,0.0,ES
10436,2025-12-29 08:15:00,1,16.44,GB
10437,2025-12-18 08:01:00,1,11.76,GB
10438,2025-11-15 08:07:00,0,0.0,ES
10439,2025-11-20 13:09:00,0,0.0,CA
10440,2025-12-22 05:05:00,0,0.0,DE
10441,2025-10-08 00:00:00,0,0.0,US
10442,2025-12-06 21:51:00,0,0.0,US
10443,2025-11-13 20:58:00,0,0.0,MX
10444,2025-12-01 12:28:00,0,0.0,DE
10445,2025-10-19 00:00:00,0,0.0,US
10446,2025-10-30 17:55:00,0,0.0,DE
10447,2025-10-25 16:44:00,0,0.0,BR
10448,2025-12-17 07:21:00,0,0.0,US
10449,2025-12-18 01:11:00,0,0.0,US
10450,2025-12-01 05:13:00,0,0.0,CA
10451,2025-12-20 09:26:00,0,0.0,FR
10452,2025-11-09 23:40:00,0,0.0,ES
10453,2025-12-01 08:48:00,0,0.0,DE
10454,2025-11-02 11:40:00,0,0.0,US
10455,2025-12-09 08:06:00,1,14.6,FR
10456,2025-10-17 00:00:00,0,0.0,US
10457,2025-12-07 14:46:00,0,0.0,CA
10458,2025-10-10 19:53:00,1,11.45,GB
10459,2025-11-23 20:49:00,0,0.0,US
10460,2025-11-12 00:00:00,0,0.0,US
10461,2025-12-02 00:00:00,0,0.0,MX
10462,2025-12-06 04:25:00,1,12.0,FR
10463,2025-12-08 10:18:00,0,0.0,MX
10464,2025-11-23 22:29:00,0,0.0,US
10465,2025-12-06 00:53:00,0,0.0,CA
10466,2025-12-08 18:08:00,0,0.0,BR
10467,2025-12-16 00:11:00,0,0.0,BR
10468,2025-10-31 10:18:00,0,0.0,ES
10469,2025-10-20 08:00:00,0,0.0,MX
10470,2025-12-08 01:47:00,0,0.0,DE
10471,2025-12-20 14:37:00,0,0.0,DE
10472,2025-10-09 00:00:00,0,0.0,MX
10473,2025-12-07 00:00:00,0,0.0,CA
10474,2025-10-22 00:00:00,0,0.0,MX
10475,2025-12-09 00:30:00,0,0.0,US
10476,2025-10-19 17:27:00,0,0.0,US
10477,2025-12-01 05:58:00,0,0.0,US
10478,2025-11-04 05:48:00,0,0.0,US
10479,2025-11-11 06:18:00,0,0.0,US
10480,2025-12-20 20:29:00,0,0.0,CA
10481,2025-11-18 12:59:00,0,0.0,US
10482,2025-11-27 22:14:00,0,0.0,ES
10483,2025-10-08 04:39:00,0,0.0,CA
10484,2025-12-10 11:23:00,0,0.0,US
10485,2025-12-21 07:41:00,0,0.0,GB
10486,2025-12-24 14:17:00,0,0.0,GB
10487,2025-10-27 02:33:00,0,0.0,ES
10488,2025-11-16 14:58:00,0,0.0,US
10489,2025-12-06 04:23:00,0,0.0,US
10490,2025-11-04 06:09:00,0,0.0,DE
10491,2025-12-14 03:31:00,0,0.0,GB
10492,2025-10-13 10:53:00,0,0.0,GB
10493,2025-10-30 00:00:00,0,0.0,ES
10494,2025-11-18 01:23:00,0,0.0,ES
10495,2025-10-29 23:07:00,0,0.0,US
10496,2025-12-28 01:48:00,0,0.0,CA
10497,2025-11-22 18:42:00,0,0.0,ES
10498,2025-12-29 03:13:00,0,0.0,US
10499,2025-11-07 23:00:00,0,0.0,US
10500,2025-12-13 00:09:00,0,0.0,DE
10501,2025-12-08 04:32:00,0,0.0,US
10502,2025-11-26 20:26:00,0,0.0,BR
10503,2026-01-05 18:09:00,0,0.0,ES
10504,2025-12-25 11:33:00,0,0.0,BR
10505,2025-10-14 11:20:00,0,0.0,US
10506,2025-11-03 23:38:00,0,0.0,US
10507,2025-12-02 22:07:00,0,0.0,CA
10508,2025-11-07 19:39:00,0,0.0,US
10509,2025-10-24 11:33:00,0,0.0,GB
10510,2026-01-06 02:17:00,0,0.0,US
10511,2025-12-08 07:23:00,0,0.0,US
10512,2025-12-11 00:00:00,1,15.49,DE
10513,2026-01-03 02:55:00,0,0.0,DE
10514,2026-01-05 18:34:00,0,0.0,DE
10515,2025-11-13 03:10:00,0,0.0,US
10516,2025-12-10 01:16:00,0,0.0,US
10517,2025-12-02 05:33:00,0,0.0,GB
10518,2025-10-15 16:42:00,0,0.0,MX
10519,2025-12-16 00:00:00,1,11.62,DE
10520,2025-12-04 22:04:00,0,0.0,CA
10521,2025-10-29 03:26:00,0,0.0,FR
10522,2025-11-14 12:06:00,0,0.0,US
10523,2026-01-06 03:36:00,1,10.76,GB
10524,2025-11-08 09:32:00,0,0.0,DE
10525,2025-10-11 22:46:00,0,0.0,ES
10526,2025-12-09 12:42:00,0,0.0,CA
10527,2025-11-22 07:24:00,0,0.0,FR
10528,2025-12-27 21:15:00,0,0.0,GB
10529,2025-10-29 10:33:00,0,0.0,GB
10530,2025-12-16 09:57:00,0,0.0,US
10531,2025-11-04 00:00:00,0,0.0,FR
10532,2025-12-26 01:23:00,0,0.0,US
10533,2025-11-17 08:19:00,0,0.0,ES
10534,2025-10-28 17:15:00,0,0.0,BR
10535,2025-12-02 17:07:00,0,0.0,BR
10536,2025-11-22 10:37:00,0,0.0,US
10537,2025-12-18 19:13:00,0,0.0,GB
10538,2025-11-30 06:22:00,0,0.0,US
10539,2025-11-03 19:22:00,0,0.0,FR
10540,2025-10-15 14:32:00,1,14.18,DE
10541,2025-12-25 00:00:00,0,0.0,US
10542,2025-12-01 08:25:00,0,0.0,DE
10543,2025-12-18 21:02:00,0,0.0,GB
10544,2025-10-19 19:28:00,0,0.0,US
10545,2025-10-14 00:00:00,0,0.0,GB
10546,2025-11-11 00:00:00,0,0.0,GB
10547,2025-10-21 09:24:00,0,0.0,MX
10548,2025-11-06 15:22:00,0,0.0,GB
10549,2025-12-28 08:23:00,0,0.0,DE
10550,2025-12-04 21:04:00,0,0.0,FR
10551,2025-11-13 19:58:00,0,0.0,FR
10552,2025-11-14 03:29:00,0,0.0,US
10553,2025-11-13 13:03:00,0,0.0,FR
10554,2025-11-02 20:23:00,0,0.0,ES
10555,2025-11-12 21:06:00,0,0.0,MX
10556,2025-10-15 00:00:00,0,0.0,FR
10557,2025-10-23 15:42:00,0,0.0,US
10558,2025-12-25 16:56:00,0,0.0,US
10559,2025-11-08 15:46:00,0,0.0,MX
10560,2025-10-15 16:15:00,0,0.0,US
10561,2025-11-21 02:19:00,1,15.24,US
10562,2025-12-02 23:09:00,0,0.0,MX
10563,2025-11-27 00:00:00,0,0.0,ES
10564,2025-11-26 17:19:00,0,0.0,MX
10565,2025-10-11 17:10:00,0,0.0,ES
10566,2025-10-12 20:31:00,0,0.0,MX
10567,2025-11-16 06:56:00,0,0.0,MX
10568,2025-11-12 14:17:00,0,0.0,US
10569,2025-12-17 00:00:00,0,0.0,US
10570,2025-12-29 22:16:00,0,0.0,FR
10571,2025-10-13 00:00:00,0,0.0,GB
10572,2025-12-30 13:47:00,1,9.57,BR
10573,2025-11-06 20:49:00,0,0.0,FR
10574,2025-10-13 12:59:00,0,0.0,GB
10575,2025-11-13 11:05:00,0,0.0,US
10576,2026-01-05 04:56:00,0,0.0,FR
10577,2025-12-18 06:19:00,0,0.0,DE
10578,2025-11-11 04:29:00,0,0.0,US
10579,2025-11-23 03:41:00,0,0.0,FR
10580,2025-12-06 17:33:00,0,0.0,CA
10581,2025-11-13 08:10:00,0,0.0,FR
10582,2025-10-15 11:31:00,0,0.0,FR
10583,2025-12-06 07:52:00,0,0.0,FR
10584,2025-11-21 06:13:00,0,0.0,US
10585,2025-10-14 16:29:00,0,0.0,DE
10586,2025-12-11 16:55:00,0,0.0,US
10587,2025-11-05 23:14:00,0,0.0,FR
10588,2025-11-13 01:24:00,0,0.0,US
10589,2025-11-19 22:47:00,0,0.0,FR
10590,2025-11-19 08:34:00,0,0.0,ES
10591,2025-10-08 10:27:00,0,0.0,MX
10592,2025-12-20 16:41:00,0,0.0,BR
10593,2025-11-23 02:19:00,0,0.0,GB
10594,2025-10-24 00:00:00,0,0.0,FR
10595,2025-11-10 08:34:00,0,0.0,US
10596,2025-11-14 21:12:00,0,0.0,FR
10597,2025-12-13 05:22:00,0,0.0,US
10598,2025-12-05 00:54:00,1,8.26,CA
10599,2025-12-30 12:59:00,0,0.0,FR
10600,2025-12-28 00:11:00,0,0.0,US
10601,2025-12-20 17:56:00,0,0.0,US
10602,2025-12-14 11:11:00,0,0.0,GB
10603,2025-10-31 05:21:00,1,13.2,DE
10604,2025-11-06 16:40:00,0,0.0,US
10605,2025-12-17 00:44:00,0,0.0,GB
10606,2025-12-31 07:10:00,0,0.0,CA
10607,2025-10-15 00:00:00,0,0.0,US
10608,2025-11-02 02:08:00,0,0.0,US
10609,2025-11-08 09:06:00,0,0.0,US
10610,2025-11-26 10:28:00,0,0.0,MX
10611,2025-10-21 07:07:00,0,0.0,MX
10612,2025-10-26 00:00:00,0,0.0,CA
10613,2025-11-18 23:11:00,1,9.67,FR
10614,2025-11-01 10:12:00,0,0.0,CA
10615,2025-10-26 07:44:00,0,0.0,US
10616,2025-12-15 00:00:00,0,0.0,ES
10617,2025-11-19 00:00:00,0,0.0,GB
10618,2025-11-05 23:00:00,0,0.0,ES
10619,2025-12-29 04:57:00,0,0.0,MX
10620,2026-01-05 07:30:00,1,12.53,GB
10621,2025-10-21 22:10:00,0,0.0,US
10622,2025-12-16 11:05:00,0,0.0,ES
10623,2025-11-13 08:50:00,0,0.0,US
10624,2026-01-04 10:45:00,0,0.0,ES
10625,2025-10-26 02:32:00,0,0.0,US
10626,2025-12-18 01:57:00,0,0.0,DE
10627,2025-12-15 17:20:00,0,0.0,GB
10628,2025-11-07 10:16:00,0,0.0,DE
10629,2025-11-27 02:26:00,0,0.0,US
10630,2025-11-30 23:11:00,0,0.0,ES
10631,2025-10-28 00:00:00,0,0.0,MX
10632,2025-11-16 22:20:00,0,0.0,US
10633,2025-12-28 03:32:00,0,0.0,GB
10634,2025-11-27 20:02:00,0,0.0,US
10635,2025-12-27 02:47:00,0,0.0,GB
10636,2025-12-03 14:38:00,0,0.0,GB
10637,2025-12-07 00:00:00,0,0.0,US
10638,2025-10-09 14:44:00,0,0.0,US
10639,2025-11-22 07:54:00,0,0.0,US
10640,2025-11-25 12:02:00,0,0.0,GB
10641,2025-10-04 15:40:00,0,0.0,DE
10642,2025-11-19 00:00:00,0,0.0,FR
10643,2025-11-28 06:06:00,0,0.0,US
10644,2025-12-07 01:44:00,0,0.0,US
10645,2025-10-21 18:04:00,0,0.0,GB
10646,2025-11-09 05:52:00,1,13.34,FR
10647,2025-11-03 12:42:00,0,0.0,DE
10648,2025-10-11 22:20:00,0,0.0,MX
10649,2025-12-22 04:32:00,0,0.0,US
10650,2025-12-09 00:00:00,0,0.0,DE
10651,2025-11-22 14:59:00,0,0.0,FR
10652,2025-12-17 00:00:00,0,0.0,US
10653,2025-11-27 23:16:00,0,0.0,GB
10654,2025-11-23 17:53:00,1,11.36,DE
10655,2025-10-29 02:52:00,0,0.0,ES
10656,2025-12-20 00:00:00,0,0.0,CA
10657,2025-12-12 11:16:00,0,0.0,CA
10658,2026-01-01 08:46:00,0,0.0,US
10659,2025-11-08 23:14:00,0,0.0,US
10660,2025-10-12 00:59:00,0,0.0,DE
10661,2025-12-08 21:16:00,1,10.66,US
10662,2026-01-11 21:45:00,0,0.0,FR
10663,2025-12-14 00:00:00,0,0.0,US
10664,2025-11-10 14:30:00,0,0.0,DE
10665,2025-10-22 12:03:00,0,0.0,CA
10666,2025-11-28 18:11:00,0,0.0,DE
10667,2025-11-28 14:09:00,0,0.0,MX
10668,2026-01-10 12:25:00,0,0.0,US
10669,2025-10-13 13:50:00,0,0.0,US
10670,2025-10-23 09:42:00,0,0.0,US
10671,2025-11-01 23:41:00,0,0.0,US
10672,2025-10-06 16:22:00,0,0.0,FR
10673,2025-11-27 17:50:00,0,0.0,ES
10674,2025-11-13 09:51:00,1,14.07,DE
10675,2025-10-16 06:49:00,0,0.0,US
10676,2025-12-03 19:02:00,0,0.0,FR
10677,2025-10-18 01:53:00,0,0.0,DE
10678,2025-12-26 21:55:00,0,0.0,FR
10679,2026-01-01 00:00:00,0,0.0,GB
10680,2025-12-31 21:18:00,0,0.0,US
10681,2025-11-25 08:39:00,0,0.0,US
10682,2025-12-11 06:46:00,0,0.0,CA
10683,2025-11-12 08:19:00,0,0.0,US
10684,2025-11-29 23:30:00,0,0.0,US
10685,2025-11-06 08:43:00,1,17.57,ES
10686,2025-12-14 00:00:00,0,0.0,CA
10687,2025-12-25 18:41:00,0,0.0,GB
10688,2025-11-05 16:58:00,0,0.0,US
10689,2025-11-12 23:01:00,0,0.0,FR
10690,2025-12-03 23:08:00,0,0.0,DE
10691,2025-11-15 01:19:00,0,0.0,US
10692,2025-12-06 07:41:00,1,10.02,US
10693,2025-11-30 12:15:00,0,0.0,DE
10694,2025-10-14 02:18:00,0,0.0,US
10695,2026-01-04 08:28:00,0,0.0,US
10696,2025-11-06 16:56:00,1,7.22,US
10697,2025-11-28 17:06:00,0,0.0,US
10698,2025-10-13 05:21:00,0,0.0,DE
10699,2025-11-10 14:20:00,0,0.0,DE
10700,2025-11-16 23:46:00,1,10.37,BR
10701,2025-10-16 02:27:00,0,0.0,US
10702,2025-11-28 22:27:00,0,0.0,DE
10703,2025-10-27 05:05:00,0,0.0,GB
10704,2025-10-15 12:30:00,0,0.0,US
10705,2025-10-29 07:14:00,0,0.0,US
10706,2025-10-19 13:51:00,0,0.0,GB
10707,2025-12-02 01:23:00,0,0.0,BR
10708,2025-10-27 07:47:00,0,0.0,CA
10709,2025-11-01 02:00:00,0,0.0,BR
10710,2026-01-01 23:10:00,0,0.0,US
10711,2025-12-03 03:49:00,0,0.0,BR
10712,2025-10-15 07:39:00,0,0.0,US
10713,2025-12-15 09:46:00,1,5.55,ES
10714,2025-10-09 19:05:00,0,0.0,FR
10715,2025-10-11 18:04:00,0,0.0,MX
10716,2025-11-15 23:15:00,0,0.0,ES
10717,2025-12-03 16:51:00,0,0.0,GB
10718,2025-11-14 19:56:00,0,0.0,BR
10719,2025-11-09 09:50:00,0,0.0,GB
10720,2025-12-17 12:13:00,0,0.0,GB
10721,2025-11-17 00:00:00,0,0.0,ES
10722,2025-10-22 00:00:00,0,0.0,DE
10723,2025-11-09 05:39:00,0,0.0,US
10724,2025-10-15 20:55:00,0,0.0,US
10725,2025-12-27 13:19:00,0,0.0,ES
10726,2025-11-07 20:02:00,0,0.0,DE
10727,2025-12-19 07:41:00,0,0.0,BR
10728,2025-12-19 08:56:00,0,0.0,MX
10729,2025-10-12 18:22:00,0,0.0,ES
10730,2025-11-10 15:14:00,0,0.0,US
10731,2025-11-29 23:42:00,0,0.0,US
10732,2025-12-01 11:12:00,0,0.0,US
10733,2025-11-21 15:25:00,0,0.0,ES
10734,2025-11-25 19:17:00,0,0.0,GB
10735,2025-10-18 20:03:00,0,0.0,GB
10736,2025-12-29 05:42:00,0,0.0,US
10737,2025-12-15 09:44:00,0,0.0,US
10738,2025-10-09 05:17:00,0,0.0,US
10739,2025-12-16 03:18:00,0,0.0,US
10740,2025-11-30 14:09:00,0,0.0,US
10741,2025-11-29 01:58:00,1,8.88,MX
10742,2025-12-18 07:04:00,0,0.0,CA
10743,2025-10-22 11:03:00,0,0.0,ES
10744,2025-12-15 17:57:00,1,14.94,ES
10745,2025-11-14 23:57:00,0,0.0,BR
10746,2025-12-13 05:43:00,0,0.0,US
10747,2025-11-19 00:00:00,0,0.0,US
10748,2025-11-12 02:59:00,0,0.0,US
10749,2025-10-15 00:00:00,0,0.0,GB
10750,2025-12-15 00:00:00,0,0.0,CA
10751,2025-10-30 00:57:00,0,0.0,ES
10752,2025-12-01 15:32:00,0,0.0,US
10753,2025-11-01 12:54:00,0,0.0,FR
10754,2025-12-29 18:09:00,0,0.0,CA
10755,2025-11-27 13:13:00,0,0.0,GB
10756,2025-12-26 22:44:00,0,0.0,CA
10757,2025-10-17 21:45:00,0,0.0,DE
10758,2025-11-27 06:52:00,0,0.0,US
10759,2025-11-25 09:21:00,0,0.0,US
10760,2025-10-06 12:24:00,1,9.33,US
10761,2025-12-21 02:44:00,0,0.0,CA
10762,2026-01-07 09:14:00,0,0.0,DE
10763,2026-01-09 16:03:00,0,0.0,MX
10764,2025-10-23 03:11:00,0,0.0,FR
10765,2025-12-15 09:03:00,0,0.0,BR
10766,2025-12-08 00:53:00,0,0.0,BR
10767,2025-10-13 20:39:00,0,0.0,MX
10768,2025-10-06 21:37:00,0,0.0,US
10769,2026-01-02 10:55:00,0,0.0,BR
10770,2025-10-07 16:19:00,0,0.0,US
10771,2025-10-09 20:40:00,0,0.0,US
10772,2025-12-23 18:30:00,0,0.0,US
10773,2026-01-03 14:00:00,0,0.0,US
10774,2026-01-05 07:58:00,0,0.0,GB
10775,2025-12-04 15:52:00,0,0.0,US
10776,2025-10-31 17:44:00,0,0.0,US
10777,2025-10-06 20:21:00,0,0.0,CA
10778,2025-11-15 00:00:00,0,0.0,ES
10779,2025-12-08 14:12:00,0,0.0,US
10780,2025-10-09 19:29:00,0,0.0,US
10781,2025-12-17 00:00:00,0,0.0,US
10782,2025-09-24 20:17:00,0,0.0,US
10783,2025-12-21 12:26:00,0,0.0,US
10784,2025-10-17 07:35:00,0,0.0,FR
10785,2025-12-04 03:14:00,0,0.0,ES
10786,2025-12-26 22:31:00,0,0.0,CA
10787,2025-12-26 07:32:00,0,0.0,FR
10788,2025-10-21 06:16:00,0,0.0,US
10789,2025-10-15 12:09:00,0,0.0,MX
10790,2025-10-16 13:52:00,0,0.0,FR
10791,2025-10-22 17:50:00,0,0.0,US
10792,2025-11-16 04:27:00,0,0.0,ES
10793,2025-12-06 17:19:00,0,0.0,CA
10794,2025-10-22 05:07:00,0,0.0,MX
10795,2025-11-02 14:33:00,0,0.0,ES
10796,2026-01-03 01:39:00,0,0.0,FR
10797,2025-11-14 19:07:00,0,0.0,US
10798,2025-12-19 21:19:00,0,0.0,MX
10799,2025-12-06 00:00:00,0,0.0,DE
10800,2025-12-13 23:31:00,0,0.0,MX
10801,2025-12-27 09:37:00,0,0.0,ES
10802,2025-11-02 05:07:00,1,7.57,US
10803,2025-11-16 00:00:00,0,0.0,ES
10804,2025-11-28 00:00:00,0,0.0,GB
10805,2025-11-24 15:41:00,0,0.0,GB
10806,2025-11-25 01:21:00,0,0.0,GB
10807,2025-11-23 12:01:00,1,15.21,US
10808,2025-10-10 17:29:00,0,0.0,MX
10809,2025-11-20 00:00:00,0,0.0,US
10810,2025-12-14 10:42:00,0,0.0,DE
10811,2025-12-07 00:56:00,1,15.53,US
10812,2026-01-08 18:33:00,0,0.0,US
10813,2025-11-22 14:01:00,0,0.0,FR
10814,2025-11-10 03:50:00,0,0.0,US
10815,2025-11-08 22:13:00,0,0.0,ES
10816,2025-12-23 10:51:00,0,0.0,MX
10817,2025-11-01 07:51:00,1,20.37,GB
10818,2025-10-31 06:17:00,0,0.0,DE
10819,2025-11-14 22:32:00,0,0.0,MX
10820,2025-10-12 08:20:00,0,0.0,ES
10821,2025-12-01 10:54:00,0,0.0,DE
10822,2025-11-16 22:29:00,0,0.0,FR
10823,2025-12-02 17:03:00,0,0.0,BR
10824,2025-11-30 17:50:00,0,0.0,US
10825,2025-12-21 04:24:00,1,8.6,US
10826,2025-11-22 06:29:00,0,0.0,US
10827,2025-12-20 21:45:00,0,0.0,BR
10828,2025-11-01 19:34:00,0,0.0,ES
10829,2025-10-06 00:00:00,0,0.0,BR
10830,2025-10-06 00:00:00,0,0.0,CA
10831,2025-12-13 19:28:00,1,11.6,US
10832,2025-11-15 05:39:00,1,17.43,CA
10833,2026-01-03 21:59:00,0,0.0,US
10834,2025-10-10 20:26:00,0,0.0,MX
10835,2025-11-11 22:57:00,0,0.0,MX
10836,2025-10-23 13:25:00,0,0.0,ES
10837,2025-11-20 14:55:00,0,0.0,CA
10838,2025-12-20 19:42:00,0,0.0,FR
10839,2025-11-19 00:00:00,0,0.0,US
10840,2025-12-12 00:00:00,0,0.0,US
10841,2025-12-04 11:23:00,0,0.0,DE
10842,2025-12-29 08:47:00,0,0.0,MX
10843,2025-10-10 12:28:00,0,0.0,US
10844,2025-11-14 18:01:00,0,0.0,CA
10845,2025-11-11 18:44:00,0,0.0,BR
10846,2025-11-20 00:00:00,1,17.17,ES
10847,2025-12-23 10:42:00,0,0.0,US
10848,2026-01-07 03:47:00,1,13.69,US
10849,2025-11-25 16:52:00,0,0.0,DE
10850,2025-12-16 10:34:00,0,0.0,GB
10851,2025-12-16 15:46:00,0,0.0,US
10852,2025-10-17 05:52:00,0,0.0,CA
10853,2025-11-08 13:03:00,0,0.0,US
10854,2025-12-21 18:02:00,0,0.0,GB
10855,2025-12-22 22:21:00,0,0.0,FR
10856,2025-10-31 02:02:00,0,0.0,US
10857,2025-11-04 00:00:00,0,0.0,FR
10858,2025-11-24 03:04:00,0,0.0,CA
10859,2025-12-01 00:41:00,0,0.0,MX
10860,2025-10-07 01:30:00,0,0.0,US
10861,2025-12-13 00:00:00,0,0.0,US
10862,2025-11-18 23:29:00,0,0.0,US
10863,2025-12-07 08:36:00,0,0.0,US
10864,2025-11-09 11:36:00,0,0.0,MX
10865,2025-12-21 13:50:00,0,0.0,MX
10866,2025-11-25 18:34:00,0,0.0,FR
10867,2025-11-08 10:13:00,0,0.0,CA
10868,2025-11-09 00:00:00,0,0.0,DE
10869,2025-11-13 00:00:00,0,0.0,US
10870,2025-10-20 06:41:00,0,0.0,MX
10871,2025-10-07 00:00:00,0,0.0,US
10872,2026-01-01 08:52:00,0,0.0,FR
10873,2025-10-27 07:38:00,0,0.0,CA
10874,2025-11-20 06:35:00,0,0.0,GB
10875,2025-10-08 02:06:00,1,13.12,BR
10876,2025-10-11 17:23:00,0,0.0,MX
10877,2025-12-15 22:25:00,0,0.0,US
10878,2025-12-19 10:08:00,0,0.0,FR
10879,2025-11-07 00:00:00,0,0.0,MX
10880,2025-12-17 22:16:00,0,0.0,US
10881,2025-11-18 05:54:00,1,9.41,US
10882,2025-10-14 11:20:00,0,0.0,MX
10883,2025-12-12 14:58:00,0,0.0,BR
10884,2025-10-14 23:56:00,0,0.0,US
10885,2025-12-10 22:26:00,0,0.0,US
10886,2025-10-02 12:41:00,0,0.0,FR
10887,2025-12-22 00:00:00,0,0.0,GB
10888,2025-11-26 09:06:00,0,0.0,US
10889,2025-12-17 21:54:00,0,0.0,DE
10890,2025-11-29 10:50:00,0,0.0,US
10891,2025-11-23 22:28:00,0,0.0,FR
10892,2026-01-06 04:56:00,0,0.0,FR
10893,2025-10-20 20:11:00,1,15.1,US
10894,2025-11-13 13:05:00,1,11.26,ES
10895,2025-12-02 15:46:00,0,0.0,FR
10896,2025-10-26 00:50:00,0,0.0,US
10897,2025-12-16 10:27:00,0,0.0,GB
10898,2025-12-25 00:00:00,0,0.0,MX
10899,2025-12-20 11:26:00,0,0.0,US
10900,2025-10-25 09:48:00,0,0.0,US
10901,2025-12-11 22:46:00,0,0.0,US
10902,2025-12-02 06:48:00,0,0.0,GB
10903,2025-11-11 12:42:00,0,0.0,BR
10904,2025-10-09 22:55:00,0,0.0,ES
10905,2025-10-17 14:52:00,0,0.0,US
10906,2025-12-20 14:45:00,0,0.0,MX
10907,2025-10-29 07:18:00,0,0.0,CA
10908,2025-10-07 06:12:00,0,0.0,CA
10909,2025-12-20 19:14:00,0,0.0,BR
10910,2025-10-14 03:21:00,0,0.0,DE
10911,2025-12-31 07:33:00,0,0.0,GB
10912,2025-10-25 19:24:00,0,0.0,US
10913,2025-12-18 00:00:00,0,0.0,US
10914,2026-01-03 16:47:00,0,0.0,GB
10915,2025-10-11 16:50:00,0,0.0,DE
10916,2025-11-20 03:30:00,0,0.0,FR
10917,2025-10-24 23:17:00,0,0.0,CA
10918,2025-12-04 13:45:00,0,0.0,MX
10919,2025-10-10 18:21:00,1,10.43,US
10920,2025-10-21 00:00:00,0,0.0,MX
10921,2025-12-10 22:21:00,0,0.0,US
10922,2025-12-26 00:00:00,0,0.0,MX
10923,2025-12-09 18:35:00,0,0.0,GB
10924,2025-12-27 18:50:00,0,0.0,US
10925,2025-10-23 11:35:00,0,0.0,US
10926,2025-11-10 19:25:00,0,0.0,GB
10927,2025-10-31 12:07:00,0,0.0,DE
10928,2025-12-16 00:42:00,0,0.0,ES
10929,2025-11-08 16:45:00,0,0.0,MX
10930,2025-12-26 16:05:00,0,0.0,US
10931,2025-10-22 02:56:00,0,0.0,US
10932,2025-11-27 02:45:00,0,0.0,ES
10933,2025-10-05 18:37:00,0,0.0,DE
10934,2025-11-14 08:16:00,0,0.0,US
10935,2025-11-18 04:51:00,0,0.0,CA
10936,2025-11-30 21:25:00,0,0.0,US
10937,2025-11-22 22:43:00,0,0.0,DE
10938,2025-10-13 12:36:00,0,0.0,DE
10939,2025-11-03 18:32:00,0,0.0,ES
10940,2025-10-25 15:50:00,0,0.0,GB
10941,2025-10-13 04:29:00,0,0.0,CA
10942,2025-12-02 14:52:00,1,8.77,FR
10943,2025-10-16 12:23:00,1,13.28,CA
10944,2025-11-15 09:56:00,0,0.0,DE
10945,2025-11-01 00:00:00,0,0.0,US
10946,2025-10-31 14:46:00,0,0.0,US
10947,2025-12-05 03:05:00,0,0.0,GB
10948,2025-11-28 17:39:00,0,0.0,US
10949,2025-10-15 15:45:00,0,0.0,FR
10950,2025-11-19 22:26:00,0,0.0,MX
10951,2025-10-22 05:27:00,0,0.0,ES
10952,2025-11-21 07:45:00,0,0.0,GB
10953,2025-11-05 12:56:00,0,0.0,BR
10954,2025-12-21 07:51:00,0,0.0,MX
10955,2025-12-11 02:46:00,0,0.0,US
10956,2025-10-18 05:06:00,0,0.0,CA
10957,2025-10-03 00:00:00,0,0.0,FR
10958,2026-01-06 03:29:00,0,0.0,GB
10959,2025-12-24 22:12:00,0,0.0,DE
10960,2025-12-21 15:03:00,0,0.0,CA
10961,2025-12-28 15:11:00,0,0.0,US
10962,2025-11-05 09:44:00,0,0.0,DE
10963,2025-12-16 23:11:00,0,0.0,CA
10964,2025-11-25 00:00:00,0,0.0,DE
10965,2025-11-06 19:52:00,0,0.0,US
10966,2025-12-20 09:43:00,0,0.0,CA
10967,2025-11-30 14:37:00,0,0.0,GB
10968,2025-11-27 00:16:00,0,0.0,ES
10969,2025-11-10 09:24:00,0,0.0,US
10970,2025-10-17 22:24:00,0,0.0,ES
10971,2025-12-19 07:13:00,0,0.0,GB
10972,2025-11-12 12:40:00,0,0.0,US
10973,2025-12-08 02:55:00,0,0.0,US
10974,2025-11-30 04:19:00,0,0.0,ES
10975,2026-01-07 23:16:00,0,0.0,GB
10976,2025-12-14 18:36:00,0,0.0,DE
10977,2025-10-24 22:03:00,0,0.0,CA
10978,2025-11-25 08:53:00,0,0.0,US
10979,2025-10-10 00:00:00,0,0.0,MX
10980,2025-12-11 21:43:00,0,0.0,GB
10981,2025-11-04 19:18:00,0,0.0,US
10982,2025-12-11 14:47:00,0,0.0,ES
10983,2025-12-19 20:58:00,0,0.0,DE
10984,2025-12-08 17:46:00,0,0.0,US
10985,2025-11-18 21:35:00,0,0.0,US
10986,2025-12-09 00:00:00,0,0.0,FR
10987,2026-01-04 07:22:00,0,0.0,DE
10988,2025-11-23 20:02:00,0,0.0,DE
10989,2025-12-23 20:11:00,0,0.0,US
10990,2025-12-23 03:29:00,0,0.0,FR
10991,2025-12-03 18:13:00,0,0.0,GB
10992,2025-10-16 00:00:00,0,0.0,CA
10993,2025-12-18 18:56:00,1,12.44,GB
10994,2025-11-27 03:34:00,0,0.0,US
10995,2026-01-06 05:19:00,0,0.0,FR
10996,2025-10-23 22:24:00,0,0.0,US
10997,2025-11-10 15:16:00,0,0.0,US
10998,2025-10-18 04:56:00,0,0.0,GB
10999,2025-12-07 13:06:00,0,0.0,CA
11000,2025-11-22 20:19:00,0,0.0,FR
11001,2025-12-24 08:58:00,0,0.0,FR
11002,2025-11-29 05:04:00,0,0.0,GB
11003,2025-12-25 07:59:00,0,0.0,CA
11004,2025-12-28 19:02:00,0,0.0,MX
11005,2025-12-25 13:56:00,0,0.0,US
11006,2025-12-18 19:56:00,0,0.0,US
11007,2025-10-02 18:30:00,0,0.0,US
11008,2025-12-09 00:00:00,0,0.0,US
11009,2025-12-09 03:04:00,0,0.0,GB
11010,2025-11-28 19:09:00,0,0.0,BR
11011,2025-11-06 06:08:00,0,0.0,US
11012,2025-11-22 02:45:00,0,0.0,US
11013,2025-12-22 18:16:00,0,0.0,US
11014,2025-12-12 11:52:00,0,0.0,US
11015,2026-01-04 02:45:00,0,0.0,US
11016,2025-12-26 05:12:00,0,0.0,GB
11017,2025-12-17 02:55:00,0,0.0,ES
11018,2025-10-23 20:34:00,0,0.0,GB
11019,2025-12-19 02:01:00,0,0.0,US
11020,2025-10-25 14:32:00,0,0.0,BR
11021,2025-10-26 10:51:00,0,0.0,US
11022,2025-11-04 00:02:00,0,0.0,US
11023,2025-10-20 19:10:00,0,0.0,US
11024,2025-11-19 01:31:00,0,0.0,BR
11025,2025-12-27 22:15:00,0,0.0,BR
11026,2026-01-12 15:09:00,0,0.0,US
11027,2025-10-14 00:00:00,0,0.0,ES
11028,2025-12-19 23:49:00,0,0.0,US
11029,2025-12-16 00:43:00,0,0.0,MX
11030,2025-12-20 11:38:00,0,0.0,GB
11031,2025-12-30 10:26:00,0,0.0,US
11032,2025-12-31 00:00:00,0,0.0,US
11033,2025-11-27 11:51:00,0,0.0,BR
11034,2026-01-03 23:01:00,0,0.0,GB
11035,2025-10-12 17:36:00,0,0.0,GB
11036,2025-10-19 19:19:00,0,0.0,GB
11037,2026-01-08 22:57:00,0,0.0,US
11038,2025-10-25 00:00:00,0,0.0,US
11039,2025-11-28 01:19:00,0,0.0,FR
11040,2025-12-12 04:21:00,0,0.0,US
11041,2025-10-29 20:05:00,0,0.0,CA
11042,2026-01-03 13:26:00,0,0.0,FR
11043,2025-12-27 12:46:00,0,0.0,US
11044,2025-11-11 14:42:00,0,0.0,FR
11045,2025-12-04 02:05:00,0,0.0,GB
11046,2026-01-11 02:03:00,0,0.0,CA
11047,2025-12-14 09:45:00,0,0.0,US
11048,2025-10-26 13:03:00,0,0.0,MX
11049,2025-12-23 05:14:00,0,0.0,FR
11050,2025-10-12 06:27:00,0,0.0,US
11051,2025-10-12 18:05:00,1,10.16,US
11052,2025-12-28 17:54:00,0,0.0,MX
11053,2025-12-09 00:00:00,0,0.0,DE
11054,2025-11-05 11:20:00,0,0.0,CA
11055,2025-10-27 00:00:00,0,0.0,CA
11056,2025-10-11 16:06:00,0,0.0,ES
11057,2025-12-16 23:36:00,0,0.0,BR
11058,2025-12-29 16:56:00,0,0.0,DE
11059,2025-10-29 00:45:00,0,0.0,GB
11060,2025-10-31 16:41:00,0,0.0,BR
11061,2025-12-12 01:07:00,0,0.0,MX
11062,2025-12-20 13:17:00,0,0.0,GB
11063,2025-11-07 04:49:00,0,0.0,FR
11064,2025-12-29 00:00:00,1,9.99,US
11065,2025-11-14 10:15:00,0,0.0,US
11066,2025-11-06 00:26:00,1,9.98,US
11067,2025-12-11 06:25:00,0,0.0,DE
11068,2025-11-11 08:37:00,0,0.0,US
11069,2025-10-24 12:22:00,0,0.0,MX
11070,2025-12-09 16:33:00,0,0.0,MX
11071,2025-12-14 15:11:00,0,0.0,ES
11072,2025-11-05 15:16:00,0,0.0,US
11073,2025-12-13 18:54:00,0,0.0,US
11074,2026-01-04 20:09:00,0,0.0,FR
11075,2025-10-11 15:26:00,1,15.79,MX
11076,2026-01-04 02:51:00,0,0.0,CA
11077,2026-01-06 13:14:00,0,0.0,ES
11078,2025-10-11 06:34:00,0,0.0,US
11079,2025-12-17 14:59:00,0,0.0,US
11080,2025-12-24 21:14:00,0,0.0,FR
11081,2025-10-20 20:32:00,0,0.0,FR
11082,2025-11-04 04:08:00,0,0.0,BR
11083,2025-11-21 23:37:00,0,0.0,US
11084,2025-11-15 03:01:00,0,0.0,DE
11085,2025-12-13 17:59:00,0,0.0,US
11086,2025-10-30 04:58:00,0,0.0,CA
11087,2025-11-16 18:13:00,0,0.0,US
11088,2025-12-18 19:32:00,0,0.0,CA
11089,2025-12-20 22:28:00,0,0.0,US
11090,2025-12-06 10:23:00,0,0.0,MX
11091,2025-09-30 21:32:00,0,0.0,MX
11092,2025-12-09 08:07:00,0,0.0,ES
11093,2025-11-03 16:01:00,0,0.0,CA
11094,2025-12-10 04:43:00,0,0.0,BR
11095,2025-11-23 00:00:00,0,0.0,US
11096,2025-11-07 10:38:00,0,0.0,US
11097,2026-01-06 10:18:00,1,18.21,US
11098,2025-12-19 00:00:00,0,0.0,ES
11099,2025-12-26 06:21:00,0,0.0,US
11100,2025-10-09 00:30:00,0,0.0,GB
11101,2025-10-15 01:57:00,0,0.0,FR
11102,2025-11-28 22:41:00,0,0.0,ES
11103,2025-12-16 10:14:00,0,0.0,GB
11104,2025-11-17 23:53:00,0,0.0,US
11105,2025-10-27 03:20:00,0,0.0,ES
11106,2025-11-17 21:22:00,0,0.0,MX
11107,2025-11-11 16:50:00,0,0.0,MX
11108,2025-11-26 21:59:00,1,7.65,FR
11109,2025-10-21 02:21:00,0,0.0,US
11110,2025-12-09 23:27:00,0,0.0,GB
11111,2025-12-03 18:05:00,0,0.0,DE
11112,2025-11-09 18:02:00,0,0.0,GB
11113,2025-11-05 16:50:00,0,0.0,US
11114,2025-11-28 18:32:00,1,9.81,FR
11115,2025-12-24 19:59:00,0,0.0,US
11116,2025-11-06 12:31:00,0,0.0,US
11117,2026-01-04 23:22:00,0,0.0,FR
11118,2026-01-10 03:37:00,0,0.0,ES
11119,2025-12-16 21:55:00,0,0.0,US
11120,2025-12-27 21:29:00,0,0.0,MX
11121,2025-10-12 13:48:00,0,0.0,FR
11122,2025-10-07 10:11:00,0,0.0,BR
11123,2025-11-04 10:49:00,1,12.39,US
11124,2025-10-12 07:02:00,0,0.0,CA
11125,2025-12-21 22:54:00,0,0.0,GB
11126,2025-11-03 13:26:00,0,0.0,DE
11127,2025-10-04 18:27:00,1,13.85,US
11128,2025-12-13 21:32:00,0,0.0,US
11129,2025-11-16 19:06:00,0,0.0,DE
11130,2026-01-08 15:51:00,0,0.0,US
11131,2025-11-10 17:23:00,0,0.0,US
11132,2025-12-19 12:58:00,0,0.0,US
11133,2025-11-11 13:59:00,0,0.0,US
11134,2025-10-08 23:48:00,0,0.0,US
11135,2025-10-31 05:53:00,0,0.0,CA
11136,2025-10-23 13:16:00,0,0.0,US
11137,2025-11-06 00:00:00,0,0.0,GB
11138,2026-01-05 09:12:00,0,0.0,US
11139,2025-11-17 18:42:00,0,0.0,CA
11140,2025-11-13 00:00:00,0,0.0,ES
11141,2025-10-12 00:00:00,0,0.0,MX
11142,2025-11-27 00:00:00,0,0.0,FR
11143,2025-10-30 11:46:00,0,0.0,US
11144,2025-11-21 06:48:00,0,0.0,DE
11145,2025-12-31 18:14:00,0,0.0,US
11146,2025-11-27 17:17:00,0,0.0,ES
11147,2025-11-18 05:47:00,1,11.39,ES
11148,2025-10-19 10:18:00,0,0.0,GB
11149,2025-10-24 22:32:00,1,13.5,US
11150,2025-12-21 20:29:00,0,0.0,DE
11151,2025-12-24 12:01:00,0,0.0,DE
11152,2025-11-14 03:21:00,0,0.0,GB
11153,2025-11-11 00:00:00,0,0.0,DE
11154,2025-11-15 10:05:00,0,0.0,US
11155,2025-12-19 10:02:00,0,0.0,DE
11156,2025-11-07 04:19:00,0,0.0,US
11157,2025-12-12 21:28:00,0,0.0,MX
11158,2025-10-28 13:34:00,0,0.0,CA
11159,2025-12-10 09:15:00,0,0.0,US
11160,2025-10-30 05:31:00,0,0.0,US
11161,2025-12-17 19:39:00,0,0.0,FR
11162,2025-11-11 06:41:00,0,0.0,US
11163,2026-01-11 19:04:00,0,0.0,MX
11164,2025-10-20 15:14:00,0,0.0,MX
11165,2025-12-05 09:50:00,0,0.0,US
11166,2025-12-03 13:32:00,0,0.0,US
11167,2025-12-17 13:03:00,1,11.05,MX
11168,2025-10-27 00:00:00,0,0.0,CA
11169,2025-12-16 15:44:00,0,0.0,US
11170,2026-01-04 17:53:00,0,0.0,US
11171,2025-12-03 08:37:00,0,0.0,US
11172,2025-12-27 01:53:00,1,13.08,GB
11173,2025-10-07 19:32:00,0,0.0,ES
11174,2025-12-31 07:03:00,0,0.0,US
11175,2025-10-20 10:34:00,0,0.0,CA
11176,2025-12-05 05:01:00,0,0.0,GB
11177,2025-11-27 10:24:00,0,0.0,US
11178,2025-12-04 03:22:00,0,0.0,US
11179,2025-11-21 08:18:00,0,0.0,GB
11180,2025-11-13 20:44:00,0,0.0,CA
11181,2025-12-01 04:45:00,0,0.0,US
11182,2025-10-15 08:59:00,0,0.0,US
11183,2025-10-11 19:47:00,0,0.0,FR
11184,2025-12-11 07:10:00,0,0.0,US
11185,2025-10-21 17:51:00,0,0.0,FR
11186,2025-11-26 22:03:00,0,0.0,GB
11187,2025-10-09 00:00:00,0,0.0,FR
11188,2025-10-29 14:34:00,0,0.0,BR
11189,2025-10-25 17:57:00,0,0.0,GB
11190,2025-12-05 02:06:00,0,0.0,FR
11191,2025-12-28 13:18:00,0,0.0,US
11192,2025-12-28 21:56:00,0,0.0,US
11193,2025-12-27 11:27:00,1,13.88,BR
11194,2025-10-19 21:38:00,0,0.0,MX
11195,2025-10-26 17:12:00,0,0.0,MX
11196,2025-10-18 10:49:00,0,0.0,CA
11197,2025-12-06 14:10:00,0,0.0,ES
11198,2025-11-11 08:24:00,0,0.0,GB
11199,2025-11-22 20:52:00,0,0.0,GB
11200,2025-11-01 03:37:00,0,0.0,US
11201,2025-10-24 05:21:00,0,0.0,US
11202,2026-01-03 18:25:00,0,0.0,US
11203,2025-11-21 17:45:00,0,0.0,ES
11204,2025-12-26 15:30:00,0,0.0,US
11205,2025-10-15 20:58:00,0,0.0,MX
11206,2025-10-12 00:00:00,0,0.0,DE
11207,2025-11-26 17:36:00,0,0.0,GB
11208,2025-11-09 21:13:00,0,0.0,DE
11209,2025-11-20 02:41:00,0,0.0,CA
11210,2025-12-09 00:00:00,0,0.0,US
11211,2025-12-30 17:36:00,0,0.0,US
11212,2025-11-20 17:07:00,0,0.0,BR
11213,2025-12-31 15:22:00,0,0.0,MX
11214,2026-01-10 09:39:00,0,0.0,CA
11215,2025-11-06 16:07:00,0,0.0,FR
11216,2025-12-28 21:05:00,0,0.0,CA
11217,2025-12-21 00:00:00,0,0.0,US
11218,2025-10-04 02:10:00,0,0.0,GB
11219,2025-12-30 09:09:00,0,0.0,BR
11220,2025-12-24 19:28:00,0,0.0,DE
11221,2025-10-25 16:51:00,0,0.0,BR
11222,2025-10-23 05:50:00,0,0.0,US
11223,2025-12-19 16:14:00,0,0.0,MX
11224,2025-10-29 07:21:00,0,0.0,US
11225,2025-11-04 02:49:00,0,0.0,US
11226,2025-12-19 10:38:00,0,0.0,DE
11227,2025-11-15 15:51:00,0,0.0,ES
11228,2025-12-03 08:59:00,0,0.0,FR
11229,2025-10-30 23:57:00,0,0.0,US
11230,2025-10-20 08:58:00,1,15.28,CA
11231,2025-11-07 10:19:00,0,0.0,FR
11232,2025-12-30 00:00:00,0,0.0,FR
11233,2025-10-17 09:00:00,0,0.0,US
11234,2025-11-15 00:00:00,0,0.0,US
11235,2025-11-18 00:00:00,0,0.0,BR
11236,2025-11-26 11:11:00,0,0.0,US
11237,2025-11-12 00:34:00,0,0.0,US
11238,2025-10-23 16:13:00,0,0.0,US
11239,2025-10-28 22:36:00,0,0.0,BR
11240,2025-12-27 09:44:00,0,0.0,GB
11241,2025-12-23 08:15:00,1,14.29,DE
11242,2025-12-28 16:31:00,0,0.0,BR
11243,2025-11-23 15:34:00,0,0.0,BR
11244,2025-11-11 22:15:00,0,0.0,MX
11245,2025-10-28 09:22:00,0,0.0,DE
11246,2025-11-30 11:25:00,1,13.62,GB
11247,2025-10-31 16:10:00,0,0.0,GB
11248,2025-10-10 16:27:00,0,0.0,FR
11249,2025-10-09 22:43:00,0,0.0,US
11250,2025-12-19 00:00:00,0,0.0,US
11251,2025-12-06 03:35:00,0,0.0,BR
11252,2025-10-20 00:54:00,0,0.0,MX
11253,2025-11-26 00:00:00,0,0.0,FR
11254,2025-12-14 17:05:00,0,0.0,US
11255,2025-10-28 00:00:00,0,0.0,GB
11256,2025-10-24 19:56:00,0,0.0,GB
11257,2025-10-24 22:38:00,1,17.29,US
11258,2025-11-22 13:01:00,0,0.0,US
11259,2025-11-21 16:08:00,0,0.0,CA
11260,2026-01-04 12:48:00,0,0.0,US
11261,2025-10-25 03:07:00,0,0.0,US
11262,2025-10-19 00:20:00,0,0.0,MX
11263,2025-10-12 12:03:00,0,0.0,US
11264,2025-10-23 19:14:00,0,0.0,BR
11265,2025-10-08 00:00:00,1,10.67,GB
11266,2025-11-19 06:53:00,0,0.0,MX
11267,2025-10-21 18:15:00,0,0.0,BR
11268,2025-12-05 11:50:00,0,0.0,US
11269,2025-11-05 13:22:00,0,0.0,BR
11270,2025-10-04 01:38:00,0,0.0,FR
11271,2026-01-01 01:48:00,0,0.0,FR
11272,2025-11-12 17:05:00,0,0.0,US
11273,2025-11-14 12:32:00,0,0.0,US
11274,2025-10-31 13:38:00,0,0.0,GB
11275,2025-11-29 06:46:00,0,0.0,BR
11276,2025-11-03 17:19:00,0,0.0,CA
11277,2025-11-16 22:51:00,0,0.0,FR
11278,2025-10-19 16:40:00,0,0.0,FR
11279,2026-01-03 11:27:00,0,0.0,BR
11280,2025-11-25 01:15:00,0,0.0,US
11281,2026-01-02 18:47:00,0,0.0,ES
11282,2025-12-11 22:39:00,0,0.0,MX
11283,2025-12-16 18:12:00,0,0.0,US
11284,2025-10-26 15:52:00,0,0.0,US
11285,2025-10-20 19:29:00,0,0.0,ES
11286,2025-10-27 06:42:00,0,0.0,GB
11287,2025-12-31 09:03:00,0,0.0,US
11288,2025-12-12 00:00:00,0,0.0,US
11289,2025-12-12 00:00:00,0,0.0,ES
11290,2026-01-08 03:11:00,0,0.0,US
11291,2025-11-21 00:00:00,1,10.22,GB
11292,2025-11-30 20:33:00,0,0.0,BR
11293,2025-12-04 17:36:00,0,0.0,MX
11294,2025-12-29 00:00:00,0,0.0,GB
11295,2025-12-12 17:49:00,0,0.0,US
11296,2025-11-29 01:16:00,0,0.0,GB
11297,2025-12-08 12:32:00,0,0.0,FR
11298,2025-11-04 12:51:00,0,0.0,BR
11299,2025-10-16 17:16:00,0,0.0,MX
11300,2025-12-30 00:00:00,0,0.0,GB
11301,2025-11-27 10:50:00,1,17.48,US
11302,2025-10-28 20:06:00,0,0.0,US
11303,2025-10-06 09:32:00,0,0.0,GB
11304,2025-12-29 22:23:00,0,0.0,BR
11305,2025-11-15 21:44:00,0,0.0,US
11306,2025-12-26 17:50:00,0,0.0,FR
11307,2025-11-17 00:02:00,0,0.0,CA
11308,2025-11-09 18:17:00,0,0.0,US
11309,2025-11-10 00:00:00,0,0.0,US
11310,2025-10-11 19:06:00,0,0.0,ES
11311,2025-11-30 20:49:00,1,8.03,DE
11312,2025-12-25 09:41:00,0,0.0,US
11313,2025-12-23 03:33:00,0,0.0,US
11314,2025-11-29 10:47:00,0,0.0,FR
11315,2025-11-29 05:08:00,0,0.0,US
11316,2025-11-04 20:04:00,0,0.0,MX
11317,2025-12-13 05:32:00,0,0.0,GB
11318,2025-11-29 18:10:00,0,0.0,ES
11319,2025-12-31 16:35:00,0,0.0,GB
11320,2025-12-24 20:18:00,0,0.0,US
11321,2025-11-01 02:39:00,0,0.0,MX
11322,2025-12-20 16:14:00,1,11.83,FR
11323,2025-12-22 02:46:00,0,0.0,US
11324,2025-12-06 13:04:00,0,0.0,US
11325,2025-12-15 15:10:00,0,0.0,US
11326,2025-12-25 01:23:00,0,0.0,FR
11327,2025-12-24 18:56:00,0,0.0,ES
11328,2025-12-09 12:00:00,0,0.0,MX
11329,2025-11-08 20:37:00,0,0.0,US
11330,2025-11-05 18:13:00,0,0.0,CA
11331,2025-12-23 09:32:00,0,0.0,US
11332,2025-12-26 15:12:00,0,0.0,MX
11333,2025-10-10 21:09:00,0,0.0,MX
11334,2025-11-22 02:26:00,0,0.0,BR
11335,2025-12-16 20:50:00,0,0.0,US
11336,2025-12-01 07:23:00,0,0.0,ES
11337,2025-11-28 06:58:00,0,0.0,GB
11338,2025-11-04 19:23:00,1,10.32,BR
11339,2025-11-11 00:00:00,0,0.0,FR
11340,2025-12-17 23:02:00,0,0.0,US
11341,2025-10-12 21:38:00,1,10.24,BR
11342,2025-12-31 09:31:00,0,0.0,CA
11343,2025-12-27 17:17:00,0,0.0,GB
11344,2025-11-11 00:37:00,0,0.0,ES
11345,2025-12-08 21:30:00,0,0.0,US
11346,2025-12-15 00:00:00,0,0.0,US
11347,2025-12-17 11:54:00,0,0.0,CA
11348,2025-12-30 19:34:00,0,0.0,BR
11349,2025-10-14 23:05:00,0,0.0,FR
11350,2025-11-28 09:52:00,0,0.0,DE
11351,2026-01-08 13:14:00,0,0.0,BR
11352,2025-11-12 15:00:00,0,0.0,US
11353,2025-11-19 08:19:00,0,0.0,MX
11354,2025-11-16 22:34:00,0,0.0,MX
11355,2025-11-09 00:01:00,0,0.0,US
11356,2025-10-09 15:07:00,0,0.0,FR
11357,2025-10-22 03:26:00,0,0.0,FR
11358,2025-11-16 19:53:00,0,0.0,GB
11359,2025-12-10 00:14:00,1,14.99,US
11360,2025-10-30 10:50:00,0,0.0,BR
11361,2025-12-10 22:47:00,0,0.0,US
11362,2025-11-14 15:18:00,1,13.3,GB
11363,2025-11-18 18:58:00,0,0.0,US
11364,2025-11-11 21:04:00,0,0.0,GB
11365,2025-12-15 00:00:00,0,0.0,BR
11366,2025-10-27 18:35:00,0,0.0,ES
11367,2025-12-02 14:06:00,0,0.0,BR
11368,2025-12-16 05:10:00,1,12.93,DE
11369,2026-01-03 08:39:00,0,0.0,US
11370,2025-11-23 00:17:00,1,7.52,BR
11371,2025-12-04 14:19:00,0,0.0,US
11372,2025-12-10 00:00:00,0,0.0,ES
11373,2025-10-23 14:21:00,1,10.84,ES
11374,2025-10-09 23:17:00,0,0.0,US
11375,2025-12-12 00:00:00,0,0.0,GB
11376,2025-12-23 23:14:00,0,0.0,US
11377,2025-10-25 03:50:00,0,0.0,BR
11378,2025-10-28 19:06:00,1,13.37,ES
11379,2025-12-04 23:56:00,0,0.0,US
11380,2025-11-05 22:18:00,0,0.0,DE
11381,2026-01-04 01:44:00,0,0.0,MX
11382,2025-12-10 20:45:00,0,0.0,ES
11383,2025-11-04 19:16:00,0,0.0,CA
11384,2025-12-23 21:46:00,0,0.0,FR
11385,2025-11-06 08:59:00,0,0.0,BR
11386,2025-12-08 02:58:00,0,0.0,DE
11387,2025-10-21 09:00:00,0,0.0,FR
11388,2025-11-23 02:42:00,0,0.0,GB
11389,2025-11-22 13:23:00,0,0.0,US
11390,2025-10-24 22:23:00,1,11.53,BR
11391,2025-12-17 20:16:00,0,0.0,DE
11392,2025-10-25 06:42:00,0,0.0,FR
11393,2025-12-06 20:26:00,0,0.0,GB
11394,2025-11-02 10:17:00,0,0.0,MX
11395,2025-12-22 13:27:00,0,0.0,US
11396,2025-10-21 00:00:00,0,0.0,US
11397,2025-11-07 22:58:00,0,0.0,GB
11398,2025-11-23 07:25:00,0,0.0,CA
11399,2025-11-09 01:38:00,0,0.0,GB
11400,2025-12-09 10:44:00,0,0.0,MX
11401,2025-10-02 00:00:00,0,0.0,CA
11402,2025-12-15 22:07:00,0,0.0,US
11403,2025-10-16 22:23:00,0,0.0,FR
11404,2025-10-26 17:47:00,1,9.39,US
11405,2025-12-23 13:23:00,0,0.0,GB
11406,2025-11-27 03:47:00,0,0.0,US
11407,2025-10-13 17:49:00,0,0.0,ES
11408,2026-01-01 08:28:00,0,0.0,US
11409,2025-10-13 23:01:00,1,14.66,MX
11410,2025-11-19 22:15:00,0,0.0,DE
11411,2025-10-31 11:02:00,0,0.0,US
11412,2025-10-27 17:34:00,0,0.0,GB
11413,2025-10-06 21:09:00,0,0.0,CA
11414,2025-12-16 00:00:00,0,0.0,ES
11415,2025-12-05 23:35:00,0,0.0,US
11416,2025-11-01 03:59:00,0,0.0,US
11417,2025-11-21 00:09:00,0,0.0,BR
11418,2026-01-06 10:44:00,0,0.0,GB
11419,2025-12-15 00:41:00,1,19.61,BR
11420,2025-12-16 14:10:00,0,0.0,US
11421,2025-11-23 15:43:00,0,0.0,MX
11422,2025-10-18 00:00:00,0,0.0,US
11423,2025-12-18 00:00:00,0,0.0,GB
11424,2025-10-13 11:02:00,0,0.0,US
11425,2025-12-09 01:55:00,0,0.0,ES
11426,2025-11-02 22:34:00,0,0.0,CA
11427,2025-12-07 14:15:00,0,0.0,US
11428,2025-12-26 00:00:00,0,0.0,US
11429,2025-12-23 00:00:00,0,0.0,US
11430,2026-01-04 17:08:00,0,0.0,US
11431,2025-12-12 15:09:00,0,0.0,ES
11432,2025-11-24 23:54:00,0,0.0,DE
11433,2025-11-02 07:20:00,0,0.0,CA
11434,2025-10-15 03:41:00,0,0.0,US
11435,2025-10-18 19:48:00,0,0.0,US
11436,2025-11-15 00:00:00,0,0.0,US
11437,2025-10-19 13:00:00,1,14.29,DE
11438,2025-12-30 19:02:00,0,0.0,US
11439,2026-01-02 19:29:00,0,0.0,DE
11440,2025-11-26 07:03:00,0,0.0,CA
11441,2025-11-23 20:14:00,0,0.0,GB
11442,2025-10-19 00:00:00,0,0.0,GB
11443,2025-11-25 09:47:00,0,0.0,US
11444,2025-11-24 02:24:00,0,0.0,DE
11445,2025-11-24 01:39:00,0,0.0,FR
11446,2025-12-31 00:00:00,1,17.58,US
11447,2025-10-24 05:16:00,0,0.0,ES
11448,2025-10-19 22:52:00,0,0.0,DE
11449,2025-12-23 00:00:00,0,0.0,GB
11450,2025-10-26 00:00:00,0,0.0,GB
11451,2025-11-13 00:00:00,0,0.0,US
11452,2025-12-26 22:13:00,0,0.0,US
11453,2025-11-23 10:33:00,0,0.0,FR
11454,2025-12-10 18:59:00,0,0.0,FR
11455,2025-10-20 00:00:00,0,0.0,US
11456,2025-12-29 14:23:00,0,0.0,BR
11457,2026-01-04 15:31:00,0,0.0,US
11458,2025-10-24 07:08:00,0,0.0,US
11459,2025-11-28 03:04:00,0,0.0,DE
11460,2025-11-29 14:49:00,0,0.0,GB
11461,2025-12-07 04:08:00,1,14.58,US
11462,2025-11-20 00:00:00,0,0.0,GB
11463,2025-12-19 21:42:00,1,11.88,US
11464,2025-12-01 23:28:00,0,0.0,US
11465,2025-11-29 00:00:00,0,0.0,CA
11466,2025-10-22 02:14:00,0,0.0,US
11467,2025-12-27 21:09:00,0,0.0,MX
11468,2025-12-11 23:07:00,1,13.98,GB
11469,2025-10-26 12:47:00,0,0.0,US
11470,2026-01-06 12:05:00,1,8.76,GB
11471,2026-01-03 03:27:00,0,0.0,US
11472,2025-11-04 09:50:00,0,0.0,US
11473,2025-10-18 13:40:00,0,0.0,MX
11474,2025-12-30 03:19:00,0,0.0,US
11475,2025-10-29 00:31:00,0,0.0,DE
11476,2025-11-25 02:53:00,0,0.0,FR
11477,2025-12-12 20:20:00,0,0.0,US
11478,2025-12-18 02:16:00,0,0.0,DE
11479,2025-10-10 06:49:00,0,0.0,BR
11480,2025-12-16 21:14:00,1,11.4,ES
11481,2025-10-24 03:00:00,0,0.0,DE
11482,2025-12-16 03:45:00,0,0.0,FR
11483,2025-11-11 09:04:00,0,0.0,FR
11484,2025-12-27 09:37:00,0,0.0,FR
11485,2025-10-20 22:10:00,0,0.0,DE
11486,2025-11-23 03:56:00,0,0.0,FR
11487,2025-10-16 00:00:00,0,0.0,US
11488,2025-10-31 02:40:00,0,0.0,DE
11489,2025-12-01 12:05:00,0,0.0,GB
11490,2025-10-30 02:59:00,0,0.0,CA
11491,2025-11-18 16:17:00,0,0.0,MX
11492,2025-10-19 11:28:00,0,0.0,US
11493,2025-12-26 06:35:00,0,0.0,US
11494,2025-10-14 03:36:00,0,0.0,GB
11495,2025-12-13 09:53:00,0,0.0,BR
11496,2026-01-09 01:03:00,0,0.0,ES
11497,2025-12-15 17:44:00,0,0.0,US
11498,2025-12-01 00:00:00,0,0.0,US
11499,2025-10-25 15:34:00,0,0.0,DE
11500,2025-11-07 19:46:00,0,0.0,ES
11501,2025-11-09 00:03:00,0,0.0,CA
11502,2025-11-13 21:50:00,0,0.0,CA
11503,2026-01-08 23:12:00,0,0.0,US
11504,2025-10-27 06:51:00,0,0.0,US
11505,2025-11-04 15:42:00,0,0.0,FR
11506,2026-01-05 15:32:00,0,0.0,ES
11507,2025-11-14 20:47:00,0,0.0,MX
11508,2026-01-03 16:23:00,0,0.0,FR
11509,2025-12-07 18:18:00,0,0.0,US
11510,2025-11-06 00:00:00,0,0.0,GB
11511,2025-12-07 00:39:00,0,0.0,FR
11512,2025-12-26 13:33:00,0,0.0,US
11513,2025-11-29 02:39:00,0,0.0,GB
11514,2025-10-14 00:24:00,0,0.0,DE
11515,2025-12-18 23:34:00,0,0.0,US
11516,2025-12-08 21:18:00,0,0.0,US
11517,2025-12-17 21:17:00,0,0.0,BR
11518,2025-11-05 21:48:00,1,15.17,US
11519,2025-12-17 20:54:00,0,0.0,US
11520,2026-01-03 19:22:00,1,13.7,US
11521,2025-12-16 11:08:00,0,0.0,DE
11522,2025-10-11 00:00:00,0,0.0,MX
11523,2025-10-25 00:01:00,0,0.0,BR
11524,2025-11-11 13:51:00,1,9.8,GB
11525,2025-10-30 21:26:00,0,0.0,US
11526,2025-12-09 20:15:00,0,0.0,GB
11527,2025-12-15 18:50:00,0,0.0,MX
11528,2025-10-20 12:49:00,0,0.0,US
11529,2025-10-20 20:07:00,0,0.0,MX
11530,2025-11-25 19:00:00,0,0.0,MX
11531,2025-12-27 14:36:00,0,0.0,GB
11532,2025-12-03 09:48:00,0,0.0,ES
11533,2025-12-04 21:59:00,0,0.0,US
11534,2025-12-20 00:00:00,0,0.0,GB
11535,2025-11-25 16:48:00,1,13.2,GB
11536,2026-01-07 21:46:00,0,0.0,MX
11537,2025-12-29 02:21:00,0,0.0,MX
11538,2025-10-26 00:41:00,0,0.0,GB
11539,2025-10-26 01:28:00,1,12.67,BR
11540,2025-10-23 03:34:00,0,0.0,CA
11541,2025-10-31 00:00:00,0,0.0,GB
11542,2025-11-01 00:00:00,0,0.0,GB
11543,2025-12-04 07:30:00,0,0.0,US
11544,2025-11-19 00:00:00,0,0.0,CA
11545,2025-11-12 18:48:00,0,0.0,FR
11546,2025-12-26 16:50:00,0,0.0,US
11547,2025-11-01 17:48:00,0,0.0,MX
11548,2025-12-30 23:13:00,0,0.0,GB
11549,2025-12-15 01:39:00,0,0.0,US
11550,2025-12-29 15:27:00,0,0.0,US
11551,2025-10-07 14:00:00,0,0.0,US
11552,2025-11-01 13:11:00,0,0.0,BR
11553,2025-10-20 00:00:00,0,0.0,US
11554,2025-11-28 10:52:00,0,0.0,DE
11555,2025-09-27 03:36:00,0,0.0,GB
11556,2025-12-31 00:00:00,0,0.0,DE
11557,2025-11-13 17:50:00,0,0.0,US
11558,2025-11-28 21:18:00,0,0.0,BR
11559,2025-12-25 17:01:00,0,0.0,FR
11560,2025-12-20 13:12:00,0,0.0,MX
11561,2025-10-15 15:01:00,0,0.0,BR
11562,2025-12-20 14:36:00,0,0.0,CA
11563,2025-12-06 23:21:00,0,0.0,DE
11564,2025-11-02 09:58:00,0,0.0,GB
11565,2025-11-22 01:38:00,0,0.0,DE
11566,2025-12-12 12:04:00,0,0.0,ES
11567,2025-12-24 00:00:00,0,0.0,DE
11568,2025-11-09 10:51:00,0,0.0,BR
11569,2025-10-27 01:42:00,0,0.0,US
11570,2025-11-26 12:35:00,0,0.0,MX
11571,2025-12-01 22:58:00,0,0.0,ES
11572,2026-01-05 04:35:00,0,0.0,ES
11573,2025-12-09 21:19:00,0,0.0,US
11574,2025-10-31 00:00:00,0,0.0,GB
11575,2025-12-10 14:20:00,0,0.0,US
11576,2025-12-28 08:41:00,0,0.0,US
11577,2025-11-21 16:11:00,1,12.99,CA
11578,2025-12-09 21:20:00,0,0.0,US
11579,2025-11-23 00:00:00,0,0.0,GB
11580,2025-10-13 02:37:00,0,0.0,MX
11581,2025-12-21 14:12:00,0,0.0,CA
11582,2025-10-18 19:50:00,0,0.0,FR
11583,2025-12-19 00:00:00,0,0.0,CA
11584,2025-11-18 14:32:00,0,0.0,US
11585,2025-12-06 17:32:00,0,0.0,US
11586,2025-12-12 02:06:00,0,0.0,US
11587,2025-12-16 23:30:00,0,0.0,DE
11588,2025-12-16 10:44:00,0,0.0,GB
11589,2025-12-06 00:00:00,0,0.0,CA
11590,2025-11-16 17:17:00,0,0.0,DE
11591,2025-11-02 00:00:00,0,0.0,US
11592,2025-11-12 20:50:00,0,0.0,US
11593,2025-12-19 12:22:00,0,0.0,US
11594,2025-12-29 09:40:00,0,0.0,US
11595,2026-01-05 12:42:00,0,0.0,MX
11596,2025-10-19 08:40:00,1,19.26,US
11597,2025-10-24 03:33:00,1,10.75,MX
11598,2025-11-21 23:53:00,0,0.0,US
11599,2025-12-13 12:09:00,1,6.8,US
11600,2025-12-18 16:30:00,0,0.0,GB
11601,2025-12-18 07:15:00,0,0.0,CA
11602,2025-11-11 20:07:00,0,0.0,DE
11603,2025-12-30 00:00:00,0,0.0,FR
11604,2025-12-26 06:23:00,0,0.0,CA
11605,2026-01-10 04:02:00,0,0.0,MX
11606,2025-11-27 02:06:00,0,0.0,DE
11607,2025-12-29 09:55:00,0,0.0,US
11608,2025-10-25 00:00:00,0,0.0,DE
11609,2025-12-27 13:04:00,0,0.0,CA
11610,2025-12-18 20:59:00,1,14.81,US
11611,2025-11-15 11:51:00,0,0.0,MX
11612,2025-11-30 10:09:00,0,0.0,GB
11613,2025-10-12 05:00:00,1,13.0,FR
11614,2025-10-16 15:42:00,0,0.0,FR
11615,2025-12-06 23:30:00,0,0.0,US
11616,2025-10-28 00:18:00,0,0.0,US
11617,2025-12-28 16:06:00,0,0.0,US
11618,2025-10-16 08:50:00,1,11.05,US
11619,2025-10-25 17:24:00,0,0.0,MX
11620,2025-10-22 11:13:00,0,0.0,MX
11621,2025-12-13 03:04:00,0,0.0,MX
11622,2025-12-20 18:04:00,0,0.0,US
11623,2026-01-05 21:36:00,0,0.0,US
11624,2025-11-10 00:00:00,0,0.0,BR
11625,2025-12-01 03:02:00,0,0.0,US
11626,2025-10-20 09:12:00,1,16.7,US
11627,2025-10-29 07:12:00,0,0.0,DE
11628,2025-12-10 19:33:00,0,0.0,US
11629,2025-10-25 00:00:00,0,0.0,US
11630,2025-10-15 12:33:00,0,0.0,US
11631,2026-01-01 09:09:00,0,0.0,BR
11632,2025-10-23 09:25:00,0,0.0,US
11633,2025-12-03 23:08:00,0,0.0,GB
11634,2025-12-19 09:51:00,0,0.0,GB
11635,2025-12-23 00:00:00,0,0.0,CA
11636,2025-11-12 16:51:00,0,0.0,ES
11637,2025-12-26 09:35:00,0,0.0,DE
11638,2025-10-18 14:27:00,0,0.0,US
11639,2025-12-09 00:14:00,0,0.0,US
11640,2025-10-30 22:44:00,0,0.0,US
11641,2025-10-18 17:10:00,0,0.0,GB
11642,2025-11-21 00:42:00,0,0.0,US
11643,2025-11-06 00:43:00,0,0.0,MX
11644,2025-11-16 07:37:00,0,0.0,US
11645,2025-11-17 18:14:00,0,0.0,FR
11646,2025-12-07 00:00:00,0,0.0,DE
11647,2025-10-11 15:19:00,0,0.0,GB
11648,2025-12-12 09:00:00,0,0.0,GB
11649,2025-11-03 00:00:00,0,0.0,CA
11650,2025-11-13 06:01:00,0,0.0,US
11651,2025-11-17 18:36:00,0,0.0,US
11652,2026-01-02 10:07:00,1,7.3,CA
11653,2025-11-03 23:58:00,0,0.0,FR
11654,2025-11-04 00:00:00,0,0.0,US
11655,2025-10-14 21:59:00,0,0.0,US
11656,2025-10-26 21:37:00,0,0.0,MX
11657,2025-12-29 18:51:00,0,0.0,US
11658,2025-10-13 16:04:00,0,0.0,US
11659,2025-11-26 20:13:00,0,0.0,DE
11660,2025-12-02 05:56:00,0,0.0,US
11661,2025-11-14 16:48:00,0,0.0,US
11662,2025-12-05 04:03:00,0,0.0,US
11663,2025-11-13 20:40:00,0,0.0,US
11664,2025-12-14 08:09:00,0,0.0,DE
11665,2025-10-04 00:00:00,1,9.44,ES
11666,2025-12-16 20:57:00,1,7.21,BR
11667,2025-12-05 07:45:00,0,0.0,US
11668,2025-12-23 12:54:00,0,0.0,US
11669,2025-12-15 01:44:00,0,0.0,GB
11670,2025-12-25 21:36:00,1,11.5,GB
11671,2025-10-26 10:12:00,0,0.0,DE
11672,2025-11-25 00:00:00,0,0.0,US
11673,2026-01-04 09:16:00,0,0.0,US
11674,2025-12-30 01:22:00,0,0.0,US
11675,2025-12-02 20:52:00,0,0.0,CA
11676,2025-12-21 01:56:00,1,15.34,DE
11677,2025-12-09 18:02:00,0,0.0,US
11678,2025-10-21 11:05:00,1,13.93,US
11679,2026-01-09 11:12:00,0,0.0,US
11680,2025-11-14 17:34:00,0,0.0,DE
11681,2025-11-09 00:00:00,0,0.0,GB
11682,2025-12-09 13:14:00,0,0.0,DE
11683,2025-11-05 17:59:00,0,0.0,US
11684,2025-10-17 21:55:00,0,0.0,MX
11685,2025-11-13 21:37:00,0,0.0,FR
11686,2025-12-30 06:18:00,0,0.0,US
11687,2025-10-13 21:10:00,0,0.0,DE
11688,2025-12-25 10:01:00,0,0.0,DE
11689,2025-12-31 04:06:00,0,0.0,MX
11690,2025-11-29 15:34:00,0,0.0,DE
11691,2025-12-26 01:11:00,0,0.0,DE
11692,2025-11-05 07:55:00,0,0.0,US
11693,2025-11-08 03:55:00,0,0.0,ES
11694,2025-11-20 13:49:00,0,0.0,ES
11695,2025-10-14 02:00:00,0,0.0,US
11696,2025-12-21 09:06:00,0,0.0,ES
11697,2025-11-18 08:44:00,0,0.0,BR
11698,2025-12-10 07:02:00,0,0.0,MX
11699,2025-12-19 00:00:00,0,0.0,DE
11700,2025-11-03 23:03:00,1,13.64,FR
11701,2025-12-07 21:33:00,0,0.0,US
11702,2026-01-10 18:31:00,1,8.5,US
11703,2025-11-17 15:44:00,1,9.84,FR
11704,2025-11-25 16:08:00,0,0.0,MX
11705,2025-12-20 00:00:00,0,0.0,BR
11706,2025-12-18 00:58:00,0,0.0,MX
11707,2025-11-27 00:00:00,0,0.0,FR
11708,2025-12-14 02:31:00,0,0.0,BR
11709,2025-12-16 00:00:00,0,0.0,GB
11710,2025-12-27 12:00:00,1,16.27,DE
11711,2025-10-04 00:00:00,0,0.0,US
11712,2025-11-01 13:03:00,0,0.0,BR
11713,2025-11-26 15:20:00,0,0.0,GB
11714,2025-10-11 16:21:00,1,11.28,US
11715,2025-11-09 19:48:00,1,14.46,US
11716,2025-12-29 08:28:00,0,0.0,US
11717,2025-11-05 04:30:00,0,0.0,CA
11718,2025-12-01 00:00:00,0,0.0,DE
11719,2025-11-08 16:21:00,0,0.0,US
11720,2025-10-31 00:00:00,0,0.0,FR
11721,2025-11-15 08:23:00,0,0.0,US
11722,2025-11-06 03:39:00,0,0.0,US
11723,2025-10-10 05:51:00,0,0.0,US
11724,2025-11-28 18:24:00,0,0.0,ES
11725,2025-11-06 04:47:00,0,0.0,US
11726,2026-01-01 15:54:00,0,0.0,FR
11727,2025-10-06 00:00:00,0,0.0,MX
11728,2025-10-19 00:00:00,0,0.0,US
11729,2025-10-20 04:30:00,0,0.0,CA
11730,2026-01-09 18:03:00,0,0.0,US
11731,2025-11-28 04:15:00,0,0.0,GB
11732,2025-11-09 03:43:00,0,0.0,GB
11733,2025-11-13 14:53:00,0,0.0,MX
11734,2025-12-30 09:07:00,0,0.0,DE
11735,2025-10-30 21:44:00,0,0.0,DE
11736,2025-11-01 12:22:00,0,0.0,GB
11737,2025-12-19 06:45:00,0,0.0,DE
11738,2025-12-12 02:42:00,0,0.0,CA
11739,2025-12-22 00:00:00,0,0.0,US
11740,2025-12-09 16:40:00,0,0.0,MX
11741,2025-11-24 17:25:00,0,0.0,MX
11742,2025-12-31 04:16:00,0,0.0,US
11743,2025-12-27 19:15:00,0,0.0,GB
11744,2026-01-04 04:58:00,1,14.73,MX
11745,2025-10-17 23:04:00,0,0.0,GB
11746,2025-12-12 08:34:00,0,0.0,US
11747,2025-11-26 06:12:00,0,0.0,US
11748,2025-12-11 22:32:00,1,11.09,US
11749,2026-01-05 22:38:00,0,0.0,FR
11750,2025-10-31 11:04:00,1,5.14,GB
11751,2025-12-27 18:39:00,0,0.0,US
11752,2025-10-26 12:36:00,0,0.0,US
11753,2025-10-09 04:17:00,1,11.68,US
11754,2025-12-12 21:51:00,0,0.0,DE
11755,2025-10-19 04:21:00,0,0.0,FR
11756,2025-10-23 09:47:00,0,0.0,US
11757,2025-12-25 07:18:00,1,11.03,ES
11758,2025-10-29 05:55:00,0,0.0,US
11759,2025-11-08 13:59:00,0,0.0,US
11760,2025-12-08 08:52:00,0,0.0,US
11761,2025-10-22 06:03:00,0,0.0,US
11762,2025-10-17 00:13:00,1,13.94,US
11763,2025-11-28 22:13:00,0,0.0,DE
11764,2025-10-08 09:35:00,0,0.0,MX
11765,2025-11-15 04:32:00,0,0.0,DE
11766,2025-12-10 04:41:00,0,0.0,US
11767,2025-12-09 00:00:00,0,0.0,DE
11768,2025-11-16 14:16:00,0,0.0,US
11769,2025-10-19 23:35:00,0,0.0,US
11770,2025-10-18 10:07:00,0,0.0,ES
11771,2025-11-22 21:56:00,0,0.0,DE
11772,2025-11-29 02:00:00,0,0.0,DE
11773,2025-11-21 20:48:00,0,0.0,GB
11774,2025-12-18 06:55:00,0,0.0,CA
11775,2025-11-25 08:49:00,0,0.0,GB
11776,2025-11-27 05:13:00,0,0.0,MX
11777,2025-11-18 04:04:00,0,0.0,DE
11778,2025-10-25 13:25:00,0,0.0,GB
11779,2025-11-13 18:21:00,0,0.0,FR
11780,2025-10-28 03:59:00,0,0.0,FR
11781,2026-01-01 00:00:00,0,0.0,FR
11782,2025-12-23 18:26:00,1,7.16,US
11783,2025-10-15 21:24:00,0,0.0,US
11784,2025-10-28 17:42:00,0,0.0,CA
11785,2025-10-18 21:13:00,0,0.0,ES
11786,2026-01-11 10:59:00,0,0.0,GB
11787,2025-12-26 17:32:00,0,0.0,BR
11788,2025-12-20 09:38:00,0,0.0,FR
11789,2025-10-16 00:00:00,0,0.0,GB
11790,2025-11-05 06:55:00,0,0.0,US
11791,2025-12-29 03:22:00,0,0.0,MX
11792,2025-10-28 00:00:00,0,0.0,FR
11793,2025-11-17 10:25:00,0,0.0,DE
11794,2026-01-03 10:21:00,0,0.0,US
11795,2026-01-07 14:52:00,0,0.0,ES
11796,2025-12-19 00:00:00,0,0.0,MX
11797,2025-10-30 16:12:00,0,0.0,US
11798,2026-01-09 15:29:00,0,0.0,MX
11799,2025-11-19 10:25:00,0,0.0,ES
11800,2025-12-13 00:08:00,0,0.0,FR
11801,2025-11-13 09:27:00,0,0.0,CA
11802,2025-12-01 16:42:00,0,0.0,GB
11803,2025-12-21 17:23:00,0,0.0,US
11804,2025-11-09 21:22:00,0,0.0,DE
11805,2025-10-27 21:40:00,0,0.0,US
11806,2025-10-17 09:25:00,0,0.0,GB
11807,2025-11-17 21:17:00,0,0.0,US
11808,2025-12-12 16:21:00,0,0.0,US
11809,2025-11-11 07:51:00,0,0.0,US
11810,2025-12-14 04:25:00,1,14.67,ES
11811,2025-12-27 08:31:00,0,0.0,US
11812,2025-12-12 19:26:00,0,0.0,MX
11813,2025-10-24 00:00:00,0,0.0,US
11814,2025-11-07 19:23:00,1,11.66,MX
11815,2025-12-25 02:47:00,0,0.0,FR
11816,2025-12-12 12:28:00,0,0.0,US
11817,2025-10-16 21:24:00,0,0.0,GB
11818,2025-12-05 19:25:00,0,0.0,CA
11819,2026-01-02 02:25:00,0,0.0,US
11820,2025-11-11 18:01:00,0,0.0,DE
11821,2025-12-25 17:38:00,0,0.0,US
11822,2025-10-18 20:54:00,0,0.0,GB
11823,2025-10-30 18:38:00,0,0.0,ES
11824,2026-01-08 11:52:00,0,0.0,DE
11825,2025-11-07 15:24:00,0,0.0,US
11826,2025-12-07 01:55:00,1,9.03,GB
11827,2025-10-11 17:33:00,0,0.0,DE
11828,2025-12-09 14:28:00,0,0.0,US
11829,2025-12-19 18:48:00,0,0.0,ES
11830,2025-10-12 04:46:00,0,0.0,US
11831,2025-12-17 20:32:00,0,0.0,US
11832,2025-12-05 13:13:00,0,0.0,BR
11833,2025-11-25 10:57:00,0,0.0,MX
11834,2025-11-23 06:32:00,0,0.0,US
11835,2025-10-18 15:06:00,0,0.0,MX
11836,2025-11-14 07:40:00,0,0.0,US
11837,2025-11-23 18:51:00,0,0.0,DE
11838,2025-12-12 05:00:00,0,0.0,MX
11839,2025-11-03 23:39:00,0,0.0,MX
11840,2025-12-31 04:13:00,0,0.0,US
11841,2025-11-23 17:42:00,1,4.77,ES
11842,2025-12-27 15:22:00,0,0.0,US
11843,2025-12-31 09:57:00,0,0.0,BR
11844,2025-10-11 00:00:00,0,0.0,DE
11845,2025-10-11 18:56:00,0,0.0,MX
11846,2025-10-17 01:53:00,1,11.04,US
11847,2025-12-31 02:46:00,0,0.0,GB
11848,2025-11-14 10:45:00,1,15.57,GB
11849,2025-10-30 17:17:00,0,0.0,US
11850,2025-12-19 00:02:00,0,0.0,US
11851,2025-11-18 10:32:00,0,0.0,US
11852,2025-10-12 15:19:00,0,0.0,US
11853,2025-12-01 00:00:00,0,0.0,GB
11854,2025-10-31 02:11:00,0,0.0,ES
11855,2025-11-20 17:25:00,0,0.0,US
11856,2025-11-08 03:29:00,0,0.0,ES
11857,2025-10-13 00:00:00,0,0.0,CA
11858,2025-11-25 08:32:00,0,0.0,FR
11859,2025-12-27 22:46:00,0,0.0,US
11860,2025-12-26 00:00:00,0,0.0,US
11861,2025-12-12 13:39:00,1,8.56,FR
11862,2025-11-28 15:54:00,0,0.0,FR
11863,2025-11-03 19:43:00,0,0.0,DE
11864,2025-11-23 12:38:00,0,0.0,GB
11865,2025-11-03 13:51:00,0,0.0,US
11866,2025-11-23 05:35:00,0,0.0,ES
11867,2025-12-09 05:50:00,0,0.0,BR
11868,2025-12-01 04:13:00,0,0.0,DE
11869,2025-12-21 00:00:00,0,0.0,CA
11870,2025-12-17 15:56:00,0,0.0,ES
11871,2025-11-04 19:22:00,0,0.0,GB
11872,2025-11-12 00:00:00,0,0.0,GB
11873,2025-11-24 19:54:00,0,0.0,US
11874,2025-11-28 04:14:00,0,0.0,CA
11875,2025-11-20 10:48:00,0,0.0,US
11876,2025-12-16 12:46:00,1,13.98,CA
11877,2025-11-24 01:52:00,1,12.22,BR
11878,2025-11-12 08:41:00,0,0.0,US
11879,2026-01-10 07:47:00,0,0.0,US
11880,2025-11-09 01:27:00,0,0.0,MX
11881,2025-12-30 00:00:00,0,0.0,DE
11882,2025-10-13 07:29:00,0,0.0,CA
11883,2025-11-28 12:32:00,0,0.0,DE
11884,2025-11-03 02:40:00,0,0.0,CA
11885,2025-12-06 02:31:00,0,0.0,BR
11886,2025-12-06 04:39:00,0,0.0,US
11887,2025-12-15 08:20:00,1,16.31,US
11888,2025-12-21 08:43:00,0,0.0,DE
11889,2025-12-27 19:56:00,0,0.0,MX
11890,2025-11-21 01:08:00,0,0.0,DE
11891,2025-12-20 00:00:00,0,0.0,DE
11892,2025-11-30 19:54:00,0,0.0,DE
11893,2025-12-03 13:35:00,1,12.37,CA
11894,2025-12-03 00:00:00,0,0.0,US
11895,2026-01-08 01:40:00,0,0.0,US
11896,2025-11-14 00:00:00,1,13.24,MX
11897,2025-12-05 11:00:00,0,0.0,GB
11898,2025-12-18 23:27:00,0,0.0,FR
11899,2025-10-21 21:04:00,0,0.0,ES
11900,2025-10-26 20:39:00,0,0.0,DE
11901,2025-12-10 22:17:00,0,0.0,BR
11902,2025-10-20 00:53:00,0,0.0,US
11903,2025-10-28 19:18:00,0,0.0,BR
11904,2026-01-04 02:19:00,1,12.05,US
11905,2025-10-13 18:30:00,0,0.0,FR
11906,2025-12-12 18:18:00,0,0.0,US
11907,2025-11-01 11:50:00,0,0.0,CA
11908,2025-10-08 18:52:00,0,0.0,US
11909,2025-12-06 05:30:00,0,0.0,US
11910,2025-11-19 11:37:00,0,0.0,DE
11911,2025-10-23 00:00:00,0,0.0,US
11912,2025-12-28 18:04:00,0,0.0,US
11913,2025-11-29 00:00:00,0,0.0,US
11914,2025-12-19 03:17:00,0,0.0,FR
11915,2025-11-02 21:23:00,0,0.0,FR
11916,2025-12-28 00:00:00,0,0.0,CA
11917,2025-12-11 09:20:00,0,0.0,ES
11918,2025-11-15 05:50:00,0,0.0,US
11919,2025-12-06 13:16:00,0,0.0,US
11920,2025-10-16 06:25:00,0,0.0,BR
11921,2025-11-28 04:33:00,0,0.0,US
11922,2026-01-03 02:58:00,0,0.0,FR
11923,2025-10-02 00:00:00,0,0.0,ES
11924,2026-01-05 04:19:00,0,0.0,US
11925,2025-10-06 00:00:00,0,0.0,MX
11926,2025-10-13 00:54:00,0,0.0,CA
11927,2025-11-13 16:30:00,0,0.0,ES
11928,2025-10-23 17:48:00,0,0.0,ES
11929,2025-12-15 08:43:00,0,0.0,US
11930,2025-11-02 08:38:00,0,0.0,ES
11931,2025-11-12 04:52:00,0,0.0,GB
11932,2025-11-05 09:24:00,0,0.0,MX
11933,2025-11-06 07:10:00,0,0.0,MX
11934,2025-12-21 11:29:00,0,0.0,FR
11935,2025-11-07 19:29:00,0,0.0,US
11936,2025-11-09 10:31:00,0,0.0,CA
11937,2025-11-02 10:05:00,0,0.0,US
11938,2025-10-11 17:41:00,0,0.0,CA
11939,2025-11-12 05:59:00,0,0.0,DE
11940,2025-12-18 18:23:00,0,0.0,FR
11941,2025-12-24 21:05:00,0,0.0,US
11942,2025-11-24 18:23:00,0,0.0,US
11943,2025-10-29 14:14:00,1,14.09,GB
11944,2025-12-28 05:06:00,0,0.0,US
11945,2025-11-27 00:44:00,0,0.0,US
11946,2025-12-05 20:41:00,0,0.0,FR
11947,2025-11-22 06:00:00,0,0.0,US
11948,2026-01-02 08:34:00,0,0.0,FR
11949,2025-10-14 20:31:00,0,0.0,BR
11950,2025-11-20 22:50:00,0,0.0,CA
11951,2025-11-08 02:20:00,0,0.0,US
11952,2025-11-20 20:31:00,0,0.0,CA
11953,2025-12-01 15:21:00,0,0.0,FR
11954,2026-01-03 07:31:00,0,0.0,BR
11955,2025-10-24 11:59:00,0,0.0,US
11956,2025-10-22 14:26:00,0,0.0,BR
11957,2025-12-16 12:45:00,0,0.0,US
11958,2025-11-11 00:58:00,0,0.0,FR
11959,2025-12-24 13:27:00,0,0.0,US
11960,2026-01-10 13:55:00,0,0.0,MX
11961,2025-10-22 21:49:00,0,0.0,US
11962,2026-01-11 12:01:00,0,0.0,US
11963,2025-10-16 11:00:00,0,0.0,GB
11964,2025-12-14 00:00:00,0,0.0,GB
11965,2025-11-21 01:41:00,0,0.0,FR
11966,2025-11-30 13:52:00,0,0.0,US
11967,2025-12-10 00:00:00,0,0.0,MX
11968,2025-12-28 04:08:00,1,16.74,US
11969,2025-11-23 09:47:00,0,0.0,GB
11970,2025-12-21 00:00:00,0,0.0,US
11971,2025-12-22 14:29:00,0,0.0,ES
11972,2025-12-09 22:21:00,0,0.0,MX
11973,2025-11-29 23:59:00,0,0.0,BR
11974,2025-11-22 09:49:00,0,0.0,CA
11975,2025-12-18 21:15:00,1,10.62,CA
11976,2025-11-24 00:30:00,0,0.0,FR
11977,2025-11-22 05:58:00,0,0.0,DE
11978,2025-11-06 06:56:00,0,0.0,CA
11979,2026-01-07 07:20:00,0,0.0,DE
11980,2025-11-10 06:08:00,0,0.0,CA
11981,2025-10-25 01:32:00,0,0.0,US
11982,2025-12-10 00:00:00,0,0.0,US
11983,2025-12-24 08:13:00,0,0.0,CA
11984,2025-10-19 18:54:00,0,0.0,MX
11985,2025-12-16 03:21:00,0,0.0,US
11986,2025-12-29 16:22:00,0,0.0,GB
11987,2025-10-18 22:32:00,0,0.0,US
11988,2025-10-29 12:18:00,0,0.0,GB
11989,2025-11-26 08:08:00,0,0.0,MX
11990,2025-11-25 23:48:00,0,0.0,GB
11991,2026-01-09 14:53:00,1,14.41,FR
11992,2025-10-26 15:03:00,0,0.0,GB
11993,2025-10-27 23:07:00,0,0.0,GB
11994,2025-12-21 18:01:00,0,0.0,GB
11995,2026-01-06 19:32:00,0,0.0,MX
11996,2025-11-30 06:35:00,0,0.0,ES
11997,2025-09-27 10:20:00,0,0.0,DE
11998,2025-10-31 09:18:00,0,0.0,US
11999,2025-12-28 03:18:00,0,0.0,US
12000,2025-11-25 03:46:00,0,0.0,MX
12001,2025-12-07 08:45:00,0,0.0,ES
12002,2025-11-30 13:19:00,0,0.0,US
12003,2025-12-15 22:54:00,0,0.0,US
12004,2025-11-24 00:00:00,0,0.0,ES
12005,2025-11-23 06:42:00,0,0.0,DE
12006,2025-10-15 08:16:00,0,0.0,BR
12007,2025-10-23 04:14:00,0,0.0,US
12008,2025-12-15 15:03:00,0,0.0,US
12009,2025-12-19 20:01:00,0,0.0,US
12010,2025-12-07 17:00:00,0,0.0,US
12011,2025-12-21 23:01:00,0,0.0,FR
12012,2025-12-02 07:15:00,0,0.0,MX
12013,2025-10-13 22:27:00,0,0.0,MX
12014,2025-11-15 16:25:00,0,0.0,GB
12015,2025-11-21 20:48:00,0,0.0,MX
12016,2025-12-08 15:01:00,0,0.0,US
12017,2025-11-16 09:59:00,0,0.0,DE
12018,2025-11-28 04:39:00,0,0.0,DE
12019,2025-12-29 00:00:00,0,0.0,FR
12020,2025-11-04 12:16:00,0,0.0,MX
12021,2025-11-16 18:41:00,0,0.0,US
12022,2025-11-09 00:00:00,0,0.0,ES
12023,2025-12-01 10:29:00,0,0.0,US
12024,2025-12-31 03:15:00,0,0.0,US
12025,2026-01-02 00:00:00,0,0.0,GB
12026,2025-11-09 18:03:00,0,0.0,FR
12027,2025-10-22 11:35:00,0,0.0,ES
12028,2025-11-22 14:53:00,0,0.0,BR
12029,2025-11-16 01:42:00,0,0.0,US
12030,2025-11-14 17:06:00,0,0.0,US
12031,2025-12-09 13:15:00,0,0.0,DE
12032,2025-12-02 00:00:00,0,0.0,GB
12033,2025-10-04 08:41:00,0,0.0,US
12034,2025-11-19 15:44:00,0,0.0,DE
12035,2025-11-11 15:54:00,0,0.0,ES
12036,2025-12-30 17:23:00,1,9.43,US
12037,2026-01-04 02:32:00,0,0.0,GB
12038,2025-10-26 01:44:00,0,0.0,CA
12039,2026-01-01 11:29:00,0,0.0,GB
12040,2025-11-07 19:40:00,0,0.0,US
12041,2025-10-19 22:52:00,0,0.0,FR
12042,2026-01-10 21:50:00,0,0.0,US
12043,2025-10-25 07:17:00,0,0.0,GB
12044,2025-12-07 17:14:00,0,0.0,US
12045,2025-11-12 01:26:00,0,0.0,US
12046,2025-12-11 21:24:00,0,0.0,ES
12047,2025-10-31 13:10:00,0,0.0,US
12048,2025-11-25 23:02:00,0,0.0,ES
12049,2025-11-02 06:41:00,0,0.0,FR
12050,2025-10-09 09:10:00,0,0.0,BR
12051,2025-12-13 02:41:00,0,0.0,BR
12052,2025-10-18 07:45:00,1,9.15,US
12053,2025-10-12 11:49:00,0,0.0,DE
12054,2025-12-08 07:57:00,0,0.0,GB
12055,2025-11-16 13:55:00,0,0.0,BR
12056,2025-12-29 02:15:00,0,0.0,DE
12057,2025-11-10 08:42:00,0,0.0,MX
12058,2025-11-16 05:34:00,0,0.0,CA
12059,2025-10-30 23:26:00,0,0.0,DE
12060,2025-12-10 19:58:00,0,0.0,MX
12061,2025-10-13 08:57:00,0,0.0,GB
12062,2025-11-02 07:13:00,1,12.3,US
12063,2025-11-16 17:22:00,0,0.0,US
12064,2025-12-12 01:24:00,0,0.0,US
12065,2025-12-27 04:07:00,0,0.0,DE
12066,2025-11-07 08:08:00,0,0.0,ES
12067,2026-01-13 18:45:00,0,0.0,ES
12068,2025-11-12 12:41:00,0,0.0,BR
12069,2025-10-24 20:25:00,0,0.0,DE
12070,2025-12-18 04:39:00,0,0.0,US
12071,2025-12-28 06:38:00,0,0.0,US
12072,2025-11-24 17:33:00,1,12.27,ES
12073,2025-12-06 13:36:00,0,0.0,US
12074,2025-11-23 11:50:00,0,0.0,US
12075,2025-12-21 06:11:00,0,0.0,MX
12076,2025-10-14 16:32:00,0,0.0,DE
12077,2025-11-26 21:59:00,0,0.0,ES
12078,2025-11-10 05:29:00,0,0.0,US
12079,2025-11-28 16:11:00,0,0.0,GB
12080,2025-10-31 23:01:00,1,14.4,FR
12081,2025-12-15 02:54:00,0,0.0,DE
12082,2025-11-14 01:35:00,0,0.0,FR
12083,2025-11-09 17:48:00,0,0.0,GB
12084,2025-10-19 00:00:00,0,0.0,FR
12085,2025-11-24 01:36:00,0,0.0,CA
12086,2026-01-08 23:13:00,0,0.0,BR
12087,2025-12-26 17:04:00,0,0.0,BR
12088,2025-12-15 00:00:00,0,0.0,MX
12089,2025-11-23 00:00:00,0,0.0,MX
12090,2025-12-19 23:12:00,0,0.0,GB
12091,2025-10-06 04:30:00,0,0.0,US
12092,2025-11-09 00:00:00,0,0.0,FR
12093,2025-11-26 01:16:00,0,0.0,GB
12094,2025-12-08 03:07:00,0,0.0,US
12095,2025-11-21 15:00:00,0,0.0,US
12096,2025-11-02 00:00:00,0,0.0,FR
12097,2025-10-12 00:35:00,0,0.0,CA
12098,2025-11-05 06:18:00,0,0.0,FR
12099,2025-10-07 06:03:00,0,0.0,CA
12100,2025-12-24 00:00:00,0,0.0,ES
12101,2025-11-24 03:31:00,0,0.0,CA
12102,2025-12-21 18:59:00,0,0.0,ES
12103,2026-01-10 16:24:00,0,0.0,CA
12104,2025-12-26 10:23:00,0,0.0,CA
12105,2025-12-24 03:02:00,0,0.0,US
12106,2025-11-24 14:34:00,0,0.0,DE
12107,2025-11-25 21:46:00,0,0.0,US
12108,2025-12-03 00:00:00,0,0.0,DE
12109,2025-10-18 06:27:00,0,0.0,MX
12110,2026-01-06 16:49:00,1,8.53,FR
12111,2025-11-02 11:47:00,0,0.0,GB
12112,2025-12-03 22:00:00,0,0.0,ES
12113,2025-10-24 22:01:00,0,0.0,MX
12114,2025-11-08 02:22:00,0,0.0,US
12115,2025-11-06 02:25:00,0,0.0,ES
12116,2025-10-28 07:47:00,0,0.0,FR
12117,2025-11-01 00:00:00,0,0.0,FR
12118,2026-01-04 03:53:00,0,0.0,BR
12119,2026-01-03 22:58:00,0,0.0,US
12120,2025-10-24 06:48:00,0,0.0,US
12121,2025-10-16 19:38:00,0,0.0,DE
12122,2025-10-16 18:26:00,0,0.0,GB
12123,2025-12-07 06:49:00,0,0.0,MX
12124,2025-12-01 23:40:00,0,0.0,MX
12125,2025-10-04 22:25:00,0,0.0,DE
12126,2025-10-14 21:05:00,0,0.0,US
12127,2025-12-29 15:27:00,1,15.15,US
12128,2025-11-17 23:30:00,0,0.0,US
12129,2025-11-01 00:00:00,0,0.0,ES
12130,2025-11-08 18:27:00,0,0.0,US
12131,2025-12-19 09:58:00,0,0.0,ES
12132,2025-11-06 02:40:00,0,0.0,US
12133,2025-12-18 14:06:00,0,0.0,GB
12134,2025-12-18 09:44:00,0,0.0,MX
12135,2025-10-11 10:11:00,1,10.98,MX
12136,2025-11-11 22:38:00,0,0.0,US
12137,2025-12-25 15:49:00,0,0.0,BR
12138,2025-12-30 06:56:00,1,11.29,GB
12139,2025-11-08 06:48:00,0,0.0,FR
12140,2025-12-18 16:29:00,0,0.0,FR
12141,2025-12-27 09:03:00,0,0.0,DE
12142,2025-12-19 00:00:00,0,0.0,US
12143,2026-01-02 12:25:00,0,0.0,FR
12144,2025-10-18 07:54:00,0,0.0,MX
12145,2025-12-09 03:59:00,0,0.0,FR
12146,2025-10-29 12:20:00,0,0.0,FR
12147,2025-11-16 03:20:00,0,0.0,US
12148,2025-10-31 01:18:00,0,0.0,CA
12149,2025-12-05 10:52:00,0,0.0,MX
12150,2025-11-19 10:57:00,1,13.16,GB
12151,2025-11-06 00:00:00,0,0.0,ES
12152,2025-11-01 18:39:00,0,0.0,US
12153,2025-11-07 08:13:00,0,0.0,GB
12154,2025-11-17 07:28:00,0,0.0,MX
12155,2025-11-04 13:27:00,0,0.0,US
12156,2025-12-06 00:18:00,0,0.0,GB
12157,2025-11-10 08:40:00,0,0.0,DE
12158,2025-11-29 21:15:00,0,0.0,US
12159,2025-10-18 18:00:00,0,0.0,US
12160,2025-12-17 02:15:00,0,0.0,MX
12161,2025-11-17 21:23:00,0,0.0,ES
12162,2025-12-18 01:01:00,0,0.0,FR
12163,2026-01-10 20:17:00,0,0.0,GB
12164,2025-11-07 19:18:00,0,0.0,CA
12165,2025-10-21 02:27:00,0,0.0,ES
12166,2025-12-24 06:59:00,0,0.0,MX
12167,2025-10-25 08:00:00,0,0.0,US
12168,2025-11-14 12:18:00,0,0.0,BR
12169,2025-11-08 08:03:00,1,15.48,US
12170,2025-10-20 19:44:00,0,0.0,FR
12171,2025-12-25 05:44:00,0,0.0,MX
12172,2025-11-16 17:54:00,0,0.0,DE
12173,2025-11-11 01:09:00,0,0.0,FR
12174,2025-11-03 08:59:00,1,21.81,DE
12175,2025-12-04 00:00:00,0,0.0,DE
12176,2025-11-02 07:07:00,0,0.0,DE
12177,2025-10-11 05:39:00,0,0.0,CA
12178,2025-10-19 22:44:00,0,0.0,US
12179,2025-12-30 20:04:00,0,0.0,US
12180,2025-12-28 19:46:00,0,0.0,GB
12181,2025-10-25 23:45:00,0,0.0,US
12182,2025-11-01 05:24:00,0,0.0,ES
12183,2025-12-06 19:33:00,0,0.0,US
12184,2025-12-26 23:37:00,0,0.0,GB
12185,2025-11-16 00:00:00,0,0.0,US
12186,2025-12-29 16:54:00,0,0.0,MX
12187,2025-10-26 19:44:00,0,0.0,DE
12188,2026-01-11 22:53:00,0,0.0,FR
12189,2025-11-08 19:04:00,1,11.65,US
12190,2025-11-04 00:00:00,0,0.0,DE
12191,2025-11-08 19:30:00,0,0.0,ES
12192,2025-10-15 20:16:00,0,0.0,US
12193,2025-12-24 14:58:00,0,0.0,DE
12194,2025-12-15 17:24:00,0,0.0,US
12195,2025-10-23 10:55:00,0,0.0,GB
12196,2025-12-15 01:23:00,0,0.0,ES
12197,2025-10-09 10:01:00,1,12.79,US
12198,2025-12-30 18:24:00,0,0.0,DE
12199,2025-10-30 01:59:00,0,0.0,US
12200,2025-11-21 12:58:00,0,0.0,BR
12201,2025-12-13 12:16:00,0,0.0,US
12202,2025-12-27 09:50:00,0,0.0,BR
12203,2025-10-28 01:24:00,0,0.0,DE
12204,2025-11-03 02:17:00,0,0.0,US
12205,2025-12-03 11:16:00,0,0.0,US
12206,2025-10-17 06:42:00,0,0.0,US
12207,2025-11-03 08:10:00,0,0.0,CA
12208,2025-10-29 15:06:00,0,0.0,US
12209,2025-12-14 02:15:00,0,0.0,US
12210,2026-01-02 23:05:00,1,12.36,DE
12211,2025-11-25 21:20:00,0,0.0,GB
12212,2025-12-16 07:27:00,0,0.0,US
12213,2025-12-07 20:54:00,0,0.0,GB
12214,2025-10-25 23:16:00,0,0.0,GB
12215,2025-12-21 15:35:00,0,0.0,US
12216,2025-11-05 04:07:00,0,0.0,US
12217,2025-10-15 05:29:00,0,0.0,US
12218,2025-11-23 12:12:00,0,0.0,GB
12219,2025-12-09 00:00:00,0,0.0,US
12220,2026-01-03 18:55:00,0,0.0,BR
12221,2025-12-27 06:19:00,0,0.0,CA
12222,2025-12-27 14:01:00,0,0.0,MX
12223,2025-12-24 04:15:00,0,0.0,DE
12224,2025-10-30 13:28:00,0,0.0,US
12225,2025-10-30 00:00:00,0,0.0,US
12226,2025-11-04 09:07:00,0,0.0,MX
12227,2026-01-14 02:24:00,0,0.0,US
12228,2025-12-26 20:57:00,0,0.0,GB
12229,2025-11-29 13:56:00,1,9.61,US
12230,2025-12-18 21:41:00,0,0.0,FR
12231,2025-10-25 14:28:00,1,13.0,ES
12232,2025-12-18 09:03:00,0,0.0,US
12233,2025-12-29 23:52:00,0,0.0,MX
12234,2025-11-09 15:53:00,0,0.0,US
12235,2025-11-04 18:34:00,0,0.0,US
12236,2025-12-24 08:02:00,0,0.0,US
12237,2025-11-03 00:00:00,0,0.0,BR
12238,2025-10-12 05:48:00,0,0.0,DE
12239,2025-12-21 16:46:00,0,0.0,US
12240,2025-10-09 12:12:00,0,0.0,DE
12241,2025-10-29 05:18:00,0,0.0,DE
12242,2025-12-27 07:05:00,0,0.0,GB
12243,2025-11-30 17:48:00,1,12.76,FR
12244,2025-10-12 19:12:00,0,0.0,GB
12245,2025-11-07 18:38:00,0,0.0,DE
12246,2025-10-08 21:48:00,0,0.0,ES
12247,2025-12-12 08:58:00,0,0.0,FR
12248,2025-12-24 12:06:00,0,0.0,BR
12249,2025-11-14 03:42:00,0,0.0,US
12250,2025-11-16 21:39:00,1,8.01,GB
12251,2025-10-17 10:10:00,0,0.0,DE
12252,2025-12-31 08:51:00,1,9.45,GB
12253,2025-10-22 04:47:00,0,0.0,CA
12254,2025-11-21 07:21:00,0,0.0,DE
12255,2025-12-08 00:00:00,0,0.0,US
12256,2025-11-27 00:43:00,0,0.0,US
12257,2025-11-19 20:55:00,0,0.0,ES
12258,2025-11-17 11:54:00,0,0.0,FR
12259,2025-12-23 07:21:00,0,0.0,CA
12260,2025-11-30 22:06:00,0,0.0,BR
12261,2025-11-23 23:37:00,0,0.0,US
12262,2025-11-04 21:58:00,0,0.0,ES
12263,2025-11-01 18:18:00,0,0.0,CA
12264,2025-10-20 04:10:00,0,0.0,GB
12265,2025-11-04 00:00:00,0,0.0,US
12266,2025-11-24 09:17:00,0,0.0,US
12267,2025-11-09 19:05:00,0,0.0,BR
12268,2025-11-24 17:24:00,1,11.05,GB
12269,2025-12-25 00:00:00,0,0.0,ES
12270,2025-11-29 00:00:00,0,0.0,GB
12271,2025-11-02 23:03:00,1,12.26,GB
12272,2025-10-10 00:00:00,0,0.0,GB
12273,2026-01-05 02:24:00,0,0.0,US
12274,2025-10-31 15:22:00,0,0.0,CA
12275,2026-01-06 01:51:00,0,0.0,GB
12276,2025-10-23 11:31:00,0,0.0,US
12277,2025-11-23 09:42:00,0,0.0,US
12278,2025-10-05 13:14:00,0,0.0,US
12279,2025-11-07 14:24:00,0,0.0,US
12280,2025-11-02 17:06:00,0,0.0,MX
12281,2025-10-10 03:22:00,0,0.0,CA
12282,2025-10-22 06:29:00,0,0.0,BR
12283,2025-11-04 09:26:00,0,0.0,CA
12284,2025-10-27 06:14:00,0,0.0,US
12285,2025-09-30 14:35:00,0,0.0,FR
12286,2025-11-25 22:30:00,0,0.0,US
12287,2025-12-04 20:48:00,0,0.0,US
12288,2025-11-27 04:51:00,0,0.0,US
12289,2025-12-09 16:39:00,0,0.0,DE
12290,2025-11-06 18:15:00,0,0.0,CA
12291,2025-10-22 00:00:00,0,0.0,ES
12292,2025-10-08 12:59:00,0,0.0,US
12293,2025-12-15 12:07:00,0,0.0,CA
12294,2026-01-02 13:14:00,0,0.0,GB
12295,2025-12-08 00:00:00,0,0.0,ES
12296,2026-01-08 02:22:00,0,0.0,FR
12297,2025-12-23 00:00:00,0,0.0,CA
12298,2025-11-06 20:32:00,0,0.0,GB
12299,2025-10-11 08:18:00,1,8.96,US
12300,2025-12-09 20:17:00,1,14.81,BR
12301,2025-11-18 18:10:00,0,0.0,GB
12302,2025-10-18 10:04:00,0,0.0,US
12303,2025-11-17 18:39:00,0,0.0,GB
12304,2025-11-26 13:46:00,0,0.0,US
12305,2025-11-14 22:36:00,0,0.0,DE
12306,2025-10-29 18:52:00,0,0.0,US
12307,2025-12-11 22:37:00,0,0.0,MX
12308,2025-12-03 16:57:00,0,0.0,ES
12309,2025-10-09 09:12:00,0,0.0,GB
12310,2026-01-03 21:46:00,0,0.0,ES
12311,2025-12-28 18:39:00,1,10.46,ES
12312,2025-12-22 17:27:00,0,0.0,DE
12313,2025-12-02 05:00:00,0,0.0,DE
12314,2025-11-03 23:46:00,0,0.0,DE
12315,2025-12-16 17:43:00,0,0.0,MX
12316,2025-12-20 22:38:00,0,0.0,DE
12317,2025-12-02 10:16:00,0,0.0,DE
12318,2025-11-09 04:24:00,0,0.0,FR
12319,2025-12-01 05:18:00,0,0.0,US
12320,2025-12-05 11:27:00,0,0.0,US
12321,2025-10-19 22:58:00,1,10.96,MX
12322,2025-10-31 19:40:00,0,0.0,GB
12323,2025-12-23 04:23:00,1,11.23,CA
12324,2025-12-23 21:57:00,0,0.0,CA
12325,2025-11-28 22:14:00,0,0.0,US
12326,2025-10-13 02:03:00,0,0.0,GB
12327,2025-12-06 01:56:00,0,0.0,ES
12328,2025-10-25 21:18:00,1,14.33,GB
12329,2025-11-28 10:23:00,0,0.0,US
12330,2025-12-13 10:55:00,0,0.0,GB
12331,2025-12-30 04:56:00,0,0.0,CA
12332,2025-10-14 17:04:00,0,0.0,CA
12333,2025-11-07 19:17:00,0,0.0,US
12334,2025-12-02 11:58:00,0,0.0,GB
12335,2025-10-10 18:43:00,0,0.0,US
12336,2025-11-12 20:52:00,0,0.0,FR
12337,2025-11-16 07:19:00,0,0.0,US
12338,2025-12-25 03:00:00,0,0.0,DE
12339,2025-10-22 12:20:00,1,9.02,US
12340,2025-11-04 20:16:00,0,0.0,US
12341,2026-01-01 02:06:00,0,0.0,MX
12342,2025-12-03 14:06:00,0,0.0,US
12343,2025-10-08 05:12:00,0,0.0,US
12344,2025-11-25 08:33:00,0,0.0,GB
12345,2025-12-19 23:00:00,0,0.0,FR
12346,2025-12-26 04:19:00,0,0.0,US
12347,2025-10-26 10:09:00,0,0.0,US
12348,2025-11-08 02:41:00,0,0.0,ES
12349,2025-12-20 04:50:00,0,0.0,GB
12350,2025-10-14 09:44:00,0,0.0,FR
12351,2025-10-14 17:38:00,0,0.0,CA
12352,2025-12-26 15:37:00,1,15.9,DE
12353,2025-11-04 06:52:00,0,0.0,GB
12354,2025-10-28 00:00:00,0,0.0,DE
12355,2025-10-30 12:36:00,0,0.0,MX
12356,2025-12-16 05:32:00,0,0.0,US
12357,2025-12-23 07:44:00,0,0.0,CA
12358,2025-11-11 23:05:00,0,0.0,US
12359,2025-11-27 16:24:00,1,10.35,US
12360,2025-11-06 05:55:00,0,0.0,CA
12361,2025-12-21 08:06:00,0,0.0,FR
12362,2025-11-04 04:19:00,0,0.0,US
12363,2025-12-04 19:25:00,0,0.0,BR
12364,2025-12-24 01:27:00,0,0.0,FR
12365,2025-10-30 12:30:00,0,0.0,US
12366,2025-10-23 14:03:00,1,13.84,CA
12367,2025-12-17 00:00:00,0,0.0,CA
12368,2025-12-06 13:23:00,0,0.0,GB
12369,2025-10-21 13:09:00,1,11.61,FR
12370,2025-11-21 12:31:00,0,0.0,US
12371,2025-11-19 12:38:00,0,0.0,BR
12372,2025-11-24 19:23:00,0,0.0,US
12373,2025-11-11 13:27:00,0,0.0,US
12374,2025-12-29 00:54:00,0,0.0,CA
12375,2025-10-16 11:02:00,0,0.0,US
12376,2025-09-30 02:38:00,0,0.0,CA
12377,2025-11-23 23:38:00,0,0.0,CA
12378,2025-12-08 13:05:00,0,0.0,MX
12379,2025-11-22 13:19:00,0,0.0,US
12380,2025-12-05 00:33:00,0,0.0,CA
12381,2025-11-16 22:51:00,0,0.0,US
12382,2025-11-03 13:50:00,0,0.0,CA
12383,2025-12-09 18:47:00,0,0.0,GB
12384,2025-10-15 12:32:00,0,0.0,US
12385,2025-11-05 00:25:00,0,0.0,ES
12386,2026-01-05 04:49:00,0,0.0,US
12387,2025-11-18 06:14:00,0,0.0,DE
12388,2025-12-07 11:42:00,0,0.0,US
12389,2025-11-22 19:22:00,0,0.0,US
12390,2026-01-10 20:33:00,1,10.68,DE
12391,2025-11-23 08:34:00,0,0.0,BR
12392,2025-12-03 06:58:00,0,0.0,US
12393,2025-11-29 00:00:00,0,0.0,CA
12394,2025-11-17 05:00:00,0,0.0,FR
12395,2025-12-25 21:52:00,0,0.0,GB
12396,2025-12-02 08:09:00,1,8.96,US
12397,2025-10-12 02:01:00,0,0.0,US
12398,2026-01-06 17:21:00,0,0.0,BR
12399,2025-10-16 08:08:00,0,0.0,US
12400,2025-10-18 10:51:00,0,0.0,US
12401,2025-12-21 12:45:00,0,0.0,DE
12402,2025-12-30 00:00:00,0,0.0,DE
12403,2025-10-31 17:04:00,0,0.0,US
12404,2025-11-02 00:00:00,0,0.0,MX
12405,2025-11-20 16:06:00,0,0.0,CA
12406,2025-11-10 23:56:00,0,0.0,DE
12407,2025-10-12 13:25:00,1,9.76,CA
12408,2025-11-24 13:09:00,0,0.0,US
12409,2025-12-08 15:37:00,0,0.0,FR
12410,2025-10-25 00:52:00,0,0.0,US
12411,2025-12-24 04:16:00,0,0.0,GB
12412,2025-10-31 23:26:00,0,0.0,US
12413,2025-10-27 12:27:00,0,0.0,GB
12414,2025-11-02 06:17:00,0,0.0,US
12415,2025-11-19 00:00:00,0,0.0,FR
12416,2025-10-25 00:35:00,0,0.0,CA
12417,2025-12-10 16:36:00,0,0.0,GB
12418,2025-10-13 09:25:00,1,9.91,DE
12419,2025-10-26 00:00:00,0,0.0,MX
12420,2025-12-11 03:13:00,0,0.0,BR
12421,2025-10-02 00:00:00,0,0.0,US
12422,2025-12-25 14:32:00,0,0.0,BR
12423,2025-10-21 03:51:00,0,0.0,BR
12424,2025-11-06 02:13:00,0,0.0,FR
12425,2025-10-10 05:13:00,0,0.0,CA
12426,2025-10-08 18:39:00,0,0.0,US
12427,2025-12-26 01:56:00,0,0.0,CA
12428,2025-11-28 00:00:00,0,0.0,DE
12429,2025-11-09 23:35:00,0,0.0,US
12430,2025-11-15 00:00:00,0,0.0,US
12431,2025-12-25 00:00:00,0,0.0,ES
12432,2025-10-16 14:19:00,0,0.0,BR
12433,2025-10-24 15:36:00,0,0.0,GB
12434,2025-12-27 23:07:00,0,0.0,MX
12435,2025-10-29 10:06:00,0,0.0,US
12436,2025-12-01 12:39:00,1,11.49,GB
12437,2025-11-28 00:14:00,0,0.0,US
12438,2025-12-11 21:58:00,0,0.0,MX
12439,2025-12-17 15:40:00,0,0.0,US
12440,2025-10-23 16:15:00,0,0.0,FR
12441,2026-01-04 01:57:00,0,0.0,CA
12442,2025-11-18 02:15:00,0,0.0,GB
12443,2025-12-02 22:30:00,0,0.0,US
12444,2025-12-11 06:51:00,0,0.0,GB
12445,2025-11-02 18:44:00,0,0.0,US
12446,2025-11-14 07:11:00,0,0.0,US
12447,2025-12-18 16:57:00,0,0.0,US
12448,2025-12-20 15:38:00,0,0.0,US
12449,2025-10-15 01:57:00,0,0.0,GB
12450,2025-12-31 01:20:00,0,0.0,BR
12451,2025-12-04 10:19:00,0,0.0,FR
12452,2025-12-12 00:00:00,0,0.0,US
12453,2025-12-08 21:10:00,0,0.0,CA
12454,2025-11-06 18:18:00,0,0.0,ES
12455,2025-11-06 16:21:00,0,0.0,US
12456,2025-11-11 05:07:00,1,11.03,US
12457,2025-10-25 17:12:00,0,0.0,DE
12458,2025-11-30 21:55:00,0,0.0,US
12459,2025-12-24 15:51:00,0,0.0,GB
12460,2025-10-22 23:20:00,0,0.0,MX
12461,2025-11-10 10:54:00,0,0.0,FR
12462,2025-12-02 00:19:00,0,0.0,MX
12463,2025-11-17 00:28:00,0,0.0,GB
12464,2025-12-14 12:35:00,0,0.0,US
12465,2025-12-10 13:32:00,0,0.0,ES
12466,2025-10-19 15:55:00,0,0.0,US
12467,2026-01-03 20:28:00,0,0.0,FR
12468,2025-12-12 21:28:00,0,0.0,GB
12469,2025-10-20 02:48:00,0,0.0,MX
12470,2025-12-07 17:34:00,0,0.0,CA
12471,2025-11-17 06:52:00,0,0.0,US
12472,2025-12-18 07:05:00,0,0.0,DE
12473,2025-12-06 18:23:00,0,0.0,US
12474,2025-10-24 13:38:00,1,19.83,FR
12475,2025-12-29 10:08:00,0,0.0,FR
12476,2025-12-18 23:52:00,0,0.0,US
12477,2026-01-07 09:59:00,0,0.0,US
12478,2025-11-02 05:17:00,0,0.0,GB
12479,2025-10-19 17:10:00,0,0.0,DE
12480,2025-11-19 16:55:00,0,0.0,US
12481,2025-12-04 12:26:00,0,0.0,FR
12482,2025-12-28 07:48:00,0,0.0,DE
12483,2025-10-16 20:33:00,0,0.0,GB
12484,2025-12-12 21:17:00,0,0.0,FR
12485,2025-10-03 00:00:00,0,0.0,ES
12486,2025-11-15 18:47:00,0,0.0,US
12487,2025-12-28 03:30:00,0,0.0,ES
12488,2026-01-01 20:39:00,0,0.0,FR
12489,2025-12-03 17:07:00,0,0.0,BR
12490,2025-10-16 19:03:00,0,0.0,US
12491,2025-11-23 13:55:00,0,0.0,ES
12492,2025-10-20 22:43:00,0,0.0,DE
12493,2025-12-01 10:26:00,0,0.0,CA
12494,2025-12-24 12:02:00,0,0.0,US
12495,2025-11-15 13:06:00,0,0.0,ES
12496,2025-11-05 16:21:00,0,0.0,US
12497,2026-01-07 00:08:00,0,0.0,FR
12498,2025-12-15 04:59:00,0,0.0,MX
12499,2025-10-31 04:05:00,0,0.0,GB
12500,2025-10-10 18:08:00,0,0.0,FR
12501,2025-12-27 23:14:00,1,12.17,US
12502,2025-10-18 22:50:00,0,0.0,US
12503,2025-12-07 09:22:00,0,0.0,US
12504,2025-11-18 03:36:00,0,0.0,CA
12505,2025-11-21 14:08:00,0,0.0,US
12506,2025-11-07 23:40:00,0,0.0,FR
12507,2025-11-21 01:03:00,0,0.0,DE
12508,2025-12-08 01:18:00,0,0.0,BR
12509,2025-11-06 11:18:00,0,0.0,US
12510,2025-11-28 04:31:00,0,0.0,US
12511,2025-12-31 08:44:00,0,0.0,BR
12512,2025-12-25 00:00:00,0,0.0,FR
12513,2025-10-29 12:35:00,0,0.0,ES
12514,2025-10-14 20:54:00,0,0.0,ES
12515,2025-12-27 09:38:00,0,0.0,US
12516,2025-11-16 16:07:00,0,0.0,GB
12517,2025-11-16 19:30:00,1,10.55,MX
12518,2025-11-25 13:35:00,0,0.0,BR
12519,2025-11-21 11:23:00,0,0.0,GB
12520,2025-10-13 19:25:00,1,13.22,US
12521,2025-12-13 17:28:00,1,14.18,US
12522,2025-12-27 17:00:00,0,0.0,CA
12523,2025-12-11 19:16:00,0,0.0,US
12524,2025-12-07 12:25:00,0,0.0,FR
12525,2026-01-01 21:32:00,0,0.0,CA
12526,2025-11-18 09:12:00,0,0.0,US
12527,2025-11-01 21:16:00,0,0.0,GB
12528,2025-12-05 02:25:00,0,0.0,ES
12529,2025-11-27 13:08:00,0,0.0,BR
12530,2025-10-29 04:16:00,0,0.0,US
12531,2025-11-19 00:00:00,0,0.0,FR
12532,2025-11-24 16:28:00,0,0.0,GB
12533,2025-11-17 21:47:00,0,0.0,GB
12534,2025-10-20 19:00:00,0,0.0,MX
12535,2025-12-02 09:07:00,0,0.0,DE
12536,2025-10-07 21:18:00,0,0.0,GB
12537,2025-11-28 01:39:00,1,11.81,BR
12538,2025-10-21 00:00:00,0,0.0,US
12539,2025-11-27 16:44:00,0,0.0,DE
12540,2025-12-23 18:43:00,0,0.0,FR
12541,2025-10-08 21:29:00,0,0.0,US
12542,2025-11-03 15:19:00,0,0.0,US
12543,2025-11-12 14:27:00,0,0.0,US
12544,2025-12-11 15:20:00,0,0.0,FR
12545,2025-12-08 14:25:00,0,0.0,GB
12546,2025-12-29 02:20:00,0,0.0,CA
12547,2025-12-24 10:30:00,0,0.0,ES
12548,2025-10-15 00:00:00,0,0.0,ES
12549,2026-01-05 22:32:00,0,0.0,CA
12550,2025-12-10 04:11:00,0,0.0,CA
12551,2026-01-07 02:05:00,0,0.0,BR
12552,2025-11-13 15:23:00,0,0.0,BR
12553,2025-11-25 08:10:00,0,0.0,FR
12554,2025-12-11 01:32:00,0,0.0,FR
12555,2025-11-01 00:00:00,0,0.0,US
12556,2025-12-31 06:10:00,0,0.0,FR
12557,2025-11-04 16:07:00,1,12.64,US
12558,2025-12-18 17:06:00,0,0.0,US
12559,2025-12-16 13:00:00,0,0.0,CA
12560,2025-12-20 11:52:00,0,0.0,US
12561,2025-10-29 09:08:00,0,0.0,US
12562,2025-10-21 00:10:00,0,0.0,US
12563,2025-10-18 03:36:00,0,0.0,DE
12564,2025-12-23 09:52:00,0,0.0,GB
12565,2025-10-27 21:36:00,0,0.0,US
12566,2026-01-07 02:24:00,0,0.0,MX
12567,2025-11-25 06:48:00,0,0.0,CA
12568,2026-01-05 19:27:00,0,0.0,DE
12569,2025-11-03 18:36:00,0,0.0,US
12570,2025-12-08 23:35:00,0,0.0,US
12571,2025-10-13 16:29:00,0,0.0,DE
12572,2025-12-20 19:15:00,0,0.0,DE
12573,2025-10-10 19:40:00,0,0.0,GB
12574,2025-11-20 16:10:00,1,15.32,US
12575,2025-11-24 17:13:00,0,0.0,US
12576,2026-01-04 23:30:00,0,0.0,ES
12577,2025-12-12 05:30:00,0,0.0,ES
12578,2025-12-16 16:54:00,0,0.0,US
12579,2025-12-12 21:45:00,0,0.0,MX
12580,2025-10-21 19:34:00,0,0.0,MX
12581,2025-10-20 22:00:00,0,0.0,US
12582,2025-11-07 13:45:00,0,0.0,US
12583,2025-12-10 15:14:00,0,0.0,US
12584,2025-10-18 19:46:00,0,0.0,ES
12585,2025-12-19 02:15:00,0,0.0,MX
12586,2025-12-30 16:20:00,0,0.0,US
12587,2025-11-17 06:45:00,0,0.0,US
12588,2025-10-01 21:56:00,0,0.0,GB
12589,2025-12-19 22:36:00,0,0.0,FR
12590,2025-11-29 19:00:00,0,0.0,US
12591,2025-10-26 15:45:00,0,0.0,DE
12592,2025-12-14 12:39:00,0,0.0,US
12593,2025-10-24 19:00:00,0,0.0,US
12594,2025-11-19 19:38:00,0,0.0,GB
12595,2025-11-14 11:10:00,0,0.0,US
12596,2026-01-01 14:09:00,1,11.67,MX
12597,2025-12-29 06:04:00,0,0.0,MX
12598,2025-11-12 12:03:00,0,0.0,US
12599,2025-11-21 02:37:00,0,0.0,FR
12600,2025-11-11 17:33:00,0,0.0,DE
12601,2025-12-30 17:06:00,0,0.0,DE
12602,2025-10-23 00:00:00,0,0.0,GB
12603,2026-01-11 07:17:00,0,0.0,US
12604,2025-12-24 00:22:00,0,0.0,GB
12605,2025-11-18 19:28:00,0,0.0,BR
12606,2025-11-26 18:37:00,0,0.0,GB
12607,2025-12-04 10:32:00,0,0.0,DE
12608,2025-12-07 06:26:00,0,0.0,US
12609,2025-12-28 08:30:00,0,0.0,FR
12610,2025-12-05 02:24:00,0,0.0,MX
12611,2025-10-17 03:09:00,0,0.0,US
12612,2025-11-13 15:51:00,0,0.0,MX
12613,2025-11-17 19:35:00,0,0.0,ES
12614,2025-10-08 23:01:00,1,8.27,GB
12615,2025-10-13 06:40:00,0,0.0,US
12616,2025-12-15 08:47:00,1,9.15,US
12617,2025-10-27 01:43:00,0,0.0,GB
12618,2026-01-02 01:00:00,0,0.0,ES
12619,2025-12-27 17:20:00,0,0.0,BR
12620,2025-10-17 00:56:00,0,0.0,BR
12621,2025-12-11 07:12:00,0,0.0,US
12622,2025-11-30 00:00:00,0,0.0,US
12623,2025-11-03 09:27:00,0,0.0,DE
12624,2025-11-30 20:37:00,0,0.0,US
12625,2025-11-10 20:02:00,0,0.0,BR
12626,2025-10-05 00:00:00,0,0.0,GB
12627,2025-11-15 00:00:00,0,0.0,BR
12628,2025-11-26 03:06:00,0,0.0,DE
12629,2025-12-29 04:44:00,0,0.0,GB
12630,2025-12-01 00:00:00,0,0.0,US
12631,2025-12-14 02:09:00,0,0.0,BR
12632,2025-12-25 22:26:00,0,0.0,GB
12633,2025-10-18 23:12:00,1,9.79,US
12634,2025-11-29 12:48:00,0,0.0,ES
12635,2025-11-13 17:01:00,0,0.0,GB
12636,2025-10-02 00:00:00,0,0.0,ES
12637,2025-11-24 10:11:00,0,0.0,FR
12638,2025-11-20 16:41:00,0,0.0,US
12639,2025-11-09 02:26:00,0,0.0,US
12640,2026-01-01 16:35:00,0,0.0,FR
12641,2025-10-16 23:05:00,0,0.0,US
12642,2025-11-22 08:52:00,0,0.0,FR
12643,2025-10-17 07:10:00,1,9.32,ES
12644,2025-12-09 19:35:00,0,0.0,DE
12645,2025-11-19 02:05:00,0,0.0,GB
12646,2025-10-02 00:00:00,0,0.0,MX
12647,2025-12-19 00:59:00,0,0.0,FR
12648,2025-12-17 04:46:00,0,0.0,GB
12649,2025-10-16 11:16:00,0,0.0,US
12650,2025-11-12 21:06:00,0,0.0,DE
12651,2026-01-03 12:55:00,0,0.0,US
12652,2025-10-17 03:35:00,0,0.0,US
12653,2025-12-06 06:31:00,1,13.82,CA
12654,2025-12-27 20:01:00,0,0.0,FR
12655,2025-12-24 02:59:00,1,13.03,DE
12656,2025-10-30 00:00:00,0,0.0,CA
12657,2025-12-29 00:00:00,0,0.0,FR
12658,2025-12-22 00:00:00,0,0.0,BR
12659,2025-12-09 09:09:00,0,0.0,US
12660,2025-11-09 23:09:00,0,0.0,US
12661,2025-11-22 15:59:00,0,0.0,GB
12662,2025-10-20 00:00:00,0,0.0,US
12663,2025-10-23 10:55:00,0,0.0,MX
12664,2026-01-03 22:19:00,0,0.0,US
12665,2025-10-17 07:26:00,0,0.0,GB
12666,2025-10-04 13:30:00,0,0.0,US
12667,2025-10-05 21:49:00,0,0.0,US
12668,2025-11-13 00:00:00,0,0.0,GB
12669,2025-12-24 00:00:00,0,0.0,FR
12670,2025-11-29 08:54:00,1,17.29,DE
12671,2025-11-26 16:48:00,0,0.0,US
12672,2026-01-07 02:44:00,0,0.0,CA
12673,2025-11-29 12:08:00,0,0.0,MX
12674,2025-11-30 12:34:00,0,0.0,ES
12675,2026-01-01 11:46:00,0,0.0,US
12676,2025-11-18 20:52:00,0,0.0,DE
12677,2025-12-05 10:19:00,0,0.0,US
12678,2025-11-01 02:36:00,1,14.81,FR
12679,2025-11-08 10:27:00,0,0.0,US
12680,2025-10-25 15:47:00,0,0.0,CA
12681,2025-12-17 13:24:00,1,13.12,CA
12682,2025-11-03 09:51:00,1,8.3,GB
12683,2025-11-17 01:28:00,0,0.0,US
12684,2025-11-18 09:53:00,0,0.0,DE
12685,2025-10-25 01:55:00,0,0.0,ES
12686,2025-10-16 17:48:00,0,0.0,GB
12687,2025-10-17 11:15:00,0,0.0,US
12688,2025-12-25 13:17:00,0,0.0,US
12689,2025-11-01 18:26:00,0,0.0,DE
12690,2025-12-23 00:00:00,0,0.0,CA
12691,2025-12-13 04:06:00,0,0.0,MX
12692,2025-11-16 19:39:00,1,10.78,FR
12693,2025-12-12 06:57:00,0,0.0,GB
12694,2025-12-01 00:00:00,0,0.0,MX
12695,2025-11-05 21:53:00,0,0.0,US
12696,2026-01-06 12:51:00,0,0.0,US
12697,2025-11-04 02:43:00,0,0.0,US
12698,2025-12-14 12:32:00,0,0.0,US
12699,2025-12-18 18:48:00,0,0.0,CA
12700,2025-11-25 06:54:00,0,0.0,ES
12701,2025-12-01 10:40:00,0,0.0,US
12702,2025-10-19 13:31:00,0,0.0,MX
12703,2025-11-01 07:13:00,0,0.0,GB
12704,2025-11-18 06:43:00,0,0.0,ES
12705,2025-10-22 20:54:00,0,0.0,ES
12706,2025-10-25 00:00:00,0,0.0,GB
12707,2025-12-09 20:01:00,0,0.0,BR
12708,2025-10-09 00:00:00,0,0.0,GB
12709,2025-12-22 05:08:00,0,0.0,MX
12710,2025-10-15 08:53:00,0,0.0,DE
12711,2025-10-08 00:00:00,0,0.0,FR
12712,2025-11-19 14:30:00,0,0.0,US
12713,2025-12-02 23:57:00,0,0.0,MX
12714,2025-12-16 21:11:00,0,0.0,US
12715,2025-11-02 00:19:00,0,0.0,US
12716,2025-10-07 07:11:00,0,0.0,CA
12717,2025-12-20 10:01:00,0,0.0,GB
12718,2025-11-03 16:20:00,0,0.0,MX
12719,2025-12-24 00:00:00,0,0.0,CA
12720,2025-10-06 11:29:00,0,0.0,BR
12721,2025-10-20 03:31:00,0,0.0,MX
12722,2025-12-04 10:04:00,0,0.0,US
12723,2025-12-05 00:00:00,0,0.0,GB
12724,2025-12-07 03:10:00,0,0.0,DE
12725,2025-10-22 00:00:00,0,0.0,MX
12726,2025-10-25 17:08:00,0,0.0,GB
12727,2025-10-19 19:17:00,1,11.81,US
12728,2025-12-14 00:01:00,0,0.0,DE
12729,2025-11-01 09:42:00,0,0.0,MX
12730,2025-11-16 20:15:00,0,0.0,GB
12731,2025-12-06 16:43:00,0,0.0,GB
12732,2025-12-21 18:55:00,0,0.0,MX
12733,2026-01-04 16:51:00,0,0.0,US
12734,2025-12-29 02:45:00,0,0.0,ES
12735,2025-10-05 23:21:00,1,6.44,FR
12736,2025-12-24 19:30:00,0,0.0,CA
12737,2025-11-21 17:48:00,0,0.0,CA
12738,2025-12-17 05:39:00,0,0.0,FR
12739,2025-12-31 14:44:00,0,0.0,DE
12740,2026-01-02 08:31:00,0,0.0,US
12741,2025-11-26 11:24:00,0,0.0,FR
12742,2025-11-28 15:57:00,0,0.0,US
12743,2025-12-09 15:05:00,0,0.0,FR
12744,2025-12-11 06:56:00,0,0.0,US
12745,2025-11-30 04:15:00,0,0.0,ES
12746,2025-10-17 19:47:00,0,0.0,CA
12747,2025-11-08 21:53:00,0,0.0,ES
12748,2025-11-19 23:45:00,0,0.0,US
12749,2025-10-13 09:10:00,0,0.0,CA
12750,2025-12-10 13:11:00,0,0.0,US
12751,2025-11-26 16:29:00,0,0.0,BR
12752,2025-12-30 13:48:00,0,0.0,US
12753,2025-10-12 17:44:00,0,0.0,GB
12754,2025-10-15 03:38:00,0,0.0,GB
12755,2025-12-03 23:10:00,0,0.0,DE
12756,2025-12-22 01:51:00,0,0.0,MX
12757,2025-11-15 00:00:00,0,0.0,CA
12758,2025-11-02 23:15:00,1,16.24,US
12759,2025-11-27 22:40:00,0,0.0,MX
12760,2025-10-22 00:15:00,0,0.0,MX
12761,2025-12-29 00:00:00,0,0.0,US
12762,2025-10-02 00:00:00,0,0.0,BR
12763,2025-11-25 14:08:00,0,0.0,US
12764,2025-11-08 09:26:00,0,0.0,CA
12765,2025-10-11 23:51:00,0,0.0,US
12766,2025-12-28 19:19:00,0,0.0,BR
12767,2025-11-16 15:10:00,0,0.0,DE
12768,2025-11-22 22:08:00,0,0.0,US
12769,2025-11-15 10:03:00,0,0.0,MX
12770,2025-10-02 20:00:00,0,0.0,US
12771,2025-12-22 15:17:00,0,0.0,CA
12772,2025-11-12 03:27:00,1,8.8,DE
12773,2025-12-08 21:04:00,0,0.0,GB
12774,2025-11-23 15:02:00,0,0.0,GB
12775,2026-01-06 04:06:00,1,9.49,DE
12776,2025-12-23 14:33:00,0,0.0,US
12777,2025-10-06 00:00:00,0,0.0,CA
12778,2025-12-05 15:36:00,0,0.0,US
12779,2025-10-07 00:00:00,0,0.0,US
12780,2025-11-04 18:29:00,0,0.0,GB
12781,2025-10-07 20:27:00,0,0.0,GB
12782,2025-12-09 20:54:00,0,0.0,GB
12783,2025-11-22 09:13:00,0,0.0,BR
12784,2025-11-29 05:33:00,0,0.0,US
12785,2025-12-07 13:55:00,0,0.0,GB
12786,2025-10-15 15:21:00,0,0.0,FR
12787,2025-12-15 22:21:00,0,0.0,FR
12788,2025-12-11 18:24:00,0,0.0,US
12789,2025-11-17 22:33:00,0,0.0,CA
12790,2025-12-11 17:27:00,0,0.0,MX
12791,2025-12-17 20:30:00,0,0.0,GB
12792,2025-12-18 00:00:00,0,0.0,DE
12793,2025-11-19 09:08:00,0,0.0,US
12794,2025-12-07 08:15:00,0,0.0,FR
12795,2025-11-07 01:23:00,0,0.0,MX
12796,2025-12-24 00:27:00,0,0.0,ES
12797,2025-12-03 19:07:00,0,0.0,DE
12798,2025-11-01 00:00:00,0,0.0,CA
12799,2026-01-11 16:46:00,0,0.0,ES
12800,2025-12-16 20:01:00,0,0.0,MX
12801,2025-11-21 09:36:00,0,0.0,US
12802,2025-10-07 22:31:00,0,0.0,US
12803,2025-11-05 22:15:00,0,0.0,BR
12804,2025-12-02 10:52:00,0,0.0,DE
12805,2025-12-17 14:25:00,0,0.0,US
12806,2025-10-04 01:17:00,0,0.0,ES
12807,2025-12-29 14:09:00,0,0.0,US
12808,2025-11-29 20:21:00,0,0.0,ES
12809,2025-11-18 16:22:00,0,0.0,GB
12810,2025-11-29 20:49:00,0,0.0,DE
12811,2025-10-03 00:00:00,0,0.0,CA
12812,2025-10-24 08:58:00,0,0.0,BR
12813,2025-12-14 00:00:00,0,0.0,CA
12814,2025-11-13 14:04:00,0,0.0,MX
12815,2025-10-08 13:52:00,0,0.0,FR
12816,2025-10-26 14:31:00,0,0.0,DE
12817,2025-10-14 23:01:00,0,0.0,FR
12818,2025-12-22 11:25:00,0,0.0,CA
12819,2025-12-11 21:52:00,0,0.0,US
12820,2025-11-09 00:00:00,0,0.0,BR
12821,2025-12-16 20:26:00,0,0.0,ES
12822,2025-11-17 00:00:00,0,0.0,GB
12823,2025-12-13 01:05:00,0,0.0,US
12824,2025-10-12 00:00:00,0,0.0,DE
12825,2025-10-21 10:51:00,0,0.0,FR
12826,2025-11-29 22:12:00,0,0.0,DE
12827,2025-12-25 06:53:00,0,0.0,DE
12828,2025-11-01 08:57:00,0,0.0,GB
12829,2025-12-27 06:21:00,0,0.0,BR
12830,2025-12-25 06:50:00,0,0.0,CA
12831,2025-11-02 11:28:00,0,0.0,GB
12832,2025-12-17 00:00:00,0,0.0,CA
12833,2025-11-01 06:49:00,0,0.0,US
12834,2025-10-08 00:00:00,0,0.0,FR
12835,2025-11-05 18:23:00,0,0.0,FR
12836,2025-10-24 10:24:00,0,0.0,US
12837,2025-11-13 23:34:00,0,0.0,DE
12838,2025-10-20 19:08:00,0,0.0,GB
12839,2025-11-03 03:22:00,0,0.0,US
12840,2025-12-28 22:32:00,0,0.0,US
12841,2025-12-09 18:31:00,0,0.0,US
12842,2025-12-07 16:40:00,0,0.0,MX
12843,2025-11-11 13:48:00,0,0.0,US
12844,2025-10-08 06:18:00,0,0.0,GB
12845,2025-11-29 02:39:00,0,0.0,ES
12846,2025-12-03 21:39:00,0,0.0,US
12847,2025-10-07 00:00:00,0,0.0,US
12848,2025-12-19 04:42:00,0,0.0,MX
12849,2025-11-02 00:00:00,0,0.0,US
12850,2025-10-08 12:06:00,0,0.0,US
12851,2025-10-04 14:31:00,0,0.0,US
12852,2025-10-28 00:25:00,0,0.0,FR
12853,2025-12-09 12:01:00,0,0.0,MX
12854,2025-10-22 10:58:00,0,0.0,DE
12855,2025-11-08 11:45:00,0,0.0,FR
12856,2025-10-21 09:58:00,0,0.0,US
12857,2025-12-01 14:01:00,0,0.0,US
12858,2025-10-18 19:16:00,0,0.0,US
12859,2025-11-22 11:15:00,0,0.0,DE
12860,2025-12-03 05:19:00,0,0.0,BR
12861,2025-10-19 06:43:00,0,0.0,FR
12862,2025-10-23 03:09:00,0,0.0,GB
12863,2025-10-27 13:20:00,0,0.0,US
12864,2025-12-03 00:00:00,0,0.0,MX
12865,2025-10-13 07:22:00,0,0.0,CA
12866,2025-11-15 23:02:00,0,0.0,US
12867,2025-11-20 07:53:00,0,0.0,US
12868,2025-10-19 21:53:00,1,15.68,GB
12869,2025-12-28 21:54:00,0,0.0,GB
12870,2025-11-20 14:05:00,1,10.7,CA
12871,2025-12-17 00:00:00,0,0.0,US
12872,2026-01-02 22:00:00,0,0.0,US
12873,2025-12-05 03:31:00,0,0.0,MX
12874,2025-12-26 06:14:00,0,0.0,DE
12875,2025-12-06 10:58:00,0,0.0,CA
12876,2026-01-03 11:09:00,0,0.0,DE
12877,2025-12-29 18:03:00,1,14.47,CA
12878,2025-12-01 05:30:00,0,0.0,GB
12879,2025-10-18 07:26:00,1,11.79,DE
12880,2025-10-14 18:19:00,1,8.94,CA
12881,2025-12-21 23:54:00,0,0.0,MX
12882,2025-10-23 14:00:00,0,0.0,US
12883,2025-11-10 00:46:00,0,0.0,US
12884,2025-12-18 09:16:00,0,0.0,GB
12885,2025-12-01 05:29:00,0,0.0,US
12886,2025-11-24 21:55:00,0,0.0,US
12887,2025-10-13 00:00:00,0,0.0,MX
12888,2025-12-25 00:00:00,0,0.0,ES
12889,2025-11-06 00:00:00,1,2.32,ES
12890,2025-12-23 01:43:00,0,0.0,DE
12891,2025-11-15 18:19:00,0,0.0,CA
12892,2025-12-14 21:20:00,0,0.0,US
12893,2025-12-15 06:30:00,0,0.0,CA
12894,2025-12-17 00:00:00,0,0.0,US
12895,2025-12-11 06:35:00,0,0.0,US
12896,2025-11-17 00:00:00,0,0.0,GB
12897,2025-12-01 03:59:00,0,0.0,GB
12898,2025-12-31 20:26:00,0,0.0,ES
12899,2025-10-27 11:00:00,0,0.0,US
12900,2025-11-26 02:26:00,0,0.0,CA
12901,2025-11-18 23:54:00,0,0.0,DE
12902,2025-12-05 22:54:00,0,0.0,US
12903,2025-12-06 07:31:00,0,0.0,US
12904,2026-01-05 14:26:00,0,0.0,ES
12905,2025-10-27 01:13:00,0,0.0,US
12906,2025-12-14 00:00:00,0,0.0,FR
12907,2025-12-03 00:00:00,0,0.0,CA
12908,2025-11-30 09:15:00,0,0.0,FR
12909,2025-10-11 22:39:00,0,0.0,FR
12910,2025-10-19 13:48:00,0,0.0,US
12911,2025-12-13 11:51:00,0,0.0,US
12912,2025-10-22 09:11:00,0,0.0,GB
12913,2025-12-22 09:52:00,0,0.0,US
12914,2025-12-22 00:00:00,0,0.0,US
12915,2026-01-06 09:45:00,0,0.0,GB
12916,2025-10-07 06:46:00,0,0.0,CA
12917,2025-12-24 19:29:00,0,0.0,US
12918,2025-11-28 10:51:00,0,0.0,FR
12919,2025-10-25 09:43:00,0,0.0,DE
12920,2025-12-02 00:00:00,0,0.0,DE
12921,2025-11-14 14:37:00,0,0.0,US
12922,2025-11-03 00:00:00,0,0.0,ES
12923,2025-11-21 13:12:00,0,0.0,MX
12924,2025-10-26 11:33:00,0,0.0,US
12925,2025-10-17 22:01:00,0,0.0,US
12926,2025-11-28 05:55:00,0,0.0,DE
12927,2025-11-06 12:22:00,0,0.0,GB
12928,2026-01-04 19:59:00,0,0.0,ES
12929,2025-12-24 08:43:00,0,0.0,US
12930,2025-11-24 17:08:00,0,0.0,US
12931,2025-11-03 20:29:00,0,0.0,FR
12932,2025-12-08 21:55:00,0,0.0,US
12933,2025-12-24 06:09:00,0,0.0,US
12934,2025-11-22 23:27:00,0,0.0,US
12935,2025-10-31 12:13:00,0,0.0,MX
12936,2025-10-22 00:00:00,0,0.0,US
12937,2025-12-20 18:30:00,0,0.0,US
12938,2025-12-02 18:08:00,0,0.0,ES
12939,2025-12-10 09:00:00,0,0.0,US
12940,2025-12-14 13:48:00,0,0.0,CA
12941,2025-12-30 00:00:00,0,0.0,US
12942,2025-11-21 00:00:00,0,0.0,FR
12943,2025-12-15 01:57:00,0,0.0,DE
12944,2025-12-21 00:00:00,0,0.0,FR
12945,2025-11-03 00:00:00,0,0.0,MX
12946,2026-01-06 02:01:00,1,14.06,DE
12947,2026-01-02 22:50:00,1,14.0,DE
12948,2025-10-25 15:03:00,0,0.0,FR
12949,2025-12-28 01:01:00,0,0.0,US
12950,2025-11-05 20:42:00,0,0.0,MX
12951,2026-01-05 22:03:00,0,0.0,GB
12952,2025-12-05 00:00:00,0,0.0,US
12953,2025-11-06 08:14:00,0,0.0,DE
12954,2025-11-28 06:25:00,0,0.0,GB
12955,2025-12-01 16:37:00,0,0.0,DE
12956,2025-10-20 18:22:00,0,0.0,DE
12957,2025-11-08 03:12:00,0,0.0,MX
12958,2025-11-15 18:46:00,1,15.29,US
12959,2025-10-09 18:27:00,1,13.88,US
12960,2025-11-11 18:51:00,0,0.0,MX
12961,2025-11-01 22:09:00,0,0.0,ES
12962,2026-01-07 03:33:00,0,0.0,US
12963,2025-11-01 07:56:00,0,0.0,DE
12964,2025-10-26 11:19:00,0,0.0,US
12965,2025-11-15 00:00:00,1,13.91,BR
12966,2025-12-27 12:46:00,0,0.0,FR
12967,2025-11-13 06:09:00,0,0.0,MX
12968,2026-01-07 12:12:00,0,0.0,US
12969,2025-12-30 15:13:00,0,0.0,US
12970,2025-11-12 19:04:00,0,0.0,DE
12971,2025-10-23 16:54:00,0,0.0,GB
12972,2025-11-20 00:00:00,0,0.0,GB
12973,2025-12-13 05:14:00,0,0.0,US
12974,2025-11-23 00:00:00,0,0.0,DE
12975,2025-12-02 08:53:00,0,0.0,FR
12976,2025-12-30 11:12:00,0,0.0,MX
12977,2025-11-07 22:30:00,0,0.0,US
12978,2025-10-26 16:56:00,0,0.0,GB
12979,2025-10-30 23:57:00,0,0.0,DE
12980,2025-11-19 00:00:00,0,0.0,MX
12981,2025-11-09 22:49:00,0,0.0,BR
12982,2025-11-23 01:58:00,0,0.0,DE
12983,2025-12-20 20:47:00,0,0.0,FR
12984,2025-12-28 19:41:00,0,0.0,US
12985,2025-12-24 01:37:00,0,0.0,GB
12986,2026-01-02 23:07:00,0,0.0,US
12987,2025-11-18 17:23:00,0,0.0,US
12988,2025-10-19 23:37:00,0,0.0,GB
12989,2025-12-01 06:46:00,0,0.0,US
12990,2025-11-23 19:14:00,1,10.27,GB
12991,2025-11-19 13:39:00,1,10.75,DE
12992,2025-11-24 00:00:00,0,0.0,GB
12993,2025-12-03 02:59:00,0,0.0,FR
12994,2025-10-19 10:56:00,0,0.0,GB
12995,2025-10-20 17:31:00,0,0.0,MX
12996,2025-11-15 00:00:00,0,0.0,ES
12997,2025-12-01 02:55:00,0,0.0,US
12998,2025-10-15 09:27:00,0,0.0,US
12999,2025-11-21 10:23:00,0,0.0,MX
13000,2025-10-27 00:00:00,0,0.0,BR
13001,2025-10-11 20:11:00,0,0.0,CA
13002,2025-11-16 08:50:00,0,0.0,ES
13003,2025-11-25 00:00:00,0,0.0,US
13004,2025-10-16 12:44:00,0,0.0,US
13005,2025-11-23 09:04:00,0,0.0,BR
13006,2025-10-19 05:14:00,0,0.0,US
13007,2025-12-25 17:30:00,1,9.24,GB
13008,2025-11-02 00:00:00,0,0.0,US
13009,2025-12-01 19:27:00,0,0.0,CA
13010,2025-10-09 13:33:00,0,0.0,GB
13011,2025-11-17 07:27:00,0,0.0,GB
13012,2026-01-01 01:40:00,0,0.0,US
13013,2025-11-29 23:49:00,0,0.0,BR
13014,2026-01-01 14:27:00,0,0.0,BR
13015,2026-01-04 17:32:00,0,0.0,CA
13016,2025-12-09 15:15:00,0,0.0,CA
13017,2025-12-19 10:47:00,0,0.0,GB
13018,2025-12-11 04:21:00,0,0.0,DE
13019,2026-01-04 02:48:00,0,0.0,DE
13020,2025-10-22 15:10:00,0,0.0,FR
13021,2025-12-22 08:22:00,1,16.34,BR
13022,2025-11-16 00:00:00,0,0.0,US
13023,2025-11-15 10:52:00,0,0.0,DE
13024,2025-10-06 00:00:00,0,0.0,US
13025,2025-11-05 04:55:00,0,0.0,US
13026,2025-11-03 01:24:00,0,0.0,US
13027,2025-11-08 14:38:00,0,0.0,US
13028,2025-10-20 07:25:00,0,0.0,CA
13029,2025-10-19 17:54:00,0,0.0,CA
13030,2025-12-20 20:57:00,0,0.0,ES
13031,2025-12-14 18:52:00,0,0.0,FR
13032,2025-12-23 22:11:00,1,11.07,FR
13033,2025-11-02 10:00:00,0,0.0,DE
13034,2025-10-29 20:46:00,0,0.0,US
13035,2025-12-02 04:40:00,0,0.0,US
13036,2025-10-18 05:14:00,0,0.0,DE
13037,2026-01-10 22:28:00,0,0.0,DE
13038,2025-10-16 05:15:00,0,0.0,US
13039,2025-10-18 00:04:00,0,0.0,CA
13040,2026-01-05 09:29:00,0,0.0,US
13041,2025-12-26 16:49:00,0,0.0,BR
13042,2025-10-31 17:05:00,0,0.0,MX
13043,2025-10-12 08:50:00,0,0.0,MX
13044,2025-11-10 00:00:00,0,0.0,GB
13045,2025-10-31 00:00:00,0,0.0,DE
13046,2026-01-02 13:41:00,0,0.0,FR
13047,2025-11-16 23:40:00,0,0.0,MX
13048,2025-10-03 04:16:00,0,0.0,CA
13049,2025-11-07 02:59:00,0,0.0,FR
13050,2025-11-23 19:27:00,0,0.0,US
13051,2025-10-08 03:09:00,0,0.0,DE
13052,2025-11-19 00:00:00,0,0.0,US
13053,2025-11-16 09:04:00,1,10.49,US
13054,2025-10-30 04:17:00,0,0.0,ES
13055,2025-10-08 00:00:00,0,0.0,US
13056,2025-11-28 00:00:00,0,0.0,US
13057,2025-10-20 01:52:00,0,0.0,US
13058,2025-12-18 13:01:00,0,0.0,ES
13059,2025-10-23 13:15:00,0,0.0,CA
13060,2025-10-19 19:37:00,0,0.0,CA
13061,2025-11-20 21:38:00,0,0.0,FR
13062,2025-10-21 18:57:00,1,10.87,FR
13063,2025-12-16 00:11:00,0,0.0,US
13064,2025-11-22 00:00:00,0,0.0,US
13065,2025-10-27 02:37:00,0,0.0,FR
13066,2025-12-18 00:58:00,0,0.0,CA
13067,2025-11-07 06:18:00,0,0.0,MX
13068,2025-12-22 19:22:00,1,10.28,US
13069,2025-12-26 09:34:00,0,0.0,CA
13070,2026-01-04 20:50:00,1,8.21,FR
13071,2025-11-23 10:35:00,0,0.0,FR
13072,2025-12-25 10:56:00,0,0.0,US
13073,2025-10-22 00:00:00,0,0.0,GB
13074,2025-11-24 21:16:00,0,0.0,US
13075,2025-11-21 05:31:00,0,0.0,MX
13076,2025-11-15 23:05:00,0,0.0,DE
13077,2025-11-13 21:56:00,1,11.95,US
13078,2025-11-30 00:54:00,0,0.0,BR
13079,2025-10-12 00:00:00,0,0.0,US
13080,2025-11-13 22:46:00,0,0.0,US
13081,2025-12-17 15:22:00,0,0.0,GB
13082,2025-12-21 16:16:00,0,0.0,US
13083,2025-10-17 23:49:00,1,13.27,US
13084,2025-10-21 15:54:00,0,0.0,US
13085,2025-12-04 05:53:00,0,0.0,DE
13086,2025-12-13 13:05:00,1,7.67,CA
13087,2025-10-27 15:06:00,0,0.0,GB
13088,2025-10-21 02:47:00,0,0.0,US
13089,2025-10-24 15:39:00,0,0.0,GB
13090,2025-10-26 00:00:00,0,0.0,US
13091,2025-10-06 11:22:00,0,0.0,US
13092,2025-11-18 03:46:00,0,0.0,US
13093,2026-01-03 02:46:00,0,0.0,DE
13094,2026-01-07 18:45:00,0,0.0,US
13095,2025-12-25 00:00:00,0,0.0,CA
13096,2026-01-08 11:55:00,0,0.0,ES
13097,2025-12-17 00:00:00,0,0.0,US
13098,2025-12-24 06:13:00,0,0.0,US
13099,2025-12-17 00:00:00,0,0.0,US
13100,2025-11-24 18:29:00,0,0.0,BR
13101,2025-11-25 19:58:00,0,0.0,FR
13102,2025-12-12 11:11:00,0,0.0,US
13103,2026-01-04 14:29:00,1,7.22,BR
13104,2025-10-17 00:00:00,0,0.0,US
13105,2025-12-13 21:11:00,0,0.0,ES
13106,2025-12-05 20:34:00,0,0.0,MX
13107,2025-12-30 09:59:00,0,0.0,GB
13108,2025-12-30 17:08:00,0,0.0,US
13109,2025-10-29 10:39:00,0,0.0,MX
13110,2025-12-04 03:34:00,0,0.0,FR
13111,2025-12-05 06:07:00,0,0.0,US
13112,2025-11-23 08:36:00,0,0.0,US
13113,2025-11-14 19:39:00,0,0.0,US
13114,2025-11-10 23:22:00,0,0.0,FR
13115,2025-12-22 16:15:00,0,0.0,FR
13116,2025-11-12 15:31:00,0,0.0,DE
13117,2025-11-04 16:24:00,0,0.0,US
13118,2025-11-18 18:06:00,0,0.0,US
13119,2025-11-26 19:18:00,1,12.23,DE
13120,2025-12-03 09:25:00,0,0.0,MX
13121,2025-11-14 05:03:00,0,0.0,US
13122,2025-12-31 15:28:00,0,0.0,ES
13123,2025-10-25 05:14:00,0,0.0,US
13124,2025-11-06 00:00:00,0,0.0,DE
13125,2025-11-19 21:54:00,0,0.0,US
13126,2025-11-23 15:02:00,0,0.0,FR
13127,2025-12-19 17:54:00,0,0.0,US
13128,2025-12-22 01:49:00,0,0.0,ES
13129,2025-11-17 20:39:00,0,0.0,GB
13130,2025-10-26 07:49:00,0,0.0,FR
13131,2025-12-20 05:00:00,0,0.0,GB
13132,2025-12-08 08:23:00,0,0.0,US
13133,2025-10-19 00:02:00,1,8.63,CA
13134,2025-11-23 10:50:00,0,0.0,ES
13135,2025-12-10 17:42:00,1,17.4,US
13136,2025-12-23 22:14:00,0,0.0,BR
13137,2025-11-06 01:25:00,0,0.0,MX
13138,2025-12-07 16:02:00,0,0.0,MX
13139,2025-10-15 00:00:00,0,0.0,US
13140,2025-10-05 20:24:00,0,0.0,US
13141,2025-10-08 00:00:00,0,0.0,US
13142,2025-10-29 00:00:00,0,0.0,US
13143,2025-12-20 18:44:00,0,0.0,US
13144,2025-10-15 02:35:00,0,0.0,DE
13145,2025-11-02 15:28:00,0,0.0,FR
13146,2025-12-11 04:20:00,0,0.0,US
13147,2025-10-20 12:39:00,0,0.0,US
13148,2025-12-08 15:14:00,0,0.0,CA
13149,2025-11-09 22:54:00,0,0.0,US
13150,2025-11-22 05:45:00,0,0.0,CA
13151,2025-10-27 12:25:00,0,0.0,US
13152,2025-12-29 09:10:00,0,0.0,BR
13153,2025-12-23 22:10:00,0,0.0,DE
13154,2025-12-26 12:06:00,0,0.0,FR
13155,2025-12-23 02:39:00,0,0.0,GB
13156,2025-11-01 00:00:00,0,0.0,FR
13157,2025-10-24 09:13:00,0,0.0,ES
13158,2025-12-24 21:57:00,0,0.0,CA
13159,2025-11-04 02:21:00,0,0.0,US
13160,2025-11-28 05:20:00,0,0.0,US
13161,2026-01-07 03:01:00,1,11.93,MX
13162,2026-01-03 21:49:00,1,3.93,GB
13163,2025-10-24 14:38:00,0,0.0,FR
13164,2025-10-12 03:51:00,1,9.85,US
13165,2025-12-23 00:00:00,0,0.0,MX
13166,2025-10-27 08:00:00,0,0.0,US
13167,2025-10-20 21:14:00,0,0.0,BR
13168,2025-12-07 03:30:00,0,0.0,FR
13169,2025-12-29 04:03:00,0,0.0,US
13170,2025-10-28 12:35:00,0,0.0,GB
13171,2025-12-23 03:07:00,0,0.0,GB
13172,2025-12-14 16:41:00,0,0.0,GB
13173,2025-10-23 12:41:00,0,0.0,US
13174,2025-10-17 17:12:00,0,0.0,MX
13175,2025-10-26 15:04:00,0,0.0,US
13176,2025-12-31 07:08:00,1,8.19,CA
13177,2025-12-31 14:08:00,0,0.0,US
13178,2025-11-20 00:00:00,0,0.0,ES
13179,2025-11-15 19:25:00,0,0.0,US
13180,2025-10-14 13:38:00,0,0.0,US
13181,2025-12-08 02:42:00,0,0.0,FR
13182,2025-10-28 00:00:00,0,0.0,MX
13183,2025-12-09 22:39:00,0,0.0,MX
13184,2025-11-23 14:25:00,0,0.0,FR
13185,2025-11-26 10:10:00,1,14.71,MX
13186,2025-12-05 22:10:00,0,0.0,CA
13187,2025-10-31 08:08:00,1,15.76,DE
13188,2025-10-28 20:17:00,0,0.0,US
13189,2025-10-17 12:36:00,0,0.0,US
13190,2025-12-17 08:45:00,0,0.0,GB
13191,2025-12-25 17:15:00,0,0.0,MX
13192,2025-12-02 00:00:00,0,0.0,ES
13193,2025-12-14 09:08:00,1,15.21,BR
13194,2025-12-15 17:58:00,0,0.0,FR
13195,2026-01-01 06:07:00,0,0.0,US
13196,2025-11-06 22:04:00,0,0.0,US
13197,2026-01-06 02:43:00,0,0.0,CA
13198,2025-10-19 03:55:00,0,0.0,FR
13199,2025-10-30 00:00:00,0,0.0,MX
13200,2025-10-28 11:57:00,0,0.0,GB
13201,2025-11-20 13:47:00,0,0.0,CA
13202,2025-12-26 14:11:00,0,0.0,US
13203,2025-12-18 14:31:00,0,0.0,US
13204,2025-11-22 08:37:00,0,0.0,US
13205,2025-11-12 09:55:00,0,0.0,US
13206,2025-11-22 00:00:00,0,0.0,GB
13207,2025-12-01 00:00:00,0,0.0,US
13208,2025-11-10 18:22:00,0,0.0,FR
13209,2025-11-02 10:38:00,0,0.0,BR
13210,2025-12-26 16:22:00,1,12.37,US
13211,2025-12-21 01:53:00,0,0.0,US
13212,2025-10-07 14:44:00,0,0.0,US
13213,2025-12-22 00:00:00,0,0.0,DE
13214,2026-01-11 18:51:00,0,0.0,US
13215,2025-12-24 06:09:00,0,0.0,BR
13216,2025-12-14 17:43:00,0,0.0,MX
13217,2025-11-06 14:48:00,1,8.67,CA
13218,2025-11-02 00:21:00,0,0.0,FR
13219,2025-10-20 00:00:00,0,0.0,MX
13220,2025-12-10 19:10:00,0,0.0,US
13221,2026-01-12 16:14:00,0,0.0,US
13222,2025-10-26 07:57:00,0,0.0,US
13223,2025-12-08 20:17:00,0,0.0,US
13224,2025-11-06 07:35:00,0,0.0,GB
13225,2025-11-05 09:19:00,0,0.0,DE
13226,2025-11-25 12:40:00,0,0.0,BR
13227,2025-11-18 13:38:00,0,0.0,GB
13228,2025-12-02 09:57:00,0,0.0,DE
13229,2025-11-01 21:53:00,0,0.0,BR
13230,2025-12-18 11:59:00,1,17.53,US
13231,2025-11-02 00:00:00,0,0.0,GB
13232,2025-12-03 00:00:00,0,0.0,US
13233,2025-11-12 15:29:00,0,0.0,MX
13234,2025-10-13 19:33:00,0,0.0,US
13235,2025-11-29 05:08:00,0,0.0,GB
13236,2025-10-22 19:34:00,0,0.0,GB
13237,2025-11-06 14:57:00,0,0.0,US
13238,2025-10-06 17:37:00,0,0.0,BR
13239,2025-12-10 00:00:00,0,0.0,GB
13240,2025-12-08 14:12:00,0,0.0,MX
13241,2025-10-27 08:50:00,0,0.0,US
13242,2025-12-08 02:53:00,0,0.0,US
13243,2025-11-06 21:07:00,0,0.0,FR
13244,2026-01-03 13:30:00,0,0.0,US
13245,2025-10-29 11:32:00,0,0.0,US
13246,2025-11-17 22:50:00,0,0.0,DE
13247,2025-11-25 22:27:00,1,10.67,US
13248,2025-11-29 00:00:00,0,0.0,US
13249,2026-01-08 04:05:00,0,0.0,CA
13250,2025-12-12 01:04:00,0,0.0,US
13251,2025-10-25 16:07:00,0,0.0,US
13252,2025-10-21 00:00:00,0,0.0,DE
13253,2026-01-06 09:57:00,0,0.0,US
13254,2025-11-18 19:42:00,0,0.0,FR
13255,2025-10-13 08:11:00,1,18.4,US
13256,2025-12-07 14:50:00,0,0.0,US
13257,2025-11-09 09:59:00,0,0.0,BR
13258,2025-11-11 07:19:00,0,0.0,US
13259,2025-11-04 09:21:00,0,0.0,MX
13260,2025-11-28 20:50:00,0,0.0,MX
13261,2025-12-25 00:00:00,0,0.0,GB
13262,2025-10-12 19:40:00,0,0.0,ES
13263,2025-12-13 22:37:00,0,0.0,CA
13264,2025-11-08 05:55:00,0,0.0,FR
13265,2025-11-13 22:17:00,0,0.0,US
13266,2025-11-19 23:12:00,0,0.0,GB
13267,2025-12-23 15:28:00,0,0.0,CA
13268,2025-12-06 23:00:00,0,0.0,DE
13269,2025-11-08 12:04:00,0,0.0,MX
13270,2025-12-11 00:00:00,0,0.0,FR
13271,2025-10-25 09:04:00,0,0.0,US
13272,2025-12-20 19:57:00,0,0.0,US
13273,2025-12-10 00:00:00,0,0.0,BR
13274,2025-12-15 14:56:00,0,0.0,GB
13275,2025-12-23 00:00:00,0,0.0,CA
13276,2025-11-19 18:36:00,0,0.0,DE
13277,2025-11-30 18:47:00,0,0.0,CA
13278,2025-12-08 14:35:00,0,0.0,ES
13279,2025-11-11 04:39:00,0,0.0,ES
13280,2025-11-23 00:07:00,0,0.0,US
13281,2025-10-15 07:29:00,0,0.0,GB
13282,2025-11-20 17:32:00,0,0.0,FR
13283,2025-11-27 05:41:00,0,0.0,US
13284,2025-11-06 02:22:00,0,0.0,DE
13285,2025-12-03 22:41:00,0,0.0,BR
13286,2025-12-21 13:13:00,1,14.99,MX
13287,2026-01-06 06:56:00,0,0.0,US
13288,2025-10-28 06:47:00,1,15.94,DE
13289,2025-10-24 08:11:00,1,7.48,US
13290,2025-10-12 20:42:00,0,0.0,US
13291,2025-12-12 04:28:00,0,0.0,US
13292,2025-10-16 06:45:00,0,0.0,ES
13293,2025-10-28 02:05:00,0,0.0,CA
13294,2025-11-06 03:29:00,0,0.0,US
13295,2026-01-05 22:47:00,0,0.0,CA
13296,2025-10-10 21:47:00,0,0.0,DE
13297,2025-12-25 21:15:00,1,8.49,GB
13298,2025-12-09 00:00:00,0,0.0,GB
13299,2025-12-13 03:46:00,1,11.44,FR
13300,2025-10-15 00:00:00,0,0.0,US
13301,2026-01-05 15:13:00,0,0.0,US
13302,2025-10-26 05:37:00,0,0.0,FR
13303,2025-12-13 00:00:00,0,0.0,CA
13304,2025-12-06 22:33:00,0,0.0,MX
13305,2025-11-24 00:00:00,0,0.0,FR
13306,2025-12-28 07:00:00,0,0.0,GB
13307,2025-10-17 00:39:00,0,0.0,FR
13308,2025-12-13 12:25:00,0,0.0,US
13309,2026-01-06 03:58:00,0,0.0,GB
13310,2025-12-05 20:32:00,0,0.0,MX
13311,2025-12-04 11:41:00,0,0.0,CA
13312,2025-12-09 09:31:00,0,0.0,US
13313,2025-11-05 20:16:00,0,0.0,CA
13314,2025-11-10 11:16:00,0,0.0,DE
13315,2026-01-07 17:48:00,1,8.15,MX
13316,2025-12-29 00:00:00,0,0.0,US
13317,2025-10-31 20:55:00,0,0.0,GB
13318,2025-11-17 21:55:00,0,0.0,DE
13319,2025-12-24 05:10:00,0,0.0,CA
13320,2025-12-13 17:56:00,0,0.0,US
13321,2025-10-20 04:13:00,0,0.0,DE
13322,2025-11-23 11:33:00,1,16.2,GB
13323,2025-12-19 04:55:00,0,0.0,GB
13324,2025-11-14 23:43:00,0,0.0,US
13325,2025-10-22 13:21:00,0,0.0,US
13326,2025-10-30 16:51:00,0,0.0,ES
13327,2025-12-01 20:57:00,0,0.0,BR
13328,2026-01-09 16:48:00,0,0.0,US
13329,2025-11-10 12:01:00,0,0.0,US
13330,2025-12-02 23:44:00,0,0.0,MX
13331,2025-11-06 01:01:00,0,0.0,US
13332,2025-12-23 02:39:00,0,0.0,US
13333,2025-11-20 13:17:00,0,0.0,GB
13334,2025-12-01 20:45:00,0,0.0,US
13335,2025-11-14 20:29:00,1,16.53,ES
13336,2025-10-26 20:06:00,0,0.0,US
13337,2025-11-22 03:37:00,0,0.0,FR
13338,2025-11-12 12:17:00,0,0.0,CA
13339,2025-11-24 10:46:00,0,0.0,US
13340,2025-12-04 02:49:00,0,0.0,DE
13341,2025-12-07 18:32:00,0,0.0,MX
13342,2025-11-09 18:10:00,0,0.0,US
13343,2025-10-26 10:48:00,0,0.0,FR
13344,2025-10-13 20:00:00,0,0.0,BR
13345,2025-11-19 08:30:00,0,0.0,BR
13346,2025-12-28 00:50:00,1,6.96,CA
13347,2025-12-23 05:39:00,1,8.67,FR
13348,2025-11-04 10:26:00,0,0.0,GB
13349,2025-11-28 16:05:00,0,0.0,US
13350,2026-01-05 17:26:00,0,0.0,FR
13351,2025-10-27 08:45:00,0,0.0,BR
13352,2025-12-26 17:16:00,0,0.0,US
13353,2025-10-27 00:00:00,0,0.0,US
13354,2025-12-29 23:53:00,0,0.0,US
13355,2026-01-08 13:36:00,0,0.0,US
13356,2025-10-14 08:25:00,0,0.0,US
13357,2025-11-02 00:00:00,0,0.0,MX
13358,2025-12-03 18:16:00,0,0.0,US
13359,2025-12-03 21:46:00,0,0.0,DE
13360,2025-12-22 00:25:00,0,0.0,MX
13361,2025-10-23 09:03:00,0,0.0,CA
13362,2025-10-16 12:29:00,0,0.0,CA
13363,2025-12-09 23:38:00,0,0.0,US
13364,2025-12-04 11:02:00,0,0.0,BR
13365,2025-12-17 05:57:00,0,0.0,US
13366,2025-12-27 06:30:00,0,0.0,US
13367,2025-12-28 19:47:00,0,0.0,MX
13368,2025-12-21 18:16:00,0,0.0,GB
13369,2025-12-25 00:00:00,0,0.0,US
13370,2026-01-09 21:52:00,0,0.0,DE
13371,2025-10-26 16:38:00,0,0.0,CA
13372,2025-12-22 22:02:00,0,0.0,FR
13373,2025-11-18 00:00:00,0,0.0,US
13374,2025-10-13 06:09:00,0,0.0,BR
13375,2025-10-31 14:24:00,0,0.0,CA
13376,2025-11-25 01:12:00,0,0.0,MX
13377,2025-12-16 13:00:00,0,0.0,US
13378,2025-11-18 18:25:00,1,11.8,US
13379,2025-11-20 07:22:00,0,0.0,US
13380,2025-11-30 06:40:00,0,0.0,GB
13381,2025-12-18 16:48:00,0,0.0,DE
13382,2025-12-17 22:58:00,1,11.85,DE
13383,2025-12-18 01:58:00,0,0.0,FR
13384,2025-12-14 13:30:00,0,0.0,CA
13385,2025-11-01 03:09:00,1,6.26,GB
13386,2026-01-11 02:00:00,0,0.0,ES
13387,2025-12-30 01:18:00,0,0.0,MX
13388,2025-11-22 01:48:00,0,0.0,MX
13389,2025-11-09 04:31:00,0,0.0,GB
13390,2025-12-19 00:00:00,0,0.0,US
13391,2025-11-13 16:48:00,0,0.0,FR
13392,2025-12-08 14:58:00,0,0.0,CA
13393,2025-12-03 05:41:00,0,0.0,DE
13394,2025-12-07 21:06:00,0,0.0,US
13395,2025-10-13 04:01:00,0,0.0,MX
13396,2025-10-23 23:40:00,0,0.0,BR
13397,2025-12-08 12:37:00,0,0.0,DE
13398,2025-12-13 14:08:00,0,0.0,BR
13399,2025-12-18 09:09:00,0,0.0,GB
13400,2025-12-14 00:00:00,0,0.0,ES
13401,2025-10-23 23:22:00,0,0.0,US
13402,2025-10-20 17:12:00,0,0.0,MX
13403,2025-12-27 08:58:00,0,0.0,FR
13404,2025-12-06 00:46:00,0,0.0,MX
13405,2025-11-30 19:49:00,0,0.0,BR
13406,2025-11-30 07:15:00,0,0.0,MX
13407,2025-11-03 00:00:00,0,0.0,ES
13408,2025-10-22 06:51:00,0,0.0,GB
13409,2025-10-16 14:05:00,0,0.0,DE
13410,2025-11-08 14:59:00,1,15.54,US
13411,2025-10-21 04:46:00,0,0.0,CA
13412,2025-12-08 00:00:00,0,0.0,DE
13413,2025-10-25 11:58:00,0,0.0,US
13414,2025-10-18 17:05:00,0,0.0,DE
13415,2025-11-14 17:48:00,1,15.7,ES
13416,2025-11-19 15:19:00,0,0.0,DE
13417,2025-11-17 23:39:00,0,0.0,DE
13418,2025-12-04 19:15:00,0,0.0,US
13419,2025-11-18 16:12:00,0,0.0,US
13420,2025-12-02 00:00:00,0,0.0,ES
13421,2025-11-02 22:39:00,0,0.0,CA
13422,2025-10-28 05:40:00,1,12.91,FR
13423,2025-12-08 20:40:00,0,0.0,GB
13424,2025-11-09 21:54:00,0,0.0,ES
13425,2025-12-08 14:28:00,0,0.0,US
13426,2025-12-06 00:00:00,0,0.0,DE
13427,2025-12-10 23:28:00,0,0.0,DE
13428,2025-11-24 02:32:00,0,0.0,BR
13429,2025-11-21 23:19:00,0,0.0,US
13430,2025-12-20 19:11:00,0,0.0,US
13431,2025-12-08 07:06:00,0,0.0,ES
13432,2025-12-04 15:32:00,0,0.0,CA
13433,2025-12-07 01:08:00,0,0.0,DE
13434,2025-12-14 20:57:00,0,0.0,ES
13435,2026-01-01 22:22:00,0,0.0,US
13436,2025-11-01 15:24:00,1,15.65,US
13437,2025-11-03 10:28:00,0,0.0,US
13438,2025-12-10 21:44:00,0,0.0,MX
13439,2025-11-04 13:33:00,1,12.91,FR
13440,2025-12-16 16:49:00,1,12.92,DE
13441,2025-12-23 13:15:00,0,0.0,BR
13442,2025-11-13 18:16:00,0,0.0,US
13443,2025-10-26 00:00:00,0,0.0,US
13444,2025-10-17 14:40:00,0,0.0,US
13445,2025-12-06 16:26:00,0,0.0,US
13446,2025-12-26 17:25:00,0,0.0,US
13447,2025-12-07 00:00:00,0,0.0,US
13448,2025-12-07 01:26:00,0,0.0,MX
13449,2025-10-19 20:00:00,0,0.0,US
13450,2025-12-05 03:59:00,0,0.0,CA
13451,2025-10-31 04:29:00,0,0.0,US
13452,2025-10-31 08:53:00,1,11.07,DE
13453,2025-12-22 13:14:00,0,0.0,US
13454,2025-12-05 21:45:00,0,0.0,US
13455,2025-12-07 13:30:00,0,0.0,US
13456,2025-10-25 20:08:00,0,0.0,US
13457,2025-10-30 17:05:00,0,0.0,US
13458,2025-12-31 21:52:00,0,0.0,CA
13459,2025-12-31 06:42:00,0,0.0,US
13460,2025-10-10 00:00:00,0,0.0,GB
13461,2025-12-22 13:06:00,0,0.0,US
13462,2025-12-30 04:32:00,0,0.0,FR
13463,2025-10-15 17:05:00,0,0.0,FR
13464,2025-10-11 03:28:00,0,0.0,MX
13465,2025-12-09 00:51:00,0,0.0,DE
13466,2025-12-30 06:31:00,0,0.0,US
13467,2025-12-30 08:07:00,0,0.0,US
13468,2025-10-26 23:40:00,0,0.0,FR
13469,2025-10-31 15:48:00,0,0.0,MX
13470,2025-10-14 08:26:00,0,0.0,DE
13471,2025-12-01 23:50:00,0,0.0,DE
13472,2025-10-31 09:22:00,0,0.0,GB
13473,2025-12-21 22:55:00,1,11.62,MX
13474,2025-12-10 01:20:00,0,0.0,CA
13475,2025-10-17 00:00:00,0,0.0,US
13476,2025-12-14 01:51:00,0,0.0,FR
13477,2025-12-30 23:45:00,0,0.0,GB
13478,2025-10-17 12:25:00,0,0.0,US
13479,2025-11-14 23:02:00,0,0.0,FR
13480,2025-11-11 00:00:00,0,0.0,US
13481,2025-12-20 23:25:00,1,8.03,FR
13482,2025-10-22 21:45:00,0,0.0,US
13483,2026-01-03 20:56:00,0,0.0,US
13484,2025-12-13 00:31:00,0,0.0,FR
13485,2025-12-20 20:24:00,0,0.0,FR
13486,2025-11-27 00:00:00,0,0.0,MX
13487,2025-11-19 13:37:00,0,0.0,FR
13488,2025-12-28 20:33:00,0,0.0,US
13489,2025-10-27 22:33:00,0,0.0,US
13490,2025-11-28 13:13:00,0,0.0,ES
13491,2025-12-23 00:00:00,0,0.0,ES
13492,2025-11-29 22:42:00,0,0.0,GB
13493,2025-12-13 05:55:00,0,0.0,US
13494,2026-01-03 12:19:00,0,0.0,GB
13495,2025-11-23 02:52:00,0,0.0,US
13496,2025-10-31 13:27:00,0,0.0,CA
13497,2025-12-25 12:50:00,0,0.0,FR
13498,2025-10-11 00:00:00,0,0.0,US
13499,2025-12-27 00:50:00,0,0.0,US
13500,2025-11-13 16:03:00,0,0.0,MX
13501,2026-01-04 21:49:00,1,14.61,GB
13502,2025-12-07 10:42:00,0,0.0,US
13503,2025-11-25 00:00:00,0,0.0,DE
13504,2025-10-31 20:16:00,0,0.0,FR
13505,2025-10-31 00:59:00,0,0.0,US
13506,2025-12-29 11:39:00,0,0.0,CA
13507,2025-12-30 09:40:00,0,0.0,FR
13508,2025-11-02 14:42:00,0,0.0,MX
13509,2025-11-16 21:21:00,0,0.0,DE
13510,2025-10-18 00:23:00,1,12.03,US
13511,2025-12-30 16:23:00,0,0.0,DE
13512,2025-12-20 06:14:00,1,14.6,FR
13513,2025-12-13 00:00:00,0,0.0,DE
13514,2025-10-29 12:57:00,0,0.0,FR
13515,2025-10-16 08:57:00,0,0.0,CA
13516,2025-10-31 14:19:00,1,14.39,MX
13517,2025-11-26 12:51:00,0,0.0,DE
13518,2025-12-12 05:07:00,0,0.0,DE
13519,2025-11-15 09:28:00,0,0.0,BR
13520,2025-12-16 01:49:00,0,0.0,US
13521,2025-12-21 19:06:00,0,0.0,US
13522,2025-11-14 18:32:00,0,0.0,MX
13523,2025-12-03 14:47:00,0,0.0,DE
13524,2025-10-30 12:42:00,1,9.52,FR
13525,2025-12-13 11:03:00,0,0.0,ES
13526,2026-01-13 21:54:00,0,0.0,CA
13527,2025-11-20 23:36:00,0,0.0,ES
13528,2025-10-07 00:00:00,0,0.0,CA
13529,2025-11-03 02:00:00,0,0.0,US
13530,2025-12-05 19:15:00,0,0.0,ES
13531,2025-10-27 17:12:00,1,14.09,US
13532,2025-10-25 02:07:00,0,0.0,MX
13533,2025-12-08 22:46:00,0,0.0,DE
13534,2025-11-06 04:08:00,0,0.0,GB
13535,2025-12-20 23:20:00,1,15.7,FR
13536,2025-11-13 11:10:00,0,0.0,BR
13537,2025-11-26 06:32:00,0,0.0,MX
13538,2025-11-10 19:20:00,0,0.0,US
13539,2025-12-10 03:27:00,0,0.0,GB
13540,2025-11-06 01:28:00,0,0.0,BR
13541,2025-10-22 17:53:00,0,0.0,MX
13542,2025-12-15 09:38:00,0,0.0,GB
13543,2025-11-28 00:15:00,0,0.0,MX
13544,2025-12-03 22:46:00,0,0.0,GB
13545,2026-01-02 14:51:00,0,0.0,MX
13546,2025-12-25 22:29:00,0,0.0,DE
13547,2025-12-02 23:51:00,0,0.0,US
13548,2025-12-12 01:40:00,0,0.0,CA
13549,2025-12-06 07:58:00,0,0.0,US
13550,2025-11-14 00:00:00,0,0.0,FR
13551,2025-12-13 08:40:00,0,0.0,BR
13552,2025-11-23 02:03:00,1,12.21,ES
13553,2025-12-14 11:08:00,0,0.0,BR
13554,2025-12-20 11:13:00,0,0.0,ES
13555,2025-11-14 00:00:00,0,0.0,DE
13556,2025-10-24 02:16:00,0,0.0,FR
13557,2025-11-30 00:00:00,0,0.0,US
13558,2025-10-03 00:00:00,0,0.0,ES
13559,2025-11-04 23:37:00,0,0.0,US
13560,2025-11-27 22:23:00,0,0.0,DE
13561,2025-12-16 06:46:00,0,0.0,GB
13562,2025-11-09 06:46:00,0,0.0,CA
13563,2025-10-27 04:12:00,0,0.0,US
13564,2025-12-05 02:56:00,0,0.0,US
13565,2025-11-30 02:05:00,0,0.0,US
13566,2025-11-24 09:18:00,0,0.0,BR
13567,2026-01-06 12:47:00,0,0.0,BR
13568,2025-10-30 22:35:00,1,15.89,US
13569,2025-12-19 00:00:00,0,0.0,US
13570,2026-01-06 10:02:00,0,0.0,US
13571,2025-11-10 14:02:00,0,0.0,BR
13572,2026-01-02 17:05:00,0,0.0,DE
13573,2025-10-22 07:31:00,0,0.0,FR
13574,2025-10-25 00:00:00,1,13.48,MX
13575,2025-12-28 07:17:00,0,0.0,DE
13576,2025-11-13 20:18:00,0,0.0,US
13577,2025-10-16 20:59:00,0,0.0,US
13578,2026-01-04 23:43:00,0,0.0,BR
13579,2025-12-24 20:47:00,0,0.0,US
13580,2025-12-01 13:12:00,0,0.0,CA
13581,2025-10-31 14:07:00,0,0.0,US
13582,2025-12-02 00:02:00,0,0.0,GB
13583,2025-11-09 11:11:00,0,0.0,FR
13584,2025-12-29 10:37:00,0,0.0,DE
13585,2026-01-07 08:15:00,0,0.0,US
13586,2025-10-31 11:03:00,0,0.0,US
13587,2025-12-16 18:30:00,0,0.0,US
13588,2025-10-16 00:00:00,0,0.0,ES
13589,2025-11-15 13:51:00,0,0.0,CA
13590,2025-12-05 15:03:00,0,0.0,US
13591,2025-11-27 00:00:00,0,0.0,DE
13592,2025-11-09 12:55:00,0,0.0,US
13593,2025-12-16 12:16:00,0,0.0,US
13594,2025-10-25 00:00:00,0,0.0,CA
13595,2025-12-09 09:30:00,1,9.75,US
13596,2025-10-19 16:21:00,0,0.0,MX
13597,2026-01-05 07:31:00,0,0.0,MX
13598,2025-10-28 19:59:00,1,9.23,US
13599,2025-12-29 01:21:00,0,0.0,BR
13600,2025-12-29 18:08:00,0,0.0,DE
13601,2025-12-24 12:53:00,0,0.0,US
13602,2025-11-14 23:59:00,1,12.96,US
13603,2025-11-05 04:05:00,0,0.0,GB
13604,2025-10-24 01:58:00,0,0.0,CA
13605,2025-10-25 21:18:00,0,0.0,US
13606,2025-10-26 04:06:00,0,0.0,ES
13607,2025-12-03 17:25:00,0,0.0,US
13608,2025-10-27 23:12:00,0,0.0,CA
13609,2025-11-15 06:55:00,0,0.0,US
13610,2025-12-29 07:26:00,0,0.0,DE
13611,2025-10-28 05:59:00,0,0.0,GB
13612,2025-11-07 20:02:00,0,0.0,FR
13613,2025-11-13 22:18:00,0,0.0,US
13614,2025-11-09 11:52:00,1,15.36,FR
13615,2025-11-04 11:28:00,0,0.0,GB
13616,2025-11-09 18:20:00,0,0.0,US
13617,2025-11-30 09:17:00,1,15.68,US
13618,2025-10-12 15:10:00,0,0.0,FR
13619,2025-10-27 21:44:00,0,0.0,MX
13620,2025-11-26 04:43:00,0,0.0,US
13621,2025-12-29 17:08:00,0,0.0,US
13622,2025-11-08 19:45:00,0,0.0,US
13623,2025-10-15 04:02:00,0,0.0,GB
13624,2025-12-27 21:45:00,0,0.0,US
13625,2025-11-20 17:18:00,0,0.0,US
13626,2025-11-08 21:52:00,0,0.0,FR
13627,2025-12-19 07:54:00,0,0.0,US
13628,2025-10-29 00:00:00,0,0.0,GB
13629,2025-12-13 02:36:00,0,0.0,FR
13630,2025-10-19 00:00:00,0,0.0,DE
13631,2025-11-17 12:11:00,0,0.0,GB
13632,2025-11-16 16:05:00,0,0.0,MX
13633,2025-10-21 11:33:00,1,12.85,GB
13634,2025-12-26 00:04:00,0,0.0,CA
13635,2025-11-13 17:28:00,0,0.0,DE
13636,2026-01-05 18:50:00,0,0.0,GB
13637,2025-12-14 11:45:00,0,0.0,US
13638,2025-11-18 01:45:00,0,0.0,US
13639,2025-11-04 10:20:00,0,0.0,GB
13640,2025-12-17 18:56:00,0,0.0,MX
13641,2025-10-28 00:43:00,0,0.0,GB
13642,2025-10-25 15:02:00,0,0.0,GB
13643,2025-10-15 15:06:00,0,0.0,MX
13644,2025-12-27 16:34:00,0,0.0,US
13645,2025-10-01 00:00:00,0,0.0,BR
13646,2025-12-02 03:38:00,0,0.0,US
13647,2025-12-07 00:00:00,0,0.0,MX
13648,2025-10-30 05:00:00,0,0.0,US
13649,2026-01-07 00:17:00,0,0.0,ES
13650,2025-12-20 06:07:00,0,0.0,US
13651,2025-12-28 11:02:00,0,0.0,ES
13652,2025-12-04 12:52:00,1,5.74,DE
13653,2025-11-20 22:31:00,0,0.0,CA
13654,2025-11-15 20:42:00,0,0.0,BR
13655,2025-11-02 07:19:00,0,0.0,US
13656,2025-11-17 06:38:00,0,0.0,US
13657,2025-12-19 20:19:00,0,0.0,MX
13658,2026-01-15 18:19:00,0,0.0,US
13659,2025-10-31 15:33:00,0,0.0,US
13660,2025-11-04 19:06:00,0,0.0,US
13661,2025-10-25 04:26:00,0,0.0,BR
13662,2025-10-22 22:18:00,0,0.0,GB
13663,2025-11-20 12:28:00,0,0.0,ES
13664,2025-12-05 08:23:00,0,0.0,US
13665,2025-12-26 00:00:00,0,0.0,FR
13666,2025-11-29 15:00:00,0,0.0,BR
13667,2025-10-14 13:40:00,0,0.0,US
13668,2025-10-23 00:00:00,0,0.0,CA
13669,2025-10-31 00:00:00,0,0.0,ES
13670,2025-11-07 23:59:00,0,0.0,DE
13671,2025-11-12 03:50:00,0,0.0,GB
13672,2025-11-15 11:25:00,0,0.0,GB
13673,2025-11-25 16:46:00,0,0.0,ES
13674,2025-10-29 08:37:00,0,0.0,BR
13675,2025-10-11 20:15:00,1,12.9,US
13676,2025-09-29 00:05:00,0,0.0,US
13677,2026-01-03 22:55:00,0,0.0,BR
13678,2025-10-02 22:18:00,0,0.0,US
13679,2025-12-09 12:53:00,1,11.85,ES
13680,2025-11-11 00:10:00,0,0.0,ES
13681,2025-11-04 01:47:00,0,0.0,BR
13682,2026-01-04 08:20:00,0,0.0,GB
13683,2025-12-05 00:09:00,0,0.0,US
13684,2025-11-30 12:59:00,0,0.0,DE
13685,2025-12-30 10:55:00,0,0.0,CA
13686,2025-12-24 15:43:00,0,0.0,DE
13687,2025-12-13 00:00:00,0,0.0,CA
13688,2025-11-27 05:56:00,0,0.0,DE
13689,2025-11-09 01:54:00,0,0.0,US
13690,2025-12-01 17:41:00,1,11.56,ES
13691,2025-12-12 11:48:00,0,0.0,GB
13692,2025-11-13 13:01:00,0,0.0,US
13693,2025-11-02 04:46:00,0,0.0,CA
13694,2025-12-08 00:00:00,0,0.0,US
13695,2025-10-29 21:57:00,0,0.0,MX
13696,2025-12-04 15:47:00,0,0.0,FR
13697,2025-10-27 20:12:00,0,0.0,MX
13698,2025-10-10 02:06:00,0,0.0,US
13699,2025-11-01 05:27:00,0,0.0,MX
13700,2025-11-04 18:03:00,0,0.0,CA
13701,2025-10-12 03:28:00,0,0.0,CA
13702,2025-11-19 00:05:00,0,0.0,MX
13703,2026-01-06 10:05:00,1,9.72,GB
13704,2025-11-27 11:30:00,0,0.0,GB
13705,2025-11-02 16:14:00,0,0.0,US
13706,2025-10-12 00:35:00,0,0.0,ES
13707,2025-11-01 00:00:00,0,0.0,CA
13708,2025-11-04 07:42:00,0,0.0,MX
13709,2025-10-31 00:00:00,0,0.0,MX
13710,2025-12-14 20:23:00,0,0.0,FR
13711,2025-10-28 00:20:00,0,0.0,US
13712,2025-11-18 13:52:00,0,0.0,FR
13713,2025-12-26 13:19:00,0,0.0,GB
13714,2025-12-15 16:56:00,0,0.0,BR
13715,2025-11-23 21:20:00,0,0.0,CA
13716,2025-11-05 16:22:00,0,0.0,BR
13717,2025-12-21 00:00:00,0,0.0,GB
13718,2025-12-14 16:19:00,0,0.0,MX
13719,2025-11-23 01:44:00,0,0.0,ES
13720,2025-10-17 08:05:00,0,0.0,BR
13721,2025-10-30 05:57:00,0,0.0,MX
13722,2025-12-11 00:00:00,0,0.0,FR
13723,2025-11-14 19:51:00,1,9.79,US
13724,2025-11-26 11:01:00,0,0.0,FR
13725,2025-10-21 16:23:00,0,0.0,MX
13726,2026-01-05 21:18:00,0,0.0,US
13727,2025-10-26 07:40:00,0,0.0,GB
13728,2025-11-30 09:59:00,0,0.0,US
13729,2025-10-28 09:25:00,1,13.63,MX
13730,2025-11-20 04:17:00,0,0.0,BR
13731,2025-10-15 21:59:00,0,0.0,ES
13732,2025-10-18 06:21:00,0,0.0,GB
13733,2025-10-08 12:23:00,1,12.42,MX
13734,2025-12-27 04:16:00,0,0.0,GB
13735,2025-11-27 11:05:00,0,0.0,GB
13736,2025-10-24 23:50:00,0,0.0,US
13737,2025-12-02 22:38:00,0,0.0,CA
13738,2025-11-15 22:16:00,0,0.0,US
13739,2025-10-12 19:38:00,1,9.12,US
13740,2025-12-28 00:00:00,0,0.0,US
13741,2025-10-17 04:54:00,0,0.0,US
13742,2025-10-23 11:08:00,0,0.0,US
13743,2025-11-27 04:53:00,0,0.0,US
13744,2025-12-20 00:00:00,0,0.0,BR
13745,2025-12-12 06:28:00,1,10.62,CA
13746,2025-12-14 08:44:00,0,0.0,US
13747,2025-10-17 14:47:00,0,0.0,ES
13748,2025-10-18 23:39:00,0,0.0,DE
13749,2026-01-01 09:49:00,0,0.0,GB
13750,2025-12-11 20:36:00,0,0.0,GB
13751,2025-12-09 04:50:00,0,0.0,DE
13752,2025-11-28 09:31:00,0,0.0,US
13753,2025-12-12 20:44:00,0,0.0,DE
13754,2025-12-26 14:12:00,0,0.0,CA
13755,2025-12-22 21:03:00,0,0.0,US
13756,2025-12-21 20:01:00,0,0.0,US
13757,2025-12-26 19:17:00,1,10.83,FR
13758,2025-10-15 00:00:00,0,0.0,CA
13759,2025-10-27 00:00:00,0,0.0,FR
13760,2026-01-10 06:12:00,0,0.0,ES
13761,2025-12-25 10:15:00,0,0.0,ES
13762,2025-10-14 00:00:00,0,0.0,MX
13763,2025-12-16 02:44:00,0,0.0,BR
13764,2025-12-23 22:08:00,0,0.0,GB
13765,2025-11-19 21:10:00,0,0.0,US
13766,2025-11-09 17:12:00,0,0.0,DE
13767,2025-10-17 00:00:00,0,0.0,DE
13768,2025-12-25 13:13:00,0,0.0,US
13769,2025-12-17 19:57:00,0,0.0,US
13770,2025-11-15 09:01:00,0,0.0,GB
13771,2025-11-29 15:28:00,0,0.0,ES
13772,2025-10-05 00:00:00,0,0.0,CA
13773,2025-12-03 00:00:00,0,0.0,FR
13774,2026-01-05 05:19:00,1,12.36,US
13775,2025-11-17 23:59:00,0,0.0,BR
13776,2025-11-09 19:35:00,0,0.0,US
13777,2025-10-29 16:33:00,1,11.62,FR
13778,2025-12-04 13:44:00,0,0.0,US
13779,2025-12-07 00:00:00,0,0.0,US
13780,2025-12-27 07:05:00,0,0.0,CA
13781,2025-11-24 20:01:00,0,0.0,DE
13782,2025-11-01 21:56:00,0,0.0,DE
13783,2025-11-21 20:32:00,0,0.0,US
13784,2025-12-17 14:37:00,0,0.0,DE
13785,2025-11-24 20:33:00,0,0.0,US
13786,2025-11-10 13:55:00,0,0.0,MX
13787,2025-10-07 15:52:00,1,9.72,FR
13788,2025-12-25 14:50:00,1,8.27,US
13789,2025-12-11 11:28:00,0,0.0,US
13790,2026-01-04 06:13:00,0,0.0,CA
13791,2026-01-08 12:49:00,0,0.0,US
13792,2025-10-21 00:00:00,0,0.0,BR
13793,2025-12-14 16:10:00,0,0.0,CA
13794,2025-12-25 15:16:00,0,0.0,BR
13795,2025-12-04 13:01:00,0,0.0,US
13796,2026-01-05 10:15:00,0,0.0,DE
13797,2025-12-19 06:22:00,0,0.0,CA
13798,2025-10-29 00:18:00,1,10.74,US
13799,2025-10-18 08:51:00,0,0.0,GB
13800,2025-10-22 06:40:00,0,0.0,US
13801,2025-11-17 18:05:00,0,0.0,US
13802,2025-12-01 19:44:00,0,0.0,DE
13803,2026-01-01 08:08:00,0,0.0,US
13804,2025-12-15 07:26:00,0,0.0,ES
13805,2025-12-09 16:33:00,0,0.0,US
13806,2025-11-03 22:53:00,0,0.0,GB
13807,2025-11-16 17:36:00,0,0.0,US
13808,2025-10-07 10:21:00,0,0.0,ES
13809,2025-11-26 14:04:00,0,0.0,ES
13810,2025-12-01 06:27:00,0,0.0,GB
13811,2025-12-24 01:13:00,0,0.0,US
13812,2025-10-23 12:42:00,0,0.0,CA
13813,2025-12-02 20:56:00,0,0.0,BR
13814,2025-11-09 12:21:00,0,0.0,US
13815,2025-12-09 13:43:00,0,0.0,BR
13816,2025-12-11 04:17:00,0,0.0,FR
13817,2025-12-17 13:15:00,0,0.0,US
13818,2025-10-16 13:34:00,0,0.0,US
13819,2026-01-01 23:34:00,0,0.0,ES
13820,2025-11-23 03:44:00,0,0.0,FR
13821,2025-10-30 15:10:00,0,0.0,US
13822,2025-10-23 05:48:00,0,0.0,US
13823,2025-11-14 15:43:00,0,0.0,GB
13824,2025-12-04 18:56:00,0,0.0,FR
13825,2025-11-30 16:13:00,0,0.0,ES
13826,2025-11-13 07:32:00,0,0.0,US
13827,2025-12-18 20:41:00,0,0.0,MX
13828,2025-12-07 00:46:00,0,0.0,MX
13829,2025-11-29 21:56:00,0,0.0,FR
13830,2025-10-26 19:33:00,0,0.0,MX
13831,2025-11-19 03:15:00,0,0.0,US
13832,2025-12-04 20:30:00,1,12.0,US
13833,2025-11-18 21:24:00,0,0.0,MX
13834,2025-10-20 16:23:00,0,0.0,US
13835,2025-12-22 00:00:00,0,0.0,MX
13836,2025-12-06 09:26:00,0,0.0,BR
13837,2025-11-12 08:32:00,1,6.21,MX
13838,2025-10-13 16:15:00,0,0.0,BR
13839,2025-10-21 10:58:00,0,0.0,US
13840,2025-12-03 00:00:00,0,0.0,GB
13841,2025-10-15 01:50:00,0,0.0,US
13842,2025-12-23 08:25:00,0,0.0,MX
13843,2025-11-25 06:21:00,0,0.0,US
13844,2025-11-30 01:38:00,0,0.0,CA
13845,2025-12-31 08:55:00,0,0.0,DE
13846,2025-11-21 11:18:00,0,0.0,FR
13847,2025-12-08 01:17:00,0,0.0,FR
13848,2025-12-26 00:00:00,0,0.0,GB
13849,2026-01-08 07:47:00,0,0.0,BR
13850,2025-12-17 11:37:00,0,0.0,DE
13851,2025-10-16 19:47:00,0,0.0,US
13852,2026-01-02 23:18:00,0,0.0,US
13853,2025-11-11 08:41:00,0,0.0,FR
13854,2025-12-06 04:28:00,0,0.0,DE
13855,2025-11-21 06:37:00,0,0.0,CA
13856,2025-12-28 07:20:00,0,0.0,US
13857,2025-12-20 00:49:00,0,0.0,ES
13858,2026-01-02 04:03:00,0,0.0,US
13859,2025-11-07 03:57:00,0,0.0,US
13860,2025-11-06 08:36:00,0,0.0,ES
13861,2025-10-28 19:43:00,0,0.0,DE
13862,2026-01-05 05:50:00,0,0.0,FR
13863,2025-10-23 02:16:00,0,0.0,ES
13864,2026-01-04 16:35:00,0,0.0,ES
13865,2025-12-24 22:11:00,0,0.0,CA
13866,2025-11-03 18:03:00,0,0.0,US
13867,2025-11-01 21:06:00,0,0.0,BR
13868,2025-11-02 03:31:00,0,0.0,CA
13869,2025-12-06 13:11:00,1,14.67,US
13870,2025-11-21 14:48:00,0,0.0,BR
13871,2025-12-04 15:23:00,0,0.0,FR
13872,2025-12-30 02:46:00,1,7.77,BR
13873,2025-12-17 16:21:00,0,0.0,US
13874,2025-10-04 01:40:00,0,0.0,US
13875,2025-12-15 14:50:00,0,0.0,FR
13876,2025-12-18 13:32:00,0,0.0,GB
13877,2025-10-16 15:06:00,0,0.0,US
13878,2025-11-22 21:54:00,0,0.0,DE
13879,2025-11-30 03:34:00,0,0.0,US
13880,2025-12-24 08:44:00,0,0.0,US
13881,2025-10-26 11:56:00,0,0.0,US
13882,2025-10-14 12:24:00,0,0.0,DE
13883,2025-12-24 20:06:00,0,0.0,MX
13884,2025-12-09 02:02:00,0,0.0,GB
13885,2025-11-16 23:41:00,0,0.0,FR
13886,2025-10-24 08:04:00,0,0.0,ES
13887,2025-10-10 21:44:00,0,0.0,FR
13888,2025-12-05 06:06:00,0,0.0,MX
13889,2025-10-30 14:04:00,0,0.0,BR
13890,2025-10-13 00:31:00,0,0.0,US
13891,2025-11-07 16:54:00,0,0.0,US
13892,2026-01-12 01:14:00,0,0.0,MX
13893,2025-12-29 19:09:00,0,0.0,US
13894,2025-12-29 18:17:00,0,0.0,MX
13895,2025-11-03 23:22:00,0,0.0,US
13896,2025-11-10 11:01:00,0,0.0,ES
13897,2025-10-15 02:58:00,0,0.0,MX
13898,2025-11-14 22:46:00,0,0.0,US
13899,2025-12-30 23:32:00,0,0.0,GB
13900,2026-01-02 21:49:00,0,0.0,BR
13901,2025-11-18 06:07:00,1,15.26,GB
13902,2025-12-19 07:12:00,0,0.0,ES
13903,2025-10-17 22:46:00,0,0.0,MX
13904,2025-11-28 23:33:00,0,0.0,US
13905,2025-12-02 16:49:00,0,0.0,US
13906,2025-10-13 00:00:00,1,12.06,CA
13907,2025-11-24 13:35:00,0,0.0,US
13908,2025-10-26 00:00:00,0,0.0,MX
13909,2025-11-08 21:57:00,0,0.0,GB
13910,2025-12-02 17:05:00,0,0.0,MX
13911,2026-01-09 19:23:00,0,0.0,US
13912,2025-12-28 16:55:00,0,0.0,US
13913,2025-12-20 22:44:00,0,0.0,US
13914,2025-10-18 05:41:00,0,0.0,GB
13915,2025-12-02 00:00:00,0,0.0,CA
13916,2025-12-07 02:29:00,0,0.0,BR
13917,2025-11-06 13:48:00,0,0.0,CA
13918,2025-11-16 19:55:00,0,0.0,GB
13919,2025-10-23 06:46:00,0,0.0,ES
13920,2025-12-27 19:54:00,0,0.0,GB
13921,2025-10-26 00:10:00,1,11.28,US
13922,2025-10-17 12:39:00,0,0.0,DE
13923,2025-10-04 16:09:00,0,0.0,US
13924,2025-10-14 02:33:00,0,0.0,GB
13925,2025-12-17 18:33:00,0,0.0,BR
13926,2025-12-09 18:45:00,0,0.0,US
13927,2025-10-11 06:11:00,0,0.0,US
13928,2025-10-16 16:38:00,0,0.0,US
13929,2025-12-23 15:54:00,1,12.1,CA
13930,2025-12-23 21:52:00,0,0.0,FR
13931,2025-10-18 22:17:00,1,15.36,GB
13932,2026-01-07 05:50:00,0,0.0,MX
13933,2025-10-08 07:49:00,0,0.0,CA
13934,2025-12-12 04:38:00,0,0.0,US
13935,2025-10-10 12:32:00,0,0.0,US
13936,2025-12-28 16:41:00,0,0.0,FR
13937,2025-11-15 08:00:00,0,0.0,CA
13938,2025-12-12 09:04:00,0,0.0,US
13939,2025-11-25 06:45:00,0,0.0,ES
13940,2025-12-29 20:41:00,1,13.82,US
13941,2025-09-27 02:38:00,0,0.0,DE
13942,2025-12-31 02:22:00,0,0.0,CA
13943,2025-11-19 15:12:00,0,0.0,CA
13944,2025-10-10 00:08:00,0,0.0,US
13945,2025-12-31 04:34:00,0,0.0,US
13946,2025-10-10 00:00:00,0,0.0,US
13947,2025-11-10 21:46:00,0,0.0,US
13948,2025-10-15 14:48:00,1,14.32,MX
13949,2025-12-25 00:00:00,0,0.0,MX
13950,2025-12-14 23:31:00,0,0.0,US
13951,2025-10-22 23:36:00,0,0.0,CA
13952,2026-01-06 20:57:00,0,0.0,DE
13953,2025-11-09 23:43:00,0,0.0,DE
13954,2025-12-29 10:08:00,0,0.0,US
13955,2025-10-19 17:09:00,0,0.0,US
13956,2025-10-26 20:11:00,0,0.0,GB
13957,2026-01-01 00:00:00,0,0.0,GB
13958,2026-01-10 21:42:00,0,0.0,US
13959,2025-10-24 00:00:00,0,0.0,US
13960,2025-12-26 23:32:00,0,0.0,MX
13961,2025-10-11 18:53:00,0,0.0,GB
13962,2025-10-10 22:43:00,0,0.0,BR
13963,2025-12-05 11:40:00,0,0.0,GB
13964,2025-10-25 00:00:00,0,0.0,FR
13965,2026-01-03 19:54:00,0,0.0,FR
13966,2025-10-18 10:50:00,0,0.0,US
13967,2025-12-13 21:35:00,0,0.0,FR
13968,2025-12-11 00:00:00,0,0.0,US
13969,2025-10-31 00:23:00,0,0.0,US
13970,2025-12-28 07:45:00,0,0.0,DE
13971,2025-10-24 11:07:00,0,0.0,FR
13972,2025-10-25 21:20:00,0,0.0,US
13973,2025-12-19 02:05:00,0,0.0,DE
13974,2026-01-02 01:19:00,0,0.0,US
13975,2025-10-31 05:18:00,0,0.0,FR
13976,2025-11-11 21:43:00,0,0.0,MX
13977,2025-12-01 07:05:00,0,0.0,MX
13978,2025-12-16 04:36:00,0,0.0,FR
13979,2025-12-02 18:37:00,1,11.14,US
13980,2025-12-11 07:53:00,0,0.0,BR
13981,2025-11-01 23:37:00,0,0.0,US
13982,2025-10-30 18:09:00,0,0.0,US
13983,2025-12-21 16:10:00,0,0.0,BR
13984,2025-12-22 02:15:00,0,0.0,FR
13985,2025-11-09 13:22:00,0,0.0,CA
13986,2025-10-21 09:35:00,0,0.0,US
13987,2025-12-28 01:48:00,0,0.0,US
13988,2025-12-26 02:00:00,0,0.0,MX
13989,2025-12-30 08:50:00,0,0.0,US
13990,2025-11-05 20:34:00,0,0.0,US
13991,2025-12-11 04:22:00,0,0.0,US
13992,2025-11-10 19:19:00,0,0.0,FR
13993,2025-11-22 04:15:00,0,0.0,CA
13994,2025-10-27 16:03:00,0,0.0,US
13995,2025-12-24 03:31:00,0,0.0,BR
13996,2025-11-06 00:43:00,0,0.0,BR
13997,2025-11-24 00:00:00,0,0.0,GB
13998,2025-11-30 20:53:00,0,0.0,DE
13999,2025-10-25 00:00:00,0,0.0,BR
14000,2025-11-08 00:00:00,0,0.0,US
14001,2025-12-31 16:15:00,0,0.0,BR
14002,2025-12-21 13:32:00,0,0.0,GB
14003,2025-12-15 10:04:00,0,0.0,MX
14004,2025-12-29 00:00:00,0,0.0,US
14005,2025-11-08 16:49:00,0,0.0,US
14006,2025-10-24 08:08:00,0,0.0,GB
14007,2026-01-04 05:12:00,0,0.0,DE
14008,2025-12-11 16:58:00,0,0.0,US
14009,2025-12-18 23:35:00,0,0.0,DE
14010,2025-10-09 22:48:00,0,0.0,MX
14011,2025-12-16 08:55:00,0,0.0,GB
14012,2026-01-01 15:13:00,0,0.0,DE
14013,2025-12-14 00:18:00,1,12.49,US
14014,2025-10-25 13:46:00,0,0.0,DE
14015,2025-11-01 02:46:00,0,0.0,DE
14016,2025-11-16 06:49:00,0,0.0,MX
14017,2026-01-03 18:22:00,0,0.0,US
14018,2025-10-27 14:27:00,0,0.0,BR
14019,2025-10-06 00:00:00,0,0.0,BR
14020,2025-11-08 17:47:00,0,0.0,CA
14021,2025-12-18 14:40:00,0,0.0,MX
14022,2025-12-25 17:25:00,0,0.0,DE
14023,2025-12-12 07:03:00,0,0.0,DE
14024,2025-11-07 14:16:00,0,0.0,ES
14025,2025-10-21 23:48:00,0,0.0,ES
14026,2025-11-02 20:07:00,0,0.0,US
14027,2025-11-08 04:32:00,0,0.0,FR
14028,2026-01-01 04:08:00,1,11.56,FR
14029,2025-12-19 22:23:00,0,0.0,ES
14030,2025-11-21 11:03:00,0,0.0,DE
14031,2026-01-02 06:55:00,0,0.0,ES
14032,2025-12-15 06:20:00,0,0.0,ES
14033,2025-12-15 05:10:00,1,15.94,US
14034,2025-12-11 04:44:00,0,0.0,US
14035,2025-11-08 06:00:00,1,6.37,BR
14036,2025-10-12 02:52:00,0,0.0,FR
14037,2025-10-12 00:00:00,0,0.0,BR
14038,2025-12-15 22:42:00,0,0.0,MX
14039,2025-11-14 20:13:00,0,0.0,FR
14040,2025-10-13 00:39:00,0,0.0,BR
14041,2025-11-10 00:00:00,0,0.0,FR
14042,2025-12-08 01:08:00,0,0.0,GB
14043,2025-11-21 00:49:00,0,0.0,MX
14044,2025-12-12 09:53:00,0,0.0,MX
14045,2025-11-04 00:00:00,0,0.0,DE
14046,2025-12-09 07:49:00,0,0.0,US
14047,2025-10-21 03:42:00,0,0.0,US
14048,2025-12-02 21:30:00,0,0.0,US
14049,2025-11-15 16:38:00,0,0.0,GB
14050,2025-12-13 14:37:00,0,0.0,CA
14051,2025-12-21 23:10:00,0,0.0,FR
14052,2025-12-26 07:15:00,1,9.12,US
14053,2025-11-07 11:51:00,0,0.0,FR
14054,2025-10-31 00:00:00,0,0.0,US
14055,2025-12-12 00:00:00,0,0.0,ES
14056,2025-12-18 17:41:00,0,0.0,FR
14057,2025-11-25 04:28:00,0,0.0,US
14058,2025-12-11 12:27:00,0,0.0,BR
14059,2025-12-24 09:34:00,0,0.0,US
14060,2025-11-24 22:39:00,0,0.0,GB
14061,2025-10-06 23:27:00,1,15.39,GB
14062,2025-12-20 00:00:00,0,0.0,MX
14063,2025-12-23 19:33:00,0,0.0,MX
14064,2025-12-22 08:08:00,0,0.0,MX
14065,2025-12-07 10:39:00,0,0.0,DE
14066,2025-11-20 10:13:00,1,12.15,US
14067,2025-12-13 08:37:00,0,0.0,FR
14068,2025-12-29 00:00:00,0,0.0,GB
14069,2025-12-24 17:50:00,0,0.0,CA
14070,2025-11-07 20:21:00,0,0.0,ES
14071,2025-12-24 09:01:00,0,0.0,BR
14072,2025-12-13 12:20:00,0,0.0,MX
14073,2025-12-28 02:22:00,0,0.0,MX
14074,2025-10-16 12:42:00,1,10.05,US
14075,2025-12-15 20:54:00,0,0.0,MX
14076,2025-12-15 00:00:00,0,0.0,US
14077,2026-01-04 13:09:00,0,0.0,GB
14078,2025-10-23 05:09:00,0,0.0,US
14079,2025-11-09 00:00:00,0,0.0,GB
14080,2026-01-03 09:54:00,0,0.0,GB
14081,2025-10-24 09:23:00,0,0.0,ES
14082,2025-10-08 00:00:00,0,0.0,DE
14083,2025-12-28 08:35:00,0,0.0,US
14084,2025-12-01 14:03:00,0,0.0,US
14085,2025-11-28 19:50:00,0,0.0,MX
14086,2025-10-04 20:06:00,0,0.0,BR
14087,2026-01-15 18:10:00,0,0.0,MX
14088,2025-11-16 00:00:00,0,0.0,DE
14089,2025-12-28 03:58:00,0,0.0,ES
14090,2025-11-23 01:58:00,0,0.0,US
14091,2025-11-08 03:06:00,0,0.0,GB
14092,2025-12-30 00:00:00,0,0.0,US
14093,2025-11-06 14:18:00,0,0.0,CA
14094,2025-12-29 01:36:00,0,0.0,ES
14095,2026-01-04 22:44:00,1,9.61,US
14096,2025-11-30 03:56:00,0,0.0,US
14097,2025-11-23 13:03:00,0,0.0,MX
14098,2025-12-04 15:47:00,1,10.8,DE
14099,2025-11-03 06:53:00,0,0.0,ES
14100,2026-01-01 00:39:00,0,0.0,ES
14101,2025-11-14 11:42:00,0,0.0,ES
14102,2025-11-30 15:30:00,0,0.0,DE
14103,2025-11-11 03:09:00,0,0.0,MX
14104,2025-11-17 21:40:00,0,0.0,US
14105,2025-12-08 17:05:00,1,8.89,FR
14106,2025-10-18 16:57:00,0,0.0,DE
14107,2025-10-24 23:33:00,0,0.0,GB
14108,2025-12-25 06:08:00,0,0.0,DE
14109,2025-12-03 00:00:00,0,0.0,FR
14110,2025-11-20 21:53:00,0,0.0,BR
14111,2025-10-30 16:54:00,0,0.0,US
14112,2025-11-01 15:19:00,0,0.0,US
14113,2025-11-04 01:39:00,1,15.28,US
14114,2025-10-16 06:20:00,1,7.86,GB
14115,2025-12-04 05:22:00,0,0.0,CA
14116,2025-11-10 18:02:00,0,0.0,US
14117,2025-11-08 00:28:00,0,0.0,US
14118,2025-11-17 18:13:00,0,0.0,US
14119,2025-11-28 17:40:00,0,0.0,BR
14120,2025-12-16 00:00:00,0,0.0,GB
14121,2025-12-29 00:00:00,0,0.0,ES
14122,2025-11-16 20:50:00,0,0.0,DE
14123,2025-11-21 02:17:00,0,0.0,US
14124,2025-12-28 00:00:00,0,0.0,US
14125,2025-12-11 03:29:00,0,0.0,ES
14126,2025-10-07 10:26:00,0,0.0,US
14127,2025-12-23 12:18:00,0,0.0,BR
14128,2025-11-19 23:54:00,0,0.0,DE
14129,2025-10-31 00:00:00,0,0.0,GB
14130,2025-10-25 22:15:00,0,0.0,US
14131,2025-11-04 12:26:00,0,0.0,MX
14132,2025-11-01 20:16:00,0,0.0,BR
14133,2026-01-03 06:06:00,0,0.0,BR
14134,2025-10-11 00:00:00,0,0.0,US
14135,2025-10-30 19:40:00,0,0.0,ES
14136,2026-01-04 00:32:00,0,0.0,MX
14137,2026-01-01 17:19:00,0,0.0,GB
14138,2025-10-27 00:00:00,0,0.0,DE
14139,2025-11-26 00:00:00,0,0.0,US
14140,2025-11-29 11:28:00,0,0.0,US
14141,2025-11-24 12:40:00,0,0.0,GB
14142,2025-10-30 18:53:00,0,0.0,FR
14143,2025-12-23 09:37:00,0,0.0,FR
14144,2025-11-04 16:06:00,0,0.0,FR
14145,2025-11-04 04:28:00,0,0.0,US
14146,2026-01-04 13:20:00,1,15.92,FR
14147,2025-12-31 20:42:00,0,0.0,US
14148,2025-11-07 00:25:00,0,0.0,US
14149,2025-11-01 16:17:00,0,0.0,FR
14150,2025-10-26 16:13:00,0,0.0,US
14151,2025-11-02 14:40:00,0,0.0,DE
14152,2025-10-25 13:53:00,0,0.0,DE
14153,2025-10-23 08:01:00,0,0.0,FR
14154,2025-12-31 00:52:00,0,0.0,FR
14155,2025-12-29 01:05:00,0,0.0,GB
14156,2025-12-07 12:17:00,0,0.0,US
14157,2025-12-30 09:42:00,0,0.0,US
14158,2025-12-07 07:11:00,0,0.0,US
14159,2025-12-22 13:02:00,0,0.0,US
14160,2025-10-24 06:49:00,0,0.0,US
14161,2025-11-23 18:05:00,0,0.0,ES
14162,2025-11-10 04:11:00,0,0.0,FR
14163,2025-12-27 09:00:00,0,0.0,US
14164,2025-10-23 21:32:00,0,0.0,MX
14165,2025-11-29 14:09:00,0,0.0,DE
14166,2025-12-06 15:53:00,0,0.0,CA
14167,2025-11-14 13:11:00,0,0.0,MX
14168,2025-10-13 07:20:00,0,0.0,FR
14169,2025-11-25 16:31:00,0,0.0,FR
14170,2025-11-30 01:04:00,0,0.0,US
14171,2025-12-05 17:03:00,1,14.94,FR
14172,2025-10-15 00:37:00,0,0.0,MX
14173,2025-12-05 15:12:00,0,0.0,US
14174,2025-10-26 05:25:00,0,0.0,US
14175,2025-10-15 00:00:00,0,0.0,FR
14176,2025-11-08 09:21:00,0,0.0,US
14177,2025-12-12 14:22:00,0,0.0,US
14178,2025-12-10 09:31:00,0,0.0,ES
14179,2025-10-08 16:48:00,0,0.0,MX
14180,2025-12-17 08:05:00,0,0.0,FR
14181,2025-11-29 16:36:00,0,0.0,US
14182,2025-12-05 11:18:00,0,0.0,US
14183,2025-12-16 09:19:00,0,0.0,FR
14184,2025-12-05 05:44:00,0,0.0,US
14185,2025-11-15 02:36:00,0,0.0,ES
14186,2025-12-04 17:05:00,0,0.0,GB
14187,2025-10-01 05:08:00,0,0.0,FR
14188,2025-11-29 05:21:00,0,0.0,US
14189,2025-10-31 09:20:00,0,0.0,GB
14190,2025-11-22 00:25:00,0,0.0,DE
14191,2025-12-17 07:42:00,0,0.0,GB
14192,2025-12-17 04:59:00,1,16.39,ES
14193,2025-12-20 15:45:00,0,0.0,FR
14194,2025-11-10 17:13:00,1,8.19,BR
14195,2025-11-07 21:06:00,1,9.11,ES
14196,2025-10-09 14:27:00,0,0.0,GB
14197,2025-10-14 08:56:00,0,0.0,FR
14198,2025-12-20 19:57:00,0,0.0,US
14199,2025-11-17 16:26:00,0,0.0,US
14200,2025-12-09 21:57:00,0,0.0,US
14201,2025-10-30 21:24:00,0,0.0,US
14202,2025-11-28 09:26:00,0,0.0,GB
14203,2026-01-04 03:23:00,0,0.0,ES
14204,2025-10-09 07:57:00,0,0.0,GB
14205,2025-10-23 04:01:00,0,0.0,ES
14206,2025-12-20 20:12:00,0,0.0,FR
14207,2025-11-12 13:24:00,0,0.0,GB
14208,2025-12-03 23:24:00,0,0.0,CA
14209,2025-10-10 20:08:00,0,0.0,US
14210,2026-01-03 21:28:00,0,0.0,ES
14211,2025-12-11 17:41:00,0,0.0,ES
14212,2025-10-23 00:00:00,0,0.0,FR
14213,2025-10-30 02:12:00,0,0.0,US
14214,2025-12-14 17:12:00,0,0.0,DE
14215,2025-10-31 14:31:00,0,0.0,BR
14216,2025-11-05 03:38:00,0,0.0,FR
14217,2025-10-19 22:16:00,0,0.0,BR
14218,2025-11-25 00:00:00,0,0.0,US
14219,2025-12-06 04:00:00,0,0.0,US
14220,2025-11-04 16:54:00,0,0.0,US
14221,2025-10-08 13:55:00,0,0.0,US
14222,2025-11-17 08:19:00,0,0.0,US
14223,2025-10-15 06:07:00,0,0.0,US
14224,2025-11-02 06:02:00,0,0.0,MX
14225,2025-12-02 11:40:00,0,0.0,ES
14226,2025-11-30 17:38:00,0,0.0,GB
14227,2026-01-04 02:57:00,1,10.56,US
14228,2025-11-20 21:10:00,0,0.0,ES
14229,2025-10-11 17:07:00,0,0.0,FR
14230,2025-11-28 12:01:00,0,0.0,FR
14231,2025-11-12 08:15:00,0,0.0,US
14232,2025-11-07 11:33:00,0,0.0,GB
14233,2025-12-07 16:53:00,0,0.0,US
14234,2025-12-20 23:43:00,0,0.0,DE
14235,2026-01-02 00:00:00,0,0.0,CA
14236,2025-10-13 12:26:00,0,0.0,US
14237,2025-10-15 00:00:00,0,0.0,ES
14238,2025-11-23 04:43:00,0,0.0,FR
14239,2025-11-02 11:06:00,0,0.0,GB
14240,2025-10-29 13:48:00,0,0.0,MX
14241,2025-12-09 12:23:00,0,0.0,BR
14242,2025-10-20 12:45:00,0,0.0,GB
14243,2025-10-19 16:10:00,1,7.96,CA
14244,2025-12-08 06:20:00,0,0.0,CA
14245,2025-11-25 00:00:00,0,0.0,US
14246,2025-11-08 12:22:00,0,0.0,GB
14247,2025-11-24 00:00:00,0,0.0,US
14248,2025-11-11 17:20:00,0,0.0,CA
14249,2026-01-07 13:30:00,0,0.0,US
14250,2025-11-24 15:16:00,0,0.0,FR
14251,2026-01-03 20:03:00,0,0.0,MX
14252,2025-10-30 06:47:00,0,0.0,US
14253,2025-12-19 19:20:00,0,0.0,US
14254,2025-11-15 18:59:00,0,0.0,DE
14255,2025-12-29 05:22:00,0,0.0,ES
14256,2025-12-13 09:59:00,0,0.0,US
14257,2025-10-31 05:02:00,0,0.0,BR
14258,2025-10-28 02:52:00,0,0.0,MX
14259,2025-11-25 20:38:00,0,0.0,MX
14260,2025-10-30 00:00:00,0,0.0,GB
14261,2025-12-31 06:25:00,0,0.0,DE
14262,2025-12-21 02:05:00,0,0.0,DE
14263,2025-10-03 06:16:00,0,0.0,US
14264,2025-12-24 18:47:00,0,0.0,GB
14265,2025-12-13 12:41:00,0,0.0,US
14266,2025-11-09 08:35:00,0,0.0,US
14267,2025-12-22 00:00:00,0,0.0,US
14268,2025-12-18 16:55:00,0,0.0,BR
14269,2025-10-25 00:00:00,0,0.0,MX
14270,2025-12-11 17:24:00,0,0.0,US
14271,2025-12-17 23:19:00,0,0.0,MX
14272,2025-12-09 23:06:00,0,0.0,US
14273,2025-10-19 01:14:00,0,0.0,US
14274,2025-12-26 19:40:00,0,0.0,FR
14275,2025-11-19 15:43:00,0,0.0,GB
14276,2025-10-15 17:10:00,0,0.0,US
14277,2026-01-09 02:17:00,0,0.0,DE
14278,2025-10-29 11:30:00,0,0.0,ES
14279,2025-10-29 23:29:00,0,0.0,FR
14280,2025-12-31 00:00:00,0,0.0,US
14281,2025-12-05 17:48:00,0,0.0,GB
14282,2025-11-20 15:01:00,0,0.0,CA
14283,2025-11-19 01:34:00,0,0.0,MX
14284,2025-10-11 02:48:00,0,0.0,US
14285,2025-12-12 13:04:00,0,0.0,US
14286,2025-12-08 22:04:00,0,0.0,ES
14287,2025-12-31 12:03:00,0,0.0,MX
14288,2025-10-11 19:57:00,0,0.0,US
14289,2025-12-17 23:08:00,0,0.0,MX
14290,2025-10-17 13:03:00,0,0.0,MX
14291,2026-01-02 09:15:00,1,9.39,US
14292,2025-11-26 16:34:00,0,0.0,DE
14293,2025-12-11 02:58:00,0,0.0,GB
14294,2025-11-21 05:18:00,0,0.0,DE
14295,2025-12-13 08:36:00,0,0.0,FR
14296,2025-10-09 00:00:00,0,0.0,FR
14297,2025-11-10 16:08:00,0,0.0,ES
14298,2026-01-06 14:08:00,0,0.0,GB
14299,2025-11-13 03:09:00,0,0.0,ES
14300,2025-10-31 20:25:00,0,0.0,ES
14301,2025-11-12 18:07:00,0,0.0,US
14302,2025-12-02 20:40:00,0,0.0,CA
14303,2025-10-22 16:06:00,0,0.0,MX
14304,2025-10-05 06:46:00,0,0.0,MX
14305,2025-11-16 06:57:00,0,0.0,US
14306,2025-11-18 14:29:00,0,0.0,CA
14307,2025-12-07 12:56:00,0,0.0,DE
14308,2026-01-02 23:57:00,0,0.0,MX
14309,2025-12-24 06:03:00,0,0.0,GB
14310,2025-11-04 03:37:00,0,0.0,GB
14311,2025-11-25 19:50:00,0,0.0,GB
14312,2025-10-18 10:23:00,0,0.0,US
14313,2025-10-26 07:16:00,0,0.0,CA
14314,2025-11-06 15:27:00,1,13.72,DE
14315,2026-01-05 10:23:00,0,0.0,CA
14316,2025-12-04 04:41:00,0,0.0,ES
14317,2025-10-21 03:04:00,0,0.0,ES
14318,2025-11-05 13:05:00,1,16.13,MX
14319,2025-11-28 22:24:00,0,0.0,ES
14320,2025-10-05 11:05:00,0,0.0,US
14321,2025-12-30 16:43:00,0,0.0,MX
14322,2025-11-10 21:19:00,0,0.0,ES
14323,2025-11-22 19:23:00,1,8.13,US
14324,2025-12-02 21:39:00,0,0.0,MX
14325,2025-11-27 04:33:00,0,0.0,CA
14326,2025-10-27 16:48:00,0,0.0,CA
14327,2025-12-19 07:16:00,0,0.0,MX
14328,2025-10-14 12:30:00,0,0.0,GB
14329,2025-12-22 10:00:00,0,0.0,ES
14330,2025-10-25 03:15:00,0,0.0,US
14331,2025-11-17 10:05:00,0,0.0,US
14332,2025-12-16 22:21:00,1,11.17,GB
14333,2026-01-02 23:29:00,0,0.0,BR
14334,2025-11-07 00:00:00,0,0.0,DE
14335,2026-01-06 08:06:00,0,0.0,FR
14336,2025-10-16 03:34:00,0,0.0,FR
14337,2025-10-15 11:01:00,0,0.0,US
14338,2025-10-22 12:40:00,0,0.0,US
14339,2026-01-03 22:48:00,0,0.0,GB
14340,2025-10-24 18:46:00,1,8.89,US
14341,2025-09-27 10:54:00,0,0.0,BR
14342,2025-10-24 00:00:00,0,0.0,GB
14343,2025-12-20 09:23:00,0,0.0,MX
14344,2025-12-06 02:24:00,0,0.0,FR
14345,2025-12-03 00:00:00,0,0.0,US
14346,2026-01-04 10:19:00,0,0.0,US
14347,2025-11-20 10:12:00,0,0.0,ES
14348,2025-11-28 08:57:00,0,0.0,FR
14349,2025-12-17 11:30:00,0,0.0,US
14350,2025-10-13 13:06:00,0,0.0,DE
14351,2025-11-29 23:17:00,1,10.08,BR
14352,2025-12-16 19:18:00,0,0.0,US
14353,2025-12-08 22:38:00,0,0.0,CA
14354,2025-12-03 01:30:00,0,0.0,BR
14355,2025-11-23 20:35:00,0,0.0,GB
14356,2025-10-22 08:50:00,1,11.41,US
14357,2025-12-05 12:20:00,0,0.0,US
14358,2025-10-08 00:00:00,0,0.0,US
14359,2025-11-29 00:00:00,0,0.0,US
14360,2025-10-09 11:34:00,0,0.0,US
14361,2025-11-04 11:43:00,0,0.0,US
14362,2026-01-01 06:10:00,0,0.0,US
14363,2025-10-14 22:36:00,0,0.0,US
14364,2026-01-06 23:58:00,0,0.0,CA
14365,2025-12-01 14:48:00,0,0.0,US
14366,2025-12-04 16:35:00,0,0.0,US
14367,2025-10-07 22:34:00,0,0.0,CA
14368,2025-10-20 18:55:00,0,0.0,FR
14369,2025-12-13 17:09:00,0,0.0,DE
14370,2026-01-03 15:40:00,0,0.0,US
14371,2025-11-25 16:44:00,0,0.0,US
14372,2025-11-05 00:00:00,0,0.0,BR
14373,2025-10-24 18:28:00,0,0.0,US
14374,2025-11-30 11:49:00,1,13.8,DE
14375,2025-12-14 01:24:00,0,0.0,CA
14376,2025-11-17 21:00:00,1,12.41,ES
14377,2025-12-08 16:52:00,0,0.0,CA
14378,2025-12-24 11:10:00,0,0.0,BR
14379,2025-12-12 10:00:00,0,0.0,US
14380,2025-10-25 00:38:00,0,0.0,US
14381,2025-09-28 13:12:00,0,0.0,US
14382,2025-12-16 22:40:00,0,0.0,ES
14383,2025-10-31 03:49:00,0,0.0,ES
14384,2025-12-11 22:45:00,1,7.52,GB
14385,2025-10-29 01:23:00,0,0.0,GB
14386,2026-01-05 05:52:00,1,14.5,DE
14387,2025-12-26 21:08:00,0,0.0,MX
14388,2025-11-25 02:01:00,0,0.0,ES
14389,2025-12-25 15:28:00,0,0.0,US
14390,2025-11-09 14:22:00,0,0.0,FR
14391,2025-12-20 20:06:00,0,0.0,US
14392,2025-11-13 15:13:00,0,0.0,BR
14393,2025-10-24 19:22:00,0,0.0,GB
14394,2026-01-01 12:29:00,1,14.52,DE
14395,2025-10-10 03:48:00,0,0.0,US
14396,2025-11-18 12:49:00,0,0.0,US
14397,2025-10-02 00:00:00,0,0.0,ES
14398,2025-12-03 05:14:00,0,0.0,US
14399,2025-11-13 04:18:00,0,0.0,US
14400,2025-10-22 02:26:00,0,0.0,BR
14401,2025-12-07 00:00:00,0,0.0,ES
14402,2026-01-07 04:11:00,0,0.0,US
14403,2025-12-24 08:27:00,0,0.0,US
14404,2025-11-04 16:59:00,0,0.0,US
14405,2025-11-30 09:10:00,0,0.0,ES
14406,2025-12-16 00:00:00,0,0.0,US
14407,2025-12-30 16:43:00,0,0.0,DE
14408,2025-12-06 00:00:00,0,0.0,US
14409,2025-11-24 19:13:00,0,0.0,CA
14410,2025-10-14 00:51:00,0,0.0,BR
14411,2025-11-20 17:42:00,0,0.0,DE
14412,2025-12-29 02:08:00,0,0.0,GB
14413,2025-12-27 04:08:00,0,0.0,CA
14414,2025-10-04 00:00:00,0,0.0,US
14415,2026-01-07 18:17:00,0,0.0,CA
14416,2025-11-19 07:00:00,0,0.0,MX
14417,2025-10-08 11:23:00,0,0.0,US
14418,2025-10-31 00:41:00,0,0.0,US
14419,2025-12-18 17:26:00,0,0.0,FR
14420,2025-11-23 11:16:00,0,0.0,US
14421,2025-12-19 12:10:00,0,0.0,CA
14422,2025-11-14 21:43:00,0,0.0,MX
14423,2025-11-04 13:32:00,0,0.0,US
14424,2025-12-28 00:00:00,0,0.0,DE
14425,2026-01-07 01:08:00,0,0.0,US
14426,2025-12-06 17:20:00,0,0.0,FR
14427,2025-10-21 21:39:00,1,15.02,US
14428,2026-01-12 23:23:00,0,0.0,US
14429,2025-10-18 07:53:00,0,0.0,MX
14430,2025-12-26 14:05:00,0,0.0,BR
14431,2025-11-27 10:54:00,0,0.0,MX
14432,2025-12-05 18:24:00,0,0.0,FR
14433,2025-12-10 08:33:00,0,0.0,DE
14434,2025-12-19 00:19:00,0,0.0,FR
14435,2025-11-20 05:38:00,0,0.0,DE
14436,2025-11-16 00:00:00,0,0.0,FR
14437,2025-10-10 00:19:00,0,0.0,DE
14438,2025-12-14 23:58:00,0,0.0,FR
14439,2025-10-22 00:00:00,0,0.0,DE
14440,2025-10-19 06:23:00,0,0.0,US
14441,2025-11-08 04:57:00,0,0.0,MX
14442,2025-11-27 11:04:00,0,0.0,GB
14443,2026-01-06 17:16:00,0,0.0,MX
14444,2025-11-14 19:34:00,0,0.0,MX
14445,2025-10-15 14:04:00,0,0.0,US
14446,2025-11-22 23:43:00,0,0.0,US
14447,2025-11-26 16:20:00,0,0.0,FR
14448,2025-10-29 00:00:00,0,0.0,CA
14449,2025-12-07 18:53:00,0,0.0,US
14450,2025-11-23 17:24:00,0,0.0,CA
14451,2025-10-25 00:25:00,0,0.0,ES
14452,2026-01-04 00:17:00,0,0.0,US
14453,2025-10-21 02:19:00,0,0.0,ES
14454,2026-01-06 08:28:00,1,10.38,US
14455,2025-10-28 23:19:00,0,0.0,US
14456,2025-10-18 13:52:00,0,0.0,ES
14457,2025-12-24 05:30:00,0,0.0,US
14458,2025-10-28 00:00:00,0,0.0,ES
14459,2025-11-09 00:00:00,0,0.0,US
14460,2026-01-05 20:08:00,0,0.0,CA
14461,2025-12-15 10:38:00,0,0.0,ES
14462,2025-10-13 07:34:00,0,0.0,US
14463,2025-10-30 15:10:00,0,0.0,FR
14464,2025-10-19 21:40:00,0,0.0,FR
14465,2025-12-18 04:11:00,0,0.0,CA
14466,2025-11-14 21:31:00,0,0.0,US
14467,2025-12-12 02:21:00,0,0.0,DE
14468,2025-11-28 12:52:00,0,0.0,US
14469,2025-11-15 00:04:00,0,0.0,CA
14470,2025-11-07 23:08:00,0,0.0,US
14471,2025-12-01 18:58:00,0,0.0,FR
14472,2025-10-31 02:03:00,1,14.68,US
14473,2025-11-04 18:26:00,0,0.0,BR
14474,2025-10-25 03:54:00,0,0.0,GB
14475,2025-11-09 18:11:00,0,0.0,US
14476,2025-10-18 14:39:00,0,0.0,BR
14477,2025-12-16 23:40:00,0,0.0,GB
14478,2025-10-24 14:34:00,0,0.0,ES
14479,2025-10-23 06:53:00,0,0.0,MX
14480,2025-12-09 13:57:00,0,0.0,US
14481,2025-10-08 03:31:00,0,0.0,US
14482,2025-11-15 00:00:00,0,0.0,BR
14483,2025-10-20 10:30:00,0,0.0,US
14484,2025-12-30 11:06:00,0,0.0,CA
14485,2025-10-21 04:11:00,0,0.0,GB
14486,2025-12-27 16:11:00,0,0.0,DE
14487,2025-12-11 03:31:00,0,0.0,DE
14488,2025-10-16 09:52:00,0,0.0,GB
14489,2025-12-18 00:24:00,0,0.0,US
14490,2025-10-10 08:16:00,0,0.0,GB
14491,2025-11-09 03:01:00,0,0.0,US
14492,2025-12-02 15:44:00,1,13.46,FR
14493,2025-12-03 15:11:00,1,12.06,FR
14494,2025-12-28 06:57:00,0,0.0,US
14495,2025-12-15 14:13:00,0,0.0,ES
14496,2025-10-24 09:29:00,0,0.0,GB
14497,2025-11-15 16:44:00,1,10.15,DE
14498,2025-11-23 19:45:00,0,0.0,DE
14499,2025-11-29 12:38:00,1,9.28,GB
14500,2025-10-17 07:47:00,0,0.0,US
14501,2025-12-23 11:56:00,0,0.0,BR
14502,2025-12-11 16:17:00,0,0.0,ES
14503,2025-12-15 00:00:00,0,0.0,FR
14504,2025-12-19 16:33:00,0,0.0,MX
14505,2025-10-19 23:55:00,0,0.0,ES
14506,2025-12-20 14:57:00,0,0.0,FR
14507,2026-01-07 10:47:00,0,0.0,MX
14508,2025-12-13 14:32:00,0,0.0,FR
14509,2025-10-18 06:10:00,0,0.0,US
14510,2025-10-10 19:18:00,0,0.0,US
14511,2025-12-12 13:52:00,0,0.0,MX
14512,2025-11-04 09:22:00,0,0.0,DE
14513,2025-11-19 00:00:00,0,0.0,GB
14514,2025-10-20 12:06:00,0,0.0,US
14515,2025-11-09 18:06:00,0,0.0,MX
14516,2025-11-19 17:41:00,0,0.0,DE
14517,2025-11-10 20:35:00,0,0.0,DE
14518,2025-10-21 10:49:00,0,0.0,ES
14519,2025-12-31 04:20:00,0,0.0,US
14520,2025-11-16 16:38:00,0,0.0,DE
14521,2026-01-03 04:42:00,0,0.0,GB
14522,2025-10-17 00:00:00,0,0.0,US
14523,2026-01-09 22:29:00,0,0.0,ES
14524,2025-10-17 01:07:00,1,8.68,MX
14525,2025-12-11 13:52:00,0,0.0,GB
14526,2025-10-12 07:31:00,0,0.0,ES
14527,2025-12-18 11:41:00,0,0.0,BR
14528,2025-12-10 19:27:00,0,0.0,GB
14529,2025-11-01 03:40:00,0,0.0,BR
14530,2025-12-19 13:26:00,1,7.73,FR
14531,2025-11-28 08:25:00,0,0.0,GB
14532,2025-11-17 16:29:00,0,0.0,US
14533,2025-12-04 22:38:00,0,0.0,US
14534,2025-12-23 04:54:00,0,0.0,FR
14535,2025-11-06 06:44:00,0,0.0,DE
14536,2026-01-04 00:53:00,0,0.0,US
14537,2025-12-09 14:00:00,0,0.0,FR
14538,2025-12-15 21:40:00,0,0.0,GB
14539,2025-12-13 20:53:00,0,0.0,GB
14540,2025-12-09 00:00:00,0,0.0,DE
14541,2025-10-21 17:13:00,0,0.0,ES
14542,2025-11-18 16:29:00,0,0.0,US
14543,2025-10-30 02:01:00,0,0.0,US
14544,2025-10-09 00:00:00,0,0.0,GB
14545,2025-12-21 22:50:00,1,16.98,US
14546,2025-12-21 16:21:00,0,0.0,GB
14547,2025-11-28 22:03:00,0,0.0,GB
14548,2026-01-02 23:23:00,0,0.0,GB
14549,2025-11-08 01:11:00,1,10.88,DE
14550,2025-12-03 23:42:00,0,0.0,US
14551,2025-10-01 00:00:00,0,0.0,US
14552,2025-10-24 15:10:00,1,8.63,MX
14553,2025-10-15 14:51:00,0,0.0,US
14554,2025-12-14 01:14:00,0,0.0,MX
14555,2025-10-24 05:40:00,1,22.47,US
14556,2025-11-22 11:34:00,0,0.0,ES
14557,2025-12-18 10:10:00,0,0.0,FR
14558,2025-10-23 17:34:00,0,0.0,DE
14559,2025-11-15 01:22:00,0,0.0,FR
14560,2025-12-14 02:51:00,0,0.0,US
14561,2025-11-28 13:48:00,0,0.0,BR
14562,2025-11-21 00:00:00,0,0.0,GB
14563,2025-11-05 03:05:00,0,0.0,US
14564,2025-12-10 00:00:00,0,0.0,US
14565,2025-10-14 07:48:00,0,0.0,FR
14566,2025-12-21 22:20:00,0,0.0,US
14567,2025-10-18 13:34:00,0,0.0,FR
14568,2025-11-27 08:49:00,0,0.0,MX
14569,2025-12-14 20:29:00,0,0.0,MX
14570,2025-12-19 22:07:00,0,0.0,US
14571,2025-12-18 22:30:00,1,12.52,FR
14572,2025-11-02 23:17:00,1,12.1,CA
14573,2025-11-30 17:25:00,0,0.0,US
14574,2025-12-12 05:22:00,1,5.87,US
14575,2026-01-10 12:13:00,0,0.0,US
14576,2025-10-22 20:22:00,0,0.0,DE
14577,2026-01-02 18:57:00,0,0.0,CA
14578,2025-10-17 22:33:00,0,0.0,BR
14579,2025-10-30 00:00:00,0,0.0,US
14580,2025-12-14 17:18:00,0,0.0,ES
14581,2025-12-24 17:03:00,0,0.0,MX
14582,2026-01-03 13:48:00,0,0.0,MX
14583,2025-12-28 17:35:00,0,0.0,ES
14584,2025-10-15 00:37:00,0,0.0,DE
14585,2025-10-20 23:24:00,0,0.0,ES
14586,2026-01-01 05:12:00,0,0.0,DE
14587,2026-01-10 10:39:00,0,0.0,US
14588,2025-10-15 00:04:00,0,0.0,MX
14589,2025-11-25 09:55:00,0,0.0,DE
14590,2025-12-20 23:26:00,0,0.0,US
14591,2025-11-19 05:23:00,0,0.0,MX
14592,2025-11-21 00:00:00,0,0.0,US
14593,2025-11-17 03:39:00,0,0.0,MX
14594,2025-11-14 21:35:00,0,0.0,BR
14595,2025-10-20 21:30:00,0,0.0,US
14596,2025-11-16 00:29:00,0,0.0,BR
14597,2025-11-28 09:35:00,0,0.0,US
14598,2025-12-08 02:37:00,0,0.0,MX
14599,2025-10-10 17:04:00,0,0.0,GB
14600,2025-10-14 09:02:00,0,0.0,DE
14601,2025-11-11 15:22:00,0,0.0,MX
14602,2025-12-24 05:44:00,0,0.0,US
14603,2025-10-07 16:27:00,0,0.0,ES
14604,2025-11-20 22:10:00,0,0.0,BR
14605,2025-11-16 03:21:00,0,0.0,MX
14606,2025-11-09 03:17:00,0,0.0,US
14607,2025-10-31 12:02:00,0,0.0,DE
14608,2025-11-15 00:00:00,0,0.0,DE
14609,2025-12-14 16:19:00,0,0.0,GB
14610,2025-12-01 23:02:00,0,0.0,MX
14611,2025-10-16 05:12:00,0,0.0,MX
14612,2025-10-08 22:44:00,0,0.0,FR
14613,2025-12-02 17:42:00,0,0.0,ES
14614,2025-11-06 07:30:00,1,15.21,BR
14615,2025-12-19 19:59:00,0,0.0,GB
14616,2025-12-20 21:26:00,0,0.0,FR
14617,2025-10-06 00:07:00,0,0.0,US
14618,2025-11-01 22:54:00,0,0.0,US
14619,2025-11-26 00:00:00,0,0.0,DE
14620,2026-01-04 06:07:00,0,0.0,GB
14621,2025-12-28 13:07:00,0,0.0,US
14622,2025-12-12 02:09:00,0,0.0,FR
14623,2025-12-06 21:50:00,0,0.0,DE
14624,2025-10-28 19:47:00,0,0.0,US
14625,2025-11-27 00:00:00,0,0.0,MX
14626,2025-10-30 00:44:00,0,0.0,GB
14627,2025-12-08 00:00:00,0,0.0,FR
14628,2025-11-22 08:41:00,0,0.0,GB
14629,2025-11-22 08:48:00,0,0.0,US
14630,2025-11-10 02:01:00,0,0.0,US
14631,2025-12-09 18:57:00,0,0.0,ES
14632,2025-12-17 11:26:00,0,0.0,FR
14633,2025-11-08 00:00:00,0,0.0,CA
14634,2025-11-22 05:27:00,0,0.0,CA
14635,2025-11-15 12:32:00,0,0.0,DE
14636,2025-10-27 09:06:00,0,0.0,GB
14637,2026-01-06 23:16:00,0,0.0,US
14638,2025-11-25 19:20:00,0,0.0,MX
14639,2025-10-05 22:59:00,0,0.0,ES
14640,2025-11-20 01:17:00,0,0.0,MX
14641,2025-11-18 14:14:00,1,13.88,US
14642,2025-10-21 21:00:00,0,0.0,US
14643,2025-12-20 16:26:00,0,0.0,US
14644,2025-12-10 05:04:00,0,0.0,GB
14645,2025-10-14 23:15:00,0,0.0,CA
14646,2025-11-12 00:59:00,0,0.0,GB
14647,2025-12-26 00:00:00,0,0.0,US
14648,2025-12-18 21:58:00,0,0.0,DE
14649,2025-11-04 03:24:00,0,0.0,MX
14650,2025-11-29 03:51:00,0,0.0,ES
14651,2025-12-08 01:38:00,0,0.0,DE
14652,2025-12-03 01:50:00,0,0.0,MX
14653,2025-11-14 21:14:00,0,0.0,ES
14654,2025-12-06 02:21:00,0,0.0,US
14655,2025-10-24 13:09:00,0,0.0,MX
14656,2025-10-25 22:06:00,0,0.0,CA
14657,2025-10-18 02:09:00,0,0.0,US
14658,2025-10-25 13:59:00,0,0.0,US
14659,2025-10-19 11:20:00,1,12.39,US
14660,2025-10-10 21:22:00,0,0.0,US
14661,2025-10-20 07:08:00,0,0.0,US
14662,2025-12-03 03:49:00,0,0.0,CA
14663,2025-12-02 12:47:00,0,0.0,BR
14664,2025-11-11 06:58:00,0,0.0,BR
14665,2025-11-28 01:20:00,0,0.0,GB
14666,2025-10-28 19:07:00,0,0.0,US
14667,2025-11-20 08:09:00,0,0.0,US
14668,2025-11-23 14:48:00,0,0.0,US
14669,2025-10-17 01:34:00,0,0.0,FR
14670,2025-12-25 22:46:00,0,0.0,US
14671,2025-10-19 20:23:00,1,14.68,GB
14672,2025-12-07 05:33:00,0,0.0,MX
14673,2025-11-19 22:57:00,0,0.0,US
14674,2025-12-08 23:51:00,1,14.02,FR
14675,2025-12-07 06:05:00,0,0.0,MX
14676,2025-10-16 16:04:00,1,17.11,BR
14677,2025-11-25 11:44:00,0,0.0,DE
14678,2025-11-02 05:53:00,0,0.0,US
14679,2025-12-12 08:40:00,0,0.0,CA
14680,2025-11-20 02:24:00,0,0.0,US
14681,2025-10-08 15:56:00,0,0.0,FR
14682,2025-11-19 14:20:00,1,9.35,CA
14683,2025-10-07 20:33:00,0,0.0,FR
14684,2025-12-18 00:00:00,0,0.0,FR
14685,2025-11-07 16:20:00,1,13.46,CA
14686,2025-12-09 06:49:00,0,0.0,BR
14687,2025-12-23 05:14:00,0,0.0,US
14688,2025-11-14 11:58:00,0,0.0,MX
14689,2025-10-31 01:46:00,0,0.0,US
14690,2025-12-26 12:12:00,0,0.0,ES
14691,2025-12-11 17:20:00,0,0.0,GB
14692,2025-12-22 00:00:00,0,0.0,FR
14693,2025-12-29 10:40:00,0,0.0,US
14694,2025-10-31 16:45:00,0,0.0,US
14695,2025-10-23 01:01:00,1,6.78,US
14696,2025-11-10 08:10:00,0,0.0,BR
14697,2025-12-09 15:46:00,0,0.0,US
14698,2025-10-22 08:45:00,0,0.0,US
14699,2025-10-22 00:00:00,0,0.0,MX
14700,2025-12-06 02:44:00,0,0.0,BR
14701,2025-11-10 05:29:00,0,0.0,DE
14702,2025-11-06 06:53:00,0,0.0,FR
14703,2025-12-01 23:35:00,0,0.0,US
14704,2025-10-21 17:58:00,0,0.0,MX
14705,2025-12-03 21:52:00,0,0.0,FR
14706,2025-12-20 07:32:00,1,9.97,US
14707,2025-12-20 00:00:00,0,0.0,BR
14708,2025-12-17 07:56:00,0,0.0,MX
14709,2025-10-24 03:06:00,0,0.0,DE
14710,2025-10-28 00:17:00,0,0.0,DE
14711,2025-10-17 00:00:00,0,0.0,CA
14712,2025-10-03 00:00:00,0,0.0,US
14713,2025-12-13 10:44:00,0,0.0,GB
14714,2025-12-01 03:55:00,0,0.0,ES
14715,2025-12-03 12:54:00,0,0.0,CA
14716,2026-01-05 17:49:00,0,0.0,MX
14717,2025-11-10 23:04:00,0,0.0,US
14718,2026-01-06 22:10:00,0,0.0,FR
14719,2025-11-24 11:55:00,0,0.0,US
14720,2025-12-15 00:00:00,0,0.0,CA
14721,2025-12-10 11:52:00,0,0.0,US
14722,2025-11-30 15:26:00,0,0.0,MX
14723,2025-11-25 02:08:00,0,0.0,BR
14724,2025-12-16 00:00:00,0,0.0,US
14725,2025-11-21 12:30:00,0,0.0,GB
14726,2025-12-27 23:17:00,0,0.0,US
14727,2025-11-20 16:44:00,0,0.0,US
14728,2025-10-19 03:03:00,1,5.48,US
14729,2025-10-25 14:05:00,0,0.0,ES
14730,2026-01-07 11:38:00,0,0.0,FR
14731,2025-12-14 00:00:00,0,0.0,US
14732,2026-01-06 19:39:00,1,9.62,US
14733,2025-10-23 03:49:00,1,9.16,US
14734,2025-12-31 00:46:00,0,0.0,MX
14735,2025-12-23 20:44:00,0,0.0,US
14736,2026-01-10 04:36:00,0,0.0,GB
14737,2025-10-29 03:38:00,0,0.0,BR
14738,2025-11-24 12:18:00,0,0.0,CA
14739,2025-12-23 07:50:00,0,0.0,US
14740,2026-01-07 08:32:00,0,0.0,ES
14741,2025-12-23 07:30:00,0,0.0,CA
14742,2025-11-14 09:53:00,0,0.0,US
14743,2025-11-13 14:00:00,0,0.0,ES
14744,2025-12-27 21:49:00,0,0.0,DE
14745,2025-10-24 01:45:00,0,0.0,BR
14746,2025-10-12 13:38:00,0,0.0,CA
14747,2025-10-03 07:45:00,0,0.0,DE
14748,2025-11-27 00:00:00,0,0.0,GB
14749,2025-11-04 11:12:00,1,7.25,FR
14750,2025-12-12 16:11:00,0,0.0,ES
14751,2025-10-22 09:51:00,0,0.0,BR
14752,2026-01-01 19:12:00,0,0.0,FR
14753,2025-11-24 12:07:00,0,0.0,FR
14754,2026-01-01 13:13:00,0,0.0,US
14755,2025-11-27 20:55:00,0,0.0,GB
14756,2025-10-30 15:28:00,0,0.0,FR
14757,2025-11-29 00:00:00,0,0.0,DE
14758,2025-12-10 11:37:00,0,0.0,DE
14759,2025-10-16 05:11:00,0,0.0,MX
14760,2025-10-22 00:00:00,0,0.0,FR
14761,2025-12-18 19:25:00,0,0.0,MX
14762,2025-11-28 19:50:00,0,0.0,US
14763,2025-11-04 10:11:00,1,12.91,MX
14764,2025-11-28 22:02:00,0,0.0,FR
14765,2025-11-01 00:00:00,0,0.0,US
14766,2025-10-30 03:33:00,0,0.0,US
14767,2025-12-09 17:02:00,0,0.0,US
14768,2025-11-14 13:33:00,0,0.0,US
14769,2025-11-26 07:10:00,0,0.0,US
14770,2025-12-20 00:29:00,0,0.0,US
14771,2025-11-06 03:33:00,0,0.0,US
14772,2025-11-07 19:58:00,1,9.06,US
14773,2025-10-03 13:16:00,0,0.0,GB
14774,2025-10-19 07:52:00,0,0.0,DE
14775,2025-10-13 00:00:00,0,0.0,MX
14776,2026-01-03 21:43:00,1,11.05,ES
14777,2025-12-31 14:05:00,0,0.0,US
14778,2025-11-10 16:11:00,0,0.0,FR
14779,2025-10-21 09:28:00,0,0.0,US
14780,2025-12-19 09:40:00,0,0.0,BR
14781,2025-11-28 18:50:00,0,0.0,US
14782,2025-12-03 03:17:00,0,0.0,GB
14783,2025-12-15 05:01:00,0,0.0,DE
14784,2025-10-18 12:29:00,0,0.0,DE
14785,2025-10-14 00:00:00,0,0.0,US
14786,2025-10-17 00:00:00,0,0.0,US
14787,2025-12-09 01:12:00,0,0.0,DE
14788,2025-12-13 00:06:00,0,0.0,GB
14789,2025-10-18 10:20:00,0,0.0,MX
14790,2025-11-05 20:45:00,0,0.0,MX
14791,2025-12-06 05:56:00,0,0.0,MX
14792,2026-01-07 06:18:00,0,0.0,ES
14793,2025-12-31 14:10:00,0,0.0,US
14794,2025-12-17 17:26:00,0,0.0,BR
14795,2025-12-06 21:09:00,0,0.0,FR
14796,2025-10-01 18:41:00,0,0.0,US
14797,2025-12-28 14:15:00,0,0.0,DE
14798,2025-10-22 21:18:00,0,0.0,DE
14799,2025-12-20 23:17:00,0,0.0,US
14800,2025-12-20 21:58:00,0,0.0,US
14801,2025-12-23 14:55:00,0,0.0,CA
14802,2025-12-03 21:39:00,0,0.0,ES
14803,2025-12-21 23:57:00,0,0.0,FR
14804,2025-10-31 05:41:00,0,0.0,ES
14805,2025-12-13 08:31:00,0,0.0,CA
14806,2025-11-11 09:00:00,0,0.0,FR
14807,2025-12-01 15:03:00,0,0.0,MX
14808,2025-10-22 10:10:00,0,0.0,BR
14809,2025-12-18 18:51:00,1,15.43,GB
14810,2025-11-02 18:20:00,0,0.0,DE
14811,2025-10-08 13:20:00,0,0.0,US
14812,2025-10-26 05:00:00,0,0.0,CA
14813,2025-12-30 07:53:00,0,0.0,US
14814,2025-11-26 17:17:00,0,0.0,FR
14815,2025-11-21 21:22:00,0,0.0,MX
14816,2025-10-16 19:52:00,0,0.0,ES
14817,2025-12-29 00:59:00,0,0.0,US
14818,2025-10-24 09:38:00,0,0.0,GB
14819,2025-11-06 10:43:00,0,0.0,ES
14820,2025-10-23 00:00:00,0,0.0,GB
14821,2025-12-27 02:29:00,0,0.0,FR
14822,2025-12-13 10:57:00,0,0.0,ES
14823,2025-12-13 05:06:00,0,0.0,BR
14824,2025-10-27 12:15:00,0,0.0,US
14825,2025-12-19 04:58:00,0,0.0,GB
14826,2025-10-05 17:18:00,1,14.82,GB
14827,2025-11-09 17:20:00,0,0.0,US
14828,2025-10-11 08:58:00,0,0.0,US
14829,2025-10-15 21:54:00,0,0.0,US
14830,2025-11-29 06:48:00,0,0.0,DE
14831,2025-10-06 05:19:00,0,0.0,US
14832,2025-10-09 00:00:00,0,0.0,DE
14833,2025-10-28 00:00:00,0,0.0,CA
14834,2025-12-31 17:18:00,0,0.0,DE
14835,2026-01-03 10:00:00,0,0.0,GB
14836,2025-10-29 22:40:00,0,0.0,ES
14837,2025-10-27 00:10:00,0,0.0,US
14838,2025-11-20 22:23:00,0,0.0,DE
14839,2025-12-07 03:35:00,0,0.0,MX
14840,2025-10-24 17:43:00,0,0.0,US
14841,2026-01-02 12:24:00,0,0.0,US
14842,2025-12-02 16:39:00,0,0.0,US
14843,2025-12-13 08:08:00,0,0.0,GB
14844,2025-12-13 06:24:00,0,0.0,FR
14845,2025-11-14 09:04:00,0,0.0,US
14846,2025-11-27 12:20:00,0,0.0,US
14847,2025-12-07 13:10:00,0,0.0,US
14848,2025-11-05 17:09:00,0,0.0,MX
14849,2026-01-01 08:46:00,0,0.0,US
14850,2025-11-10 22:17:00,0,0.0,US
14851,2026-01-08 02:05:00,0,0.0,FR
14852,2025-12-08 00:00:00,0,0.0,MX
14853,2025-10-29 22:03:00,0,0.0,US
14854,2025-12-10 23:28:00,0,0.0,DE
14855,2025-11-15 16:18:00,0,0.0,US
14856,2025-10-18 09:46:00,0,0.0,DE
14857,2025-12-03 21:05:00,0,0.0,DE
14858,2025-10-22 16:31:00,0,0.0,MX
14859,2025-12-26 03:26:00,0,0.0,US
14860,2025-10-27 14:11:00,0,0.0,US
14861,2025-11-20 18:33:00,0,0.0,FR
14862,2025-12-13 18:22:00,0,0.0,GB
14863,2025-12-30 05:03:00,0,0.0,ES
14864,2025-11-24 10:43:00,0,0.0,US
14865,2025-11-04 04:54:00,0,0.0,CA
14866,2025-12-25 09:36:00,0,0.0,DE
14867,2025-11-20 16:54:00,0,0.0,BR
14868,2025-11-21 03:07:00,0,0.0,MX
14869,2025-11-04 00:00:00,0,0.0,US
14870,2025-11-20 03:11:00,0,0.0,ES
14871,2025-10-16 01:51:00,0,0.0,US
14872,2025-11-08 21:09:00,0,0.0,GB
14873,2025-10-28 10:37:00,0,0.0,GB
14874,2025-11-06 18:06:00,0,0.0,DE
14875,2025-10-26 00:00:00,0,0.0,DE
14876,2025-12-09 10:11:00,0,0.0,MX
14877,2025-12-11 21:55:00,0,0.0,BR
14878,2025-11-13 14:08:00,0,0.0,US
14879,2025-11-02 08:21:00,0,0.0,DE
14880,2025-10-14 17:23:00,0,0.0,US
14881,2025-12-02 06:27:00,0,0.0,US
14882,2025-12-13 23:01:00,0,0.0,US
14883,2026-01-11 10:35:00,0,0.0,US
14884,2025-11-07 11:05:00,0,0.0,US
14885,2025-10-24 13:29:00,0,0.0,US
14886,2025-10-15 04:24:00,0,0.0,CA
14887,2025-12-06 14:29:00,0,0.0,US
14888,2025-12-28 05:08:00,1,12.91,US
14889,2025-11-06 12:11:00,0,0.0,US
14890,2025-12-14 00:00:00,0,0.0,GB
14891,2026-01-09 00:55:00,0,0.0,BR
14892,2026-01-11 20:10:00,0,0.0,CA
14893,2025-10-13 15:01:00,0,0.0,US
14894,2025-12-09 18:08:00,0,0.0,DE
14895,2025-12-25 06:19:00,0,0.0,US
14896,2025-11-03 00:00:00,0,0.0,CA
14897,2025-10-10 00:00:00,0,0.0,US
14898,2025-12-28 09:08:00,0,0.0,DE
14899,2025-10-18 23:25:00,0,0.0,BR
14900,2025-12-20 21:02:00,1,17.93,FR
14901,2025-10-15 09:11:00,0,0.0,GB
14902,2025-11-06 00:00:00,0,0.0,GB
14903,2025-10-16 18:20:00,0,0.0,US
14904,2025-11-27 16:39:00,0,0.0,US
14905,2025-12-15 00:34:00,0,0.0,GB
14906,2025-11-06 18:26:00,0,0.0,DE
14907,2025-10-06 22:21:00,0,0.0,FR
14908,2025-12-06 16:01:00,1,11.78,ES
14909,2025-10-06 11:40:00,0,0.0,FR
14910,2025-12-06 09:26:00,1,18.0,BR
14911,2025-12-19 21:50:00,0,0.0,GB
14912,2025-10-23 22:31:00,0,0.0,CA
14913,2025-11-03 02:42:00,0,0.0,ES
14914,2025-10-16 00:00:00,0,0.0,ES
14915,2025-12-21 05:47:00,0,0.0,GB
14916,2025-11-26 13:59:00,1,5.61,US
14917,2025-11-27 21:32:00,1,12.43,BR
14918,2025-11-19 14:10:00,0,0.0,GB
14919,2025-11-27 05:19:00,0,0.0,DE
14920,2025-11-29 21:11:00,0,0.0,GB
14921,2025-12-29 21:08:00,0,0.0,DE
14922,2025-11-14 14:31:00,0,0.0,DE
14923,2025-10-17 00:00:00,0,0.0,GB
14924,2025-12-14 01:15:00,0,0.0,US
14925,2025-12-09 06:10:00,0,0.0,DE
14926,2025-12-01 01:22:00,0,0.0,MX
14927,2026-01-03 04:56:00,0,0.0,DE
14928,2025-11-21 21:58:00,0,0.0,US
14929,2025-10-16 00:00:00,0,0.0,MX
14930,2025-11-21 08:08:00,0,0.0,US
14931,2025-11-29 17:13:00,0,0.0,MX
14932,2025-11-16 20:30:00,0,0.0,ES
14933,2025-11-10 21:59:00,0,0.0,DE
14934,2025-12-17 16:18:00,1,7.28,FR
14935,2025-10-28 12:36:00,0,0.0,FR
14936,2025-10-27 13:09:00,0,0.0,US
14937,2025-11-07 14:22:00,0,0.0,DE
14938,2026-01-07 12:39:00,0,0.0,DE
14939,2025-11-23 12:32:00,0,0.0,DE
14940,2025-12-23 20:42:00,0,0.0,US
14941,2025-11-10 20:45:00,0,0.0,CA
14942,2025-12-22 17:21:00,0,0.0,GB
14943,2025-10-24 18:49:00,0,0.0,US
14944,2025-10-21 00:00:00,0,0.0,MX
14945,2025-10-07 19:56:00,0,0.0,CA
14946,2025-11-06 17:02:00,0,0.0,US
14947,2025-12-28 23:06:00,0,0.0,US
14948,2025-10-14 04:33:00,0,0.0,US
14949,2025-10-03 00:00:00,0,0.0,MX
14950,2025-11-13 00:00:00,0,0.0,FR
14951,2025-10-27 09:58:00,0,0.0,DE
14952,2025-11-01 23:00:00,0,0.0,US
14953,2025-12-26 20:25:00,0,0.0,DE
14954,2025-11-15 23:21:00,0,0.0,DE
14955,2025-11-15 22:24:00,0,0.0,ES
14956,2025-11-23 15:48:00,0,0.0,GB
14957,2025-12-22 15:33:00,0,0.0,GB
14958,2025-11-24 23:27:00,1,13.26,GB
14959,2025-10-13 17:26:00,1,11.17,US
14960,2025-12-23 21:04:00,0,0.0,BR
14961,2025-12-29 18:53:00,1,9.41,US
14962,2025-11-08 13:04:00,0,0.0,GB
14963,2025-10-20 00:00:00,0,0.0,GB
14964,2025-11-06 18:01:00,0,0.0,CA
14965,2025-10-08 14:46:00,0,0.0,US
14966,2025-11-26 14:32:00,0,0.0,MX
14967,2025-11-08 11:01:00,0,0.0,US
14968,2025-11-16 19:23:00,0,0.0,CA
14969,2025-12-21 00:00:00,0,0.0,GB
14970,2025-12-05 09:35:00,0,0.0,US
14971,2025-10-28 18:15:00,1,12.18,ES
14972,2025-10-22 19:58:00,0,0.0,FR
14973,2025-12-05 00:10:00,0,0.0,CA
14974,2025-10-03 00:00:00,0,0.0,FR
14975,2025-11-16 11:15:00,0,0.0,DE
14976,2026-01-05 10:23:00,0,0.0,GB
14977,2025-11-26 21:33:00,0,0.0,CA
14978,2025-11-26 02:16:00,0,0.0,CA
14979,2025-12-16 05:34:00,0,0.0,US
14980,2025-10-24 10:56:00,0,0.0,DE
14981,2025-11-11 01:57:00,0,0.0,GB
14982,2025-10-09 19:47:00,0,0.0,ES
14983,2025-12-19 18:31:00,0,0.0,GB
14984,2025-12-11 17:58:00,0,0.0,US
14985,2026-01-04 23:54:00,0,0.0,US
14986,2025-12-27 09:01:00,0,0.0,US
14987,2025-11-25 12:28:00,0,0.0,US
14988,2025-10-24 06:49:00,0,0.0,BR
14989,2025-12-09 00:00:00,0,0.0,BR
14990,2025-12-28 13:23:00,0,0.0,GB
14991,2025-10-04 18:03:00,0,0.0,CA
14992,2025-12-17 21:31:00,0,0.0,FR
14993,2025-11-04 07:13:00,0,0.0,MX
14994,2025-11-12 12:29:00,0,0.0,US
14995,2025-12-09 21:16:00,0,0.0,CA
14996,2025-10-10 01:54:00,0,0.0,CA
14997,2025-12-20 16:26:00,0,0.0,US
14998,2025-11-02 20:13:00,0,0.0,BR
14999,2025-12-30 05:39:00,0,0.0,MX
15000,2025-12-25 11:11:00,0,0.0,US
15001,2025-10-20 15:12:00,0,0.0,US
15002,2025-12-30 22:29:00,1,15.81,US
15003,2025-11-16 00:00:00,0,0.0,US
15004,2025-10-21 17:35:00,0,0.0,US
15005,2025-10-29 17:37:00,0,0.0,US
15006,2025-11-15 13:57:00,0,0.0,CA
15007,2025-12-08 05:43:00,1,13.5,US
15008,2025-12-27 02:30:00,0,0.0,US
15009,2025-12-18 23:16:00,0,0.0,DE
15010,2025-11-10 19:57:00,0,0.0,US
15011,2025-12-09 14:22:00,0,0.0,DE
15012,2025-11-23 23:52:00,0,0.0,CA
15013,2026-01-11 08:16:00,0,0.0,BR
15014,2025-10-16 19:56:00,0,0.0,FR
15015,2025-10-13 06:13:00,0,0.0,US
15016,2025-11-21 20:52:00,0,0.0,US
15017,2025-10-23 05:54:00,0,0.0,CA
15018,2025-10-07 20:09:00,0,0.0,ES
15019,2025-10-30 06:56:00,0,0.0,CA
15020,2025-12-28 10:15:00,0,0.0,CA
15021,2025-11-19 20:54:00,0,0.0,GB
15022,2025-11-22 07:03:00,1,10.26,US
15023,2025-12-02 08:14:00,0,0.0,BR
15024,2025-10-20 03:35:00,0,0.0,GB
15025,2025-12-15 11:20:00,0,0.0,FR
15026,2025-10-25 21:17:00,0,0.0,GB
15027,2025-12-20 06:49:00,0,0.0,GB
15028,2025-12-17 02:07:00,0,0.0,US
15029,2025-11-16 22:13:00,0,0.0,MX
15030,2025-12-30 15:25:00,0,0.0,US
15031,2025-11-19 00:00:00,0,0.0,US
15032,2026-01-04 21:58:00,0,0.0,US
15033,2025-12-25 06:57:00,0,0.0,CA
15034,2025-12-09 19:43:00,1,15.42,US
15035,2025-12-16 20:02:00,0,0.0,US
15036,2025-10-05 00:00:00,0,0.0,US
15037,2025-12-27 16:25:00,0,0.0,ES
15038,2025-12-10 14:42:00,0,0.0,CA
15039,2025-11-05 19:48:00,0,0.0,US
15040,2025-11-20 11:37:00,0,0.0,GB
15041,2025-10-27 15:40:00,0,0.0,DE
15042,2025-11-30 09:55:00,0,0.0,GB
15043,2025-12-06 00:00:00,0,0.0,US
15044,2025-10-31 06:35:00,0,0.0,BR
15045,2026-01-02 11:26:00,0,0.0,MX
15046,2025-10-12 02:07:00,0,0.0,DE
15047,2025-12-11 12:37:00,0,0.0,CA
15048,2025-12-03 23:55:00,0,0.0,ES
15049,2025-12-22 17:28:00,0,0.0,CA
15050,2025-11-22 02:48:00,0,0.0,US
15051,2025-12-07 20:38:00,0,0.0,FR
15052,2025-11-26 04:13:00,0,0.0,US
15053,2025-11-18 00:00:00,0,0.0,ES
15054,2025-12-16 04:45:00,0,0.0,ES
15055,2025-12-13 06:23:00,0,0.0,MX
15056,2025-10-24 11:10:00,0,0.0,US
15057,2025-10-28 19:55:00,0,0.0,US
15058,2025-12-02 05:29:00,0,0.0,MX
15059,2025-12-18 14:29:00,0,0.0,GB
15060,2026-01-01 15:21:00,0,0.0,US
15061,2025-12-12 05:20:00,1,10.34,GB
15062,2025-11-04 22:08:00,0,0.0,US
15063,2025-10-12 17:41:00,0,0.0,BR
15064,2025-11-20 21:41:00,0,0.0,DE
15065,2026-01-03 17:30:00,0,0.0,MX
15066,2025-11-05 14:56:00,0,0.0,GB
15067,2025-12-04 18:30:00,0,0.0,US
15068,2025-12-03 04:34:00,1,12.01,BR
15069,2025-10-29 20:33:00,0,0.0,DE
15070,2025-12-31 07:25:00,0,0.0,FR
15071,2025-12-14 14:12:00,0,0.0,ES
15072,2025-11-05 13:24:00,0,0.0,US
15073,2025-10-28 12:38:00,1,11.18,US
15074,2025-11-10 03:09:00,0,0.0,US
15075,2025-11-24 04:07:00,0,0.0,US
15076,2025-11-14 10:27:00,1,13.9,GB
15077,2025-12-20 12:32:00,0,0.0,US
15078,2025-12-18 22:42:00,0,0.0,DE
15079,2025-11-09 22:11:00,0,0.0,US
15080,2025-10-19 19:13:00,0,0.0,DE
15081,2025-11-23 14:30:00,0,0.0,CA
15082,2025-11-03 04:32:00,0,0.0,US
15083,2025-12-22 05:50:00,0,0.0,BR
15084,2025-12-04 02:55:00,0,0.0,DE
15085,2025-11-12 06:37:00,0,0.0,US
15086,2025-10-30 00:00:00,0,0.0,CA
15087,2025-11-14 00:00:00,0,0.0,US
15088,2025-10-29 07:58:00,0,0.0,ES
15089,2025-11-24 06:30:00,0,0.0,CA
15090,2025-11-07 15:23:00,0,0.0,MX
15091,2025-10-30 00:00:00,0,0.0,BR
15092,2025-11-04 09:40:00,0,0.0,DE
15093,2025-11-09 00:09:00,0,0.0,ES
15094,2025-12-06 11:15:00,0,0.0,CA
15095,2025-12-30 20:12:00,0,0.0,CA
15096,2025-12-26 00:07:00,0,0.0,FR
15097,2025-11-03 14:38:00,0,0.0,DE
15098,2025-10-16 06:03:00,1,8.26,GB
15099,2025-12-29 08:52:00,0,0.0,DE
15100,2025-10-15 04:58:00,0,0.0,ES
15101,2025-12-09 00:41:00,1,11.73,US
15102,2025-11-23 00:00:00,0,0.0,BR
15103,2025-11-01 00:00:00,0,0.0,US
15104,2025-10-12 22:34:00,0,0.0,FR
15105,2025-10-19 04:41:00,0,0.0,US
15106,2025-11-19 23:21:00,0,0.0,CA
15107,2025-10-17 12:14:00,0,0.0,MX
15108,2025-10-24 08:21:00,0,0.0,US
15109,2025-10-10 00:00:00,0,0.0,US
15110,2025-11-04 19:29:00,0,0.0,CA
15111,2025-12-04 02:26:00,0,0.0,US
15112,2025-12-15 05:46:00,0,0.0,DE
15113,2025-12-06 17:14:00,0,0.0,CA
15114,2025-11-21 02:00:00,0,0.0,MX
15115,2025-12-07 17:05:00,0,0.0,DE
15116,2025-12-26 00:00:00,0,0.0,FR
15117,2025-11-12 03:05:00,0,0.0,US
15118,2025-12-04 19:11:00,0,0.0,DE
15119,2025-11-12 21:01:00,1,13.18,US
15120,2025-11-19 20:46:00,0,0.0,ES
15121,2025-10-31 00:57:00,0,0.0,ES
15122,2025-10-28 00:00:00,0,0.0,MX
15123,2025-12-25 11:46:00,0,0.0,US
15124,2025-11-28 16:25:00,1,16.17,FR
15125,2025-12-06 11:23:00,0,0.0,GB
15126,2025-12-09 00:00:00,0,0.0,DE
15127,2025-10-14 21:44:00,0,0.0,MX
15128,2025-10-18 16:36:00,0,0.0,ES
15129,2025-10-30 03:50:00,0,0.0,CA
15130,2025-12-29 12:08:00,0,0.0,DE
15131,2025-11-04 13:05:00,0,0.0,US
15132,2026-01-02 18:54:00,0,0.0,ES
15133,2025-10-02 00:00:00,0,0.0,US
15134,2025-11-13 19:02:00,0,0.0,US
15135,2025-10-12 00:06:00,0,0.0,CA
15136,2025-11-29 19:31:00,0,0.0,US
15137,2025-10-06 00:00:00,0,0.0,BR
15138,2025-10-03 00:00:00,0,0.0,GB
15139,2025-12-11 15:57:00,0,0.0,US
15140,2025-09-27 02:48:00,0,0.0,US
15141,2025-12-10 16:15:00,0,0.0,FR
15142,2025-10-31 11:41:00,0,0.0,GB
15143,2025-12-22 08:18:00,0,0.0,GB
15144,2025-12-03 09:28:00,0,0.0,ES
15145,2025-11-17 13:11:00,0,0.0,US
15146,2025-10-15 16:46:00,0,0.0,MX
15147,2025-11-19 09:35:00,0,0.0,US
15148,2026-01-09 23:21:00,0,0.0,FR
15149,2025-10-16 01:30:00,0,0.0,FR
15150,2025-12-29 04:38:00,0,0.0,CA
15151,2025-12-03 17:10:00,0,0.0,BR
15152,2025-12-02 16:32:00,0,0.0,DE
15153,2025-12-12 19:15:00,0,0.0,GB
15154,2025-10-29 15:19:00,0,0.0,GB
15155,2025-12-22 00:00:00,0,0.0,US
15156,2026-01-02 13:31:00,0,0.0,DE
15157,2025-11-29 00:00:00,0,0.0,DE
15158,2025-11-03 11:43:00,1,12.1,MX
15159,2025-12-17 09:57:00,0,0.0,BR
15160,2025-11-21 22:10:00,0,0.0,CA
15161,2025-12-06 20:35:00,0,0.0,GB
15162,2026-01-05 11:56:00,0,0.0,FR
15163,2025-11-27 09:45:00,0,0.0,US
15164,2025-11-08 13:48:00,0,0.0,DE
15165,2025-10-21 06:51:00,0,0.0,DE
15166,2025-11-12 19:03:00,0,0.0,MX
15167,2025-12-11 16:29:00,0,0.0,US
15168,2026-01-05 23:34:00,0,0.0,GB
15169,2025-10-15 20:39:00,0,0.0,DE
15170,2025-12-09 13:49:00,0,0.0,US
15171,2026-01-07 11:54:00,0,0.0,BR
15172,2025-11-02 19:14:00,0,0.0,DE
15173,2025-11-30 06:43:00,0,0.0,US
15174,2025-10-24 00:55:00,0,0.0,FR
15175,2025-12-13 23:33:00,0,0.0,BR
15176,2025-10-19 11:15:00,0,0.0,US
15177,2025-11-21 08:00:00,0,0.0,FR
15178,2025-10-23 00:00:00,0,0.0,US
15179,2025-12-04 19:23:00,0,0.0,FR
15180,2025-11-11 00:00:00,0,0.0,BR
15181,2026-01-08 01:35:00,0,0.0,US
15182,2025-12-20 02:25:00,0,0.0,US
15183,2025-11-07 21:40:00,0,0.0,US
15184,2025-10-19 16:43:00,0,0.0,GB
15185,2026-01-06 22:40:00,0,0.0,DE
15186,2025-11-12 19:06:00,0,0.0,CA
15187,2025-11-09 11:10:00,0,0.0,GB
15188,2026-01-08 21:54:00,1,13.27,BR
15189,2025-11-11 23:40:00,0,0.0,FR
15190,2025-10-04 20:25:00,0,0.0,US
15191,2025-12-15 13:46:00,1,9.38,US
15192,2025-12-29 05:48:00,1,14.26,CA
15193,2025-11-05 23:28:00,0,0.0,FR
15194,2025-11-25 00:03:00,1,14.94,US
15195,2025-11-26 00:00:00,0,0.0,DE
15196,2025-12-07 00:00:00,0,0.0,US
15197,2025-11-03 17:29:00,0,0.0,FR
15198,2025-10-26 21:17:00,0,0.0,MX
15199,2025-12-10 15:13:00,0,0.0,FR
15200,2025-11-26 00:00:00,0,0.0,MX
15201,2025-10-20 00:00:00,0,0.0,MX
15202,2025-11-09 21:25:00,0,0.0,GB
15203,2026-01-14 23:42:00,0,0.0,US
15204,2025-10-22 17:52:00,0,0.0,US
15205,2025-10-14 21:19:00,0,0.0,CA
15206,2025-12-06 16:33:00,0,0.0,US
15207,2025-10-18 21:01:00,0,0.0,US
15208,2025-11-03 03:31:00,0,0.0,US
15209,2025-11-23 02:49:00,0,0.0,US
15210,2025-10-24 19:10:00,0,0.0,FR
15211,2025-10-05 00:00:00,0,0.0,GB
15212,2025-11-20 00:00:00,0,0.0,CA
15213,2025-12-23 00:11:00,0,0.0,FR
15214,2025-11-29 18:32:00,0,0.0,US
15215,2025-12-23 10:40:00,0,0.0,FR
15216,2025-10-17 15:35:00,0,0.0,DE
15217,2025-11-05 00:00:00,0,0.0,MX
15218,2025-10-14 17:00:00,0,0.0,ES
15219,2025-10-21 02:22:00,0,0.0,US
15220,2026-01-03 06:52:00,0,0.0,US
15221,2025-12-27 13:58:00,0,0.0,US
15222,2025-10-10 00:00:00,0,0.0,DE
15223,2025-11-14 20:03:00,0,0.0,US
15224,2025-11-05 11:28:00,0,0.0,US
15225,2025-11-15 01:19:00,0,0.0,DE
15226,2025-11-21 17:35:00,0,0.0,FR
15227,2025-10-09 14:44:00,1,14.5,CA
15228,2025-11-27 03:41:00,0,0.0,US
15229,2025-11-26 21:40:00,0,0.0,MX
15230,2026-01-05 01:50:00,0,0.0,CA
15231,2025-12-08 04:06:00,0,0.0,FR
15232,2025-12-04 02:09:00,0,0.0,BR
15233,2025-10-24 20:43:00,0,0.0,US
15234,2025-10-31 21:31:00,0,0.0,US
15235,2025-10-27 21:36:00,0,0.0,ES
15236,2025-10-19 21:24:00,0,0.0,US
15237,2025-11-19 10:26:00,1,13.27,ES
15238,2025-11-10 14:43:00,0,0.0,FR
15239,2025-10-09 13:06:00,0,0.0,CA
15240,2025-10-13 18:03:00,1,8.28,US
15241,2025-11-14 23:01:00,1,15.01,DE
15242,2026-01-09 01:08:00,0,0.0,US
15243,2025-11-20 16:44:00,0,0.0,US
15244,2025-12-26 22:26:00,0,0.0,US
15245,2026-01-04 00:11:00,0,0.0,BR
15246,2025-12-21 12:11:00,0,0.0,DE
15247,2025-11-19 00:00:00,0,0.0,GB
15248,2025-10-13 17:56:00,0,0.0,ES
15249,2025-11-12 16:55:00,0,0.0,US
15250,2025-12-20 11:11:00,0,0.0,DE
15251,2025-10-09 00:00:00,0,0.0,GB
15252,2025-10-23 16:44:00,0,0.0,DE
15253,2025-11-21 21:12:00,0,0.0,MX
15254,2025-10-27 03:45:00,0,0.0,US
15255,2025-11-01 12:29:00,0,0.0,US
15256,2026-01-01 08:16:00,0,0.0,US
15257,2025-11-17 20:46:00,0,0.0,ES
15258,2025-11-05 21:33:00,0,0.0,DE
15259,2025-10-18 14:46:00,0,0.0,FR
15260,2025-12-10 06:52:00,0,0.0,BR
15261,2025-11-17 09:30:00,0,0.0,US
15262,2025-11-07 20:56:00,0,0.0,DE
15263,2025-11-28 08:18:00,0,0.0,CA
15264,2025-11-03 19:59:00,0,0.0,GB
15265,2025-11-15 04:43:00,1,12.79,MX
15266,2025-12-18 19:14:00,0,0.0,BR
15267,2025-12-14 02:01:00,0,0.0,US
15268,2026-01-02 22:13:00,0,0.0,FR
15269,2025-11-10 18:47:00,0,0.0,US
15270,2025-11-13 15:53:00,0,0.0,FR
15271,2025-11-27 02:02:00,0,0.0,FR
15272,2025-11-28 00:00:00,0,0.0,BR
15273,2025-12-13 01:41:00,1,10.37,US
15274,2025-10-11 23:06:00,0,0.0,CA
15275,2025-12-31 09:11:00,0,0.0,MX
15276,2025-10-07 21:53:00,0,0.0,US
15277,2025-10-18 00:50:00,0,0.0,US
15278,2025-12-24 18:28:00,0,0.0,ES
15279,2025-11-27 05:21:00,0,0.0,GB
15280,2025-10-20 08:27:00,0,0.0,MX
15281,2025-11-09 23:43:00,0,0.0,US
15282,2025-12-28 00:00:00,0,0.0,MX
15283,2025-10-05 14:47:00,0,0.0,DE
15284,2025-12-30 14:09:00,0,0.0,US
15285,2025-12-22 23:13:00,0,0.0,FR
15286,2025-12-19 16:44:00,0,0.0,US
15287,2025-11-29 09:36:00,0,0.0,US
15288,2025-12-30 02:05:00,0,0.0,DE
15289,2025-11-15 00:00:00,0,0.0,US
15290,2025-12-06 06:18:00,0,0.0,FR
15291,2025-10-30 00:00:00,0,0.0,US
15292,2025-11-06 12:20:00,0,0.0,US
15293,2025-11-04 19:39:00,0,0.0,GB
15294,2025-10-14 07:01:00,0,0.0,US
15295,2025-11-30 09:52:00,0,0.0,US
15296,2025-12-18 09:56:00,0,0.0,BR
15297,2025-12-17 21:03:00,0,0.0,DE
15298,2025-10-01 00:00:00,0,0.0,MX
15299,2025-11-01 00:00:00,0,0.0,FR
15300,2026-01-07 19:51:00,0,0.0,US
15301,2026-01-03 10:25:00,0,0.0,DE
15302,2025-11-06 18:06:00,0,0.0,MX
15303,2025-11-27 07:21:00,0,0.0,FR
15304,2025-11-11 12:34:00,0,0.0,US
15305,2025-11-20 04:45:00,1,10.73,BR
15306,2025-10-27 01:04:00,0,0.0,US
15307,2025-10-21 23:13:00,0,0.0,US
15308,2025-12-10 10:24:00,0,0.0,CA
15309,2025-12-11 00:00:00,0,0.0,BR
15310,2025-12-26 19:04:00,0,0.0,BR
15311,2025-12-23 13:39:00,0,0.0,US
15312,2025-12-31 18:18:00,0,0.0,US
15313,2025-10-22 13:34:00,0,0.0,ES
15314,2025-12-08 09:09:00,0,0.0,US
15315,2026-01-04 11:11:00,0,0.0,CA
15316,2025-11-18 10:35:00,0,0.0,FR
15317,2025-11-15 07:49:00,0,0.0,GB
15318,2025-12-23 14:15:00,0,0.0,BR
15319,2025-11-15 23:02:00,0,0.0,US
15320,2025-11-25 10:17:00,0,0.0,US
15321,2025-12-15 20:56:00,0,0.0,ES
15322,2025-12-21 00:00:00,0,0.0,BR
15323,2026-01-02 02:16:00,0,0.0,US
15324,2025-11-28 00:00:00,0,0.0,ES
15325,2025-11-13 19:21:00,0,0.0,DE
15326,2025-12-27 06:06:00,0,0.0,DE
15327,2025-10-14 16:49:00,0,0.0,US
15328,2025-12-15 00:00:00,0,0.0,CA
15329,2025-10-13 04:31:00,0,0.0,FR
15330,2025-11-21 23:56:00,0,0.0,US
15331,2025-12-01 13:40:00,0,0.0,ES
15332,2025-10-18 06:06:00,0,0.0,CA
15333,2025-11-25 11:39:00,0,0.0,MX
15334,2025-11-25 08:00:00,0,0.0,DE
15335,2025-10-25 14:24:00,0,0.0,US
15336,2025-10-10 12:55:00,1,13.87,GB
15337,2025-11-21 00:00:00,0,0.0,GB
15338,2025-11-18 02:52:00,0,0.0,US
15339,2025-12-28 01:58:00,0,0.0,US
15340,2025-11-13 00:00:00,0,0.0,US
15341,2025-12-05 14:20:00,0,0.0,CA
15342,2025-12-26 18:41:00,1,13.95,GB
15343,2025-11-09 07:45:00,0,0.0,US
15344,2025-12-06 21:37:00,0,0.0,MX
15345,2025-12-22 23:09:00,0,0.0,US
15346,2025-11-17 17:44:00,0,0.0,FR
15347,2025-12-25 08:52:00,0,0.0,US
15348,2025-11-16 18:13:00,0,0.0,US
15349,2025-11-04 05:51:00,0,0.0,GB
15350,2025-12-28 19:06:00,0,0.0,CA
15351,2025-12-12 22:02:00,0,0.0,FR
15352,2025-10-12 03:28:00,0,0.0,CA
15353,2025-11-13 20:18:00,0,0.0,DE
15354,2025-12-21 18:48:00,0,0.0,MX
15355,2025-10-22 19:21:00,1,7.35,MX
15356,2025-11-27 04:29:00,0,0.0,CA
15357,2025-12-15 12:51:00,0,0.0,GB
15358,2025-11-20 16:34:00,0,0.0,US
15359,2025-10-18 19:19:00,0,0.0,DE
15360,2025-11-06 20:36:00,1,11.86,GB
15361,2025-10-20 18:45:00,0,0.0,DE
15362,2025-11-20 01:23:00,0,0.0,US
15363,2025-12-03 00:44:00,0,0.0,GB
15364,2025-10-17 07:29:00,0,0.0,MX
15365,2025-10-19 18:37:00,0,0.0,GB
15366,2025-12-28 13:58:00,0,0.0,MX
15367,2025-11-25 13:42:00,0,0.0,FR
15368,2025-12-07 03:50:00,0,0.0,DE
15369,2025-10-09 08:36:00,0,0.0,BR
15370,2026-01-08 23:06:00,1,11.21,ES
15371,2025-11-17 02:08:00,0,0.0,MX
15372,2025-12-15 12:54:00,0,0.0,US
15373,2025-12-09 14:20:00,0,0.0,FR
15374,2025-10-27 00:00:00,0,0.0,US
15375,2026-01-10 07:51:00,0,0.0,DE
15376,2025-10-17 13:13:00,0,0.0,BR
15377,2025-11-14 04:26:00,0,0.0,ES
15378,2026-01-01 07:03:00,0,0.0,US
15379,2025-10-03 00:00:00,0,0.0,US
15380,2025-12-05 05:04:00,0,0.0,ES
15381,2025-12-05 11:49:00,0,0.0,BR
15382,2025-11-14 21:24:00,0,0.0,US
15383,2026-01-09 22:29:00,0,0.0,GB
15384,2025-12-30 17:52:00,0,0.0,MX
15385,2025-11-22 00:00:00,0,0.0,BR
15386,2025-10-26 00:00:00,0,0.0,US
15387,2025-12-23 20:25:00,0,0.0,US
15388,2025-11-04 06:51:00,0,0.0,FR
15389,2025-11-16 07:27:00,1,12.39,GB
15390,2025-10-23 11:48:00,0,0.0,ES
15391,2025-11-23 17:34:00,0,0.0,MX
15392,2025-11-28 16:01:00,0,0.0,US
15393,2025-12-04 19:52:00,0,0.0,US
15394,2025-12-27 22:42:00,0,0.0,BR
15395,2025-12-16 00:00:00,0,0.0,DE
15396,2025-11-12 20:33:00,1,16.06,ES
15397,2025-12-09 05:35:00,0,0.0,CA
15398,2025-10-15 00:00:00,0,0.0,US
15399,2025-10-19 10:57:00,0,0.0,US
15400,2025-12-27 12:11:00,0,0.0,ES
15401,2025-11-07 22:29:00,0,0.0,GB
15402,2025-12-25 19:04:00,0,0.0,BR
15403,2025-10-20 18:16:00,0,0.0,FR
15404,2025-11-11 15:44:00,1,13.29,DE
15405,2025-11-04 06:04:00,0,0.0,BR
15406,2025-11-18 08:54:00,1,7.53,DE
15407,2025-12-09 00:00:00,0,0.0,GB
15408,2025-10-23 11:05:00,0,0.0,DE
15409,2025-12-12 11:01:00,0,0.0,US
15410,2025-11-21 23:16:00,0,0.0,GB
15411,2025-11-05 19:56:00,0,0.0,US
15412,2025-11-30 15:04:00,0,0.0,US
15413,2025-12-14 12:52:00,0,0.0,MX
15414,2025-11-12 15:58:00,0,0.0,DE
15415,2026-01-09 02:18:00,0,0.0,US
15416,2026-01-02 17:55:00,0,0.0,FR
15417,2025-11-11 04:44:00,0,0.0,MX
15418,2025-11-02 09:14:00,0,0.0,GB
15419,2026-01-13 08:51:00,0,0.0,FR
15420,2025-12-28 23:05:00,1,17.1,DE
15421,2025-11-10 00:00:00,0,0.0,GB
15422,2025-12-11 16:49:00,0,0.0,US
15423,2025-12-02 00:00:00,0,0.0,US
15424,2025-12-31 02:51:00,0,0.0,BR
15425,2025-11-26 23:41:00,0,0.0,BR
15426,2026-01-05 07:11:00,0,0.0,BR
15427,2025-10-11 04:09:00,0,0.0,CA
15428,2026-01-01 00:31:00,0,0.0,US
15429,2025-12-05 18:40:00,0,0.0,ES
15430,2025-10-15 08:33:00,0,0.0,GB
15431,2025-12-06 11:53:00,0,0.0,GB
15432,2026-01-02 09:23:00,0,0.0,US
15433,2025-11-23 00:00:00,0,0.0,BR
15434,2025-12-27 22:46:00,0,0.0,BR
15435,2025-10-21 18:25:00,0,0.0,US
15436,2025-10-31 23:47:00,0,0.0,US
15437,2025-11-14 00:31:00,0,0.0,US
15438,2025-10-08 00:00:00,0,0.0,GB
15439,2025-10-27 23:51:00,0,0.0,FR
15440,2025-11-11 16:01:00,1,15.05,GB
15441,2025-10-14 06:00:00,0,0.0,US
15442,2025-12-19 10:23:00,0,0.0,FR
15443,2025-12-15 21:05:00,0,0.0,BR
15444,2025-10-31 06:32:00,1,17.86,FR
15445,2025-12-02 06:30:00,0,0.0,BR
15446,2025-10-27 23:57:00,0,0.0,US
15447,2025-10-27 06:46:00,0,0.0,CA
15448,2025-11-02 22:21:00,0,0.0,US
15449,2026-01-01 20:27:00,0,0.0,US
15450,2025-11-10 10:59:00,0,0.0,US
15451,2025-10-08 23:53:00,0,0.0,DE
15452,2025-11-14 10:10:00,0,0.0,BR
15453,2025-10-17 11:43:00,0,0.0,US
15454,2026-01-11 21:46:00,0,0.0,GB
15455,2025-12-11 22:40:00,0,0.0,MX
15456,2025-11-07 04:03:00,0,0.0,US
15457,2025-11-02 01:07:00,0,0.0,DE
15458,2025-10-22 15:33:00,0,0.0,DE
15459,2025-10-27 19:58:00,0,0.0,BR
15460,2025-11-18 19:32:00,0,0.0,GB
15461,2025-11-13 04:04:00,0,0.0,BR
15462,2026-01-08 12:10:00,0,0.0,US
15463,2025-10-28 12:53:00,0,0.0,US
15464,2025-10-21 00:41:00,0,0.0,GB
15465,2025-09-30 12:23:00,0,0.0,US
15466,2025-10-24 18:19:00,0,0.0,DE
15467,2025-12-27 17:11:00,1,11.03,US
15468,2025-10-29 08:10:00,0,0.0,CA
15469,2025-11-04 06:50:00,0,0.0,FR
15470,2025-12-03 08:47:00,0,0.0,US
15471,2025-11-14 23:27:00,1,14.82,US
15472,2025-10-28 02:03:00,0,0.0,GB
15473,2025-11-29 18:59:00,1,13.28,CA
15474,2025-12-07 13:42:00,0,0.0,FR
15475,2025-12-14 07:40:00,0,0.0,US
15476,2025-11-26 22:45:00,0,0.0,US
15477,2025-10-17 22:06:00,0,0.0,DE
15478,2025-10-20 18:21:00,0,0.0,US
15479,2025-12-13 09:25:00,0,0.0,US
15480,2025-11-06 07:50:00,0,0.0,US
15481,2025-12-31 11:36:00,0,0.0,MX
15482,2026-01-12 13:58:00,0,0.0,FR
15483,2025-11-13 17:16:00,1,13.46,MX
15484,2025-10-31 16:40:00,0,0.0,DE
15485,2025-10-22 03:30:00,0,0.0,US
15486,2025-10-22 19:28:00,0,0.0,BR
15487,2025-11-02 01:58:00,0,0.0,US
15488,2025-12-17 00:11:00,0,0.0,US
15489,2025-11-09 11:23:00,0,0.0,US
15490,2025-12-30 03:08:00,0,0.0,CA
15491,2025-12-08 11:38:00,0,0.0,GB
15492,2025-11-12 07:35:00,1,11.63,US
15493,2025-11-10 09:20:00,0,0.0,US
15494,2025-11-07 14:24:00,0,0.0,ES
15495,2025-10-12 12:29:00,0,0.0,CA
15496,2025-12-28 12:19:00,0,0.0,US
15497,2025-11-06 09:39:00,0,0.0,FR
15498,2025-10-10 00:20:00,0,0.0,US
15499,2025-12-27 13:17:00,0,0.0,CA
15500,2025-11-24 00:00:00,0,0.0,GB
15501,2025-12-07 21:12:00,0,0.0,ES
15502,2025-11-06 11:10:00,0,0.0,FR
15503,2025-11-19 00:27:00,0,0.0,ES
15504,2025-12-26 00:00:00,0,0.0,BR
15505,2025-10-21 23:47:00,0,0.0,ES
15506,2025-12-01 20:25:00,0,0.0,US
15507,2025-11-21 08:49:00,0,0.0,US
15508,2025-11-08 16:07:00,0,0.0,GB
15509,2025-11-09 00:00:00,0,0.0,GB
15510,2025-11-16 20:51:00,0,0.0,FR
15511,2025-12-23 21:28:00,0,0.0,US
15512,2025-11-23 10:36:00,0,0.0,CA
15513,2025-12-12 03:12:00,0,0.0,GB
15514,2026-01-04 12:06:00,1,9.43,US
15515,2026-01-01 00:00:00,0,0.0,MX
15516,2025-09-28 11:06:00,1,16.64,FR
15517,2025-11-19 09:09:00,0,0.0,US
15518,2025-12-05 21:35:00,0,0.0,FR
15519,2025-10-25 11:22:00,0,0.0,GB
15520,2025-12-18 11:35:00,0,0.0,CA
15521,2025-12-31 19:29:00,0,0.0,US
15522,2025-11-07 15:36:00,0,0.0,DE
15523,2025-11-11 23:07:00,0,0.0,CA
15524,2025-11-15 05:02:00,0,0.0,GB
15525,2025-12-31 17:14:00,0,0.0,US
15526,2025-11-07 22:20:00,1,12.62,DE
15527,2025-11-15 07:52:00,0,0.0,FR
15528,2025-10-24 18:22:00,0,0.0,ES
15529,2025-11-16 02:11:00,0,0.0,ES
15530,2025-10-18 19:42:00,0,0.0,US
15531,2025-11-16 10:41:00,1,10.46,DE
15532,2025-12-20 03:33:00,0,0.0,US
15533,2025-11-14 23:33:00,0,0.0,US
15534,2025-10-21 10:16:00,1,7.3,DE
15535,2025-11-06 12:39:00,0,0.0,FR
15536,2025-12-16 00:00:00,0,0.0,US
15537,2025-12-23 18:54:00,0,0.0,US
15538,2025-11-07 18:36:00,0,0.0,MX
15539,2025-11-19 17:43:00,0,0.0,FR
15540,2025-11-17 00:00:00,0,0.0,MX
15541,2025-11-01 07:04:00,1,8.86,US
15542,2025-10-23 19:53:00,0,0.0,DE
15543,2025-12-11 00:00:00,0,0.0,ES
15544,2025-11-06 14:09:00,0,0.0,US
15545,2025-10-21 11:01:00,0,0.0,FR
15546,2025-12-24 05:17:00,0,0.0,ES
15547,2025-11-13 05:16:00,0,0.0,CA
15548,2025-10-26 06:52:00,0,0.0,FR
15549,2025-10-29 00:00:00,0,0.0,GB
15550,2025-12-18 17:41:00,0,0.0,ES
15551,2025-11-12 19:56:00,0,0.0,GB
15552,2025-12-12 00:00:00,0,0.0,US
15553,2025-11-06 09:12:00,0,0.0,GB
15554,2025-12-30 00:00:00,0,0.0,US
15555,2025-11-02 00:00:00,0,0.0,CA
15556,2025-11-14 01:43:00,0,0.0,US
15557,2025-12-07 23:50:00,0,0.0,US
15558,2025-12-30 08:11:00,0,0.0,US
15559,2025-12-07 11:51:00,1,12.07,GB
15560,2026-01-06 06:00:00,0,0.0,MX
15561,2025-10-21 19:01:00,0,0.0,CA
15562,2025-10-26 02:39:00,0,0.0,GB
15563,2025-10-25 10:17:00,0,0.0,US
15564,2025-10-21 08:26:00,0,0.0,US
15565,2025-12-13 13:18:00,1,14.29,GB
15566,2025-10-17 03:44:00,0,0.0,DE
15567,2025-11-11 03:16:00,0,0.0,DE
15568,2025-12-04 05:39:00,0,0.0,BR
15569,2025-11-18 19:07:00,0,0.0,ES
15570,2025-12-29 05:34:00,0,0.0,ES
15571,2025-12-26 13:37:00,0,0.0,ES
15572,2025-12-04 17:09:00,1,12.44,US
15573,2025-10-10 05:55:00,0,0.0,DE
15574,2025-11-07 20:27:00,0,0.0,US
15575,2025-11-16 00:00:00,0,0.0,ES
15576,2025-12-08 19:27:00,0,0.0,BR
15577,2025-12-06 08:24:00,0,0.0,US
15578,2025-12-30 23:59:00,1,11.13,US
15579,2025-10-12 00:00:00,0,0.0,GB
15580,2025-12-19 15:46:00,0,0.0,GB
15581,2025-12-20 02:32:00,0,0.0,CA
15582,2025-12-04 00:40:00,0,0.0,MX
15583,2025-12-18 03:36:00,1,11.94,DE
15584,2025-10-10 22:57:00,0,0.0,DE
15585,2025-10-29 09:30:00,0,0.0,DE
15586,2026-01-02 18:41:00,0,0.0,CA
15587,2025-11-26 21:49:00,0,0.0,US
15588,2025-12-13 06:28:00,0,0.0,GB
15589,2025-12-15 07:01:00,0,0.0,US
15590,2025-10-10 04:21:00,0,0.0,GB
15591,2025-11-28 00:00:00,0,0.0,GB
15592,2025-12-23 00:00:00,0,0.0,DE
15593,2025-11-09 20:23:00,0,0.0,US
15594,2025-12-04 00:00:00,0,0.0,US
15595,2026-01-10 04:56:00,0,0.0,US
15596,2025-12-01 15:27:00,0,0.0,MX
15597,2025-12-13 10:20:00,0,0.0,GB
15598,2025-11-02 20:21:00,0,0.0,MX
15599,2025-10-28 10:53:00,0,0.0,FR
15600,2025-10-25 11:55:00,0,0.0,BR
15601,2025-10-10 07:51:00,0,0.0,DE
15602,2025-11-10 04:14:00,0,0.0,ES
15603,2025-10-13 00:00:00,0,0.0,DE
15604,2025-12-04 10:27:00,1,11.78,US
15605,2025-11-17 12:11:00,0,0.0,US
15606,2025-10-15 00:00:00,0,0.0,US
15607,2025-11-15 05:28:00,0,0.0,CA
15608,2025-11-03 10:22:00,0,0.0,MX
15609,2025-11-30 19:19:00,0,0.0,US
15610,2025-10-17 00:00:00,0,0.0,CA
15611,2025-12-15 12:58:00,0,0.0,US
15612,2025-10-11 05:29:00,0,0.0,FR
15613,2025-12-06 21:00:00,0,0.0,CA
15614,2025-11-11 14:58:00,1,15.65,US
15615,2025-10-26 07:34:00,0,0.0,MX
15616,2025-10-05 00:00:00,0,0.0,CA
15617,2025-10-12 20:40:00,0,0.0,US
15618,2025-11-10 12:31:00,1,14.1,GB
15619,2025-11-27 20:05:00,0,0.0,CA
15620,2025-12-24 13:52:00,0,0.0,DE
15621,2025-10-13 19:07:00,0,0.0,GB
15622,2025-10-08 11:55:00,0,0.0,ES
15623,2025-10-16 02:43:00,0,0.0,US
15624,2025-10-21 18:43:00,0,0.0,US
15625,2025-10-25 14:42:00,0,0.0,US
15626,2025-11-18 00:04:00,0,0.0,DE
15627,2025-10-24 20:27:00,0,0.0,US
15628,2026-01-01 00:00:00,0,0.0,BR
15629,2025-12-28 13:06:00,1,11.21,US
15630,2025-11-28 20:02:00,0,0.0,FR
15631,2025-10-30 14:09:00,0,0.0,CA
15632,2025-11-25 02:33:00,0,0.0,US
15633,2025-12-28 19:41:00,1,11.33,FR
15634,2025-10-15 05:07:00,0,0.0,GB
15635,2025-11-16 08:40:00,0,0.0,GB
15636,2025-10-03 00:00:00,0,0.0,FR
15637,2025-11-08 00:40:00,0,0.0,DE
15638,2026-01-09 21:15:00,0,0.0,US
15639,2025-11-05 22:33:00,0,0.0,FR
15640,2025-11-24 00:00:00,0,0.0,US
15641,2026-01-02 14:29:00,0,0.0,DE
15642,2025-10-19 17:33:00,0,0.0,US
15643,2025-11-25 13:55:00,0,0.0,US
15644,2025-11-17 18:05:00,0,0.0,CA
15645,2025-12-05 01:18:00,0,0.0,US
15646,2025-10-26 22:53:00,0,0.0,FR
15647,2025-12-14 02:38:00,0,0.0,US
15648,2025-11-06 15:20:00,1,9.67,GB
15649,2025-11-12 09:22:00,0,0.0,US
15650,2025-12-10 04:49:00,0,0.0,US
15651,2025-10-28 18:07:00,0,0.0,US
15652,2025-12-14 19:34:00,0,0.0,MX
15653,2025-12-01 21:24:00,0,0.0,CA
15654,2025-12-03 04:01:00,0,0.0,DE
15655,2025-10-19 00:00:00,0,0.0,MX
15656,2026-01-05 02:30:00,0,0.0,MX
15657,2025-12-26 23:43:00,0,0.0,BR
15658,2025-10-19 18:20:00,0,0.0,US
15659,2025-12-16 12:20:00,0,0.0,CA
15660,2025-11-20 23:27:00,1,7.15,FR
15661,2025-11-23 15:27:00,0,0.0,ES
15662,2025-12-05 07:30:00,0,0.0,MX
15663,2025-12-18 13:55:00,0,0.0,US
15664,2025-11-04 03:58:00,0,0.0,FR
15665,2025-11-22 22:02:00,0,0.0,BR
15666,2025-12-02 17:09:00,0,0.0,US
15667,2025-11-15 21:02:00,0,0.0,US
15668,2025-11-08 18:25:00,0,0.0,GB
15669,2025-11-24 12:25:00,0,0.0,US
15670,2025-11-28 01:15:00,0,0.0,MX
15671,2025-11-07 20:31:00,0,0.0,ES
15672,2025-10-10 13:49:00,0,0.0,MX
15673,2025-11-29 22:23:00,0,0.0,MX
15674,2026-01-02 04:18:00,0,0.0,DE
15675,2025-12-05 23:33:00,0,0.0,MX
15676,2025-12-30 21:50:00,0,0.0,FR
15677,2025-11-04 09:02:00,0,0.0,US
15678,2025-11-15 03:10:00,0,0.0,FR
15679,2025-10-22 07:45:00,0,0.0,US
15680,2025-11-10 23:10:00,0,0.0,US
15681,2025-11-21 04:26:00,0,0.0,BR
15682,2026-01-05 12:10:00,0,0.0,GB
15683,2025-11-26 20:52:00,0,0.0,US
15684,2025-11-29 15:05:00,0,0.0,DE
15685,2025-11-05 22:29:00,1,16.81,MX
15686,2025-12-03 14:02:00,0,0.0,DE
15687,2025-10-09 00:48:00,0,0.0,CA
15688,2025-12-22 17:21:00,0,0.0,CA
15689,2025-12-19 14:14:00,1,13.3,BR
15690,2025-11-30 20:27:00,1,11.0,GB
15691,2025-11-12 00:57:00,0,0.0,DE
15692,2025-12-03 09:51:00,0,0.0,US
15693,2025-10-29 00:20:00,0,0.0,GB
15694,2026-01-04 12:14:00,0,0.0,US
15695,2025-11-15 11:11:00,1,13.7,GB
15696,2025-12-22 12:21:00,0,0.0,CA
15697,2025-11-04 14:49:00,1,11.26,ES
15698,2025-12-30 23:44:00,0,0.0,DE
15699,2025-10-29 00:00:00,0,0.0,US
15700,2026-01-05 05:52:00,0,0.0,GB
15701,2025-12-08 23:18:00,0,0.0,CA
15702,2025-12-11 19:15:00,0,0.0,US
15703,2025-12-23 00:00:00,0,0.0,US
15704,2025-11-01 21:49:00,0,0.0,GB
15705,2025-12-29 19:16:00,0,0.0,FR
15706,2025-12-23 02:55:00,0,0.0,MX
15707,2025-12-29 20:27:00,0,0.0,MX
15708,2025-10-12 17:40:00,0,0.0,US
15709,2025-11-12 19:04:00,0,0.0,DE
15710,2026-01-02 10:17:00,0,0.0,ES
15711,2025-12-19 11:19:00,0,0.0,MX
15712,2025-10-10 21:16:00,1,15.03,MX
15713,2025-11-21 05:20:00,0,0.0,US
15714,2025-11-08 16:46:00,0,0.0,US
15715,2025-10-16 18:02:00,0,0.0,CA
15716,2025-10-12 00:00:00,0,0.0,CA
15717,2025-10-25 19:07:00,0,0.0,US
15718,2025-10-22 07:17:00,0,0.0,CA
15719,2025-11-22 13:43:00,0,0.0,US
15720,2025-12-17 07:59:00,0,0.0,US
15721,2025-12-21 02:44:00,0,0.0,GB
15722,2025-11-21 19:44:00,0,0.0,FR
15723,2025-10-30 20:18:00,0,0.0,US
15724,2025-10-10 08:30:00,0,0.0,GB
15725,2025-11-13 05:17:00,0,0.0,US
15726,2025-12-08 00:00:00,0,0.0,ES
15727,2025-12-24 21:23:00,0,0.0,US
15728,2025-10-20 01:20:00,0,0.0,US
15729,2025-12-18 06:14:00,0,0.0,ES
15730,2025-10-13 20:41:00,0,0.0,US
15731,2025-12-26 07:37:00,0,0.0,US
15732,2025-10-25 09:25:00,0,0.0,MX
15733,2025-11-27 00:00:00,0,0.0,FR
15734,2025-11-29 08:14:00,0,0.0,CA
15735,2025-10-30 03:06:00,0,0.0,MX
15736,2025-12-09 04:24:00,0,0.0,GB
15737,2025-12-06 10:17:00,0,0.0,US
15738,2025-11-08 07:40:00,0,0.0,FR
15739,2025-10-20 19:36:00,0,0.0,GB
15740,2025-10-09 00:00:00,0,0.0,BR
15741,2025-11-12 04:44:00,0,0.0,CA
15742,2025-10-27 05:04:00,0,0.0,ES
15743,2025-12-22 03:36:00,0,0.0,US
15744,2025-10-21 23:01:00,0,0.0,US
15745,2025-12-27 23:27:00,0,0.0,BR
15746,2025-11-24 09:02:00,0,0.0,GB
15747,2025-12-13 21:25:00,0,0.0,US
15748,2025-12-09 00:47:00,0,0.0,FR
15749,2025-12-03 05:03:00,0,0.0,MX
15750,2025-10-26 08:39:00,0,0.0,US
15751,2025-12-08 00:00:00,0,0.0,GB
15752,2025-10-11 04:45:00,0,0.0,CA
15753,2025-11-01 22:16:00,0,0.0,US
15754,2025-12-03 06:52:00,0,0.0,CA
15755,2025-12-12 06:50:00,0,0.0,US
15756,2025-11-06 15:23:00,0,0.0,US
15757,2025-11-05 20:26:00,0,0.0,BR
15758,2025-12-05 00:00:00,0,0.0,US
15759,2025-12-26 05:44:00,0,0.0,MX
15760,2025-11-05 22:19:00,0,0.0,MX
15761,2025-12-26 17:09:00,0,0.0,US
15762,2025-12-29 19:52:00,0,0.0,US
15763,2025-11-14 09:28:00,0,0.0,US
15764,2025-12-31 15:55:00,0,0.0,MX
15765,2026-01-01 17:46:00,0,0.0,GB
15766,2025-12-20 19:10:00,0,0.0,US
15767,2025-10-21 17:52:00,0,0.0,BR
15768,2025-10-30 16:08:00,0,0.0,FR
15769,2025-10-13 00:00:00,0,0.0,US
15770,2025-10-26 05:04:00,0,0.0,BR
15771,2026-01-08 23:49:00,0,0.0,US
15772,2025-11-14 20:13:00,0,0.0,US
15773,2025-10-28 07:05:00,1,13.17,FR
15774,2025-11-26 00:00:00,0,0.0,US
15775,2025-11-24 11:45:00,1,9.36,FR
15776,2025-12-27 10:50:00,0,0.0,FR
15777,2026-01-09 11:27:00,0,0.0,US
15778,2025-10-30 12:54:00,0,0.0,FR
15779,2025-10-16 16:21:00,0,0.0,FR
15780,2025-12-17 11:05:00,0,0.0,US
15781,2025-11-22 21:16:00,0,0.0,FR
15782,2025-11-05 03:16:00,0,0.0,GB
15783,2025-12-12 02:10:00,0,0.0,US
15784,2026-01-01 23:24:00,0,0.0,MX
15785,2025-10-30 15:12:00,1,14.15,FR
15786,2026-01-06 17:58:00,0,0.0,FR
15787,2025-11-18 11:01:00,0,0.0,FR
15788,2025-10-08 00:00:00,0,0.0,MX
15789,2025-12-07 04:52:00,0,0.0,US
15790,2025-12-30 09:44:00,0,0.0,US
15791,2025-10-31 18:15:00,0,0.0,US
15792,2025-12-09 18:41:00,0,0.0,GB
15793,2025-12-15 23:41:00,0,0.0,US
15794,2025-10-08 01:52:00,0,0.0,BR
15795,2025-10-11 00:00:00,0,0.0,US
15796,2025-11-12 20:11:00,0,0.0,MX
15797,2026-01-07 20:05:00,0,0.0,GB
15798,2026-01-05 09:16:00,0,0.0,DE
15799,2026-01-07 20:00:00,0,0.0,US
15800,2025-12-28 10:41:00,0,0.0,MX
15801,2025-10-28 15:28:00,1,16.36,US
15802,2025-10-18 11:03:00,1,15.17,GB
15803,2025-12-27 03:48:00,0,0.0,GB
15804,2026-01-03 23:45:00,0,0.0,GB
15805,2025-11-01 21:58:00,0,0.0,US
15806,2026-01-07 11:33:00,1,12.11,US
15807,2025-11-28 00:00:00,0,0.0,FR
15808,2025-12-28 15:59:00,1,10.9,US
15809,2025-11-23 00:00:00,0,0.0,GB
15810,2025-11-28 09:27:00,0,0.0,US
15811,2025-12-28 07:07:00,0,0.0,BR
15812,2025-11-27 00:00:00,0,0.0,US
15813,2025-12-01 16:43:00,0,0.0,GB
15814,2025-11-14 13:12:00,0,0.0,US
15815,2025-11-07 00:00:00,0,0.0,FR
15816,2025-10-04 17:00:00,0,0.0,GB
15817,2025-12-18 22:32:00,0,0.0,GB
15818,2025-11-28 02:17:00,0,0.0,MX
15819,2025-10-16 20:54:00,0,0.0,DE
15820,2026-01-05 20:26:00,0,0.0,MX
15821,2025-10-28 04:21:00,1,12.37,GB
15822,2025-12-17 07:09:00,0,0.0,CA
15823,2025-12-12 10:10:00,0,0.0,US
15824,2025-11-13 13:04:00,0,0.0,MX
15825,2025-12-30 04:04:00,0,0.0,DE
15826,2025-10-11 22:12:00,0,0.0,GB
15827,2025-10-05 00:00:00,0,0.0,US
15828,2025-12-25 15:51:00,0,0.0,US
15829,2025-10-19 19:39:00,0,0.0,US
15830,2025-10-26 10:24:00,0,0.0,GB
15831,2026-01-12 15:38:00,0,0.0,US
15832,2025-12-02 05:55:00,0,0.0,US
15833,2025-11-28 12:02:00,0,0.0,FR
15834,2025-12-09 08:24:00,0,0.0,US
15835,2025-11-16 05:10:00,0,0.0,FR
15836,2025-11-21 00:00:00,0,0.0,US
15837,2025-12-27 19:03:00,0,0.0,DE
15838,2025-10-26 00:00:00,0,0.0,US
15839,2025-12-06 00:00:00,0,0.0,MX
15840,2025-12-02 03:06:00,0,0.0,US
15841,2025-11-01 08:06:00,0,0.0,US
15842,2025-11-20 00:00:00,0,0.0,GB
15843,2025-11-26 22:30:00,0,0.0,GB
15844,2025-12-04 10:59:00,0,0.0,US
15845,2025-12-01 07:49:00,0,0.0,GB
15846,2025-11-29 00:00:00,0,0.0,ES
15847,2025-11-10 15:50:00,0,0.0,GB
15848,2025-11-28 06:57:00,0,0.0,US
15849,2025-10-10 18:59:00,0,0.0,GB
15850,2025-10-03 03:41:00,0,0.0,BR
15851,2025-10-30 14:26:00,0,0.0,GB
15852,2025-12-20 09:39:00,0,0.0,FR
15853,2025-11-17 06:50:00,0,0.0,ES
15854,2025-12-17 19:03:00,1,12.9,US
15855,2025-11-15 13:13:00,0,0.0,US
15856,2025-11-02 10:05:00,0,0.0,US
15857,2026-01-13 10:22:00,0,0.0,ES
15858,2026-01-11 01:24:00,0,0.0,ES
15859,2025-11-11 12:32:00,0,0.0,DE
15860,2025-10-24 16:40:00,0,0.0,GB
15861,2025-12-31 02:39:00,1,14.27,US
15862,2026-01-04 09:06:00,1,7.68,US
15863,2025-11-28 00:35:00,0,0.0,US
15864,2025-10-12 00:00:00,0,0.0,CA
15865,2025-12-08 17:15:00,0,0.0,US
15866,2025-10-23 01:11:00,0,0.0,US
15867,2025-12-24 03:15:00,1,8.9,US
15868,2026-01-05 13:24:00,0,0.0,MX
15869,2025-12-24 13:07:00,0,0.0,US
15870,2025-11-13 00:00:00,0,0.0,US
15871,2025-10-09 11:33:00,1,13.63,DE
15872,2025-12-20 00:00:00,0,0.0,DE
15873,2025-10-26 07:30:00,0,0.0,ES
15874,2025-12-09 18:55:00,0,0.0,DE
15875,2025-12-28 15:26:00,0,0.0,ES
15876,2025-12-12 03:57:00,0,0.0,GB
15877,2025-12-13 20:11:00,0,0.0,BR
15878,2025-12-22 17:02:00,0,0.0,CA
15879,2025-12-20 16:56:00,0,0.0,US
15880,2025-12-29 22:05:00,1,13.08,US
15881,2025-11-06 00:18:00,0,0.0,GB
15882,2025-12-31 15:07:00,1,14.21,US
15883,2025-12-13 13:27:00,0,0.0,DE
15884,2025-11-06 18:01:00,0,0.0,ES
15885,2025-12-11 00:00:00,0,0.0,DE
15886,2025-11-20 09:18:00,0,0.0,MX
15887,2025-10-26 16:12:00,1,11.72,BR
15888,2025-12-17 10:26:00,0,0.0,FR
15889,2025-12-31 20:08:00,0,0.0,US
15890,2025-11-11 19:45:00,0,0.0,BR
15891,2025-12-23 19:11:00,0,0.0,BR
15892,2025-12-15 22:30:00,1,12.08,GB
15893,2025-12-19 17:21:00,0,0.0,US
15894,2026-01-04 22:28:00,0,0.0,MX
15895,2025-12-31 09:42:00,0,0.0,MX
15896,2025-11-23 00:00:00,0,0.0,DE
15897,2025-11-04 08:50:00,0,0.0,ES
15898,2025-12-06 00:07:00,0,0.0,US
15899,2025-12-25 05:24:00,0,0.0,DE
15900,2025-11-13 22:52:00,0,0.0,MX
15901,2025-10-21 00:00:00,0,0.0,GB
15902,2025-12-15 00:00:00,0,0.0,BR
15903,2025-12-07 13:17:00,0,0.0,DE
15904,2025-12-16 16:02:00,0,0.0,CA
15905,2025-12-20 04:03:00,0,0.0,CA
15906,2025-10-12 22:11:00,0,0.0,BR
15907,2025-12-24 10:06:00,0,0.0,ES
15908,2025-11-06 16:18:00,0,0.0,CA
15909,2025-11-01 17:19:00,0,0.0,CA
15910,2025-11-13 23:44:00,0,0.0,MX
15911,2025-12-25 07:08:00,0,0.0,ES
15912,2025-12-23 03:40:00,0,0.0,US
15913,2025-10-17 00:00:00,0,0.0,BR
15914,2025-11-11 01:45:00,0,0.0,GB
15915,2025-11-11 22:30:00,0,0.0,FR
15916,2025-10-16 07:40:00,0,0.0,US
15917,2025-10-14 20:19:00,0,0.0,GB
15918,2026-01-05 11:48:00,0,0.0,US
15919,2025-10-07 10:58:00,0,0.0,CA
15920,2025-10-28 07:49:00,0,0.0,US
15921,2025-12-14 21:10:00,0,0.0,US
15922,2025-12-09 00:00:00,0,0.0,CA
15923,2025-11-14 12:30:00,0,0.0,US
15924,2025-12-06 16:52:00,0,0.0,CA
15925,2025-11-23 04:10:00,0,0.0,US
15926,2025-11-22 11:42:00,0,0.0,US
15927,2025-12-29 17:33:00,0,0.0,US
15928,2025-10-29 05:33:00,0,0.0,GB
15929,2025-11-05 00:00:00,0,0.0,GB
15930,2025-12-04 13:26:00,0,0.0,ES
15931,2025-12-05 22:58:00,0,0.0,US
15932,2025-12-20 01:45:00,0,0.0,DE
15933,2025-12-07 00:00:00,0,0.0,US
15934,2025-12-28 08:09:00,0,0.0,US
15935,2025-12-06 22:19:00,0,0.0,US
15936,2025-11-30 18:23:00,0,0.0,MX
15937,2025-12-18 08:33:00,0,0.0,US
15938,2025-10-16 20:18:00,0,0.0,US
15939,2025-11-24 19:27:00,0,0.0,GB
15940,2025-10-22 07:54:00,0,0.0,GB
15941,2025-11-23 13:41:00,0,0.0,US
15942,2025-10-29 14:46:00,0,0.0,GB
15943,2025-11-12 02:04:00,0,0.0,CA
15944,2025-11-06 00:00:00,0,0.0,FR
15945,2025-11-23 00:00:00,0,0.0,BR
15946,2025-12-26 00:00:00,0,0.0,MX
15947,2025-12-31 15:29:00,0,0.0,ES
15948,2025-10-20 15:23:00,1,14.87,US
15949,2026-01-03 16:41:00,0,0.0,MX
15950,2025-12-09 01:10:00,0,0.0,DE
15951,2025-12-23 09:18:00,0,0.0,DE
15952,2025-11-05 00:16:00,0,0.0,US
15953,2025-10-29 23:19:00,1,14.0,US
15954,2025-11-14 03:11:00,0,0.0,US
15955,2025-10-09 14:34:00,0,0.0,ES
15956,2025-12-18 09:14:00,0,0.0,US
15957,2026-01-06 11:22:00,1,13.0,US
15958,2025-12-18 05:41:00,0,0.0,ES
15959,2025-11-30 18:37:00,0,0.0,US
15960,2025-12-20 08:52:00,1,10.6,US
15961,2025-12-23 23:06:00,0,0.0,FR
15962,2026-01-02 22:40:00,0,0.0,CA
15963,2025-12-31 03:09:00,0,0.0,US
15964,2025-12-06 20:30:00,0,0.0,CA
15965,2025-12-15 00:00:00,0,0.0,DE
15966,2025-10-22 12:18:00,0,0.0,US
15967,2025-10-23 15:04:00,0,0.0,US
15968,2026-01-02 08:05:00,0,0.0,US
15969,2025-12-28 21:05:00,0,0.0,US
15970,2025-11-02 11:34:00,0,0.0,GB
15971,2025-12-27 22:46:00,1,12.62,US
15972,2025-11-12 09:08:00,0,0.0,US
15973,2025-10-28 00:00:00,0,0.0,MX
15974,2025-12-28 14:57:00,0,0.0,DE
15975,2025-12-14 00:00:00,0,0.0,US
15976,2025-11-19 17:29:00,0,0.0,ES
15977,2025-10-14 10:42:00,0,0.0,MX
15978,2025-12-03 10:21:00,0,0.0,US
15979,2025-11-22 18:26:00,0,0.0,US
15980,2025-11-30 04:26:00,0,0.0,BR
15981,2025-12-14 00:00:00,0,0.0,US
15982,2025-11-09 20:28:00,0,0.0,US
15983,2025-12-23 10:14:00,0,0.0,ES
15984,2025-11-04 10:33:00,0,0.0,FR
15985,2025-11-12 01:18:00,0,0.0,GB
15986,2025-11-23 11:08:00,0,0.0,DE
15987,2025-10-18 19:41:00,0,0.0,US
15988,2025-11-06 12:03:00,1,11.37,US
15989,2025-11-15 00:00:00,0,0.0,US
15990,2025-11-16 01:58:00,0,0.0,BR
15991,2025-10-26 19:03:00,0,0.0,US
15992,2025-11-25 05:43:00,0,0.0,US
15993,2025-11-16 11:13:00,0,0.0,ES
15994,2025-10-29 14:05:00,0,0.0,US
15995,2025-11-12 20:14:00,1,7.43,ES
15996,2026-01-04 03:24:00,0,0.0,BR
15997,2026-01-03 18:12:00,1,15.48,MX
15998,2025-10-18 14:52:00,0,0.0,US
15999,2025-10-24 17:16:00,0,0.0,CA
16000,2025-12-30 00:00:00,0,0.0,US
16001,2025-12-21 22:27:00,0,0.0,GB
16002,2025-12-17 22:09:00,0,0.0,ES
16003,2025-10-16 19:53:00,0,0.0,US
16004,2025-11-08 13:17:00,0,0.0,US
16005,2025-10-09 06:05:00,0,0.0,ES
16006,2025-10-24 05:31:00,0,0.0,MX
16007,2025-10-14 19:01:00,0,0.0,CA
16008,2025-12-13 14:47:00,0,0.0,DE
16009,2025-10-09 12:47:00,0,0.0,GB
16010,2025-12-28 13:39:00,0,0.0,BR
16011,2026-01-04 07:27:00,0,0.0,US
16012,2026-01-10 01:11:00,0,0.0,DE
16013,2025-10-24 10:29:00,0,0.0,US
16014,2025-11-19 17:52:00,1,9.57,GB
16015,2025-12-17 13:05:00,0,0.0,US
16016,2025-11-07 07:02:00,0,0.0,US
16017,2025-10-16 00:30:00,0,0.0,GB
16018,2025-10-17 12:55:00,0,0.0,DE
16019,2026-01-03 18:08:00,0,0.0,ES
16020,2025-10-30 10:21:00,0,0.0,GB
16021,2025-12-24 04:38:00,0,0.0,GB
16022,2025-12-14 14:33:00,0,0.0,BR
16023,2025-12-15 06:13:00,0,0.0,US
16024,2025-11-19 01:28:00,0,0.0,FR
16025,2025-11-29 07:13:00,0,0.0,BR
16026,2025-12-16 00:00:00,0,0.0,US
16027,2025-12-12 09:48:00,0,0.0,MX
16028,2026-01-13 18:48:00,0,0.0,US
16029,2025-11-17 11:53:00,0,0.0,US
16030,2025-11-16 19:19:00,0,0.0,GB
16031,2025-11-27 11:36:00,0,0.0,DE
16032,2025-09-27 14:52:00,0,0.0,FR
16033,2025-11-30 03:23:00,0,0.0,FR
16034,2025-11-12 07:48:00,0,0.0,ES
16035,2025-11-17 10:51:00,0,0.0,US
16036,2025-11-15 19:55:00,0,0.0,BR
16037,2025-10-31 23:32:00,0,0.0,CA
16038,2025-12-02 04:17:00,0,0.0,DE
16039,2025-10-15 00:00:00,0,0.0,GB
16040,2025-11-24 03:33:00,0,0.0,US
16041,2025-11-12 18:25:00,0,0.0,US
16042,2025-10-19 00:00:00,0,0.0,US
16043,2025-12-07 20:20:00,0,0.0,US
16044,2025-12-12 18:33:00,0,0.0,US
16045,2026-01-07 04:36:00,0,0.0,MX
16046,2025-10-27 12:10:00,0,0.0,US
16047,2025-12-01 00:00:00,0,0.0,US
16048,2025-11-15 01:31:00,0,0.0,DE
16049,2026-01-11 21:08:00,0,0.0,US
16050,2025-11-05 09:38:00,0,0.0,US
16051,2025-12-13 15:38:00,0,0.0,GB
16052,2025-12-10 00:00:00,0,0.0,CA
16053,2025-11-02 02:31:00,0,0.0,GB
16054,2025-11-10 13:46:00,0,0.0,US
16055,2025-10-16 18:52:00,0,0.0,ES
16056,2025-10-21 12:25:00,0,0.0,CA
16057,2026-01-03 23:36:00,0,0.0,FR
16058,2025-11-09 04:23:00,0,0.0,CA
16059,2025-12-17 00:48:00,0,0.0,FR
16060,2025-12-31 18:31:00,0,0.0,US
16061,2025-10-20 19:06:00,0,0.0,US
16062,2025-12-16 00:00:00,0,0.0,ES
16063,2025-11-20 22:35:00,0,0.0,US
16064,2026-01-14 05:46:00,0,0.0,FR
16065,2025-10-26 02:22:00,0,0.0,CA
16066,2025-12-06 22:38:00,1,13.15,MX
16067,2025-12-15 16:40:00,0,0.0,US
16068,2025-11-12 05:12:00,0,0.0,US
16069,2025-11-02 20:45:00,0,0.0,ES
16070,2025-10-30 09:16:00,0,0.0,MX
16071,2025-12-18 21:14:00,0,0.0,US
16072,2025-10-21 04:01:00,0,0.0,DE
16073,2025-12-22 02:21:00,0,0.0,US
16074,2025-12-28 16:29:00,0,0.0,BR
16075,2025-11-11 19:49:00,0,0.0,DE
16076,2025-12-03 22:19:00,1,13.23,MX
16077,2025-11-08 16:35:00,0,0.0,US
16078,2025-11-27 21:47:00,0,0.0,DE
16079,2025-12-13 09:45:00,0,0.0,ES
16080,2025-11-20 09:00:00,0,0.0,GB
16081,2026-01-06 19:25:00,1,11.76,ES
16082,2025-10-31 22:20:00,0,0.0,MX
16083,2025-10-15 01:46:00,0,0.0,US
16084,2025-12-21 11:28:00,0,0.0,US
16085,2025-11-20 04:05:00,0,0.0,DE
16086,2025-11-13 19:48:00,0,0.0,ES
16087,2025-11-22 10:18:00,0,0.0,US
16088,2025-10-15 08:21:00,0,0.0,FR
16089,2025-11-30 00:00:00,0,0.0,DE
16090,2025-12-31 21:26:00,0,0.0,US
16091,2025-11-02 01:55:00,0,0.0,FR
16092,2025-12-02 08:28:00,0,0.0,CA
16093,2025-11-23 23:22:00,0,0.0,US
16094,2025-10-15 15:14:00,1,16.49,BR
16095,2025-12-17 06:06:00,0,0.0,US
16096,2025-11-11 22:46:00,0,0.0,BR
16097,2025-12-21 22:09:00,0,0.0,ES
16098,2025-10-15 00:57:00,0,0.0,US
16099,2025-12-03 00:00:00,0,0.0,BR
16100,2025-12-27 08:03:00,0,0.0,MX
16101,2025-12-28 21:42:00,0,0.0,US
16102,2025-12-09 04:38:00,0,0.0,GB
16103,2025-12-13 19:52:00,0,0.0,US
16104,2025-12-21 08:02:00,1,13.72,FR
16105,2025-12-10 08:07:00,0,0.0,FR
16106,2025-12-07 15:38:00,0,0.0,MX
16107,2025-10-31 01:11:00,0,0.0,US
16108,2025-10-28 17:03:00,1,15.19,US
16109,2026-01-03 13:25:00,0,0.0,US
16110,2025-12-08 00:00:00,0,0.0,MX
16111,2025-10-03 01:16:00,0,0.0,BR
16112,2025-11-28 12:55:00,0,0.0,US
16113,2025-11-26 00:00:00,0,0.0,DE
16114,2026-01-08 20:30:00,0,0.0,MX
16115,2025-10-21 12:58:00,0,0.0,ES
16116,2025-10-23 03:16:00,0,0.0,CA
16117,2025-10-07 13:48:00,1,15.7,MX
16118,2025-11-05 07:05:00,0,0.0,DE
16119,2025-12-11 15:53:00,1,12.15,CA
16120,2025-12-02 22:30:00,0,0.0,DE
16121,2025-12-22 23:21:00,0,0.0,BR
16122,2025-11-26 20:11:00,0,0.0,US
16123,2025-11-15 08:23:00,0,0.0,FR
16124,2025-11-12 06:27:00,0,0.0,FR
16125,2025-12-05 00:36:00,0,0.0,US
16126,2025-12-21 14:40:00,1,16.63,US
16127,2025-11-14 19:28:00,0,0.0,BR
16128,2025-10-13 00:00:00,0,0.0,US
16129,2025-11-18 07:21:00,0,0.0,CA
16130,2026-01-01 14:48:00,0,0.0,US
16131,2025-11-30 16:19:00,0,0.0,BR
16132,2025-10-23 22:21:00,0,0.0,MX
16133,2025-11-01 22:43:00,0,0.0,ES
16134,2025-10-30 10:30:00,0,0.0,DE
16135,2025-12-09 07:48:00,0,0.0,US
16136,2025-10-18 19:39:00,0,0.0,GB
16137,2026-01-03 11:54:00,0,0.0,ES
16138,2025-11-07 16:15:00,0,0.0,US
16139,2025-11-19 09:43:00,0,0.0,BR
16140,2025-11-04 01:51:00,0,0.0,US
16141,2025-10-07 04:53:00,0,0.0,US
16142,2025-11-05 21:53:00,0,0.0,MX
16143,2025-12-23 03:11:00,0,0.0,US
16144,2025-12-24 06:10:00,1,9.63,MX
16145,2025-10-04 12:14:00,0,0.0,US
16146,2025-11-16 04:32:00,1,11.56,US
16147,2025-10-19 14:35:00,0,0.0,BR
16148,2025-10-29 00:00:00,0,0.0,US
16149,2025-10-04 08:54:00,0,0.0,US
16150,2025-11-12 15:35:00,1,14.37,ES
16151,2025-10-03 22:43:00,0,0.0,MX
16152,2025-10-07 00:00:00,0,0.0,BR
16153,2025-12-27 01:04:00,0,0.0,US
16154,2025-11-12 01:32:00,0,0.0,ES
16155,2025-12-18 06:24:00,0,0.0,BR
16156,2025-10-19 13:34:00,0,0.0,US
16157,2025-11-03 07:08:00,0,0.0,GB
16158,2025-11-02 23:12:00,0,0.0,GB
16159,2025-10-20 14:45:00,0,0.0,MX
16160,2025-10-29 23:21:00,0,0.0,CA
16161,2026-01-01 21:48:00,1,15.18,US
16162,2025-11-07 01:28:00,0,0.0,DE
16163,2025-11-23 00:01:00,0,0.0,US
16164,2025-10-14 07:07:00,0,0.0,US
16165,2025-10-07 07:15:00,1,13.08,GB
16166,2025-11-12 10:06:00,0,0.0,FR
16167,2025-10-13 18:01:00,0,0.0,FR
16168,2025-12-23 22:21:00,0,0.0,US
16169,2025-10-11 00:00:00,0,0.0,DE
16170,2025-12-08 21:32:00,1,10.89,US
16171,2025-11-30 11:18:00,0,0.0,US
16172,2025-12-04 13:31:00,0,0.0,MX
16173,2025-10-23 00:00:00,0,0.0,BR
16174,2025-12-28 14:56:00,0,0.0,BR
16175,2025-12-19 19:10:00,0,0.0,FR
16176,2025-12-21 12:00:00,0,0.0,MX
16177,2025-11-03 15:09:00,0,0.0,CA
16178,2025-12-14 02:12:00,0,0.0,MX
16179,2025-11-15 07:15:00,0,0.0,US
16180,2025-12-26 00:00:00,0,0.0,DE
16181,2025-10-08 00:00:00,0,0.0,US
16182,2025-11-25 02:52:00,0,0.0,MX
16183,2025-11-03 09:26:00,0,0.0,US
16184,2025-11-26 17:09:00,0,0.0,DE
16185,2025-10-26 04:40:00,0,0.0,CA
16186,2025-12-24 17:46:00,0,0.0,DE
16187,2025-10-24 00:00:00,1,12.74,US
16188,2025-10-12 00:00:00,0,0.0,MX
16189,2025-12-31 01:19:00,0,0.0,FR
16190,2026-01-04 03:42:00,0,0.0,DE
16191,2025-11-25 07:38:00,1,14.83,US
16192,2026-01-07 23:25:00,0,0.0,US
16193,2025-10-20 04:31:00,0,0.0,BR
16194,2025-11-27 18:01:00,0,0.0,ES
16195,2025-11-24 13:22:00,1,12.12,CA
16196,2025-12-20 07:25:00,0,0.0,GB
16197,2025-11-12 19:54:00,0,0.0,GB
16198,2025-11-30 06:18:00,0,0.0,ES
16199,2025-11-03 05:47:00,0,0.0,CA
16200,2025-11-27 23:12:00,0,0.0,US
16201,2026-01-07 04:51:00,0,0.0,US
16202,2025-10-13 01:14:00,0,0.0,FR
16203,2025-11-11 19:49:00,0,0.0,US
16204,2025-11-26 20:33:00,0,0.0,BR
16205,2025-09-29 15:25:00,0,0.0,GB
16206,2025-11-01 23:09:00,0,0.0,FR
16207,2025-12-31 00:00:00,0,0.0,CA
16208,2025-11-14 00:00:00,0,0.0,US
16209,2025-12-25 06:05:00,0,0.0,FR
16210,2025-10-16 09:46:00,0,0.0,GB
16211,2025-11-01 08:54:00,0,0.0,ES
16212,2025-11-22 01:08:00,1,14.89,DE
16213,2025-11-15 23:18:00,0,0.0,GB
16214,2026-01-05 15:47:00,0,0.0,MX
16215,2025-12-31 05:44:00,0,0.0,US
16216,2025-12-20 23:04:00,1,11.57,FR
16217,2025-11-06 13:25:00,0,0.0,CA
16218,2025-12-11 04:01:00,0,0.0,US
16219,2025-10-31 16:26:00,1,8.35,DE
16220,2025-10-14 16:07:00,0,0.0,ES
16221,2025-11-17 07:50:00,0,0.0,DE
16222,2025-12-09 18:41:00,0,0.0,US
16223,2025-12-14 08:29:00,1,10.51,US
16224,2025-10-19 13:44:00,0,0.0,US
16225,2025-10-13 08:12:00,0,0.0,US
16226,2025-12-28 18:36:00,0,0.0,GB
16227,2025-11-14 12:35:00,0,0.0,DE
16228,2025-12-24 12:12:00,0,0.0,US
16229,2025-10-18 00:00:00,0,0.0,CA
16230,2025-12-24 17:00:00,0,0.0,US
16231,2025-12-15 00:00:00,0,0.0,US
16232,2025-11-16 04:03:00,0,0.0,GB
16233,2025-12-17 17:45:00,0,0.0,DE
16234,2025-10-18 04:37:00,0,0.0,GB
16235,2025-11-21 10:52:00,0,0.0,ES
16236,2026-01-04 08:47:00,0,0.0,ES
16237,2025-11-01 00:38:00,0,0.0,ES
16238,2025-10-18 16:09:00,0,0.0,DE
16239,2025-10-23 05:45:00,0,0.0,CA
16240,2025-12-15 15:57:00,0,0.0,DE
16241,2025-12-22 07:18:00,0,0.0,ES
16242,2025-10-30 04:26:00,0,0.0,US
16243,2025-12-15 23:08:00,1,12.56,CA
16244,2025-10-10 00:00:00,0,0.0,US
16245,2025-11-01 15:05:00,0,0.0,FR
16246,2025-12-09 05:58:00,0,0.0,DE
16247,2025-12-13 03:47:00,0,0.0,US
16248,2025-12-06 15:37:00,0,0.0,MX
16249,2025-10-08 00:00:00,0,0.0,US
16250,2025-12-24 05:35:00,0,0.0,US
16251,2025-12-19 10:40:00,0,0.0,MX
16252,2025-12-20 18:00:00,0,0.0,ES
16253,2025-10-26 00:44:00,1,10.5,US
16254,2025-12-26 23:49:00,0,0.0,BR
16255,2025-10-15 17:36:00,0,0.0,DE
16256,2025-12-08 05:25:00,0,0.0,GB
16257,2025-12-30 20:50:00,0,0.0,US
16258,2025-10-24 05:32:00,0,0.0,US
16259,2025-11-30 04:13:00,0,0.0,FR
16260,2025-12-21 00:00:00,0,0.0,US
16261,2025-10-05 00:00:00,0,0.0,MX
16262,2025-11-29 16:24:00,0,0.0,DE
16263,2025-12-29 22:28:00,0,0.0,US
16264,2025-10-18 05:45:00,1,10.8,MX
16265,2025-12-23 10:30:00,0,0.0,ES
16266,2025-11-07 11:39:00,0,0.0,US
16267,2026-01-05 19:11:00,0,0.0,US
16268,2025-10-06 18:06:00,1,11.85,US
16269,2025-12-08 17:22:00,1,16.17,US
16270,2025-11-02 22:00:00,0,0.0,DE
16271,2025-10-14 19:50:00,0,0.0,BR
16272,2026-01-06 11:25:00,0,0.0,GB
16273,2025-11-27 00:00:00,0,0.0,US
16274,2025-10-28 13:58:00,0,0.0,GB
16275,2025-11-27 04:37:00,0,0.0,US
16276,2025-12-18 06:31:00,0,0.0,US
16277,2025-10-27 10:55:00,0,0.0,US
16278,2025-11-20 19:51:00,0,0.0,ES
16279,2025-11-19 20:29:00,0,0.0,US
16280,2025-10-26 18:57:00,0,0.0,US
16281,2025-12-29 15:22:00,0,0.0,CA
16282,2025-11-21 15:33:00,0,0.0,US
16283,2025-12-13 00:26:00,0,0.0,FR
16284,2025-11-27 00:00:00,0,0.0,US
16285,2025-10-07 00:00:00,0,0.0,US
16286,2025-12-31 19:35:00,0,0.0,FR
16287,2025-11-20 11:58:00,0,0.0,DE
16288,2025-11-24 07:04:00,0,0.0,US
16289,2025-12-13 00:33:00,0,0.0,CA
16290,2025-12-15 16:07:00,0,0.0,US
16291,2026-01-13 20:56:00,0,0.0,FR
16292,2025-12-17 12:05:00,0,0.0,FR
16293,2025-12-19 00:00:00,0,0.0,US
16294,2026-01-06 08:03:00,0,0.0,US
16295,2026-01-13 15:13:00,1,17.6,CA
16296,2025-11-08 16:25:00,1,5.76,GB
16297,2025-12-06 12:52:00,0,0.0,FR
16298,2025-12-25 00:35:00,0,0.0,FR
16299,2025-12-18 21:23:00,1,7.35,ES
16300,2025-11-07 02:24:00,0,0.0,BR
16301,2025-10-29 06:22:00,0,0.0,DE
16302,2025-10-29 19:56:00,0,0.0,FR
16303,2025-11-14 13:27:00,0,0.0,DE
16304,2025-11-23 00:30:00,0,0.0,MX
16305,2025-10-22 07:31:00,0,0.0,FR
16306,2025-12-14 03:30:00,0,0.0,GB
16307,2025-12-18 09:28:00,0,0.0,US
16308,2025-11-29 18:26:00,1,12.17,US
16309,2025-12-07 00:00:00,0,0.0,DE
16310,2025-12-01 17:36:00,0,0.0,US
16311,2025-11-21 13:50:00,0,0.0,DE
16312,2025-10-02 07:42:00,0,0.0,DE
16313,2026-01-03 11:20:00,0,0.0,US
16314,2025-10-11 10:35:00,0,0.0,FR
16315,2025-11-15 13:48:00,0,0.0,BR
16316,2025-12-29 00:00:00,0,0.0,ES
16317,2025-11-29 15:02:00,0,0.0,ES
16318,2025-12-15 17:54:00,0,0.0,US
16319,2025-12-08 11:08:00,0,0.0,US
16320,2025-11-20 22:17:00,0,0.0,DE
16321,2025-11-24 06:33:00,0,0.0,MX
16322,2025-12-05 05:44:00,0,0.0,US
16323,2025-12-16 09:23:00,0,0.0,MX
16324,2025-12-29 00:00:00,0,0.0,US
16325,2025-11-20 11:09:00,0,0.0,CA
16326,2025-12-14 02:13:00,0,0.0,US
16327,2025-12-31 08:18:00,0,0.0,GB
16328,2025-10-13 07:56:00,0,0.0,FR
16329,2025-10-05 13:26:00,0,0.0,CA
16330,2025-12-13 13:29:00,0,0.0,US
16331,2025-11-14 00:00:00,0,0.0,FR
16332,2025-12-16 03:38:00,0,0.0,GB
16333,2025-10-16 00:00:00,0,0.0,ES
16334,2025-12-01 01:39:00,0,0.0,FR
16335,2025-12-25 20:44:00,0,0.0,US
16336,2025-11-22 05:10:00,1,13.39,GB
16337,2025-10-16 00:00:00,0,0.0,US
16338,2025-11-13 00:21:00,0,0.0,US
16339,2025-11-29 17:24:00,0,0.0,GB
16340,2025-10-15 07:46:00,0,0.0,US
16341,2025-12-02 22:13:00,0,0.0,US
16342,2025-12-24 21:06:00,1,9.32,ES
16343,2025-11-18 06:01:00,0,0.0,US
16344,2025-12-19 12:48:00,0,0.0,GB
16345,2025-12-25 13:24:00,0,0.0,GB
16346,2025-11-25 12:50:00,0,0.0,BR
16347,2025-10-07 00:00:00,0,0.0,FR
16348,2025-11-22 02:07:00,0,0.0,US
16349,2025-10-31 01:39:00,0,0.0,US
16350,2026-01-06 15:32:00,0,0.0,DE
16351,2025-10-22 00:32:00,0,0.0,US
16352,2025-11-10 09:03:00,0,0.0,US
16353,2025-12-29 22:50:00,0,0.0,MX
16354,2025-10-09 04:37:00,0,0.0,GB
16355,2025-12-22 17:27:00,0,0.0,MX
16356,2025-10-26 22:01:00,0,0.0,DE
16357,2025-11-11 06:20:00,0,0.0,US
16358,2025-11-04 11:14:00,0,0.0,DE
16359,2025-11-26 14:34:00,0,0.0,FR
16360,2025-11-26 15:13:00,0,0.0,BR
16361,2025-11-26 17:27:00,0,0.0,GB
16362,2025-10-29 00:00:00,0,0.0,BR
16363,2025-10-14 04:54:00,0,0.0,US
16364,2025-12-23 12:05:00,0,0.0,US
16365,2025-11-07 00:00:00,0,0.0,DE
16366,2025-09-30 09:14:00,0,0.0,US
16367,2025-11-20 13:32:00,0,0.0,CA
16368,2026-01-07 14:35:00,0,0.0,CA
16369,2025-11-19 11:31:00,0,0.0,FR
16370,2025-11-01 18:06:00,0,0.0,BR
16371,2025-11-25 14:54:00,0,0.0,US
16372,2025-11-26 12:22:00,0,0.0,MX
16373,2025-10-30 11:15:00,0,0.0,US
16374,2025-11-22 19:09:00,0,0.0,US
16375,2025-12-19 18:36:00,0,0.0,GB
16376,2025-10-14 04:24:00,0,0.0,US
16377,2025-11-08 04:18:00,0,0.0,US
16378,2025-11-22 14:30:00,0,0.0,FR
16379,2025-12-25 14:55:00,0,0.0,US
16380,2025-10-24 17:30:00,0,0.0,BR
16381,2025-10-20 00:00:00,0,0.0,ES
16382,2025-10-20 01:45:00,0,0.0,US
16383,2025-11-08 07:58:00,0,0.0,CA
16384,2025-10-07 11:09:00,0,0.0,DE
16385,2025-12-15 13:53:00,0,0.0,DE
16386,2025-11-04 20:26:00,0,0.0,GB
16387,2025-12-04 09:51:00,0,0.0,GB
16388,2025-12-26 18:51:00,0,0.0,US
16389,2026-01-04 07:08:00,0,0.0,US
16390,2025-12-18 12:06:00,0,0.0,US
16391,2025-11-23 00:00:00,0,0.0,FR
16392,2025-11-22 00:45:00,0,0.0,US
16393,2025-11-10 14:07:00,0,0.0,GB
16394,2025-11-01 09:41:00,0,0.0,US
16395,2026-01-02 01:41:00,1,12.57,FR
16396,2025-12-01 22:39:00,0,0.0,DE
16397,2025-12-21 02:37:00,0,0.0,FR
16398,2025-11-24 10:16:00,0,0.0,ES
16399,2025-11-16 00:49:00,1,14.48,GB
16400,2025-10-22 00:00:00,0,0.0,FR
16401,2025-10-01 00:00:00,0,0.0,ES
16402,2025-11-03 20:50:00,0,0.0,US
16403,2025-11-08 06:04:00,0,0.0,US
16404,2025-10-25 00:00:00,0,0.0,DE
16405,2025-12-29 05:09:00,0,0.0,BR
16406,2025-12-28 13:50:00,0,0.0,US
16407,2025-12-04 14:29:00,0,0.0,GB
16408,2025-12-13 00:00:00,0,0.0,GB
16409,2025-10-28 17:44:00,0,0.0,US
16410,2025-11-24 05:54:00,0,0.0,US
16411,2025-12-11 07:19:00,0,0.0,ES
16412,2025-12-27 03:50:00,0,0.0,BR
16413,2025-12-20 06:04:00,0,0.0,US
16414,2025-12-06 04:22:00,0,0.0,DE
16415,2025-10-16 14:34:00,0,0.0,FR
16416,2025-12-26 11:40:00,0,0.0,CA
16417,2026-01-01 02:23:00,0,0.0,DE
16418,2025-10-27 03:10:00,0,0.0,US
16419,2025-10-30 00:00:00,0,0.0,GB
16420,2025-11-22 08:09:00,0,0.0,ES
16421,2025-11-08 21:43:00,0,0.0,DE
16422,2025-12-31 00:21:00,1,9.77,US
16423,2025-12-13 17:29:00,0,0.0,CA
16424,2025-10-27 06:05:00,0,0.0,GB
16425,2025-12-03 12:29:00,0,0.0,MX
16426,2025-11-13 12:19:00,0,0.0,ES
16427,2026-01-05 13:18:00,0,0.0,DE
16428,2025-12-30 23:58:00,0,0.0,MX
16429,2025-11-01 14:30:00,0,0.0,GB
16430,2025-11-08 09:39:00,0,0.0,US
16431,2025-12-20 05:12:00,1,11.31,US
16432,2025-10-08 00:00:00,0,0.0,US
16433,2025-11-16 14:17:00,0,0.0,US
16434,2025-11-19 02:40:00,0,0.0,US
16435,2025-12-15 04:37:00,0,0.0,MX
16436,2025-11-16 17:28:00,0,0.0,US
16437,2025-12-18 11:12:00,0,0.0,US
16438,2025-10-15 00:00:00,0,0.0,US
16439,2025-11-08 05:41:00,0,0.0,CA
16440,2025-11-03 10:36:00,0,0.0,GB
16441,2025-12-30 00:00:00,0,0.0,US
16442,2025-12-05 16:19:00,1,12.4,CA
16443,2025-12-18 19:50:00,0,0.0,ES
16444,2026-01-01 01:22:00,0,0.0,CA
16445,2025-10-17 00:27:00,0,0.0,MX
16446,2025-11-11 20:31:00,0,0.0,MX
16447,2025-12-06 18:37:00,0,0.0,ES
16448,2025-10-16 15:15:00,0,0.0,US
16449,2025-12-27 00:31:00,0,0.0,MX
16450,2025-10-26 20:25:00,0,0.0,DE
16451,2025-11-01 04:30:00,0,0.0,BR
16452,2025-10-15 21:04:00,0,0.0,US
16453,2026-01-02 17:50:00,0,0.0,CA
16454,2025-10-31 00:00:00,0,0.0,US
16455,2025-12-28 21:22:00,0,0.0,GB
16456,2025-12-31 18:35:00,0,0.0,FR
16457,2025-11-04 10:31:00,0,0.0,DE
16458,2025-12-24 09:36:00,0,0.0,US
16459,2025-11-20 02:25:00,0,0.0,DE
16460,2025-11-17 07:21:00,0,0.0,DE
16461,2025-12-21 14:20:00,0,0.0,CA
16462,2026-01-08 11:15:00,0,0.0,US
16463,2025-11-20 20:59:00,0,0.0,ES
16464,2025-12-16 23:39:00,0,0.0,US
16465,2025-11-30 15:23:00,0,0.0,DE
16466,2025-12-26 06:40:00,0,0.0,US
16467,2025-10-16 00:00:00,0,0.0,BR
16468,2026-01-09 10:04:00,0,0.0,GB
16469,2025-10-29 01:40:00,0,0.0,FR
16470,2026-01-05 06:32:00,0,0.0,DE
16471,2025-11-11 02:58:00,0,0.0,US
16472,2025-10-25 11:11:00,1,11.68,FR
16473,2025-11-19 01:33:00,0,0.0,ES
16474,2025-12-14 20:58:00,0,0.0,US
16475,2025-10-03 00:00:00,0,0.0,US
16476,2026-01-01 12:06:00,0,0.0,FR
16477,2025-10-19 11:16:00,0,0.0,BR
16478,2025-11-28 17:42:00,0,0.0,US
16479,2025-10-27 16:33:00,0,0.0,DE
16480,2025-12-14 05:48:00,0,0.0,ES
16481,2025-11-26 00:00:00,0,0.0,US
16482,2025-12-02 06:19:00,0,0.0,FR
16483,2025-10-16 12:42:00,0,0.0,GB
16484,2025-10-28 13:32:00,0,0.0,GB
16485,2025-12-26 03:52:00,0,0.0,US
16486,2025-12-16 01:50:00,0,0.0,ES
16487,2025-11-02 20:43:00,0,0.0,ES
16488,2025-11-27 14:58:00,0,0.0,US
16489,2026-01-11 08:03:00,0,0.0,DE
16490,2025-10-13 13:45:00,0,0.0,CA
16491,2025-10-21 00:00:00,0,0.0,US
16492,2025-12-03 00:00:00,0,0.0,MX
16493,2025-12-02 08:12:00,0,0.0,FR
16494,2025-12-22 01:05:00,0,0.0,BR
16495,2025-11-29 08:47:00,0,0.0,US
16496,2025-11-22 22:25:00,0,0.0,FR
16497,2025-10-27 18:36:00,0,0.0,CA
16498,2025-11-05 07:47:00,0,0.0,BR
16499,2025-11-04 21:45:00,0,0.0,CA
16500,2025-10-18 18:36:00,0,0.0,ES
16501,2025-11-29 16:51:00,0,0.0,BR
16502,2025-11-07 10:32:00,0,0.0,DE
16503,2025-10-29 09:10:00,0,0.0,ES
16504,2025-10-30 04:56:00,0,0.0,BR
16505,2025-10-26 10:41:00,0,0.0,FR
16506,2025-10-08 16:44:00,0,0.0,US
16507,2025-11-19 00:00:00,0,0.0,US
16508,2025-12-15 21:59:00,0,0.0,DE
16509,2025-11-11 16:02:00,0,0.0,GB
16510,2025-12-03 16:09:00,0,0.0,ES
16511,2025-12-29 12:32:00,0,0.0,CA
16512,2025-12-05 15:21:00,0,0.0,US
16513,2025-11-30 05:06:00,0,0.0,CA
16514,2025-11-13 21:12:00,0,0.0,FR
16515,2025-12-30 18:05:00,0,0.0,BR
16516,2025-10-26 14:38:00,0,0.0,US
16517,2025-11-05 17:31:00,1,10.47,MX
16518,2025-10-19 05:02:00,0,0.0,DE
16519,2025-10-12 11:50:00,0,0.0,US
16520,2025-12-29 06:38:00,0,0.0,GB
16521,2025-11-03 04:41:00,0,0.0,MX
16522,2025-11-21 03:03:00,0,0.0,FR
16523,2025-12-13 18:26:00,1,11.21,DE
16524,2025-10-14 22:09:00,0,0.0,DE
16525,2025-12-01 16:21:00,0,0.0,US
16526,2025-12-15 14:25:00,0,0.0,BR
16527,2025-12-22 02:33:00,0,0.0,US
16528,2025-11-24 19:07:00,0,0.0,CA
16529,2025-12-24 18:16:00,0,0.0,US
16530,2025-12-16 16:29:00,0,0.0,MX
16531,2025-12-30 06:25:00,0,0.0,US
16532,2025-12-07 15:35:00,0,0.0,US
16533,2025-11-10 13:09:00,0,0.0,DE
16534,2025-12-14 01:21:00,0,0.0,DE
16535,2025-12-17 00:00:00,0,0.0,DE
16536,2025-11-16 16:09:00,0,0.0,DE
16537,2025-10-31 00:49:00,0,0.0,CA
16538,2025-11-11 20:36:00,0,0.0,US
16539,2025-11-02 00:00:00,0,0.0,US
16540,2025-10-16 18:12:00,0,0.0,BR
16541,2025-12-28 14:38:00,0,0.0,ES
16542,2025-10-20 04:57:00,0,0.0,MX
16543,2025-12-20 00:00:00,0,0.0,MX
16544,2025-11-28 19:42:00,0,0.0,FR
16545,2025-12-26 00:55:00,0,0.0,CA
16546,2026-01-10 17:13:00,0,0.0,US
16547,2025-10-19 00:00:00,0,0.0,ES
16548,2025-12-09 00:00:00,0,0.0,US
16549,2025-11-14 12:43:00,0,0.0,BR
16550,2025-11-18 19:51:00,0,0.0,US
16551,2025-11-09 14:29:00,0,0.0,US
16552,2025-11-27 16:33:00,0,0.0,ES
16553,2025-10-28 21:36:00,0,0.0,GB
16554,2025-10-13 09:34:00,0,0.0,BR
16555,2025-12-07 23:14:00,0,0.0,US
16556,2025-12-26 10:03:00,0,0.0,ES
16557,2025-10-22 10:44:00,0,0.0,MX
16558,2025-10-06 02:10:00,0,0.0,US
16559,2025-10-30 20:09:00,0,0.0,BR
16560,2025-10-30 21:49:00,0,0.0,US
16561,2025-11-29 09:24:00,1,7.15,FR
16562,2026-01-07 01:24:00,0,0.0,CA
16563,2025-10-11 00:00:00,0,0.0,US
16564,2025-11-20 12:26:00,0,0.0,US
16565,2025-12-11 01:54:00,0,0.0,US
16566,2025-11-10 23:45:00,0,0.0,US
16567,2025-12-12 17:06:00,0,0.0,GB
16568,2025-12-18 00:00:00,0,0.0,US
16569,2025-12-26 12:02:00,0,0.0,BR
16570,2025-12-08 18:22:00,0,0.0,FR
16571,2025-11-01 00:00:00,0,0.0,DE
16572,2025-11-17 15:43:00,1,14.61,BR
16573,2025-10-20 14:47:00,1,10.24,CA
16574,2025-11-29 12:27:00,0,0.0,US
16575,2025-11-12 16:48:00,0,0.0,US
16576,2025-11-17 11:06:00,0,0.0,CA
16577,2025-11-19 02:56:00,0,0.0,ES
16578,2025-12-13 23:47:00,0,0.0,BR
16579,2025-11-10 00:57:00,0,0.0,US
16580,2025-10-12 11:55:00,0,0.0,US
16581,2026-01-10 00:08:00,0,0.0,MX
16582,2025-12-08 00:36:00,0,0.0,MX
16583,2025-10-24 00:00:00,1,12.12,US
16584,2025-10-13 00:00:00,0,0.0,BR
16585,2025-10-11 07:16:00,0,0.0,DE
16586,2025-10-29 05:53:00,0,0.0,GB
16587,2025-12-24 00:00:00,0,0.0,DE
16588,2025-10-31 19:11:00,0,0.0,MX
16589,2025-10-23 01:18:00,1,10.58,FR
16590,2025-12-13 08:11:00,0,0.0,US
16591,2025-10-15 14:31:00,0,0.0,BR
16592,2025-12-26 09:40:00,0,0.0,FR
16593,2025-12-21 06:53:00,0,0.0,DE
16594,2025-11-23 10:16:00,0,0.0,ES
16595,2025-11-24 22:13:00,0,0.0,US
16596,2025-12-05 07:58:00,0,0.0,GB
16597,2025-10-29 14:27:00,0,0.0,DE
16598,2025-11-24 00:00:00,0,0.0,CA
16599,2025-12-10 15:42:00,0,0.0,US
16600,2025-11-16 17:50:00,0,0.0,MX
16601,2025-10-23 14:02:00,0,0.0,FR
16602,2025-12-26 00:00:00,0,0.0,US
16603,2025-11-13 21:33:00,0,0.0,DE
16604,2025-12-18 21:21:00,0,0.0,DE
16605,2025-10-16 00:00:00,0,0.0,BR
16606,2025-11-13 00:00:00,0,0.0,MX
16607,2025-12-19 08:34:00,0,0.0,ES
16608,2025-12-20 00:00:00,0,0.0,US
16609,2025-11-26 02:28:00,0,0.0,US
16610,2025-10-18 17:50:00,0,0.0,MX
16611,2025-12-12 17:44:00,0,0.0,US
16612,2025-12-12 07:33:00,0,0.0,US
16613,2025-10-26 00:26:00,0,0.0,US
16614,2025-11-06 17:52:00,0,0.0,ES
16615,2025-11-08 09:31:00,0,0.0,MX
16616,2025-11-06 21:06:00,0,0.0,US
16617,2025-12-30 09:15:00,0,0.0,US
16618,2025-11-20 18:54:00,0,0.0,US
16619,2025-10-21 19:28:00,0,0.0,CA
16620,2025-10-22 00:46:00,0,0.0,US
16621,2025-12-09 11:14:00,0,0.0,FR
16622,2025-11-16 21:15:00,0,0.0,BR
16623,2025-12-01 06:10:00,0,0.0,US
16624,2025-10-11 08:24:00,0,0.0,FR
16625,2025-10-21 05:50:00,0,0.0,MX
16626,2025-12-17 17:38:00,0,0.0,US
16627,2025-11-16 03:47:00,0,0.0,DE
16628,2025-11-08 02:32:00,0,0.0,GB
16629,2025-12-31 10:52:00,0,0.0,MX
16630,2025-11-13 23:49:00,0,0.0,CA
16631,2025-12-29 00:00:00,0,0.0,DE
16632,2025-10-18 06:43:00,0,0.0,ES
16633,2025-12-07 18:13:00,0,0.0,MX
16634,2025-12-06 14:22:00,0,0.0,FR
16635,2025-12-05 15:44:00,0,0.0,BR
16636,2025-11-16 11:08:00,0,0.0,US
16637,2025-12-01 20:43:00,0,0.0,GB
16638,2025-10-11 13:01:00,0,0.0,DE
16639,2025-11-06 06:28:00,1,8.46,US
16640,2026-01-07 16:00:00,0,0.0,US
16641,2025-10-09 21:23:00,0,0.0,US
16642,2025-10-22 05:43:00,0,0.0,US
16643,2025-11-13 17:27:00,0,0.0,US
16644,2025-10-04 00:00:00,0,0.0,MX
16645,2025-11-02 02:32:00,0,0.0,BR
16646,2025-10-28 00:00:00,0,0.0,MX
16647,2026-01-05 15:52:00,0,0.0,FR
16648,2025-12-10 08:18:00,0,0.0,US
16649,2025-12-29 22:10:00,0,0.0,ES
16650,2025-12-27 10:09:00,0,0.0,DE
16651,2025-11-04 01:47:00,0,0.0,US
16652,2025-12-29 19:31:00,1,9.82,US
16653,2025-12-02 19:44:00,0,0.0,US
16654,2025-11-11 13:33:00,0,0.0,GB
16655,2025-12-26 23:39:00,0,0.0,BR
16656,2025-11-03 10:47:00,0,0.0,US
16657,2025-12-20 00:26:00,0,0.0,GB
16658,2025-09-28 03:04:00,0,0.0,US
16659,2025-12-29 19:02:00,0,0.0,DE
16660,2025-11-25 19:42:00,0,0.0,DE
16661,2025-12-01 16:48:00,0,0.0,US
16662,2025-12-22 21:03:00,0,0.0,US
16663,2025-11-05 16:28:00,0,0.0,GB
16664,2025-12-07 00:00:00,0,0.0,US
16665,2025-11-10 22:41:00,0,0.0,BR
16666,2025-12-22 11:12:00,0,0.0,GB
16667,2025-11-03 16:51:00,0,0.0,US
16668,2025-10-28 22:47:00,0,0.0,DE
16669,2025-11-22 15:34:00,0,0.0,CA
16670,2025-11-03 15:53:00,1,11.52,GB
16671,2025-11-11 06:36:00,0,0.0,MX
16672,2025-11-14 12:17:00,0,0.0,GB
16673,2025-10-31 00:00:00,0,0.0,MX
16674,2025-11-26 19:04:00,0,0.0,MX
16675,2025-12-03 02:54:00,0,0.0,MX
16676,2025-11-04 00:00:00,0,0.0,US
16677,2025-12-15 14:59:00,0,0.0,GB
16678,2025-12-29 13:37:00,0,0.0,US
16679,2025-10-21 08:49:00,0,0.0,CA
16680,2025-11-03 02:13:00,0,0.0,DE
16681,2025-11-11 01:54:00,0,0.0,FR
16682,2025-10-18 01:06:00,0,0.0,FR
16683,2025-09-29 01:22:00,0,0.0,DE
16684,2025-11-20 00:29:00,0,0.0,ES
16685,2025-10-21 18:38:00,0,0.0,ES
16686,2025-10-02 00:00:00,0,0.0,CA
16687,2025-12-28 00:00:00,0,0.0,GB
16688,2025-10-13 01:32:00,0,0.0,US
16689,2025-11-18 03:51:00,0,0.0,GB
16690,2025-11-16 02:43:00,0,0.0,US
16691,2025-12-20 19:12:00,0,0.0,FR
16692,2025-12-17 08:48:00,0,0.0,US
16693,2025-10-31 07:38:00,0,0.0,US
16694,2025-11-23 21:37:00,0,0.0,GB
16695,2025-12-30 06:56:00,0,0.0,BR
16696,2025-11-04 22:53:00,0,0.0,GB
16697,2025-12-03 11:20:00,0,0.0,BR
16698,2025-11-08 00:00:00,0,0.0,US
16699,2025-11-01 23:05:00,0,0.0,BR
16700,2025-10-26 02:06:00,0,0.0,MX
16701,2026-01-10 11:35:00,0,0.0,US
16702,2025-10-11 19:22:00,0,0.0,FR
16703,2025-11-10 11:50:00,1,7.81,DE
16704,2025-11-17 14:07:00,0,0.0,GB
16705,2025-11-24 22:08:00,0,0.0,CA
16706,2025-11-24 22:16:00,0,0.0,US
16707,2025-12-11 04:41:00,1,15.75,US
16708,2025-10-24 15:32:00,0,0.0,FR
16709,2025-10-25 08:32:00,0,0.0,MX
16710,2025-11-15 20:24:00,0,0.0,MX
16711,2025-10-10 03:49:00,0,0.0,US
16712,2025-12-07 00:00:00,0,0.0,CA
16713,2025-11-10 23:23:00,0,0.0,GB
16714,2025-10-12 02:49:00,0,0.0,MX
16715,2025-10-13 22:36:00,0,0.0,FR
16716,2025-10-03 00:00:00,0,0.0,US
16717,2025-10-31 18:49:00,0,0.0,US
16718,2025-11-19 22:11:00,0,0.0,FR
16719,2025-12-06 07:41:00,0,0.0,US
16720,2025-11-19 14:36:00,0,0.0,US
16721,2025-12-10 21:10:00,0,0.0,DE
16722,2025-12-22 00:00:00,0,0.0,US
16723,2025-10-22 11:45:00,0,0.0,MX
16724,2025-12-21 14:11:00,0,0.0,US
16725,2026-01-04 12:33:00,0,0.0,ES
16726,2025-10-27 00:00:00,0,0.0,MX
16727,2025-10-20 14:16:00,0,0.0,MX
16728,2025-12-15 00:00:00,0,0.0,GB
16729,2025-10-14 16:27:00,0,0.0,DE
16730,2025-11-16 17:09:00,0,0.0,US
16731,2026-01-05 09:32:00,1,11.85,US
16732,2025-12-04 14:20:00,0,0.0,BR
16733,2025-11-11 19:01:00,0,0.0,MX
16734,2025-10-27 20:07:00,0,0.0,US
16735,2025-11-18 01:11:00,0,0.0,GB
16736,2025-11-01 19:38:00,0,0.0,DE
16737,2025-12-23 20:54:00,0,0.0,ES
16738,2025-12-29 02:51:00,0,0.0,ES
16739,2025-12-30 00:00:00,0,0.0,US
16740,2025-10-23 20:15:00,0,0.0,CA
16741,2025-10-26 07:46:00,0,0.0,DE
16742,2025-10-04 00:00:00,0,0.0,US
16743,2025-11-02 08:44:00,0,0.0,FR
16744,2025-10-21 20:01:00,0,0.0,GB
16745,2025-11-24 07:06:00,1,11.55,US
16746,2025-11-24 00:00:00,1,15.17,FR
16747,2025-12-11 00:00:00,0,0.0,MX
16748,2025-11-23 20:45:00,0,0.0,US
16749,2026-01-01 09:07:00,0,0.0,DE
16750,2025-11-29 06:27:00,1,11.77,FR
16751,2025-12-05 03:30:00,0,0.0,US
16752,2025-11-14 04:17:00,0,0.0,ES
16753,2025-10-26 21:59:00,0,0.0,US
16754,2025-10-15 03:47:00,0,0.0,GB
16755,2025-12-24 01:00:00,0,0.0,MX
16756,2025-10-18 12:28:00,0,0.0,FR
16757,2025-11-27 00:00:00,0,0.0,ES
16758,2026-01-06 10:57:00,0,0.0,US
16759,2025-10-14 21:18:00,0,0.0,MX
16760,2025-12-17 22:35:00,0,0.0,FR
16761,2025-11-21 01:00:00,0,0.0,CA
16762,2025-12-07 01:42:00,1,16.61,US
16763,2026-01-04 03:34:00,0,0.0,MX
16764,2026-01-12 04:06:00,0,0.0,US
16765,2025-10-23 20:05:00,0,0.0,US
16766,2025-12-07 09:09:00,0,0.0,FR
16767,2025-10-11 16:23:00,0,0.0,FR
16768,2025-10-23 19:49:00,0,0.0,DE
16769,2025-10-18 02:11:00,0,0.0,US
16770,2025-11-07 13:06:00,0,0.0,GB
16771,2025-11-18 10:34:00,0,0.0,MX
16772,2025-12-13 14:30:00,0,0.0,GB
16773,2025-12-25 00:00:00,0,0.0,US
16774,2025-12-20 10:10:00,0,0.0,US
16775,2025-12-23 15:45:00,0,0.0,ES
16776,2025-12-10 18:28:00,0,0.0,GB
16777,2025-11-02 00:00:00,0,0.0,GB
16778,2025-12-24 17:32:00,0,0.0,MX
16779,2025-12-05 21:43:00,0,0.0,US
16780,2025-11-18 23:56:00,0,0.0,MX
16781,2025-12-27 16:19:00,0,0.0,FR
16782,2025-10-22 15:00:00,0,0.0,FR
16783,2025-12-07 16:53:00,0,0.0,US
16784,2025-11-21 00:00:00,0,0.0,DE
16785,2025-11-16 23:02:00,0,0.0,GB
16786,2025-12-11 02:03:00,0,0.0,GB
16787,2025-12-28 00:44:00,0,0.0,US
16788,2025-12-14 16:50:00,0,0.0,ES
16789,2025-11-01 04:08:00,0,0.0,BR
16790,2025-10-24 17:28:00,0,0.0,FR
16791,2025-11-29 04:21:00,0,0.0,US
16792,2025-10-30 15:54:00,0,0.0,MX
16793,2025-12-14 00:00:00,0,0.0,US
16794,2026-01-07 18:56:00,0,0.0,CA
16795,2025-12-21 08:40:00,1,10.91,US
16796,2025-12-09 00:00:00,0,0.0,BR
16797,2025-10-12 00:00:00,0,0.0,US
16798,2025-11-04 16:02:00,0,0.0,MX
16799,2025-12-23 02:58:00,0,0.0,US
16800,2025-10-14 21:13:00,0,0.0,GB
16801,2025-12-14 20:58:00,0,0.0,US
16802,2025-12-07 17:36:00,0,0.0,US
16803,2025-10-24 19:34:00,0,0.0,US
16804,2025-12-03 00:00:00,0,0.0,ES
16805,2025-10-26 14:10:00,0,0.0,US
16806,2025-10-08 00:00:00,0,0.0,US
16807,2025-11-23 21:41:00,0,0.0,FR
16808,2025-12-30 00:00:00,0,0.0,CA
16809,2025-12-01 00:44:00,0,0.0,DE
16810,2025-10-31 07:03:00,0,0.0,US
16811,2025-11-29 17:49:00,0,0.0,US
16812,2025-12-07 13:47:00,0,0.0,GB
16813,2025-12-17 13:12:00,0,0.0,US
16814,2025-11-11 23:53:00,0,0.0,US
16815,2025-12-26 08:33:00,0,0.0,CA
16816,2025-10-13 16:05:00,0,0.0,GB
16817,2025-10-27 14:29:00,0,0.0,US
16818,2025-10-27 21:17:00,0,0.0,US
16819,2025-12-25 04:26:00,0,0.0,CA
16820,2025-11-26 07:48:00,0,0.0,GB
16821,2025-12-06 05:32:00,0,0.0,DE
16822,2025-12-24 00:54:00,1,9.67,BR
16823,2025-12-03 05:54:00,0,0.0,US
16824,2025-12-30 04:24:00,1,12.18,ES
16825,2025-10-18 19:08:00,1,13.06,US
16826,2025-11-19 01:53:00,0,0.0,DE
16827,2026-01-05 11:49:00,0,0.0,DE
16828,2025-11-07 13:36:00,0,0.0,GB
16829,2025-10-05 09:12:00,0,0.0,MX
16830,2025-10-27 14:48:00,0,0.0,US
16831,2025-10-10 18:24:00,0,0.0,BR
16832,2025-10-16 21:57:00,0,0.0,US
16833,2025-11-26 10:47:00,0,0.0,ES
16834,2026-01-01 15:56:00,0,0.0,MX
16835,2026-01-01 11:56:00,0,0.0,MX
16836,2025-10-27 23:35:00,0,0.0,ES
16837,2025-12-17 10:46:00,0,0.0,FR
16838,2025-11-09 13:11:00,0,0.0,US
16839,2025-10-30 07:26:00,0,0.0,ES
16840,2025-12-02 02:27:00,0,0.0,FR
16841,2025-12-17 07:24:00,0,0.0,US
16842,2025-12-11 19:47:00,0,0.0,MX
16843,2025-10-23 10:40:00,0,0.0,CA
16844,2026-01-05 13:08:00,0,0.0,BR
16845,2025-10-13 23:11:00,0,0.0,GB
16846,2025-11-05 05:06:00,0,0.0,CA
16847,2025-12-23 07:59:00,0,0.0,GB
16848,2025-10-29 15:37:00,0,0.0,GB
16849,2025-10-25 14:35:00,0,0.0,MX
16850,2025-11-09 19:20:00,0,0.0,US
16851,2025-12-09 15:01:00,0,0.0,US
16852,2025-12-14 00:00:00,0,0.0,CA
16853,2025-12-13 00:00:00,0,0.0,GB
16854,2025-12-16 10:21:00,0,0.0,CA
16855,2025-10-13 22:01:00,0,0.0,US
16856,2026-01-04 13:59:00,0,0.0,US
16857,2025-10-11 22:55:00,0,0.0,GB
16858,2025-11-01 13:50:00,1,12.1,CA
16859,2025-10-03 08:17:00,0,0.0,MX
16860,2025-11-29 01:45:00,0,0.0,FR
16861,2025-12-02 00:10:00,0,0.0,GB
16862,2025-11-27 16:37:00,1,10.62,US
16863,2025-11-10 11:44:00,0,0.0,US
16864,2025-10-06 05:40:00,0,0.0,GB
16865,2025-12-04 00:00:00,0,0.0,FR
16866,2025-11-01 01:27:00,0,0.0,US
16867,2025-11-25 23:00:00,0,0.0,CA
16868,2025-12-06 14:31:00,0,0.0,US
16869,2025-11-17 08:15:00,0,0.0,US
16870,2025-10-12 09:40:00,0,0.0,GB
16871,2025-10-27 19:43:00,0,0.0,CA
16872,2025-12-11 08:36:00,0,0.0,CA
16873,2025-12-14 00:00:00,0,0.0,FR
16874,2025-11-09 05:12:00,0,0.0,US
16875,2025-12-31 03:06:00,0,0.0,US
16876,2025-10-07 20:07:00,0,0.0,US
16877,2025-12-10 09:52:00,0,0.0,US
16878,2025-12-28 00:00:00,0,0.0,BR
16879,2025-11-06 12:15:00,0,0.0,US
16880,2025-12-27 09:41:00,0,0.0,GB
16881,2025-12-31 00:00:00,0,0.0,US
16882,2025-11-05 00:00:00,0,0.0,US
16883,2025-10-10 20:41:00,0,0.0,DE
16884,2025-11-17 23:58:00,0,0.0,US
16885,2025-11-16 10:42:00,0,0.0,BR
16886,2025-12-04 19:57:00,0,0.0,US
16887,2025-12-15 22:19:00,0,0.0,ES
16888,2025-12-28 03:31:00,0,0.0,FR
16889,2025-10-06 22:17:00,0,0.0,US
16890,2025-11-04 18:12:00,0,0.0,ES
16891,2025-11-06 22:47:00,0,0.0,BR
16892,2025-12-05 13:54:00,0,0.0,DE
16893,2025-12-02 12:06:00,0,0.0,FR
16894,2025-12-06 17:32:00,0,0.0,MX
16895,2025-10-03 00:00:00,0,0.0,MX
16896,2025-11-13 16:15:00,0,0.0,US
16897,2025-10-10 09:55:00,0,0.0,GB
16898,2025-11-03 11:09:00,0,0.0,US
16899,2025-11-28 23:06:00,0,0.0,GB
16900,2025-11-27 22:50:00,0,0.0,DE
16901,2025-11-09 21:13:00,0,0.0,GB
16902,2025-10-23 02:14:00,0,0.0,GB
16903,2025-10-23 00:00:00,0,0.0,US
16904,2025-12-20 22:15:00,0,0.0,GB
16905,2025-12-29 02:14:00,0,0.0,CA
16906,2025-11-21 01:40:00,0,0.0,GB
16907,2025-12-05 16:39:00,0,0.0,US
16908,2025-11-30 14:18:00,0,0.0,US
16909,2025-10-29 15:46:00,1,9.59,GB
16910,2025-12-10 05:09:00,0,0.0,US
16911,2026-01-03 21:32:00,0,0.0,FR
16912,2025-12-02 13:25:00,1,9.74,FR
16913,2025-10-12 11:38:00,0,0.0,BR
16914,2025-11-11 21:13:00,0,0.0,US
16915,2025-10-15 16:00:00,0,0.0,US
16916,2025-11-09 21:17:00,0,0.0,US
16917,2025-12-31 03:39:00,0,0.0,DE
16918,2025-11-14 22:11:00,1,13.08,ES
16919,2025-12-10 19:45:00,0,0.0,US
16920,2025-11-11 18:01:00,0,0.0,US
16921,2025-10-09 00:00:00,0,0.0,MX
16922,2025-11-18 00:00:00,0,0.0,ES
16923,2025-12-01 21:58:00,0,0.0,US
16924,2025-12-14 06:27:00,0,0.0,US
16925,2026-01-04 22:24:00,0,0.0,CA
16926,2025-12-30 19:00:00,0,0.0,US
16927,2025-12-20 20:33:00,0,0.0,US
16928,2025-12-10 18:33:00,0,0.0,BR
16929,2025-12-26 14:16:00,0,0.0,US
16930,2025-12-31 14:11:00,1,11.22,US
16931,2025-11-23 11:31:00,0,0.0,MX
16932,2025-12-31 12:03:00,0,0.0,ES
16933,2025-12-04 17:30:00,1,10.15,US
16934,2025-12-18 00:00:00,0,0.0,US
16935,2025-12-06 16:51:00,0,0.0,US
16936,2025-12-30 09:54:00,0,0.0,US
16937,2025-11-29 15:42:00,0,0.0,US
16938,2025-11-07 00:00:00,0,0.0,US
16939,2025-12-03 17:07:00,0,0.0,US
16940,2025-11-22 08:39:00,0,0.0,BR
16941,2025-10-07 08:56:00,0,0.0,US
16942,2025-12-18 09:46:00,0,0.0,FR
16943,2025-11-27 00:00:00,0,0.0,BR
16944,2025-12-26 14:08:00,0,0.0,DE
16945,2025-11-12 23:44:00,0,0.0,US
16946,2025-10-17 13:21:00,0,0.0,DE
16947,2025-11-28 01:35:00,1,12.66,CA
16948,2025-11-27 16:31:00,1,9.94,US
16949,2025-10-13 03:32:00,0,0.0,FR
16950,2025-11-07 12:25:00,0,0.0,MX
16951,2025-10-01 16:56:00,0,0.0,US
16952,2025-10-11 21:11:00,0,0.0,CA
16953,2025-12-04 00:00:00,0,0.0,BR
16954,2025-12-08 15:38:00,0,0.0,US
16955,2025-11-17 08:21:00,0,0.0,MX
16956,2025-10-18 11:31:00,0,0.0,US
16957,2025-10-27 15:42:00,0,0.0,US
16958,2025-12-09 06:48:00,0,0.0,US
16959,2026-01-04 16:37:00,0,0.0,FR
16960,2025-10-15 14:51:00,0,0.0,FR
16961,2025-11-18 15:30:00,0,0.0,US
16962,2025-11-05 02:37:00,0,0.0,DE
16963,2025-10-18 14:55:00,0,0.0,CA
16964,2025-12-23 00:00:00,0,0.0,CA
16965,2025-12-11 00:00:00,0,0.0,US
16966,2025-12-01 23:53:00,0,0.0,US
16967,2025-11-13 07:38:00,0,0.0,CA
16968,2025-10-31 23:45:00,0,0.0,US
16969,2025-12-26 22:30:00,0,0.0,FR
16970,2025-10-24 18:16:00,0,0.0,CA
16971,2025-12-25 12:02:00,0,0.0,US
16972,2025-10-27 14:36:00,0,0.0,CA
16973,2025-10-16 15:28:00,0,0.0,MX
16974,2025-12-22 00:00:00,0,0.0,DE
16975,2025-11-05 21:52:00,0,0.0,US
16976,2025-12-02 07:27:00,0,0.0,MX
16977,2025-12-04 03:56:00,0,0.0,DE
16978,2025-10-29 12:07:00,0,0.0,DE
16979,2025-11-25 06:20:00,0,0.0,US
16980,2025-11-27 06:30:00,0,0.0,CA
16981,2025-11-12 12:32:00,0,0.0,GB
16982,2025-10-18 02:29:00,0,0.0,US
16983,2025-11-03 08:22:00,0,0.0,GB
16984,2025-11-03 23:59:00,0,0.0,US
16985,2025-11-15 21:38:00,0,0.0,US
16986,2025-12-04 19:54:00,0,0.0,US
16987,2025-11-12 14:26:00,0,0.0,GB
16988,2025-12-28 08:58:00,0,0.0,US
16989,2025-11-02 14:16:00,0,0.0,US
16990,2025-12-27 00:00:00,0,0.0,US
16991,2025-10-18 20:08:00,0,0.0,US
16992,2025-12-31 18:19:00,0,0.0,CA
16993,2025-10-18 06:59:00,0,0.0,ES
16994,2025-11-17 01:48:00,0,0.0,FR
16995,2025-11-24 06:05:00,0,0.0,FR
16996,2025-11-05 00:00:00,0,0.0,DE
16997,2025-10-19 10:35:00,0,0.0,FR
16998,2025-12-15 19:35:00,0,0.0,US
16999,2025-11-06 11:01:00,0,0.0,MX
17000,2025-11-30 13:35:00,0,0.0,DE
17001,2025-10-29 00:00:00,0,0.0,ES
17002,2025-10-14 16:54:00,0,0.0,GB
17003,2025-10-23 15:44:00,0,0.0,US
17004,2025-11-14 17:02:00,0,0.0,US
17005,2025-12-25 00:00:00,0,0.0,US
17006,2025-11-18 19:05:00,0,0.0,DE
17007,2025-10-26 00:00:00,0,0.0,DE
17008,2025-11-10 15:33:00,0,0.0,CA
17009,2026-01-06 02:55:00,1,16.97,US
17010,2025-11-01 20:06:00,0,0.0,ES
17011,2025-10-14 00:53:00,0,0.0,FR
17012,2025-10-06 02:06:00,0,0.0,ES
17013,2025-12-16 22:34:00,0,0.0,DE
17014,2025-12-20 00:00:00,0,0.0,ES
17015,2025-12-04 21:51:00,0,0.0,US
17016,2025-12-20 02:27:00,0,0.0,US
17017,2025-11-07 18:38:00,0,0.0,FR
17018,2025-10-20 21:38:00,0,0.0,DE
17019,2025-11-16 00:00:00,0,0.0,US
17020,2026-01-04 15:22:00,0,0.0,BR
17021,2025-11-03 15:54:00,0,0.0,US
17022,2025-11-12 17:13:00,0,0.0,US
17023,2025-12-31 11:26:00,0,0.0,ES
17024,2025-12-16 22:44:00,0,0.0,FR
17025,2025-10-11 10:22:00,0,0.0,US
17026,2025-10-20 00:00:00,0,0.0,GB
17027,2025-11-21 12:05:00,0,0.0,GB
17028,2026-01-05 13:27:00,1,11.05,BR
17029,2025-12-29 02:57:00,0,0.0,MX
17030,2025-12-09 00:00:00,0,0.0,GB
17031,2025-10-18 02:57:00,0,0.0,US
17032,2025-12-09 09:15:00,0,0.0,ES
17033,2025-11-09 14:42:00,0,0.0,GB
17034,2025-12-20 09:01:00,0,0.0,MX
17035,2025-11-07 05:16:00,0,0.0,US
17036,2025-12-09 05:32:00,0,0.0,US
17037,2025-10-02 17:56:00,0,0.0,GB
17038,2025-12-25 08:20:00,0,0.0,US
17039,2025-11-27 18:01:00,1,7.75,GB
17040,2025-11-10 07:08:00,0,0.0,US
17041,2025-11-24 00:00:00,0,0.0,CA
17042,2025-12-08 00:52:00,0,0.0,US
17043,2025-12-10 22:32:00,0,0.0,US
17044,2025-12-06 14:53:00,1,5.04,GB
17045,2025-12-28 00:00:00,0,0.0,FR
17046,2025-11-30 13:23:00,0,0.0,CA
17047,2025-11-24 22:42:00,0,0.0,US
17048,2025-12-23 19:43:00,0,0.0,GB
17049,2025-12-07 00:00:00,0,0.0,US
17050,2025-11-15 19:36:00,0,0.0,FR
17051,2025-12-20 21:39:00,0,0.0,MX
17052,2025-11-29 19:50:00,0,0.0,GB
17053,2025-11-07 03:51:00,0,0.0,US
17054,2025-10-13 00:00:00,0,0.0,MX
17055,2025-12-05 20:02:00,0,0.0,BR
17056,2025-10-24 00:00:00,0,0.0,GB
17057,2025-11-13 19:26:00,0,0.0,DE
17058,2025-12-03 04:20:00,0,0.0,MX
17059,2025-12-30 12:43:00,0,0.0,MX
17060,2025-10-29 16:02:00,1,10.46,CA
17061,2025-10-27 05:43:00,0,0.0,US
17062,2025-10-14 10:29:00,1,16.58,CA
17063,2025-12-16 00:00:00,0,0.0,ES
17064,2025-12-23 04:24:00,0,0.0,GB
17065,2025-10-24 00:00:00,0,0.0,CA
17066,2025-10-11 17:10:00,1,7.3,DE
17067,2025-11-24 14:14:00,0,0.0,US
17068,2025-12-23 04:37:00,1,11.58,CA
17069,2025-11-06 04:58:00,0,0.0,US
17070,2025-11-03 00:00:00,0,0.0,CA
17071,2025-10-04 20:32:00,0,0.0,US
17072,2025-12-25 06:18:00,1,10.85,BR
17073,2025-11-22 12:52:00,0,0.0,US
17074,2025-11-17 02:54:00,1,12.76,MX
17075,2025-12-12 02:20:00,0,0.0,DE
17076,2025-10-24 05:41:00,0,0.0,FR
17077,2025-11-16 00:00:00,0,0.0,GB
17078,2025-11-25 14:58:00,0,0.0,CA
17079,2025-11-14 00:00:00,0,0.0,US
17080,2025-12-22 18:45:00,0,0.0,US
17081,2025-12-09 04:19:00,0,0.0,US
17082,2025-12-04 05:32:00,0,0.0,GB
17083,2025-10-18 05:19:00,1,12.58,DE
17084,2026-01-10 12:08:00,0,0.0,US
17085,2025-12-14 03:22:00,0,0.0,MX
17086,2025-10-26 22:25:00,0,0.0,DE
17087,2025-11-11 13:07:00,0,0.0,GB
17088,2025-10-19 04:35:00,0,0.0,US
17089,2025-11-04 00:00:00,1,12.22,BR
17090,2025-11-24 06:12:00,0,0.0,ES
17091,2025-10-27 15:49:00,0,0.0,FR
17092,2025-10-31 23:38:00,0,0.0,US
17093,2025-11-18 16:22:00,0,0.0,FR
17094,2025-10-06 00:00:00,0,0.0,ES
17095,2025-10-14 06:32:00,0,0.0,ES
17096,2025-11-27 08:43:00,0,0.0,FR
17097,2025-11-04 00:00:00,0,0.0,US
17098,2025-12-26 15:53:00,0,0.0,MX
17099,2026-01-05 07:00:00,0,0.0,GB
17100,2025-12-30 03:20:00,0,0.0,FR
17101,2025-12-19 06:36:00,1,12.52,FR
17102,2025-11-10 02:15:00,0,0.0,CA
17103,2025-12-11 15:24:00,1,11.68,CA
17104,2025-12-02 13:18:00,0,0.0,GB
17105,2025-10-30 23:48:00,0,0.0,US
17106,2025-12-14 15:02:00,0,0.0,CA
17107,2025-11-25 14:58:00,0,0.0,FR
17108,2025-10-07 10:41:00,0,0.0,US
17109,2025-12-17 00:00:00,0,0.0,FR
17110,2025-12-10 12:43:00,0,0.0,US
17111,2025-11-07 14:59:00,0,0.0,US
17112,2025-10-08 13:08:00,0,0.0,CA
17113,2025-11-15 00:00:00,0,0.0,GB
17114,2025-11-23 22:33:00,0,0.0,US
17115,2025-12-22 08:07:00,0,0.0,ES
17116,2025-12-11 23:57:00,0,0.0,BR
17117,2025-12-26 01:33:00,0,0.0,US
17118,2025-11-11 17:49:00,0,0.0,US
17119,2025-11-07 19:27:00,0,0.0,FR
17120,2025-12-25 10:06:00,0,0.0,US
17121,2025-11-02 18:10:00,0,0.0,US
17122,2025-11-11 16:14:00,0,0.0,US
17123,2025-10-28 09:46:00,0,0.0,US
17124,2025-10-16 19:34:00,0,0.0,US
17125,2026-01-02 10:20:00,0,0.0,MX
17126,2025-10-30 19:34:00,0,0.0,FR
17127,2025-10-22 13:09:00,1,5.73,MX
17128,2025-10-10 02:03:00,0,0.0,BR
17129,2025-09-28 09:44:00,0,0.0,US
17130,2025-10-18 18:33:00,0,0.0,US
17131,2025-11-12 05:31:00,0,0.0,GB
17132,2025-11-24 12:15:00,1,11.51,MX
17133,2025-12-22 15:30:00,0,0.0,ES
17134,2025-11-30 20:24:00,1,13.27,CA
17135,2025-10-25 15:52:00,0,0.0,ES
17136,2025-12-18 10:22:00,0,0.0,US
17137,2025-10-22 03:24:00,0,0.0,GB
17138,2025-12-19 18:00:00,0,0.0,DE
17139,2025-10-22 10:19:00,1,6.77,ES
17140,2025-11-21 23:40:00,0,0.0,US
17141,2025-11-23 05:25:00,0,0.0,GB
17142,2025-10-20 18:50:00,0,0.0,ES
17143,2025-10-20 17:04:00,0,0.0,MX
17144,2025-11-08 07:47:00,0,0.0,ES
17145,2025-10-19 21:45:00,0,0.0,FR
17146,2025-11-14 02:46:00,0,0.0,US
17147,2025-12-13 07:05:00,0,0.0,MX
17148,2025-10-02 00:00:00,0,0.0,US
17149,2025-10-20 02:07:00,0,0.0,DE
17150,2025-11-28 01:13:00,0,0.0,US
17151,2025-11-30 05:24:00,0,0.0,GB
17152,2026-01-08 15:21:00,1,9.05,US
17153,2026-01-08 12:53:00,0,0.0,US
17154,2025-10-20 08:47:00,0,0.0,DE
17155,2025-11-01 03:18:00,0,0.0,US
17156,2025-11-02 12:52:00,0,0.0,BR
17157,2025-10-31 00:00:00,0,0.0,FR
17158,2025-12-04 17:29:00,0,0.0,US
17159,2025-12-02 11:21:00,0,0.0,CA
17160,2025-11-19 18:28:00,0,0.0,DE
17161,2026-01-03 22:09:00,0,0.0,GB
17162,2025-12-02 10:44:00,0,0.0,GB
17163,2025-11-25 00:00:00,0,0.0,US
17164,2025-12-10 10:37:00,0,0.0,MX
17165,2025-10-23 09:32:00,0,0.0,FR
17166,2025-11-13 17:58:00,0,0.0,MX
17167,2025-10-30 09:20:00,0,0.0,GB
17168,2025-10-22 00:00:00,1,11.65,GB
17169,2026-01-01 00:00:00,0,0.0,CA
17170,2025-10-12 18:07:00,0,0.0,MX
17171,2026-01-05 23:14:00,0,0.0,CA
17172,2025-10-21 06:15:00,0,0.0,US
17173,2025-12-27 01:34:00,0,0.0,US
17174,2025-10-23 18:37:00,1,14.47,FR
17175,2025-12-09 07:47:00,0,0.0,US
17176,2025-11-15 10:40:00,0,0.0,GB
17177,2025-10-30 00:00:00,0,0.0,US
17178,2025-12-27 10:36:00,0,0.0,BR
17179,2025-11-03 11:44:00,0,0.0,DE
17180,2025-10-28 19:41:00,0,0.0,GB
17181,2025-12-31 13:01:00,0,0.0,MX
17182,2025-10-15 19:18:00,0,0.0,ES
17183,2025-12-12 15:13:00,1,16.03,US
17184,2025-10-10 00:00:00,0,0.0,DE
17185,2025-12-28 13:43:00,0,0.0,US
17186,2025-11-30 01:21:00,0,0.0,MX
17187,2025-10-28 14:14:00,0,0.0,US
17188,2025-11-15 12:12:00,0,0.0,US
17189,2025-11-20 06:08:00,0,0.0,FR
17190,2025-11-21 00:00:00,0,0.0,DE
17191,2025-10-19 17:13:00,0,0.0,US
17192,2025-10-17 21:19:00,0,0.0,US
17193,2025-11-22 19:37:00,0,0.0,US
17194,2025-10-14 19:17:00,0,0.0,FR
17195,2025-10-10 00:00:00,0,0.0,MX
17196,2025-10-14 00:00:00,0,0.0,FR
17197,2025-10-13 17:37:00,1,15.75,GB
17198,2025-11-02 00:00:00,0,0.0,DE
17199,2025-12-12 21:15:00,0,0.0,US
17200,2026-01-04 19:29:00,0,0.0,DE
17201,2025-12-23 10:19:00,0,0.0,US
17202,2026-01-12 17:35:00,0,0.0,GB
17203,2025-12-17 19:38:00,0,0.0,US
17204,2026-01-06 16:25:00,0,0.0,US
17205,2025-10-26 20:33:00,0,0.0,DE
17206,2025-11-04 13:00:00,1,5.77,US
17207,2025-12-05 15:21:00,0,0.0,US
17208,2025-12-01 20:23:00,0,0.0,US
17209,2025-12-04 12:21:00,0,0.0,US
17210,2025-09-30 21:56:00,0,0.0,FR
17211,2025-11-27 15:40:00,0,0.0,FR
17212,2025-12-04 20:04:00,0,0.0,FR
17213,2025-11-21 01:24:00,1,16.18,MX
17214,2025-10-01 00:00:00,0,0.0,GB
17215,2025-10-31 11:21:00,0,0.0,BR
17216,2025-10-25 18:51:00,0,0.0,GB
17217,2025-12-05 00:14:00,0,0.0,GB
17218,2025-12-19 07:20:00,0,0.0,ES
17219,2025-12-05 16:04:00,0,0.0,GB
17220,2025-10-26 13:16:00,0,0.0,US
17221,2025-11-06 22:27:00,0,0.0,DE
17222,2025-11-13 23:30:00,0,0.0,BR
17223,2025-12-14 05:04:00,0,0.0,DE
17224,2025-11-28 00:00:00,1,12.2,US
17225,2025-12-24 13:40:00,1,12.49,US
17226,2025-10-27 15:53:00,0,0.0,MX
17227,2026-01-03 06:03:00,0,0.0,US
17228,2025-11-17 07:47:00,0,0.0,BR
17229,2025-11-11 00:00:00,0,0.0,BR
17230,2025-11-13 15:33:00,0,0.0,GB
17231,2025-10-27 00:00:00,0,0.0,US
17232,2025-11-24 10:24:00,0,0.0,DE
17233,2025-11-14 14:55:00,0,0.0,US
17234,2025-10-12 14:39:00,0,0.0,MX
17235,2025-11-09 21:52:00,1,7.55,CA
17236,2025-10-31 01:01:00,0,0.0,ES
17237,2025-12-28 02:43:00,0,0.0,DE
17238,2025-12-09 01:39:00,0,0.0,FR
17239,2025-12-28 04:25:00,0,0.0,US
17240,2025-12-21 05:02:00,0,0.0,MX
17241,2026-01-06 19:05:00,1,10.85,FR
17242,2025-10-25 13:14:00,0,0.0,FR
17243,2025-10-10 00:00:00,0,0.0,BR
17244,2025-10-19 19:12:00,1,11.08,MX
17245,2025-10-08 00:33:00,0,0.0,US
17246,2025-11-06 09:24:00,1,12.79,MX
17247,2025-12-03 08:08:00,0,0.0,FR
17248,2025-10-31 01:28:00,0,0.0,GB
17249,2025-10-29 11:12:00,0,0.0,FR
17250,2025-12-16 22:14:00,0,0.0,GB
17251,2025-10-20 15:24:00,0,0.0,US
17252,2025-10-29 00:00:00,0,0.0,US
17253,2025-12-21 00:43:00,0,0.0,CA
17254,2025-12-01 10:57:00,0,0.0,FR
17255,2025-12-07 04:48:00,0,0.0,MX
17256,2025-11-26 07:30:00,0,0.0,ES
17257,2025-12-05 15:22:00,0,0.0,MX
17258,2025-11-02 18:29:00,0,0.0,DE
17259,2025-11-17 03:50:00,0,0.0,GB
17260,2025-10-20 08:29:00,0,0.0,US
17261,2025-11-29 12:40:00,0,0.0,MX
17262,2025-11-24 19:45:00,0,0.0,BR
17263,2025-11-24 19:24:00,0,0.0,ES
17264,2025-10-14 15:31:00,0,0.0,DE
17265,2025-10-28 10:31:00,0,0.0,US
17266,2025-12-13 00:00:00,0,0.0,US
17267,2025-11-07 00:00:00,0,0.0,MX
17268,2025-10-26 10:24:00,0,0.0,CA
17269,2025-11-16 18:20:00,0,0.0,CA
17270,2025-11-06 18:14:00,0,0.0,BR
17271,2025-12-25 09:40:00,0,0.0,US
17272,2025-10-30 19:13:00,0,0.0,CA
17273,2025-11-04 00:00:00,0,0.0,US
17274,2025-12-06 15:52:00,0,0.0,US
17275,2026-01-02 07:24:00,0,0.0,FR
17276,2025-10-25 07:38:00,0,0.0,US
17277,2025-11-04 15:40:00,0,0.0,GB
17278,2025-10-18 06:38:00,0,0.0,DE
17279,2025-12-03 00:00:00,0,0.0,US
17280,2026-01-02 08:19:00,0,0.0,US
17281,2025-10-27 15:26:00,0,0.0,US
17282,2025-10-09 17:31:00,0,0.0,FR
17283,2025-11-29 05:16:00,0,0.0,MX
17284,2025-10-07 01:16:00,0,0.0,US
17285,2026-01-10 16:36:00,0,0.0,ES
17286,2025-11-02 18:22:00,1,14.85,GB
17287,2025-11-17 15:59:00,0,0.0,FR
17288,2025-10-19 18:04:00,1,8.56,US
17289,2025-12-11 03:41:00,0,0.0,BR
17290,2025-12-06 15:06:00,0,0.0,DE
17291,2025-11-15 18:22:00,0,0.0,MX
17292,2025-11-02 08:06:00,0,0.0,MX
17293,2025-12-14 13:06:00,0,0.0,US
17294,2025-11-18 08:18:00,0,0.0,US
17295,2025-11-20 05:52:00,0,0.0,US
17296,2025-10-30 10:38:00,0,0.0,MX
17297,2026-01-05 13:43:00,0,0.0,US
17298,2025-12-01 18:53:00,0,0.0,US
17299,2025-11-05 14:44:00,0,0.0,BR
17300,2025-11-12 06:45:00,0,0.0,ES
17301,2025-12-20 13:01:00,0,0.0,US
17302,2025-10-13 23:37:00,0,0.0,MX
17303,2025-11-05 06:00:00,0,0.0,MX
17304,2025-12-16 18:35:00,0,0.0,DE
17305,2025-12-15 00:00:00,0,0.0,BR
17306,2025-11-21 05:09:00,0,0.0,MX
17307,2025-11-03 00:00:00,0,0.0,US
17308,2025-11-15 19:33:00,0,0.0,US
17309,2025-10-28 13:58:00,0,0.0,MX
17310,2025-11-18 00:00:00,0,0.0,US
17311,2025-11-22 02:27:00,0,0.0,US
17312,2025-12-24 00:30:00,0,0.0,US
17313,2025-10-08 08:57:00,0,0.0,DE
17314,2025-11-23 09:20:00,0,0.0,US
17315,2025-12-02 09:34:00,0,0.0,GB
17316,2025-12-11 05:26:00,0,0.0,BR
17317,2025-11-08 12:41:00,0,0.0,GB
17318,2025-10-25 04:37:00,0,0.0,US
17319,2025-11-30 00:00:00,0,0.0,US
17320,2025-12-05 10:28:00,0,0.0,FR
17321,2025-11-30 20:30:00,0,0.0,MX
17322,2025-11-01 12:08:00,1,12.58,GB
17323,2025-12-19 00:00:00,0,0.0,MX
17324,2026-01-05 02:32:00,0,0.0,US
17325,2025-10-25 14:10:00,0,0.0,US
17326,2025-11-29 17:17:00,0,0.0,US
17327,2025-12-09 00:00:00,0,0.0,US
17328,2025-10-18 18:27:00,0,0.0,GB
17329,2025-11-15 00:00:00,0,0.0,ES
17330,2025-12-18 18:08:00,0,0.0,CA
17331,2026-01-03 18:57:00,0,0.0,ES
17332,2025-10-28 13:04:00,0,0.0,US
17333,2025-12-30 00:52:00,0,0.0,US
17334,2025-12-05 07:37:00,0,0.0,GB
17335,2026-01-03 18:40:00,1,12.71,GB
17336,2025-11-29 14:00:00,0,0.0,US
17337,2025-11-11 23:15:00,0,0.0,FR
17338,2025-10-13 17:48:00,0,0.0,ES
17339,2025-12-29 17:59:00,0,0.0,US
17340,2025-12-09 00:00:00,0,0.0,US
17341,2025-11-14 05:39:00,0,0.0,GB
17342,2025-12-05 12:44:00,0,0.0,CA
17343,2025-12-08 23:51:00,0,0.0,MX
17344,2026-01-03 19:26:00,1,10.07,FR
17345,2025-11-13 00:00:00,0,0.0,GB
17346,2025-12-11 09:27:00,0,0.0,US
17347,2025-10-23 23:18:00,0,0.0,US
17348,2025-11-23 04:08:00,0,0.0,FR
17349,2025-12-16 13:55:00,0,0.0,ES
17350,2025-10-30 05:15:00,0,0.0,US
17351,2025-12-08 20:41:00,0,0.0,US
17352,2025-10-23 04:24:00,0,0.0,DE
17353,2025-11-19 14:14:00,0,0.0,US
17354,2025-12-10 06:54:00,0,0.0,US
17355,2025-12-13 00:00:00,0,0.0,CA
17356,2025-12-30 04:35:00,0,0.0,US
17357,2026-01-06 22:55:00,0,0.0,GB
17358,2025-12-11 09:14:00,0,0.0,FR
17359,2025-11-24 03:00:00,0,0.0,US
17360,2025-11-08 11:38:00,0,0.0,GB
17361,2025-10-17 13:51:00,1,14.99,US
17362,2025-11-06 18:48:00,0,0.0,CA
17363,2025-10-28 11:22:00,0,0.0,US
17364,2025-11-09 20:41:00,0,0.0,US
17365,2025-11-23 19:48:00,0,0.0,US
17366,2025-10-09 03:16:00,0,0.0,CA
17367,2025-10-11 06:38:00,0,0.0,US
17368,2025-10-12 15:29:00,0,0.0,GB
17369,2025-10-25 08:03:00,0,0.0,GB
17370,2026-01-01 05:55:00,0,0.0,US
17371,2025-10-06 19:23:00,0,0.0,MX
17372,2025-10-27 00:00:00,0,0.0,US
17373,2026-01-02 08:33:00,0,0.0,US
17374,2025-10-18 04:34:00,0,0.0,ES
17375,2025-12-14 04:01:00,0,0.0,ES
17376,2025-12-14 03:30:00,0,0.0,MX
17377,2025-11-23 00:08:00,0,0.0,DE
17378,2025-12-31 00:23:00,0,0.0,MX
17379,2025-10-13 00:00:00,0,0.0,ES
17380,2025-12-03 15:06:00,0,0.0,GB
17381,2025-11-02 14:10:00,0,0.0,FR
17382,2025-11-29 11:58:00,0,0.0,BR
17383,2025-10-09 16:32:00,0,0.0,BR
17384,2025-11-28 20:36:00,0,0.0,GB
17385,2025-10-12 01:41:00,0,0.0,FR
17386,2025-12-24 02:18:00,0,0.0,US
17387,2025-11-21 02:26:00,0,0.0,GB
17388,2025-12-04 09:06:00,0,0.0,GB
17389,2025-11-15 18:54:00,0,0.0,ES
17390,2025-11-26 13:11:00,0,0.0,CA
17391,2025-12-25 00:00:00,0,0.0,GB
17392,2025-11-27 14:57:00,0,0.0,CA
17393,2025-12-02 21:55:00,0,0.0,BR
17394,2025-12-30 04:50:00,0,0.0,US
17395,2025-11-28 11:57:00,0,0.0,FR
17396,2025-12-31 15:07:00,0,0.0,US
17397,2025-11-08 14:02:00,0,0.0,MX
17398,2025-12-30 21:51:00,0,0.0,US
17399,2025-11-21 21:57:00,0,0.0,ES
17400,2025-10-07 15:06:00,0,0.0,DE
17401,2025-10-25 23:29:00,0,0.0,FR
17402,2025-11-26 00:00:00,0,0.0,DE
17403,2025-11-24 00:00:00,0,0.0,FR
17404,2025-11-04 13:07:00,0,0.0,GB
17405,2025-12-13 16:53:00,0,0.0,US
17406,2025-11-04 07:48:00,0,0.0,US
17407,2025-12-17 17:37:00,0,0.0,DE
17408,2026-01-05 08:55:00,0,0.0,US
17409,2025-10-25 21:15:00,0,0.0,GB
17410,2025-12-06 00:00:00,0,0.0,MX
17411,2025-11-13 00:00:00,0,0.0,FR
17412,2025-12-26 00:00:00,0,0.0,US
17413,2025-10-07 09:41:00,0,0.0,US
17414,2025-11-03 10:38:00,0,0.0,FR
17415,2025-12-14 11:21:00,0,0.0,US
17416,2025-10-13 17:27:00,0,0.0,CA
17417,2025-10-17 20:25:00,0,0.0,DE
17418,2025-10-27 19:13:00,0,0.0,US
17419,2025-11-26 08:33:00,0,0.0,ES
17420,2025-10-28 16:11:00,0,0.0,US
17421,2025-12-11 08:19:00,0,0.0,DE
17422,2025-11-05 15:20:00,0,0.0,FR
17423,2026-01-02 06:59:00,0,0.0,GB
17424,2025-12-05 11:54:00,0,0.0,US
17425,2026-01-06 04:38:00,0,0.0,US
17426,2025-10-22 00:46:00,0,0.0,DE
17427,2025-11-13 22:24:00,0,0.0,DE
17428,2025-11-27 01:18:00,1,19.19,DE
17429,2025-10-17 00:00:00,0,0.0,ES
17430,2025-12-31 02:10:00,0,0.0,GB
17431,2025-10-12 23:34:00,0,0.0,ES
17432,2025-11-09 00:31:00,0,0.0,ES
17433,2025-11-13 00:53:00,0,0.0,BR
17434,2025-11-19 22:45:00,0,0.0,DE
17435,2025-12-05 07:42:00,0,0.0,US
17436,2025-10-10 14:42:00,0,0.0,ES
17437,2025-12-19 20:28:00,0,0.0,MX
17438,2025-11-03 03:40:00,0,0.0,MX
17439,2025-11-07 16:33:00,0,0.0,GB
17440,2025-12-04 12:13:00,0,0.0,FR
17441,2026-01-03 19:11:00,0,0.0,US
17442,2025-11-16 18:40:00,0,0.0,DE
17443,2025-11-22 17:59:00,0,0.0,FR
17444,2025-12-05 20:22:00,0,0.0,CA
17445,2025-10-18 15:54:00,0,0.0,MX
17446,2025-11-05 07:59:00,0,0.0,FR
17447,2025-12-14 05:03:00,0,0.0,US
17448,2025-12-25 01:05:00,0,0.0,DE
17449,2025-12-31 00:12:00,0,0.0,FR
17450,2025-12-19 00:00:00,0,0.0,CA
17451,2025-11-12 00:00:00,0,0.0,US
17452,2025-12-06 13:19:00,0,0.0,US
17453,2025-11-05 05:22:00,0,0.0,US
17454,2025-12-19 23:12:00,0,0.0,FR
17455,2025-10-07 02:40:00,0,0.0,US
17456,2025-12-26 09:25:00,1,14.42,US
17457,2025-11-16 00:00:00,0,0.0,GB
17458,2025-11-23 00:00:00,0,0.0,US
17459,2025-11-09 00:25:00,0,0.0,US
17460,2025-10-29 20:48:00,0,0.0,ES
17461,2025-11-15 00:00:00,0,0.0,ES
17462,2026-01-03 01:28:00,0,0.0,DE
17463,2025-11-10 07:16:00,0,0.0,DE
17464,2025-11-17 02:45:00,0,0.0,CA
17465,2025-12-30 00:01:00,0,0.0,US
17466,2025-10-14 10:07:00,0,0.0,DE
17467,2025-10-13 07:34:00,0,0.0,MX
17468,2025-11-02 04:02:00,0,0.0,US
17469,2025-11-09 00:00:00,0,0.0,US
17470,2025-11-15 20:10:00,0,0.0,DE
17471,2025-10-22 01:59:00,1,15.69,CA
17472,2025-11-23 00:31:00,0,0.0,DE
17473,2025-11-29 15:00:00,0,0.0,US
17474,2025-12-05 00:00:00,0,0.0,US
17475,2025-11-16 20:38:00,0,0.0,US
17476,2025-11-17 09:24:00,0,0.0,US
17477,2025-12-24 07:54:00,1,11.34,US
17478,2025-12-24 00:00:00,0,0.0,ES
17479,2026-01-01 13:17:00,0,0.0,GB
17480,2025-12-27 11:53:00,0,0.0,MX
17481,2025-10-11 13:47:00,0,0.0,US
17482,2025-11-13 16:23:00,0,0.0,DE
17483,2025-10-18 18:42:00,0,0.0,GB
17484,2025-12-16 16:08:00,0,0.0,US
17485,2025-12-21 00:00:00,0,0.0,MX
17486,2025-12-17 18:27:00,0,0.0,FR
17487,2025-12-05 21:46:00,0,0.0,ES
17488,2025-11-07 22:09:00,0,0.0,ES
17489,2025-12-04 00:00:00,0,0.0,BR
17490,2026-01-13 14:36:00,0,0.0,MX
17491,2025-10-11 03:56:00,0,0.0,CA
17492,2025-11-20 21:03:00,0,0.0,US
17493,2025-12-01 00:00:00,0,0.0,US
17494,2025-11-23 00:00:00,0,0.0,FR
17495,2025-12-23 20:30:00,0,0.0,CA
17496,2025-10-09 00:00:00,0,0.0,GB
17497,2025-10-23 07:05:00,0,0.0,ES
17498,2025-10-22 02:40:00,0,0.0,DE
17499,2025-12-02 04:37:00,0,0.0,US
17500,2025-11-26 18:56:00,1,13.6,US
17501,2025-12-14 18:59:00,0,0.0,ES
17502,2025-11-14 08:42:00,0,0.0,US
17503,2025-12-14 09:10:00,0,0.0,GB
17504,2025-12-22 16:05:00,0,0.0,GB
17505,2025-10-16 00:00:00,0,0.0,BR
17506,2025-12-27 00:29:00,0,0.0,US
17507,2025-12-26 19:31:00,0,0.0,ES
17508,2025-10-17 16:37:00,1,13.09,DE
17509,2025-11-24 14:59:00,0,0.0,CA
17510,2025-10-13 23:43:00,1,8.34,US
17511,2025-11-10 00:00:00,0,0.0,CA
17512,2025-10-30 07:00:00,0,0.0,US
17513,2025-10-17 04:40:00,1,10.88,US
17514,2025-12-26 01:42:00,1,9.79,US
17515,2025-12-25 18:37:00,0,0.0,US
17516,2025-11-14 13:26:00,0,0.0,BR
17517,2025-12-07 17:28:00,1,13.38,US
17518,2025-10-18 08:44:00,0,0.0,US
17519,2025-11-25 18:09:00,0,0.0,US
17520,2025-10-21 06:44:00,0,0.0,FR
17521,2025-10-13 02:30:00,0,0.0,US
17522,2025-12-09 00:00:00,0,0.0,ES
17523,2025-10-23 23:05:00,0,0.0,ES
17524,2025-11-07 01:00:00,0,0.0,MX
17525,2025-12-21 00:00:00,0,0.0,FR
17526,2025-11-23 04:12:00,0,0.0,US
17527,2025-11-20 08:02:00,0,0.0,DE
17528,2025-12-30 04:53:00,0,0.0,BR
17529,2025-12-20 06:33:00,0,0.0,GB
17530,2025-11-25 13:11:00,0,0.0,ES
17531,2025-10-24 21:13:00,0,0.0,US
17532,2025-10-19 16:14:00,0,0.0,US
17533,2026-01-02 06:06:00,0,0.0,GB
17534,2025-11-12 02:23:00,0,0.0,US
17535,2025-12-08 00:00:00,0,0.0,ES
17536,2025-12-14 09:25:00,1,11.24,US
17537,2025-10-23 00:00:00,0,0.0,CA
17538,2025-10-09 00:45:00,0,0.0,DE
17539,2025-12-31 23:19:00,0,0.0,FR
17540,2026-01-05 05:23:00,0,0.0,DE
17541,2025-11-10 03:30:00,0,0.0,DE
17542,2025-12-29 18:40:00,0,0.0,CA
17543,2025-11-04 13:21:00,0,0.0,CA
17544,2025-10-30 07:45:00,0,0.0,BR
17545,2025-10-26 20:03:00,0,0.0,US
17546,2026-01-01 09:43:00,0,0.0,BR
17547,2025-10-22 06:14:00,0,0.0,BR
17548,2025-11-22 00:00:00,0,0.0,US
17549,2025-12-01 22:14:00,0,0.0,US
17550,2025-10-21 21:31:00,0,0.0,US
17551,2025-12-16 11:20:00,0,0.0,CA
17552,2025-12-05 00:00:00,0,0.0,BR
17553,2025-10-20 14:51:00,0,0.0,ES
17554,2025-12-01 00:14:00,1,12.69,US
17555,2025-12-18 06:33:00,0,0.0,US
17556,2025-12-14 00:27:00,0,0.0,US
17557,2025-12-07 20:41:00,0,0.0,MX
17558,2026-01-01 06:28:00,0,0.0,BR
17559,2025-10-19 19:51:00,0,0.0,US
17560,2025-12-24 11:25:00,0,0.0,FR
17561,2025-10-16 19:30:00,0,0.0,US
17562,2025-10-16 09:38:00,0,0.0,US
17563,2025-11-11 21:42:00,1,7.65,US
17564,2025-11-07 07:37:00,1,9.57,ES
17565,2025-11-18 22:05:00,0,0.0,MX
17566,2025-11-30 04:55:00,0,0.0,CA
17567,2025-12-04 22:37:00,0,0.0,US
17568,2025-11-12 19:09:00,0,0.0,CA
17569,2026-01-02 00:45:00,0,0.0,DE
17570,2025-11-20 15:08:00,0,0.0,FR
17571,2025-11-17 18:27:00,1,11.24,ES
17572,2025-11-01 16:06:00,0,0.0,US
17573,2025-10-17 03:28:00,0,0.0,US
17574,2025-11-24 05:54:00,0,0.0,US
17575,2025-10-08 03:00:00,0,0.0,US
17576,2025-10-15 07:41:00,0,0.0,FR
17577,2025-12-01 14:30:00,0,0.0,US
17578,2025-11-23 15:52:00,0,0.0,FR
17579,2026-01-05 09:37:00,0,0.0,US
17580,2025-12-24 06:41:00,0,0.0,US
17581,2025-12-18 09:11:00,0,0.0,US
17582,2025-11-03 04:24:00,0,0.0,GB
17583,2025-11-05 02:28:00,0,0.0,ES
17584,2025-12-13 00:47:00,0,0.0,GB
17585,2025-11-30 00:00:00,0,0.0,DE
17586,2025-10-10 11:08:00,0,0.0,MX
17587,2025-12-18 10:36:00,0,0.0,ES
17588,2025-12-31 21:03:00,0,0.0,FR
17589,2026-01-06 13:23:00,0,0.0,ES
17590,2025-10-27 14:52:00,1,16.53,FR
17591,2025-12-06 16:44:00,0,0.0,GB
17592,2025-12-05 03:19:00,0,0.0,FR
17593,2025-11-18 09:15:00,0,0.0,FR
17594,2025-11-25 05:54:00,0,0.0,GB
17595,2025-11-06 14:27:00,0,0.0,US
17596,2025-12-14 13:38:00,0,0.0,MX
17597,2025-12-08 08:21:00,0,0.0,ES
17598,2025-11-20 15:08:00,0,0.0,GB
17599,2025-10-27 19:26:00,0,0.0,CA
17600,2025-11-16 05:52:00,0,0.0,FR
17601,2025-10-12 17:17:00,0,0.0,CA
17602,2025-11-02 11:48:00,0,0.0,CA
17603,2025-11-04 00:00:00,0,0.0,BR
17604,2025-11-13 02:08:00,0,0.0,GB
17605,2025-11-14 09:16:00,0,0.0,BR
17606,2026-01-04 22:02:00,0,0.0,US
17607,2025-12-10 05:32:00,0,0.0,BR
17608,2025-11-24 18:15:00,0,0.0,CA
17609,2025-10-26 06:46:00,0,0.0,GB
17610,2025-11-28 01:19:00,1,12.44,BR
17611,2025-11-01 00:00:00,0,0.0,US
17612,2026-01-07 11:57:00,0,0.0,GB
17613,2025-10-30 16:57:00,0,0.0,ES
17614,2025-12-04 21:13:00,0,0.0,GB
17615,2025-12-07 20:31:00,0,0.0,US
17616,2025-12-04 14:43:00,1,8.46,BR
17617,2025-11-26 18:09:00,0,0.0,US
17618,2025-12-22 07:52:00,0,0.0,CA
17619,2025-10-29 15:40:00,0,0.0,US
17620,2025-10-31 00:00:00,0,0.0,FR
17621,2025-10-24 09:37:00,0,0.0,DE
17622,2026-01-01 19:05:00,0,0.0,BR
17623,2025-12-25 10:45:00,0,0.0,US
17624,2025-12-01 06:18:00,0,0.0,US
17625,2025-12-26 12:05:00,0,0.0,GB
17626,2025-11-07 04:05:00,0,0.0,US
17627,2025-11-30 18:49:00,1,9.74,FR
17628,2026-01-02 17:49:00,0,0.0,FR
17629,2025-12-03 16:33:00,1,17.41,US
17630,2025-12-24 21:28:00,0,0.0,ES
17631,2025-11-18 11:07:00,1,15.53,ES
17632,2025-10-28 14:26:00,0,0.0,US
17633,2025-12-24 11:59:00,0,0.0,MX
17634,2025-12-09 01:39:00,0,0.0,US
17635,2025-12-19 17:31:00,0,0.0,GB
17636,2025-11-20 05:19:00,0,0.0,FR
17637,2025-10-22 03:52:00,0,0.0,US
17638,2025-10-02 00:00:00,0,0.0,US
17639,2025-11-26 09:30:00,0,0.0,CA
17640,2025-11-13 16:01:00,0,0.0,US
17641,2025-11-11 17:46:00,0,0.0,GB
17642,2025-12-08 21:33:00,0,0.0,US
17643,2025-10-25 10:48:00,0,0.0,BR
17644,2025-12-18 15:59:00,0,0.0,US
17645,2025-10-30 12:37:00,0,0.0,US
17646,2025-12-26 00:00:00,0,0.0,DE
17647,2025-10-10 18:47:00,0,0.0,FR
17648,2025-11-28 14:53:00,0,0.0,BR
17649,2025-11-04 06:17:00,0,0.0,BR
17650,2025-10-26 12:54:00,0,0.0,US
17651,2025-12-06 11:02:00,0,0.0,BR
17652,2025-12-11 21:05:00,0,0.0,BR
17653,2025-12-14 21:09:00,0,0.0,US
17654,2025-11-01 12:44:00,0,0.0,DE
17655,2025-11-02 22:03:00,0,0.0,US
17656,2025-11-05 02:03:00,0,0.0,BR
17657,2025-11-01 12:48:00,0,0.0,US
17658,2025-10-09 11:05:00,0,0.0,FR
17659,2025-11-07 08:08:00,0,0.0,CA
17660,2025-11-26 00:00:00,0,0.0,ES
17661,2025-11-25 08:43:00,0,0.0,MX
17662,2025-10-20 20:39:00,0,0.0,DE
17663,2025-12-05 08:01:00,0,0.0,MX
17664,2026-01-09 07:27:00,0,0.0,US
17665,2025-12-03 04:17:00,1,9.55,US
17666,2025-12-17 18:07:00,0,0.0,BR
17667,2025-10-23 19:20:00,0,0.0,DE
17668,2025-12-16 14:15:00,0,0.0,US
17669,2025-10-15 13:26:00,0,0.0,MX
17670,2025-12-15 07:17:00,0,0.0,DE
17671,2025-11-16 00:00:00,0,0.0,US
17672,2025-10-13 18:09:00,0,0.0,US
17673,2025-12-10 12:27:00,0,0.0,US
17674,2025-10-06 11:09:00,0,0.0,DE
17675,2025-12-16 00:48:00,0,0.0,US
17676,2025-12-03 07:31:00,1,10.88,FR
17677,2025-12-02 15:05:00,0,0.0,FR
17678,2025-10-29 10:58:00,0,0.0,BR
17679,2025-11-11 20:49:00,0,0.0,ES
17680,2025-12-08 20:40:00,0,0.0,US
17681,2025-12-22 00:00:00,0,0.0,US
17682,2025-12-02 06:27:00,0,0.0,GB
17683,2025-12-05 16:04:00,0,0.0,DE
17684,2025-12-07 03:23:00,0,0.0,ES
17685,2025-12-19 00:00:00,0,0.0,US
17686,2025-11-03 16:28:00,1,14.62,US
17687,2025-11-13 09:08:00,0,0.0,BR
17688,2026-01-07 11:10:00,0,0.0,CA
17689,2025-11-27 18:35:00,0,0.0,US
17690,2026-01-04 11:50:00,0,0.0,GB
17691,2025-11-29 01:25:00,0,0.0,MX
17692,2025-11-21 07:24:00,0,0.0,GB
17693,2025-12-13 13:01:00,0,0.0,ES
17694,2025-10-31 02:17:00,0,0.0,FR
17695,2025-12-08 12:44:00,0,0.0,US
17696,2025-10-24 00:00:00,0,0.0,US
17697,2025-10-29 00:00:00,0,0.0,GB
17698,2025-11-29 03:35:00,0,0.0,US
17699,2025-10-25 20:53:00,0,0.0,US
17700,2025-11-10 05:02:00,1,7.64,FR
17701,2025-11-17 04:07:00,0,0.0,CA
17702,2025-12-20 00:00:00,0,0.0,DE
17703,2025-11-01 14:11:00,0,0.0,GB
17704,2025-11-06 07:46:00,0,0.0,US
17705,2025-12-31 16:46:00,0,0.0,DE
17706,2026-01-05 07:46:00,0,0.0,DE
17707,2025-12-25 17:39:00,1,9.29,US
17708,2025-12-06 20:20:00,0,0.0,ES
17709,2025-12-14 08:08:00,0,0.0,US
17710,2025-11-10 07:12:00,0,0.0,MX
17711,2025-11-27 09:57:00,0,0.0,MX
17712,2025-12-05 03:07:00,0,0.0,MX
17713,2025-12-27 08:50:00,0,0.0,ES
17714,2025-10-16 08:33:00,0,0.0,US
17715,2025-10-30 01:24:00,0,0.0,DE
17716,2026-01-04 13:42:00,0,0.0,FR
17717,2026-01-03 14:01:00,0,0.0,US
17718,2025-12-05 08:48:00,0,0.0,US
17719,2026-01-09 06:31:00,0,0.0,US
17720,2025-12-27 22:06:00,0,0.0,US
17721,2025-10-13 12:32:00,0,0.0,US
17722,2025-10-28 00:00:00,0,0.0,FR
17723,2025-12-05 02:49:00,0,0.0,US
17724,2025-11-25 00:49:00,0,0.0,US
17725,2026-01-07 03:30:00,0,0.0,US
17726,2025-10-22 19:15:00,0,0.0,US
17727,2025-11-15 01:44:00,0,0.0,BR
17728,2025-10-16 07:26:00,0,0.0,FR
17729,2025-11-30 10:07:00,0,0.0,FR
17730,2025-10-25 10:18:00,0,0.0,US
17731,2025-10-31 00:00:00,0,0.0,FR
17732,2025-11-14 06:49:00,1,9.13,FR
17733,2025-12-30 20:20:00,1,10.05,US
17734,2025-12-11 16:02:00,0,0.0,US
17735,2025-10-16 00:00:00,0,0.0,CA
17736,2025-12-21 06:17:00,0,0.0,DE
17737,2025-10-23 07:55:00,1,11.7,ES
17738,2025-11-01 11:39:00,0,0.0,BR
17739,2025-12-29 14:28:00,0,0.0,CA
17740,2025-12-08 00:00:00,0,0.0,CA
17741,2025-11-06 22:43:00,0,0.0,MX
17742,2025-11-14 09:09:00,0,0.0,US
17743,2025-11-16 00:00:00,0,0.0,GB
17744,2025-10-26 09:23:00,0,0.0,BR
17745,2025-10-24 18:14:00,1,12.03,US
17746,2025-10-02 00:00:00,0,0.0,GB
17747,2025-12-21 16:28:00,0,0.0,DE
17748,2025-10-27 14:59:00,0,0.0,US
17749,2025-11-16 15:05:00,0,0.0,CA
17750,2025-12-07 07:59:00,0,0.0,GB
17751,2025-11-28 00:00:00,0,0.0,DE
17752,2025-11-05 13:56:00,0,0.0,US
17753,2025-10-10 19:12:00,0,0.0,US
17754,2025-10-31 17:53:00,0,0.0,DE
17755,2025-10-23 19:40:00,0,0.0,DE
17756,2025-12-22 00:00:00,0,0.0,US
17757,2025-10-08 09:25:00,0,0.0,CA
17758,2025-12-02 00:00:00,0,0.0,GB
17759,2025-10-27 22:49:00,0,0.0,MX
17760,2025-10-29 20:33:00,0,0.0,DE
17761,2025-11-14 19:32:00,0,0.0,US
17762,2025-11-25 00:00:00,0,0.0,CA
17763,2025-12-15 00:00:00,0,0.0,US
17764,2025-11-13 19:12:00,0,0.0,FR
17765,2025-12-21 16:42:00,0,0.0,US
17766,2025-10-29 22:58:00,0,0.0,DE
17767,2025-11-27 11:13:00,0,0.0,MX
17768,2025-12-18 20:37:00,0,0.0,US
17769,2025-10-28 00:23:00,0,0.0,GB
17770,2025-11-05 01:33:00,0,0.0,US
17771,2025-11-07 19:35:00,0,0.0,US
17772,2026-01-07 09:42:00,0,0.0,FR
17773,2025-12-28 00:53:00,0,0.0,FR
17774,2025-10-16 20:36:00,0,0.0,US
17775,2025-11-07 19:32:00,1,13.26,CA
17776,2025-10-21 22:37:00,0,0.0,GB
17777,2025-12-18 09:31:00,0,0.0,GB
17778,2025-11-09 00:00:00,0,0.0,BR
17779,2025-11-20 00:00:00,0,0.0,US
17780,2025-12-16 04:10:00,0,0.0,DE
17781,2025-10-09 18:53:00,0,0.0,US
17782,2025-10-25 15:46:00,0,0.0,FR
17783,2025-11-13 21:31:00,0,0.0,ES
17784,2025-11-19 01:59:00,0,0.0,US
17785,2025-11-26 06:56:00,0,0.0,GB
17786,2025-11-14 18:33:00,0,0.0,GB
17787,2025-12-01 06:27:00,0,0.0,US
17788,2025-10-04 01:28:00,0,0.0,ES
17789,2025-10-30 14:26:00,0,0.0,MX
17790,2025-11-06 22:03:00,0,0.0,MX
17791,2025-10-25 04:55:00,0,0.0,CA
17792,2025-10-03 00:00:00,0,0.0,CA
17793,2025-12-31 00:00:00,0,0.0,US
17794,2025-10-24 20:46:00,0,0.0,ES
17795,2025-10-27 17:47:00,0,0.0,FR
17796,2025-12-02 01:54:00,0,0.0,DE
17797,2026-01-07 16:17:00,0,0.0,ES
17798,2025-12-28 20:07:00,0,0.0,FR
17799,2025-10-15 00:00:00,0,0.0,GB
17800,2025-11-28 23:53:00,0,0.0,US
17801,2025-12-16 00:30:00,0,0.0,ES
17802,2025-11-15 17:09:00,0,0.0,DE
17803,2025-10-08 02:06:00,0,0.0,BR
17804,2025-11-12 08:17:00,0,0.0,MX
17805,2025-12-24 19:15:00,0,0.0,GB
17806,2025-11-22 12:25:00,0,0.0,DE
17807,2025-12-08 15:07:00,0,0.0,BR
17808,2025-10-29 21:33:00,0,0.0,CA
17809,2025-11-08 18:30:00,0,0.0,US
17810,2025-10-08 15:39:00,0,0.0,CA
17811,2025-10-30 04:14:00,0,0.0,US
17812,2025-12-13 00:00:00,0,0.0,CA
17813,2025-12-26 17:23:00,0,0.0,FR
17814,2025-11-04 02:37:00,0,0.0,DE
17815,2025-11-12 01:19:00,1,19.14,MX
17816,2025-11-26 16:15:00,0,0.0,GB
17817,2025-10-06 02:11:00,0,0.0,CA
17818,2025-11-21 05:13:00,0,0.0,BR
17819,2026-01-10 16:57:00,0,0.0,FR
17820,2025-10-27 00:00:00,0,0.0,ES
17821,2025-12-01 16:09:00,0,0.0,US
17822,2025-11-22 17:57:00,0,0.0,DE
17823,2025-11-08 00:00:00,0,0.0,CA
17824,2025-10-28 04:02:00,0,0.0,MX
17825,2025-12-26 09:38:00,0,0.0,CA
17826,2025-10-24 19:03:00,0,0.0,US
17827,2026-01-02 08:09:00,0,0.0,US
17828,2025-11-14 14:29:00,0,0.0,FR
17829,2025-12-14 21:43:00,0,0.0,BR
17830,2025-12-29 23:08:00,0,0.0,US
17831,2025-10-05 21:08:00,0,0.0,ES
17832,2025-10-30 12:01:00,0,0.0,DE
17833,2026-01-06 19:47:00,0,0.0,DE
17834,2025-12-05 15:45:00,0,0.0,BR
17835,2025-10-16 15:17:00,0,0.0,GB
17836,2025-11-12 03:34:00,0,0.0,US
17837,2025-12-28 15:56:00,1,13.08,US
17838,2025-11-24 15:41:00,0,0.0,GB
17839,2025-12-19 18:47:00,0,0.0,GB
17840,2025-10-13 07:46:00,0,0.0,CA
17841,2025-12-06 08:10:00,0,0.0,DE
17842,2025-11-14 17:53:00,0,0.0,US
17843,2026-01-08 08:19:00,0,0.0,US
17844,2026-01-13 21:25:00,0,0.0,US
17845,2025-10-26 21:23:00,0,0.0,ES
17846,2025-12-17 18:48:00,0,0.0,MX
17847,2025-12-13 18:52:00,0,0.0,BR
17848,2025-11-26 02:53:00,0,0.0,GB
17849,2025-12-07 06:08:00,0,0.0,US
17850,2025-10-22 23:59:00,0,0.0,FR
17851,2025-11-23 00:00:00,0,0.0,ES
17852,2025-10-20 10:37:00,0,0.0,US
17853,2025-11-12 11:04:00,0,0.0,US
17854,2025-11-27 02:20:00,0,0.0,FR
17855,2025-12-03 21:32:00,0,0.0,MX
17856,2025-11-05 22:25:00,0,0.0,US
17857,2025-10-15 19:47:00,0,0.0,ES
17858,2025-10-29 15:06:00,0,0.0,FR
17859,2025-11-28 14:20:00,0,0.0,CA
17860,2025-11-03 01:25:00,0,0.0,GB
17861,2025-12-24 19:09:00,0,0.0,DE
17862,2025-12-07 16:02:00,0,0.0,CA
17863,2025-11-08 23:18:00,0,0.0,BR
17864,2025-10-12 10:13:00,1,14.63,CA
17865,2025-12-14 03:30:00,0,0.0,FR
17866,2025-11-10 00:00:00,0,0.0,US
17867,2025-12-24 04:30:00,0,0.0,MX
17868,2025-10-31 00:00:00,0,0.0,US
17869,2025-12-05 11:48:00,0,0.0,BR
17870,2025-11-12 19:16:00,0,0.0,US
17871,2025-12-31 09:11:00,0,0.0,US
17872,2025-11-07 19:10:00,0,0.0,DE
17873,2025-12-10 09:15:00,0,0.0,BR
17874,2025-12-15 15:02:00,0,0.0,US
17875,2025-12-30 00:00:00,0,0.0,MX
17876,2025-11-22 18:42:00,0,0.0,US
17877,2026-01-08 18:05:00,0,0.0,US
17878,2025-12-09 14:15:00,0,0.0,FR
17879,2025-11-30 23:28:00,0,0.0,US
17880,2025-10-13 20:07:00,0,0.0,DE
17881,2025-12-14 05:18:00,0,0.0,DE
17882,2025-12-01 17:41:00,0,0.0,GB
17883,2025-12-30 13:07:00,1,9.73,DE
17884,2025-10-24 00:00:00,0,0.0,US
17885,2025-12-30 18:27:00,0,0.0,CA
17886,2025-11-24 07:38:00,0,0.0,US
17887,2025-10-12 19:11:00,0,0.0,US
17888,2025-12-28 00:00:00,0,0.0,US
17889,2025-10-24 19:55:00,0,0.0,US
17890,2025-10-17 21:10:00,0,0.0,ES
17891,2026-01-11 21:41:00,0,0.0,CA
17892,2025-10-24 07:27:00,0,0.0,DE
17893,2025-12-16 00:00:00,0,0.0,DE
17894,2025-12-05 00:00:00,0,0.0,DE
17895,2025-11-17 03:53:00,0,0.0,MX
17896,2025-12-20 13:03:00,0,0.0,MX
17897,2025-12-28 00:00:00,0,0.0,US
17898,2025-10-13 20:29:00,0,0.0,FR
17899,2025-11-29 09:43:00,0,0.0,CA
17900,2025-11-15 07:41:00,0,0.0,GB
17901,2025-10-25 19:00:00,0,0.0,FR
17902,2025-11-15 09:32:00,0,0.0,BR
17903,2025-12-27 12:31:00,0,0.0,CA
17904,2025-11-03 13:51:00,0,0.0,FR
17905,2025-12-15 06:33:00,0,0.0,US
17906,2025-12-29 19:56:00,0,0.0,DE
17907,2025-11-19 00:00:00,0,0.0,US
17908,2025-11-22 01:09:00,0,0.0,GB
17909,2025-10-27 13:32:00,0,0.0,US
17910,2026-01-06 10:10:00,0,0.0,FR
17911,2026-01-07 19:49:00,0,0.0,MX
17912,2025-11-29 01:48:00,0,0.0,US
17913,2025-11-06 00:10:00,0,0.0,DE
17914,2025-10-31 07:38:00,0,0.0,US
17915,2025-11-06 00:00:00,0,0.0,US
17916,2025-12-15 00:00:00,0,0.0,FR
17917,2025-10-13 17:58:00,0,0.0,US
17918,2025-10-04 00:00:00,0,0.0,US
17919,2025-12-27 19:56:00,0,0.0,US
17920,2025-12-31 14:09:00,0,0.0,CA
17921,2025-10-31 14:30:00,0,0.0,ES
17922,2025-10-16 03:55:00,0,0.0,US
17923,2025-11-28 02:21:00,0,0.0,ES
17924,2025-12-30 15:35:00,0,0.0,US
17925,2025-11-02 12:34:00,0,0.0,CA
17926,2025-10-15 03:25:00,0,0.0,DE
17927,2025-12-26 11:52:00,0,0.0,FR
17928,2025-10-24 16:35:00,0,0.0,US
17929,2025-12-13 23:46:00,0,0.0,GB
17930,2025-11-09 22:40:00,0,0.0,MX
17931,2025-11-20 09:31:00,0,0.0,US
17932,2025-12-21 19:38:00,0,0.0,ES
17933,2025-12-16 13:50:00,0,0.0,CA
17934,2025-11-21 08:07:00,0,0.0,GB
17935,2025-12-21 13:42:00,0,0.0,DE
17936,2026-01-01 05:50:00,0,0.0,US
17937,2025-12-02 05:57:00,0,0.0,US
17938,2025-11-03 18:30:00,0,0.0,CA
17939,2025-11-01 12:00:00,0,0.0,FR
17940,2025-12-19 10:35:00,0,0.0,FR
17941,2025-10-22 18:24:00,0,0.0,GB
17942,2025-11-30 15:03:00,0,0.0,US
17943,2025-12-21 02:12:00,0,0.0,US
17944,2025-12-21 17:42:00,0,0.0,CA
17945,2025-11-11 17:27:00,0,0.0,CA
17946,2025-12-09 07:22:00,0,0.0,MX
17947,2025-10-12 14:38:00,1,17.07,CA
17948,2025-12-18 01:34:00,0,0.0,US
17949,2025-10-24 13:09:00,0,0.0,DE
17950,2025-10-17 00:00:00,0,0.0,FR
17951,2025-11-28 21:20:00,0,0.0,FR
17952,2025-10-18 04:12:00,0,0.0,US
17953,2025-10-08 00:00:00,0,0.0,BR
17954,2025-10-17 10:02:00,0,0.0,US
17955,2025-10-29 19:58:00,0,0.0,FR
17956,2025-12-28 01:01:00,0,0.0,MX
17957,2025-12-27 16:32:00,0,0.0,US
17958,2025-12-01 16:52:00,0,0.0,DE
17959,2025-11-04 01:03:00,0,0.0,GB
17960,2025-10-29 11:39:00,0,0.0,US
17961,2025-10-08 12:57:00,0,0.0,FR
17962,2025-11-10 19:45:00,0,0.0,US
17963,2025-12-12 14:32:00,0,0.0,FR
17964,2025-12-17 21:22:00,0,0.0,ES
17965,2025-12-08 10:34:00,1,12.56,MX
17966,2025-12-09 20:11:00,0,0.0,GB
17967,2025-11-23 16:36:00,0,0.0,CA
17968,2025-12-08 08:52:00,0,0.0,MX
17969,2025-11-16 10:39:00,1,8.45,FR
17970,2025-12-08 00:00:00,0,0.0,DE
17971,2025-10-10 05:39:00,0,0.0,CA
17972,2025-12-21 12:00:00,1,7.91,FR
17973,2026-01-13 05:18:00,0,0.0,US
17974,2025-11-11 00:57:00,0,0.0,DE
17975,2025-11-14 13:14:00,0,0.0,US
17976,2025-10-27 10:45:00,0,0.0,FR
17977,2025-11-14 22:54:00,0,0.0,US
17978,2026-01-06 01:01:00,0,0.0,MX
17979,2025-12-11 02:42:00,0,0.0,US
17980,2025-12-31 13:48:00,0,0.0,US
17981,2025-12-10 19:04:00,0,0.0,CA
17982,2025-11-07 20:54:00,0,0.0,US
17983,2025-11-24 15:40:00,0,0.0,US
17984,2025-12-15 17:54:00,0,0.0,CA
17985,2025-12-05 20:17:00,0,0.0,DE
17986,2025-11-18 14:31:00,0,0.0,CA
17987,2025-10-29 01:45:00,0,0.0,US
17988,2025-12-09 04:49:00,0,0.0,CA
17989,2025-10-11 16:23:00,1,11.76,CA
17990,2025-12-30 00:29:00,0,0.0,US
17991,2025-11-08 00:23:00,0,0.0,US
17992,2025-11-24 13:32:00,0,0.0,MX
17993,2025-11-06 03:45:00,0,0.0,MX
17994,2025-12-18 23:02:00,0,0.0,GB
17995,2025-11-15 19:44:00,0,0.0,ES
17996,2025-11-09 11:36:00,0,0.0,ES
17997,2025-11-23 13:21:00,0,0.0,GB
17998,2025-12-13 23:24:00,0,0.0,CA
17999,2025-10-23 21:39:00,0,0.0,US
18000,2025-11-03 12:33:00,0,0.0,MX
18001,2025-12-21 00:28:00,0,0.0,US
18002,2025-12-27 09:17:00,0,0.0,GB
18003,2025-10-14 06:19:00,0,0.0,US
18004,2025-10-17 21:12:00,0,0.0,GB
18005,2025-10-30 14:54:00,0,0.0,US
18006,2025-11-11 02:31:00,0,0.0,US
18007,2025-12-05 11:19:00,0,0.0,US
18008,2025-11-20 05:22:00,0,0.0,MX
18009,2025-10-11 17:26:00,0,0.0,US
18010,2025-10-17 04:57:00,0,0.0,US
18011,2025-10-17 05:57:00,0,0.0,US
18012,2025-11-20 22:05:00,0,0.0,US
18013,2025-12-09 08:47:00,0,0.0,US
18014,2025-10-29 00:00:00,0,0.0,US
18015,2025-10-06 14:19:00,0,0.0,DE
18016,2025-12-05 17:43:00,0,0.0,CA
18017,2025-12-20 02:34:00,0,0.0,GB
18018,2025-10-26 12:35:00,0,0.0,GB
18019,2025-11-23 07:59:00,0,0.0,GB
18020,2025-10-28 03:43:00,0,0.0,BR
18021,2025-10-30 21:48:00,0,0.0,FR
18022,2025-10-18 07:34:00,0,0.0,US
18023,2025-12-26 04:05:00,0,0.0,US
18024,2025-10-30 08:47:00,0,0.0,US
18025,2025-11-25 02:39:00,0,0.0,MX
18026,2025-10-09 00:00:00,0,0.0,FR
18027,2025-11-21 02:28:00,0,0.0,MX
18028,2025-12-16 19:43:00,0,0.0,FR
18029,2025-10-26 05:29:00,0,0.0,GB
18030,2025-12-11 06:07:00,0,0.0,US
18031,2025-12-09 17:19:00,0,0.0,US
18032,2025-11-29 22:04:00,1,13.92,GB
18033,2025-12-31 18:12:00,0,0.0,ES
18034,2025-12-01 22:58:00,0,0.0,US
18035,2025-12-15 00:27:00,1,17.07,ES
18036,2025-12-24 02:19:00,0,0.0,GB
18037,2025-12-15 15:17:00,0,0.0,US
18038,2025-12-30 17:15:00,0,0.0,US
18039,2025-12-25 14:04:00,0,0.0,FR
18040,2025-12-31 17:20:00,0,0.0,FR
18041,2025-10-23 03:12:00,0,0.0,GB
18042,2026-01-01 10:01:00,0,0.0,ES
18043,2025-12-20 09:13:00,0,0.0,DE
18044,2025-10-22 12:27:00,0,0.0,ES
18045,2026-01-07 13:05:00,0,0.0,CA
18046,2025-12-02 17:16:00,0,0.0,MX
18047,2025-10-20 12:46:00,0,0.0,US
18048,2025-12-20 23:15:00,0,0.0,US
18049,2025-12-18 14:01:00,1,12.49,US
18050,2025-12-14 18:57:00,1,13.31,US
18051,2025-11-22 11:41:00,0,0.0,ES
18052,2025-11-22 21:21:00,0,0.0,GB
18053,2025-12-07 17:14:00,0,0.0,ES
18054,2025-11-10 23:34:00,0,0.0,US
18055,2025-10-19 00:00:00,0,0.0,GB
18056,2026-01-03 04:54:00,0,0.0,MX
18057,2025-10-30 15:03:00,0,0.0,FR
18058,2025-10-12 13:19:00,0,0.0,US
18059,2025-11-01 18:53:00,0,0.0,GB
18060,2025-10-06 00:00:00,0,0.0,MX
18061,2025-10-22 05:06:00,0,0.0,US
18062,2025-12-03 02:38:00,1,13.78,MX
18063,2025-10-26 00:00:00,0,0.0,US
18064,2025-11-24 12:45:00,0,0.0,US
18065,2025-11-03 19:02:00,0,0.0,US
18066,2025-12-14 21:48:00,0,0.0,FR
18067,2025-12-24 04:40:00,0,0.0,US
18068,2025-10-13 16:12:00,0,0.0,FR
18069,2025-11-13 05:07:00,1,10.31,US
18070,2026-01-03 16:34:00,0,0.0,FR
18071,2025-10-28 14:23:00,0,0.0,ES
18072,2025-12-19 12:35:00,0,0.0,MX
18073,2025-10-26 08:33:00,0,0.0,FR
18074,2025-12-06 10:35:00,0,0.0,US
18075,2025-11-07 00:00:00,0,0.0,US
18076,2025-12-22 12:54:00,0,0.0,DE
18077,2025-11-29 08:41:00,0,0.0,BR
18078,2025-11-09 00:00:00,0,0.0,FR
18079,2025-12-20 15:01:00,0,0.0,BR
18080,2025-11-09 19:11:00,0,0.0,ES
18081,2026-01-02 18:26:00,0,0.0,CA
18082,2025-12-20 10:47:00,1,5.82,CA
18083,2026-01-01 07:25:00,0,0.0,DE
18084,2025-11-12 09:36:00,0,0.0,ES
18085,2025-10-28 12:51:00,0,0.0,US
18086,2025-10-07 06:54:00,0,0.0,US
18087,2025-11-21 00:00:00,0,0.0,DE
18088,2025-11-20 00:00:00,0,0.0,US
18089,2025-11-09 12:04:00,0,0.0,US
18090,2025-12-13 12:58:00,0,0.0,BR
18091,2025-11-11 21:30:00,0,0.0,US
18092,2025-11-21 23:25:00,0,0.0,US
18093,2025-12-30 12:09:00,0,0.0,GB
18094,2025-10-16 23:09:00,0,0.0,CA
18095,2025-12-29 22:46:00,0,0.0,US
18096,2025-12-24 13:40:00,0,0.0,US
18097,2025-11-17 23:56:00,0,0.0,CA
18098,2026-01-03 07:18:00,0,0.0,US
18099,2025-11-11 00:00:00,0,0.0,GB
18100,2025-11-23 00:28:00,0,0.0,US
18101,2025-12-16 00:00:00,0,0.0,CA
18102,2025-11-10 23:12:00,0,0.0,US
18103,2025-10-24 23:04:00,0,0.0,FR
18104,2025-11-03 13:59:00,0,0.0,US
18105,2025-12-28 22:50:00,1,7.6,US
18106,2025-10-29 03:36:00,0,0.0,US
18107,2025-10-16 16:59:00,0,0.0,ES
18108,2025-12-28 14:41:00,0,0.0,MX
18109,2025-11-18 10:39:00,0,0.0,FR
18110,2025-10-15 00:00:00,0,0.0,US
18111,2026-01-05 16:36:00,0,0.0,DE
18112,2025-11-02 01:06:00,0,0.0,GB
18113,2025-12-31 20:54:00,1,7.45,ES
18114,2025-11-30 13:19:00,0,0.0,US
18115,2025-12-24 20:53:00,0,0.0,US
18116,2025-11-13 07:00:00,0,0.0,ES
18117,2025-11-27 09:29:00,0,0.0,ES
18118,2025-12-28 18:28:00,0,0.0,MX
18119,2025-12-20 00:00:00,0,0.0,FR
18120,2025-12-16 01:56:00,0,0.0,FR
18121,2025-10-27 17:43:00,0,0.0,BR
18122,2025-10-20 01:26:00,0,0.0,MX
18123,2025-12-26 01:10:00,0,0.0,US
18124,2025-11-24 07:25:00,0,0.0,GB
18125,2025-12-08 23:53:00,0,0.0,DE
18126,2025-10-12 00:12:00,1,11.54,BR
18127,2025-10-04 16:53:00,0,0.0,DE
18128,2025-12-25 00:48:00,0,0.0,MX
18129,2025-12-30 10:05:00,0,0.0,US
18130,2025-12-27 19:39:00,0,0.0,ES
18131,2026-01-06 16:02:00,1,8.23,US
18132,2025-11-18 22:18:00,0,0.0,US
18133,2026-01-04 21:14:00,1,8.42,US
18134,2025-10-09 00:00:00,0,0.0,GB
18135,2025-12-27 03:00:00,0,0.0,MX
18136,2025-11-28 11:03:00,0,0.0,BR
18137,2025-11-07 10:20:00,1,9.59,MX
18138,2025-12-25 21:42:00,0,0.0,GB
18139,2025-10-24 01:35:00,1,12.43,US
18140,2025-12-14 11:16:00,0,0.0,CA
18141,2026-01-13 02:06:00,0,0.0,BR
18142,2025-11-03 15:58:00,0,0.0,GB
18143,2026-01-08 03:14:00,0,0.0,MX
18144,2025-11-24 00:00:00,0,0.0,US
18145,2026-01-04 12:17:00,0,0.0,GB
18146,2025-12-13 20:06:00,0,0.0,MX
18147,2025-11-02 20:46:00,0,0.0,ES
18148,2025-11-29 23:46:00,0,0.0,US
18149,2025-10-17 21:21:00,0,0.0,GB
18150,2025-12-07 05:46:00,0,0.0,US
18151,2025-11-06 00:00:00,0,0.0,GB
18152,2025-11-10 23:06:00,0,0.0,US
18153,2025-10-21 00:00:00,0,0.0,GB
18154,2025-10-24 08:10:00,0,0.0,GB
18155,2025-12-18 01:43:00,0,0.0,GB
18156,2025-12-24 17:42:00,1,13.28,MX
18157,2025-12-24 13:59:00,0,0.0,MX
18158,2025-11-16 05:56:00,0,0.0,US
18159,2025-11-27 14:20:00,0,0.0,US
18160,2025-10-26 02:41:00,0,0.0,DE
18161,2025-11-24 09:25:00,0,0.0,ES
18162,2025-10-18 17:22:00,0,0.0,US
18163,2026-01-08 15:33:00,0,0.0,BR
18164,2026-01-01 10:03:00,0,0.0,US
18165,2025-12-23 04:00:00,0,0.0,US
18166,2025-10-14 00:00:00,0,0.0,DE
18167,2026-01-09 14:12:00,0,0.0,FR
18168,2025-11-05 22:59:00,0,0.0,GB
18169,2025-11-12 06:57:00,0,0.0,FR
18170,2025-10-24 11:56:00,0,0.0,US
18171,2025-11-19 16:49:00,0,0.0,FR
18172,2025-12-27 15:33:00,0,0.0,US
18173,2025-10-05 00:34:00,0,0.0,US
18174,2025-11-08 11:22:00,0,0.0,US
18175,2025-10-13 13:11:00,0,0.0,US
18176,2025-11-22 04:42:00,1,9.19,BR
18177,2025-11-06 20:52:00,0,0.0,US
18178,2025-12-18 21:27:00,0,0.0,FR
18179,2025-10-17 11:36:00,0,0.0,MX
18180,2025-10-24 05:39:00,0,0.0,ES
18181,2025-10-18 00:00:00,0,0.0,GB
18182,2025-12-03 03:55:00,0,0.0,US
18183,2025-12-02 04:44:00,0,0.0,US
18184,2025-12-27 12:07:00,0,0.0,DE
18185,2025-10-05 00:00:00,0,0.0,BR
18186,2025-12-27 14:21:00,0,0.0,US
18187,2025-10-31 15:30:00,0,0.0,US
18188,2025-12-30 23:12:00,0,0.0,US
18189,2025-12-01 12:47:00,0,0.0,BR
18190,2025-10-27 16:55:00,0,0.0,FR
18191,2025-12-19 16:00:00,0,0.0,CA
18192,2025-11-01 06:48:00,0,0.0,US
18193,2025-11-05 02:43:00,0,0.0,ES
18194,2025-10-25 01:07:00,0,0.0,FR
18195,2025-10-13 08:09:00,0,0.0,US
18196,2026-01-01 00:51:00,0,0.0,US
18197,2025-12-20 00:00:00,0,0.0,CA
18198,2025-10-03 00:00:00,0,0.0,ES
18199,2025-10-20 11:53:00,0,0.0,US
18200,2025-10-06 23:46:00,0,0.0,ES
18201,2025-11-17 12:06:00,0,0.0,GB
18202,2025-10-25 18:49:00,0,0.0,CA
18203,2025-12-24 08:59:00,0,0.0,CA
18204,2025-11-11 08:51:00,0,0.0,GB
18205,2025-12-12 20:38:00,0,0.0,US
18206,2025-12-22 06:18:00,0,0.0,US
18207,2025-11-20 13:15:00,0,0.0,DE
18208,2025-12-01 13:30:00,0,0.0,US
18209,2025-11-24 20:24:00,0,0.0,DE
18210,2025-12-03 01:45:00,0,0.0,US
18211,2025-10-18 14:07:00,0,0.0,GB
18212,2025-10-14 05:57:00,0,0.0,US
18213,2026-01-04 23:15:00,0,0.0,BR
18214,2025-12-11 05:25:00,0,0.0,MX
18215,2025-12-22 14:36:00,0,0.0,DE
18216,2025-12-24 20:37:00,0,0.0,GB
18217,2025-11-23 12:37:00,0,0.0,GB
18218,2025-10-10 04:06:00,0,0.0,US
18219,2025-10-15 06:15:00,0,0.0,FR
18220,2025-12-22 20:40:00,0,0.0,FR
18221,2025-11-23 18:06:00,0,0.0,MX
18222,2025-11-20 09:12:00,0,0.0,GB
18223,2025-12-16 11:32:00,0,0.0,US
18224,2025-11-03 16:58:00,0,0.0,US
18225,2025-11-13 04:36:00,0,0.0,BR
18226,2025-12-20 16:43:00,0,0.0,MX
18227,2025-12-13 04:34:00,0,0.0,US
18228,2025-10-21 08:20:00,0,0.0,FR
18229,2025-12-16 00:30:00,0,0.0,GB
18230,2025-11-19 15:47:00,1,11.56,US
18231,2025-11-25 00:00:00,0,0.0,ES
18232,2025-11-29 21:21:00,0,0.0,BR
18233,2025-10-27 10:45:00,1,12.22,MX
18234,2025-11-16 14:26:00,0,0.0,FR
18235,2025-12-20 17:45:00,0,0.0,US
18236,2025-11-22 17:18:00,0,0.0,US
18237,2025-10-30 10:26:00,0,0.0,ES
18238,2025-11-19 08:00:00,0,0.0,US
18239,2025-10-23 17:04:00,0,0.0,MX
18240,2025-10-30 00:00:00,1,7.72,ES
18241,2025-10-25 01:18:00,0,0.0,US
18242,2026-01-04 11:11:00,0,0.0,ES
18243,2025-12-11 00:00:00,0,0.0,US
18244,2025-10-29 02:29:00,0,0.0,FR
18245,2025-11-01 09:33:00,0,0.0,US
18246,2025-12-22 07:15:00,0,0.0,MX
18247,2025-12-29 09:56:00,0,0.0,ES
18248,2025-11-02 11:49:00,0,0.0,DE
18249,2025-11-26 18:25:00,0,0.0,GB
18250,2025-10-14 18:18:00,0,0.0,MX
18251,2025-10-23 23:21:00,1,12.22,DE
18252,2025-12-22 13:48:00,0,0.0,GB
18253,2025-11-07 23:01:00,0,0.0,US
18254,2025-11-27 12:09:00,0,0.0,GB
18255,2025-11-11 14:35:00,0,0.0,DE
18256,2025-12-06 09:33:00,0,0.0,GB
18257,2025-10-12 00:00:00,0,0.0,US
18258,2025-11-25 01:19:00,0,0.0,CA
18259,2025-11-10 18:52:00,0,0.0,US
18260,2025-12-22 15:10:00,1,8.43,CA
18261,2025-11-10 23:51:00,0,0.0,CA
18262,2025-12-28 02:20:00,0,0.0,DE
18263,2025-10-04 09:16:00,0,0.0,DE
18264,2025-11-16 13:52:00,0,0.0,US
18265,2025-12-26 23:33:00,0,0.0,DE
18266,2025-12-25 12:05:00,0,0.0,GB
18267,2025-12-01 18:50:00,0,0.0,US
18268,2025-12-21 21:00:00,0,0.0,BR
18269,2025-11-02 13:10:00,0,0.0,US
18270,2025-11-28 16:55:00,0,0.0,US
18271,2025-11-17 17:20:00,0,0.0,US
18272,2026-01-06 11:42:00,0,0.0,DE
18273,2025-10-16 12:07:00,0,0.0,US
18274,2025-10-14 08:13:00,0,0.0,US
18275,2025-12-16 19:13:00,0,0.0,MX
18276,2025-11-15 22:55:00,0,0.0,CA
18277,2025-12-10 05:29:00,0,0.0,US
18278,2025-11-27 02:36:00,0,0.0,MX
18279,2025-11-08 18:34:00,0,0.0,ES
18280,2025-10-13 17:21:00,0,0.0,MX
18281,2025-12-26 03:20:00,0,0.0,FR
18282,2025-10-12 17:49:00,0,0.0,FR
18283,2025-12-01 17:55:00,0,0.0,US
18284,2025-12-03 04:29:00,0,0.0,MX
18285,2026-01-02 07:41:00,0,0.0,MX
18286,2025-10-14 13:19:00,0,0.0,DE
18287,2025-10-28 00:00:00,0,0.0,GB
18288,2025-12-24 12:32:00,0,0.0,GB
18289,2025-11-02 17:14:00,0,0.0,FR
18290,2026-01-05 10:25:00,0,0.0,US
18291,2025-11-07 00:46:00,0,0.0,US
18292,2025-10-15 18:44:00,0,0.0,MX
18293,2026-01-01 05:23:00,0,0.0,GB
18294,2025-10-23 04:14:00,0,0.0,GB
18295,2026-01-05 00:32:00,0,0.0,FR
18296,2025-12-20 14:28:00,0,0.0,US
18297,2025-12-12 10:11:00,1,15.82,US
18298,2025-12-15 02:49:00,0,0.0,US
18299,2025-11-09 23:23:00,0,0.0,GB
18300,2025-12-11 07:14:00,1,10.43,US
18301,2025-10-12 13:26:00,0,0.0,DE
18302,2025-11-29 09:49:00,0,0.0,BR
18303,2025-11-16 09:55:00,0,0.0,US
18304,2025-12-19 22:48:00,0,0.0,BR
18305,2025-10-25 11:57:00,0,0.0,MX
18306,2025-11-09 02:32:00,0,0.0,FR
18307,2025-11-24 05:05:00,1,9.47,DE
18308,2025-12-16 13:26:00,0,0.0,US
18309,2025-10-07 01:18:00,0,0.0,US
18310,2025-10-25 00:53:00,0,0.0,FR
18311,2025-10-19 12:19:00,1,10.95,FR
18312,2025-11-16 07:11:00,0,0.0,FR
18313,2025-11-13 00:00:00,0,0.0,CA
18314,2025-12-27 08:12:00,0,0.0,US
18315,2025-12-13 00:00:00,0,0.0,BR
18316,2025-11-08 00:00:00,0,0.0,ES
18317,2025-12-16 04:26:00,0,0.0,BR
18318,2025-11-27 23:26:00,0,0.0,GB
18319,2025-10-12 00:00:00,0,0.0,US
18320,2025-11-16 03:33:00,0,0.0,CA
18321,2025-10-08 00:00:00,0,0.0,US
18322,2025-11-10 01:39:00,0,0.0,US
18323,2025-11-03 01:48:00,0,0.0,US
18324,2025-10-14 20:06:00,0,0.0,US
18325,2025-11-30 10:28:00,1,12.49,MX
18326,2025-12-12 01:05:00,0,0.0,GB
18327,2026-01-04 12:01:00,0,0.0,BR
18328,2025-12-23 22:09:00,0,0.0,CA
18329,2025-12-22 00:00:00,0,0.0,US
18330,2025-12-27 13:35:00,0,0.0,MX
18331,2026-01-02 21:44:00,0,0.0,FR
18332,2025-11-08 10:23:00,0,0.0,FR
18333,2025-10-12 02:07:00,0,0.0,FR
18334,2025-10-24 00:00:00,0,0.0,FR
18335,2025-12-27 04:13:00,0,0.0,BR
18336,2025-12-13 23:21:00,0,0.0,MX
18337,2025-12-04 17:27:00,0,0.0,US
18338,2025-11-15 23:49:00,0,0.0,DE
18339,2025-10-28 04:06:00,0,0.0,BR
18340,2025-11-23 00:00:00,0,0.0,CA
18341,2025-11-28 13:41:00,0,0.0,US
18342,2025-11-23 16:15:00,0,0.0,US
18343,2026-01-05 21:44:00,0,0.0,GB
18344,2025-12-19 15:40:00,0,0.0,MX
18345,2025-11-07 21:21:00,0,0.0,DE
18346,2025-11-18 00:00:00,0,0.0,US
18347,2025-12-25 13:59:00,0,0.0,GB
18348,2025-10-08 05:01:00,1,17.16,FR
18349,2025-11-19 15:39:00,0,0.0,US
18350,2025-11-15 19:09:00,0,0.0,ES
18351,2025-11-23 06:50:00,0,0.0,US
18352,2025-12-09 05:09:00,0,0.0,DE
18353,2025-10-17 00:00:00,0,0.0,BR
18354,2026-01-07 11:51:00,0,0.0,US
18355,2026-01-07 11:27:00,0,0.0,CA
18356,2025-11-04 00:39:00,0,0.0,US
18357,2025-12-15 03:01:00,0,0.0,DE
18358,2025-12-08 06:13:00,0,0.0,US
18359,2025-11-20 22:36:00,0,0.0,ES
18360,2025-11-13 12:31:00,0,0.0,ES
18361,2025-11-11 17:09:00,0,0.0,FR
18362,2025-11-26 12:52:00,0,0.0,US
18363,2025-10-15 02:56:00,0,0.0,GB
18364,2025-12-30 22:49:00,0,0.0,DE
18365,2025-12-25 16:52:00,0,0.0,CA
18366,2025-11-25 04:10:00,0,0.0,CA
18367,2025-12-13 17:00:00,0,0.0,DE
18368,2025-11-11 10:34:00,0,0.0,US
18369,2025-11-25 00:36:00,0,0.0,CA
18370,2025-11-17 12:09:00,0,0.0,FR
18371,2025-11-13 12:36:00,0,0.0,DE
18372,2025-11-22 20:10:00,0,0.0,ES
18373,2025-12-25 21:45:00,0,0.0,FR
18374,2025-11-26 04:00:00,1,9.13,US
18375,2025-11-02 03:53:00,0,0.0,ES
18376,2026-01-01 12:51:00,0,0.0,US
18377,2025-10-23 11:14:00,0,0.0,BR
18378,2026-01-02 16:35:00,0,0.0,BR
18379,2025-11-01 23:09:00,0,0.0,GB
18380,2025-10-12 00:00:00,0,0.0,GB
18381,2025-10-16 09:21:00,0,0.0,US
18382,2025-11-30 07:44:00,0,0.0,FR
18383,2025-10-06 11:06:00,0,0.0,US
18384,2026-01-02 20:51:00,0,0.0,DE
18385,2025-10-30 20:22:00,0,0.0,US
18386,2025-12-13 07:16:00,0,0.0,FR
18387,2026-01-02 08:10:00,1,14.99,FR
18388,2025-10-12 11:15:00,0,0.0,US
18389,2025-10-09 07:37:00,0,0.0,BR
18390,2025-10-20 10:18:00,0,0.0,MX
18391,2025-12-24 10:41:00,0,0.0,ES
18392,2025-12-12 16:40:00,0,0.0,US
18393,2025-12-21 10:40:00,0,0.0,US
18394,2025-12-31 00:34:00,0,0.0,CA
18395,2025-10-06 08:32:00,0,0.0,US
18396,2025-12-17 00:26:00,0,0.0,US
18397,2025-11-19 20:51:00,0,0.0,DE
18398,2025-12-09 23:02:00,0,0.0,CA
18399,2025-11-11 03:26:00,0,0.0,US
18400,2025-12-16 16:23:00,0,0.0,US
18401,2025-12-28 16:16:00,0,0.0,FR
18402,2025-11-15 11:48:00,0,0.0,MX
18403,2025-12-26 11:33:00,0,0.0,US
18404,2025-11-09 23:14:00,0,0.0,MX
18405,2025-11-18 16:46:00,0,0.0,US
18406,2025-11-10 12:48:00,0,0.0,MX
18407,2025-11-24 00:27:00,0,0.0,US
18408,2026-01-04 12:05:00,0,0.0,CA
18409,2025-11-18 12:29:00,0,0.0,ES
18410,2025-10-27 12:37:00,0,0.0,MX
18411,2025-10-29 20:32:00,0,0.0,DE
18412,2025-10-15 02:56:00,0,0.0,US
18413,2025-11-20 20:15:00,0,0.0,US
18414,2025-12-10 08:45:00,0,0.0,US
18415,2025-12-12 00:00:00,0,0.0,US
18416,2025-12-29 12:45:00,1,10.92,MX
18417,2025-11-05 10:44:00,0,0.0,GB
18418,2025-11-26 07:59:00,1,13.13,US
18419,2025-10-29 12:48:00,1,11.53,GB
18420,2025-12-01 15:31:00,0,0.0,MX
18421,2025-11-18 17:20:00,0,0.0,DE
18422,2025-11-30 13:23:00,0,0.0,DE
18423,2025-11-12 20:54:00,0,0.0,ES
18424,2025-12-07 15:20:00,0,0.0,GB
18425,2025-12-20 09:01:00,0,0.0,US
18426,2025-10-27 10:39:00,0,0.0,US
18427,2025-12-11 16:50:00,0,0.0,CA
18428,2025-10-14 01:57:00,0,0.0,FR
18429,2025-12-26 03:19:00,0,0.0,FR
18430,2025-11-17 18:25:00,0,0.0,US
18431,2025-11-10 19:03:00,0,0.0,FR
18432,2025-10-23 09:16:00,0,0.0,CA
18433,2025-12-11 00:00:00,0,0.0,GB
18434,2025-11-27 20:25:00,0,0.0,GB
18435,2025-11-23 16:47:00,0,0.0,MX
18436,2025-12-14 20:21:00,0,0.0,BR
18437,2025-11-20 00:00:00,0,0.0,MX
18438,2025-11-28 00:06:00,0,0.0,GB
18439,2025-10-11 00:00:00,0,0.0,FR
18440,2025-10-21 19:59:00,0,0.0,BR
18441,2025-12-18 08:03:00,1,9.2,FR
18442,2025-10-26 14:54:00,0,0.0,MX
18443,2025-10-26 00:00:00,0,0.0,US
18444,2025-10-30 16:06:00,0,0.0,BR
18445,2025-12-05 14:03:00,0,0.0,US
18446,2025-12-28 07:32:00,0,0.0,DE
18447,2025-12-11 20:59:00,0,0.0,US
18448,2025-12-12 03:00:00,0,0.0,GB
18449,2025-11-09 22:10:00,0,0.0,US
18450,2025-10-19 09:29:00,1,11.46,GB
18451,2025-11-13 13:16:00,1,11.09,GB
18452,2025-10-11 22:52:00,0,0.0,GB
18453,2025-11-13 12:24:00,0,0.0,US
18454,2025-12-17 17:43:00,0,0.0,MX
18455,2025-12-13 22:30:00,0,0.0,DE
18456,2025-11-23 00:00:00,0,0.0,MX
18457,2025-12-12 02:35:00,0,0.0,US
18458,2025-10-19 21:16:00,0,0.0,DE
18459,2025-10-26 17:15:00,0,0.0,GB
18460,2025-11-17 14:19:00,0,0.0,MX
18461,2025-11-25 22:07:00,0,0.0,FR
18462,2025-10-17 00:00:00,0,0.0,GB
18463,2025-12-28 17:56:00,0,0.0,ES
18464,2025-12-09 22:15:00,0,0.0,GB
18465,2025-12-07 10:08:00,0,0.0,ES
18466,2025-12-14 04:27:00,0,0.0,DE
18467,2026-01-12 19:13:00,0,0.0,MX
18468,2026-01-05 18:06:00,1,15.65,US
18469,2025-12-22 12:45:00,0,0.0,DE
18470,2025-12-01 20:37:00,0,0.0,CA
18471,2025-11-21 22:34:00,0,0.0,FR
18472,2025-11-04 19:35:00,0,0.0,FR
18473,2025-11-13 22:23:00,0,0.0,FR
18474,2025-11-18 19:32:00,0,0.0,BR
18475,2025-11-07 01:13:00,0,0.0,GB
18476,2025-12-08 03:11:00,0,0.0,GB
18477,2025-10-31 07:01:00,0,0.0,MX
18478,2026-01-08 20:22:00,0,0.0,CA
18479,2025-12-05 00:38:00,0,0.0,ES
18480,2025-11-16 13:13:00,0,0.0,US
18481,2025-12-28 00:00:00,0,0.0,FR
18482,2026-01-02 13:53:00,0,0.0,US
18483,2025-12-12 00:00:00,0,0.0,US
18484,2025-11-26 00:00:00,0,0.0,DE
18485,2025-10-28 11:28:00,0,0.0,US
18486,2025-11-01 18:23:00,0,0.0,GB
18487,2025-11-11 01:29:00,0,0.0,US
18488,2025-12-08 06:49:00,0,0.0,FR
18489,2025-10-21 14:27:00,0,0.0,BR
18490,2026-01-08 00:34:00,0,0.0,US
18491,2025-12-30 00:00:00,0,0.0,BR
18492,2025-12-30 18:22:00,0,0.0,DE
18493,2025-12-10 12:52:00,0,0.0,FR
18494,2025-12-24 17:19:00,0,0.0,US
18495,2025-11-14 10:36:00,0,0.0,ES
18496,2025-12-16 15:24:00,0,0.0,FR
18497,2025-11-05 22:51:00,0,0.0,US
18498,2025-12-11 10:16:00,0,0.0,GB
18499,2025-12-14 16:43:00,0,0.0,MX
18500,2025-11-01 00:00:00,0,0.0,GB
18501,2025-10-24 13:53:00,1,16.1,US
18502,2025-12-02 18:34:00,0,0.0,ES
18503,2025-11-21 18:22:00,0,0.0,GB
18504,2025-12-01 19:13:00,0,0.0,BR
18505,2025-10-17 17:49:00,0,0.0,ES
18506,2025-11-22 04:41:00,0,0.0,CA
18507,2026-01-01 00:00:00,0,0.0,BR
18508,2025-12-31 01:21:00,0,0.0,GB
18509,2025-11-01 00:45:00,0,0.0,GB
18510,2025-10-14 18:35:00,0,0.0,US
18511,2025-12-07 23:48:00,0,0.0,BR
18512,2025-10-31 10:31:00,0,0.0,CA
18513,2026-01-05 01:54:00,0,0.0,DE
18514,2025-12-06 00:00:00,0,0.0,CA
18515,2025-11-18 07:32:00,0,0.0,MX
18516,2025-10-03 00:00:00,0,0.0,BR
18517,2025-12-20 00:00:00,0,0.0,US
18518,2025-11-20 16:35:00,0,0.0,BR
18519,2025-11-05 00:00:00,0,0.0,FR
18520,2025-10-13 00:00:00,0,0.0,GB
18521,2025-12-07 14:26:00,0,0.0,MX
18522,2025-11-09 00:00:00,0,0.0,US
18523,2025-11-04 11:02:00,0,0.0,BR
18524,2026-01-05 17:29:00,0,0.0,CA
18525,2025-12-24 00:58:00,0,0.0,CA
18526,2025-11-19 09:42:00,0,0.0,GB
18527,2025-11-28 17:42:00,0,0.0,ES
18528,2025-10-31 00:00:00,0,0.0,MX
18529,2025-11-20 00:37:00,0,0.0,US
18530,2025-11-19 22:32:00,0,0.0,GB
18531,2025-12-07 00:00:00,1,16.97,MX
18532,2025-11-12 18:25:00,0,0.0,FR
18533,2026-01-05 04:09:00,0,0.0,DE
18534,2025-11-16 02:37:00,0,0.0,CA
18535,2025-11-15 09:40:00,0,0.0,FR
18536,2025-10-03 02:39:00,0,0.0,BR
18537,2025-12-20 17:13:00,0,0.0,GB
18538,2025-12-15 00:00:00,0,0.0,US
18539,2025-12-11 22:03:00,0,0.0,US
18540,2025-10-17 00:00:00,0,0.0,FR
18541,2025-12-29 00:00:00,0,0.0,US
18542,2025-12-08 00:00:00,0,0.0,GB
18543,2026-01-03 10:49:00,0,0.0,ES
18544,2025-11-09 12:47:00,0,0.0,FR
18545,2025-10-11 11:29:00,0,0.0,US
18546,2025-11-03 01:42:00,0,0.0,US
18547,2025-12-10 19:44:00,0,0.0,CA
18548,2025-10-23 00:00:00,0,0.0,US
18549,2025-11-23 10:30:00,0,0.0,GB
18550,2025-11-03 22:20:00,0,0.0,GB
18551,2025-10-21 01:29:00,0,0.0,GB
18552,2025-10-21 06:43:00,0,0.0,FR
18553,2025-11-29 18:45:00,1,11.11,US
18554,2025-12-17 23:41:00,0,0.0,US
18555,2025-11-01 14:05:00,0,0.0,US
18556,2026-01-02 19:25:00,0,0.0,FR
18557,2025-10-14 16:35:00,0,0.0,US
18558,2025-11-10 09:21:00,0,0.0,US
18559,2025-12-28 01:11:00,0,0.0,GB
18560,2025-11-06 00:00:00,0,0.0,GB
18561,2025-11-09 02:49:00,0,0.0,FR
18562,2025-11-03 03:39:00,0,0.0,DE
18563,2025-10-17 12:47:00,0,0.0,FR
18564,2025-12-14 13:05:00,0,0.0,FR
18565,2025-10-31 07:35:00,0,0.0,US
18566,2025-12-25 00:00:00,0,0.0,ES
18567,2025-12-21 00:00:00,0,0.0,US
18568,2026-01-14 09:45:00,0,0.0,US
18569,2026-01-03 16:30:00,0,0.0,FR
18570,2025-12-21 12:21:00,0,0.0,US
18571,2025-11-24 08:38:00,0,0.0,US
18572,2025-12-19 23:16:00,0,0.0,BR
18573,2025-12-31 15:22:00,0,0.0,FR
18574,2025-11-01 06:51:00,0,0.0,US
18575,2025-11-12 19:34:00,1,14.42,FR
18576,2025-11-10 06:14:00,0,0.0,ES
18577,2025-10-25 08:02:00,0,0.0,BR
18578,2025-11-14 23:04:00,0,0.0,US
18579,2026-01-06 01:38:00,0,0.0,US
18580,2025-12-19 01:05:00,0,0.0,US
18581,2025-11-18 23:00:00,0,0.0,MX
18582,2025-12-26 22:16:00,0,0.0,CA
18583,2025-10-31 08:39:00,0,0.0,US
18584,2025-11-22 00:20:00,0,0.0,CA
18585,2025-11-26 00:00:00,0,0.0,US
18586,2025-10-28 23:50:00,0,0.0,FR
18587,2025-12-26 00:00:00,0,0.0,FR
18588,2025-11-10 04:37:00,0,0.0,MX
18589,2025-12-25 02:26:00,1,12.58,US
18590,2025-12-27 10:02:00,0,0.0,US
18591,2025-12-23 00:00:00,0,0.0,GB
18592,2025-12-12 05:05:00,1,11.13,ES
18593,2025-10-31 20:49:00,0,0.0,DE
18594,2025-10-29 10:28:00,0,0.0,US
18595,2025-12-09 05:32:00,0,0.0,US
18596,2025-12-15 07:06:00,0,0.0,US
18597,2025-11-21 15:44:00,0,0.0,BR
18598,2025-10-12 01:59:00,0,0.0,CA
18599,2025-12-01 15:05:00,0,0.0,MX
18600,2025-10-05 00:00:00,0,0.0,US
18601,2025-10-30 23:10:00,0,0.0,US
18602,2025-11-07 20:29:00,0,0.0,DE
18603,2025-10-15 14:04:00,0,0.0,US
18604,2026-01-03 16:11:00,0,0.0,US
18605,2026-01-01 00:50:00,0,0.0,US
18606,2025-12-19 04:50:00,1,13.97,US
18607,2025-11-12 05:32:00,0,0.0,FR
18608,2025-12-04 13:16:00,0,0.0,US
18609,2025-10-29 11:09:00,0,0.0,ES
18610,2025-10-12 10:33:00,0,0.0,ES
18611,2025-12-17 09:05:00,0,0.0,US
18612,2025-12-08 22:59:00,0,0.0,DE
18613,2025-11-01 04:42:00,1,10.48,US
18614,2025-11-25 18:56:00,1,11.62,GB
18615,2025-12-12 00:49:00,1,9.45,ES
18616,2025-12-18 19:35:00,0,0.0,MX
18617,2025-11-08 15:15:00,0,0.0,US
18618,2025-10-17 22:34:00,0,0.0,GB
18619,2025-12-22 00:57:00,0,0.0,GB
18620,2025-12-17 06:01:00,1,10.9,US
18621,2025-10-17 22:49:00,0,0.0,BR
18622,2025-11-09 22:51:00,0,0.0,MX
18623,2025-12-03 00:00:00,0,0.0,CA
18624,2025-10-29 05:17:00,1,9.35,CA
18625,2025-09-30 20:57:00,0,0.0,ES
18626,2025-12-09 13:49:00,1,8.59,GB
18627,2025-10-09 00:00:00,0,0.0,CA
18628,2025-10-06 00:00:00,0,0.0,BR
18629,2025-11-26 02:51:00,0,0.0,GB
18630,2025-12-20 16:11:00,0,0.0,FR
18631,2025-12-07 08:29:00,0,0.0,MX
18632,2026-01-01 15:39:00,0,0.0,DE
18633,2025-12-12 02:35:00,1,11.48,US
18634,2025-10-21 10:39:00,0,0.0,DE
18635,2025-12-28 02:34:00,0,0.0,GB
18636,2025-12-05 13:36:00,0,0.0,US
18637,2026-01-09 06:05:00,0,0.0,GB
18638,2025-11-05 22:00:00,0,0.0,US
18639,2025-11-29 16:16:00,0,0.0,FR
18640,2025-12-11 05:24:00,0,0.0,BR
18641,2025-12-16 03:28:00,0,0.0,US
18642,2025-12-12 17:24:00,0,0.0,DE
18643,2025-10-28 13:02:00,0,0.0,US
18644,2025-12-06 13:25:00,0,0.0,US
18645,2025-11-22 20:21:00,0,0.0,BR
18646,2025-12-07 01:59:00,0,0.0,DE
18647,2025-10-12 08:22:00,0,0.0,GB
18648,2025-12-22 00:12:00,0,0.0,DE
18649,2025-11-19 21:41:00,0,0.0,GB
18650,2025-11-16 23:06:00,0,0.0,CA
18651,2026-01-01 22:54:00,0,0.0,US
18652,2025-10-28 00:00:00,0,0.0,US
18653,2025-11-13 02:21:00,0,0.0,FR
18654,2025-11-19 20:38:00,0,0.0,US
18655,2025-11-19 10:55:00,0,0.0,US
18656,2025-10-19 10:11:00,0,0.0,FR
18657,2025-11-30 17:25:00,0,0.0,US
18658,2025-12-18 22:52:00,0,0.0,BR
18659,2025-11-09 07:34:00,0,0.0,FR
18660,2025-11-01 21:28:00,0,0.0,MX
18661,2025-10-06 12:31:00,0,0.0,DE
18662,2025-12-02 15:13:00,0,0.0,US
18663,2025-11-06 03:18:00,0,0.0,DE
18664,2025-12-16 17:01:00,1,11.04,GB
18665,2025-10-13 07:52:00,0,0.0,GB
18666,2025-12-31 16:34:00,0,0.0,US
18667,2025-10-15 08:37:00,0,0.0,GB
18668,2025-12-28 23:24:00,0,0.0,DE
18669,2025-11-27 12:13:00,0,0.0,FR
18670,2025-10-07 13:22:00,0,0.0,US
18671,2025-11-19 14:03:00,0,0.0,FR
18672,2026-01-02 22:08:00,0,0.0,GB
18673,2025-12-31 00:00:00,0,0.0,BR
18674,2025-12-03 01:27:00,0,0.0,DE
18675,2025-12-14 09:06:00,0,0.0,DE
18676,2025-10-23 00:00:00,0,0.0,BR
18677,2025-12-27 22:17:00,1,11.95,FR
18678,2025-11-17 23:58:00,0,0.0,FR
18679,2025-12-22 15:27:00,0,0.0,DE
18680,2025-12-29 04:47:00,0,0.0,US
18681,2025-12-22 00:00:00,0,0.0,CA
18682,2026-01-08 02:53:00,0,0.0,ES
18683,2025-10-06 00:00:00,0,0.0,BR
18684,2025-11-25 19:12:00,0,0.0,US
18685,2025-10-30 12:40:00,0,0.0,DE
18686,2025-12-21 19:01:00,0,0.0,US
18687,2025-12-22 03:35:00,1,8.59,ES
18688,2025-10-21 19:56:00,0,0.0,GB
18689,2025-11-07 18:04:00,0,0.0,ES
18690,2025-11-29 11:57:00,0,0.0,US
18691,2025-11-04 17:46:00,0,0.0,FR
18692,2025-10-12 14:57:00,0,0.0,US
18693,2025-10-11 05:49:00,0,0.0,US
18694,2025-10-28 14:56:00,0,0.0,DE
18695,2025-10-18 10:22:00,0,0.0,ES
18696,2025-10-23 17:02:00,0,0.0,ES
18697,2026-01-02 21:51:00,0,0.0,US
18698,2025-10-19 02:28:00,0,0.0,BR
18699,2025-12-16 20:59:00,0,0.0,GB
18700,2025-12-25 14:48:00,0,0.0,US
18701,2025-11-07 23:34:00,1,12.0,DE
18702,2025-10-17 19:35:00,0,0.0,CA
18703,2025-12-13 10:04:00,0,0.0,FR
18704,2025-11-30 18:13:00,0,0.0,BR
18705,2025-10-23 23:45:00,0,0.0,CA
18706,2025-10-19 15:18:00,1,16.34,MX
18707,2025-11-05 00:48:00,0,0.0,CA
18708,2025-12-11 05:37:00,0,0.0,MX
18709,2025-12-15 23:45:00,0,0.0,GB
18710,2025-10-30 17:06:00,0,0.0,US
18711,2025-11-07 14:55:00,0,0.0,US
18712,2025-10-23 07:52:00,1,14.84,GB
18713,2025-12-02 00:00:00,0,0.0,MX
18714,2025-12-02 06:49:00,0,0.0,FR
18715,2025-11-05 00:00:00,0,0.0,US
18716,2025-11-28 08:30:00,0,0.0,DE
18717,2025-11-13 00:00:00,0,0.0,US
18718,2025-11-30 20:58:00,0,0.0,DE
18719,2025-11-18 21:15:00,0,0.0,US
18720,2025-12-10 02:41:00,0,0.0,US
18721,2025-10-07 00:00:00,0,0.0,GB
18722,2025-12-20 22:14:00,0,0.0,US
18723,2025-11-19 13:32:00,0,0.0,DE
18724,2025-12-31 18:22:00,0,0.0,BR
18725,2025-12-15 05:43:00,0,0.0,FR
18726,2025-11-28 21:54:00,0,0.0,GB
18727,2025-12-29 15:34:00,0,0.0,MX
18728,2025-10-15 11:59:00,0,0.0,GB
18729,2025-10-24 00:00:00,0,0.0,US
18730,2025-11-10 09:21:00,0,0.0,US
18731,2025-11-12 07:10:00,0,0.0,US
18732,2025-11-02 00:00:00,0,0.0,MX
18733,2025-12-07 17:46:00,0,0.0,FR
18734,2025-11-29 12:58:00,0,0.0,US
18735,2025-11-29 01:17:00,0,0.0,US
18736,2025-12-22 09:21:00,0,0.0,US
18737,2025-12-14 18:37:00,0,0.0,DE
18738,2025-11-28 00:00:00,0,0.0,FR
18739,2025-11-22 03:12:00,0,0.0,BR
18740,2025-12-14 09:24:00,0,0.0,US
18741,2025-11-23 22:34:00,0,0.0,FR
18742,2025-10-14 21:15:00,0,0.0,US
18743,2025-10-14 05:36:00,0,0.0,GB
18744,2025-12-25 00:00:00,0,0.0,DE
18745,2025-11-03 14:17:00,0,0.0,US
18746,2025-10-26 04:40:00,0,0.0,US
18747,2025-11-21 21:31:00,1,14.66,US
18748,2025-12-07 10:47:00,1,10.36,FR
18749,2026-01-08 13:41:00,0,0.0,US
18750,2025-12-31 17:46:00,0,0.0,DE
18751,2025-12-03 09:43:00,0,0.0,ES
18752,2025-12-18 15:28:00,1,9.66,CA
18753,2025-11-07 10:38:00,0,0.0,US
18754,2025-12-14 10:14:00,0,0.0,GB
18755,2025-11-26 17:21:00,0,0.0,US
18756,2025-12-31 02:12:00,0,0.0,MX
18757,2025-11-09 07:47:00,0,0.0,US
18758,2025-11-26 19:15:00,0,0.0,DE
18759,2025-12-16 08:34:00,0,0.0,DE
18760,2025-11-17 07:06:00,0,0.0,GB
18761,2025-11-29 14:27:00,0,0.0,MX
18762,2025-12-03 20:46:00,0,0.0,DE
18763,2025-12-09 03:29:00,1,12.5,US
18764,2025-12-02 21:27:00,1,11.46,US
18765,2025-11-11 03:56:00,0,0.0,US
18766,2025-11-11 11:33:00,1,13.87,US
18767,2025-11-26 07:30:00,0,0.0,MX
18768,2025-12-19 01:32:00,1,13.67,US
18769,2025-12-25 21:07:00,0,0.0,ES
18770,2025-11-11 00:00:00,0,0.0,US
18771,2026-01-02 03:42:00,0,0.0,ES
18772,2025-12-20 10:32:00,0,0.0,DE
18773,2025-12-05 00:00:00,0,0.0,BR
18774,2025-11-21 11:08:00,1,11.87,MX
18775,2025-10-28 11:04:00,0,0.0,DE
18776,2025-11-15 03:47:00,0,0.0,US
18777,2025-11-04 00:18:00,0,0.0,DE
18778,2025-12-31 00:00:00,0,0.0,MX
18779,2025-11-10 19:39:00,0,0.0,DE
18780,2025-11-16 22:40:00,0,0.0,MX
18781,2025-11-08 03:43:00,0,0.0,ES
18782,2025-10-23 00:00:00,0,0.0,GB
18783,2025-10-14 03:36:00,0,0.0,GB
18784,2025-11-18 09:24:00,0,0.0,US
18785,2025-11-09 00:00:00,0,0.0,ES
18786,2025-11-15 01:45:00,1,12.95,US
18787,2025-12-09 15:39:00,0,0.0,US
18788,2025-10-31 00:00:00,0,0.0,CA
18789,2025-10-28 13:01:00,0,0.0,ES
18790,2025-11-07 14:38:00,0,0.0,US
18791,2025-11-21 18:38:00,0,0.0,US
18792,2025-12-07 08:48:00,0,0.0,US
18793,2025-10-21 16:13:00,0,0.0,DE
18794,2025-12-11 00:00:00,0,0.0,DE
18795,2025-10-28 23:55:00,0,0.0,US
18796,2025-12-21 05:10:00,0,0.0,CA
18797,2025-10-03 00:00:00,0,0.0,CA
18798,2025-11-26 17:09:00,1,13.82,US
18799,2025-11-08 23:36:00,0,0.0,US
18800,2025-11-29 23:21:00,0,0.0,US
18801,2025-12-07 20:54:00,0,0.0,CA
18802,2025-11-26 11:15:00,0,0.0,GB
18803,2025-11-09 21:48:00,0,0.0,GB
18804,2025-12-11 23:41:00,0,0.0,GB
18805,2025-12-04 06:04:00,0,0.0,CA
18806,2025-12-16 21:12:00,0,0.0,US
18807,2025-12-07 08:34:00,0,0.0,US
18808,2025-10-31 03:37:00,0,0.0,US
18809,2025-10-12 19:34:00,0,0.0,DE
18810,2025-12-29 14:32:00,0,0.0,US
18811,2025-10-22 00:00:00,0,0.0,MX
18812,2025-11-10 04:14:00,0,0.0,US
18813,2025-10-15 08:48:00,0,0.0,US
18814,2025-12-05 00:00:00,0,0.0,DE
18815,2025-11-08 04:17:00,0,0.0,DE
18816,2025-12-14 04:10:00,0,0.0,BR
18817,2025-12-31 10:42:00,0,0.0,GB
18818,2025-12-15 17:24:00,1,7.22,GB
18819,2025-11-16 04:47:00,0,0.0,DE
18820,2025-12-15 13:09:00,0,0.0,US
18821,2025-12-05 12:49:00,0,0.0,US
18822,2026-01-01 01:23:00,0,0.0,DE
18823,2025-11-28 03:58:00,0,0.0,ES
18824,2025-11-22 19:04:00,1,13.07,GB
18825,2025-12-18 00:00:00,0,0.0,FR
18826,2025-12-28 01:29:00,0,0.0,US
18827,2025-11-04 00:00:00,0,0.0,US
18828,2025-11-22 00:07:00,1,8.59,ES
18829,2025-12-20 05:34:00,0,0.0,US
18830,2025-10-29 19:38:00,0,0.0,US
18831,2025-12-31 10:17:00,0,0.0,GB
18832,2025-12-18 16:15:00,0,0.0,MX
18833,2025-11-26 09:07:00,0,0.0,FR
18834,2025-12-31 18:59:00,0,0.0,US
18835,2025-11-19 08:59:00,0,0.0,US
18836,2025-10-25 13:51:00,0,0.0,US
18837,2025-12-12 20:03:00,0,0.0,DE
18838,2025-12-27 03:30:00,0,0.0,GB
18839,2025-11-13 14:06:00,0,0.0,GB
18840,2025-11-10 22:45:00,0,0.0,US
18841,2025-12-28 06:21:00,0,0.0,US
18842,2025-10-27 21:30:00,0,0.0,DE
18843,2025-11-04 02:38:00,1,12.23,DE
18844,2025-10-10 00:00:00,0,0.0,US
18845,2025-11-23 18:07:00,0,0.0,US
18846,2025-12-25 13:00:00,0,0.0,DE
18847,2025-12-15 21:24:00,1,4.82,DE
18848,2025-11-23 19:49:00,0,0.0,US
18849,2025-12-24 08:31:00,0,0.0,US
18850,2025-11-11 18:22:00,0,0.0,DE
18851,2025-12-01 13:10:00,0,0.0,GB
18852,2025-11-02 13:46:00,0,0.0,CA
18853,2025-12-25 00:00:00,0,0.0,DE
18854,2025-12-23 19:18:00,1,12.9,GB
18855,2025-11-12 17:48:00,0,0.0,MX
18856,2025-10-30 23:29:00,0,0.0,MX
18857,2025-12-30 10:53:00,0,0.0,US
18858,2025-12-18 18:29:00,0,0.0,CA
18859,2025-12-21 18:34:00,0,0.0,US
18860,2025-11-28 13:01:00,0,0.0,MX
18861,2025-12-03 00:00:00,0,0.0,US
18862,2025-11-22 09:28:00,0,0.0,US
18863,2025-10-24 16:15:00,0,0.0,ES
18864,2025-10-25 08:40:00,0,0.0,US
18865,2025-11-06 09:16:00,0,0.0,US
18866,2025-11-11 06:14:00,0,0.0,FR
18867,2026-01-03 09:57:00,0,0.0,US
18868,2025-11-26 00:00:00,0,0.0,BR
18869,2025-10-15 11:53:00,0,0.0,MX
18870,2025-11-16 17:53:00,0,0.0,BR
18871,2025-10-22 16:21:00,0,0.0,GB
18872,2025-12-19 00:00:00,0,0.0,MX
18873,2025-10-21 03:31:00,0,0.0,FR
18874,2025-10-31 06:48:00,0,0.0,GB
18875,2025-12-19 17:44:00,0,0.0,US
18876,2025-11-05 19:40:00,1,5.73,BR
18877,2025-12-14 23:56:00,0,0.0,US
18878,2025-11-12 12:06:00,0,0.0,US
18879,2025-11-15 05:06:00,0,0.0,FR
18880,2025-11-16 19:33:00,0,0.0,US
18881,2025-11-14 07:00:00,0,0.0,US
18882,2025-12-24 00:15:00,0,0.0,US
18883,2025-10-18 19:29:00,0,0.0,FR
18884,2025-10-21 00:00:00,0,0.0,US
18885,2025-12-24 23:10:00,0,0.0,BR
18886,2025-10-26 21:15:00,0,0.0,MX
18887,2025-11-13 05:30:00,0,0.0,FR
18888,2025-11-18 20:23:00,0,0.0,US
18889,2025-10-18 13:24:00,0,0.0,US
18890,2025-10-25 19:45:00,0,0.0,FR
18891,2025-12-07 19:12:00,0,0.0,US
18892,2025-12-27 17:13:00,0,0.0,MX
18893,2025-11-23 05:23:00,0,0.0,FR
18894,2025-12-07 22:05:00,0,0.0,US
18895,2025-10-09 15:19:00,0,0.0,US
18896,2025-10-27 14:57:00,0,0.0,FR
18897,2025-12-26 11:59:00,0,0.0,DE
18898,2025-12-14 00:04:00,0,0.0,ES
18899,2025-11-27 16:05:00,0,0.0,DE
18900,2026-01-12 14:52:00,0,0.0,BR
18901,2025-11-15 01:35:00,0,0.0,US
18902,2025-10-18 20:28:00,0,0.0,DE
18903,2025-11-12 14:40:00,0,0.0,BR
18904,2025-12-01 12:19:00,0,0.0,CA
18905,2025-11-11 22:34:00,1,12.5,BR
18906,2025-10-25 17:38:00,0,0.0,US
18907,2025-11-17 11:51:00,0,0.0,ES
18908,2025-12-18 12:53:00,0,0.0,CA
18909,2025-12-03 19:27:00,0,0.0,ES
18910,2025-11-18 06:12:00,0,0.0,DE
18911,2025-12-05 22:43:00,0,0.0,GB
18912,2025-11-26 12:14:00,0,0.0,US
18913,2025-10-18 01:22:00,1,15.34,GB
18914,2025-11-06 06:36:00,0,0.0,CA
18915,2025-11-17 09:44:00,0,0.0,FR
18916,2025-11-28 13:16:00,0,0.0,CA
18917,2025-11-07 00:23:00,0,0.0,FR
18918,2025-10-03 18:47:00,0,0.0,US
18919,2026-01-07 12:08:00,0,0.0,DE
18920,2025-10-12 05:25:00,0,0.0,MX
18921,2025-11-05 19:04:00,0,0.0,GB
18922,2025-11-18 13:54:00,1,9.19,GB
18923,2025-11-16 22:42:00,0,0.0,ES
18924,2025-11-21 23:00:00,0,0.0,GB
18925,2025-10-09 15:32:00,0,0.0,ES
18926,2025-10-11 10:28:00,0,0.0,GB
18927,2025-11-29 22:58:00,0,0.0,MX
18928,2025-11-10 11:07:00,0,0.0,ES
18929,2025-10-20 10:37:00,0,0.0,DE
18930,2025-10-12 23:44:00,0,0.0,GB
18931,2025-12-22 16:30:00,0,0.0,FR
18932,2026-01-05 11:35:00,0,0.0,US
18933,2025-12-29 16:16:00,0,0.0,US
18934,2025-11-10 22:26:00,0,0.0,GB
18935,2025-10-14 06:44:00,0,0.0,US
18936,2025-12-13 11:34:00,0,0.0,US
18937,2025-12-22 09:57:00,0,0.0,US
18938,2025-10-26 08:09:00,0,0.0,US
18939,2025-10-28 03:53:00,0,0.0,FR
18940,2025-11-02 07:34:00,0,0.0,US
18941,2026-01-02 10:55:00,0,0.0,US
18942,2025-12-04 00:00:00,0,0.0,BR
18943,2025-10-16 12:38:00,0,0.0,US
18944,2025-11-18 12:45:00,0,0.0,US
18945,2025-12-26 00:00:00,0,0.0,MX
18946,2025-11-18 17:42:00,0,0.0,CA
18947,2025-12-17 14:22:00,0,0.0,CA
18948,2025-12-11 12:56:00,0,0.0,GB
18949,2025-12-23 22:23:00,0,0.0,US
18950,2025-12-02 22:34:00,0,0.0,MX
18951,2025-11-03 23:42:00,0,0.0,FR
18952,2026-01-01 16:33:00,0,0.0,CA
18953,2025-10-13 00:00:00,0,0.0,DE
18954,2025-11-05 17:09:00,0,0.0,CA
18955,2025-10-17 10:03:00,0,0.0,US
18956,2025-12-07 06:04:00,0,0.0,CA
18957,2025-10-25 09:09:00,0,0.0,US
18958,2025-10-15 00:00:00,0,0.0,US
18959,2025-10-12 17:36:00,0,0.0,US
18960,2025-10-25 18:01:00,0,0.0,FR
18961,2025-10-25 00:00:00,0,0.0,FR
18962,2025-11-16 14:48:00,0,0.0,DE
18963,2025-10-06 10:34:00,0,0.0,MX
18964,2025-12-14 04:18:00,0,0.0,US
18965,2025-11-30 21:25:00,0,0.0,GB
18966,2025-11-28 11:22:00,1,7.64,MX
18967,2025-11-21 18:08:00,0,0.0,DE
18968,2025-10-13 00:00:00,1,15.83,MX
18969,2025-12-09 00:00:00,0,0.0,US
18970,2025-11-29 12:03:00,0,0.0,MX
18971,2025-10-29 10:29:00,0,0.0,US
18972,2026-01-04 21:35:00,0,0.0,FR
18973,2025-10-18 05:36:00,0,0.0,US
18974,2026-01-05 10:16:00,0,0.0,MX
18975,2025-11-01 03:58:00,0,0.0,US
18976,2025-10-19 02:12:00,0,0.0,BR
18977,2025-12-24 18:27:00,0,0.0,US
18978,2025-10-29 06:42:00,1,12.41,ES
18979,2025-11-12 03:56:00,0,0.0,GB
18980,2025-10-31 07:45:00,0,0.0,FR
18981,2025-11-26 22:32:00,0,0.0,CA
18982,2025-11-14 23:51:00,0,0.0,US
18983,2025-11-25 10:55:00,0,0.0,CA
18984,2025-12-09 19:04:00,0,0.0,US
18985,2025-11-20 12:40:00,0,0.0,GB
18986,2025-12-22 11:40:00,0,0.0,BR
18987,2025-10-18 19:36:00,0,0.0,GB
18988,2025-10-17 00:00:00,0,0.0,US
18989,2025-12-01 22:04:00,0,0.0,US
18990,2025-12-06 15:53:00,0,0.0,GB
18991,2026-01-07 19:51:00,0,0.0,FR
18992,2025-12-30 18:54:00,0,0.0,CA
18993,2025-12-26 00:00:00,0,0.0,CA
18994,2025-12-28 21:10:00,0,0.0,US
18995,2025-10-15 16:23:00,0,0.0,US
18996,2025-11-25 21:44:00,1,12.71,DE
18997,2025-10-10 01:58:00,0,0.0,BR
18998,2025-10-28 12:05:00,0,0.0,ES
18999,2025-12-10 16:07:00,0,0.0,GB
19000,2025-12-16 16:57:00,1,13.9,US
19001,2026-01-05 04:33:00,0,0.0,US
19002,2025-12-16 00:01:00,0,0.0,GB
19003,2025-10-08 18:01:00,0,0.0,CA
19004,2025-10-25 02:12:00,0,0.0,GB
19005,2025-10-12 00:00:00,0,0.0,GB
19006,2025-10-30 18:05:00,0,0.0,DE
19007,2025-11-09 18:45:00,1,15.61,GB
19008,2025-12-25 09:42:00,1,13.49,MX
19009,2025-12-29 02:14:00,0,0.0,MX
19010,2025-12-03 15:22:00,0,0.0,US
19011,2025-12-02 09:46:00,0,0.0,US
19012,2025-10-20 08:44:00,0,0.0,FR
19013,2025-11-05 07:40:00,0,0.0,GB
19014,2026-01-03 20:01:00,0,0.0,BR
19015,2025-11-20 02:14:00,0,0.0,DE
19016,2025-11-17 00:34:00,0,0.0,US
19017,2025-10-31 14:16:00,0,0.0,BR
19018,2025-12-01 00:00:00,0,0.0,FR
19019,2025-11-25 09:15:00,0,0.0,BR
19020,2025-12-01 00:00:00,0,0.0,FR
19021,2025-10-20 18:52:00,0,0.0,US
19022,2025-10-31 15:16:00,0,0.0,ES
19023,2025-11-17 23:54:00,0,0.0,US
19024,2025-11-18 09:31:00,0,0.0,GB
19025,2025-12-24 13:31:00,0,0.0,ES
19026,2025-11-13 14:20:00,0,0.0,BR
19027,2025-10-25 17:04:00,1,11.11,US
19028,2025-11-24 00:00:00,0,0.0,ES
19029,2025-11-23 08:29:00,0,0.0,US
19030,2025-12-29 18:58:00,0,0.0,GB
19031,2025-12-26 14:49:00,0,0.0,BR
19032,2025-12-04 00:16:00,0,0.0,MX
19033,2025-10-27 00:00:00,0,0.0,DE
19034,2025-11-23 18:12:00,1,15.53,ES
19035,2025-10-13 21:13:00,0,0.0,ES
19036,2025-11-07 12:26:00,0,0.0,DE
19037,2025-11-24 15:47:00,0,0.0,FR
19038,2025-12-02 22:44:00,0,0.0,US
19039,2025-10-24 06:24:00,0,0.0,CA
19040,2025-12-26 20:01:00,0,0.0,BR
19041,2025-12-10 20:19:00,0,0.0,MX
19042,2025-10-02 00:00:00,0,0.0,ES
19043,2025-10-10 11:31:00,0,0.0,FR
19044,2025-11-30 16:18:00,0,0.0,MX
19045,2025-12-05 20:15:00,0,0.0,ES
19046,2025-11-01 14:38:00,0,0.0,CA
19047,2025-12-16 03:39:00,0,0.0,DE
19048,2025-10-22 14:17:00,0,0.0,US
19049,2025-11-19 18:35:00,0,0.0,ES
19050,2025-11-08 04:14:00,0,0.0,MX
19051,2025-12-19 10:59:00,0,0.0,ES
19052,2025-10-08 03:40:00,0,0.0,US
19053,2025-10-14 05:39:00,0,0.0,US
19054,2025-10-11 01:10:00,0,0.0,US
19055,2025-11-11 10:39:00,0,0.0,US
19056,2025-11-19 13:42:00,0,0.0,US
19057,2025-10-11 00:00:00,0,0.0,DE
19058,2025-11-14 20:57:00,0,0.0,MX
19059,2025-12-12 06:30:00,0,0.0,MX
19060,2025-11-20 00:00:00,0,0.0,US
19061,2025-12-02 17:47:00,0,0.0,MX
19062,2026-01-07 21:11:00,0,0.0,MX
19063,2025-11-01 15:55:00,0,0.0,US
19064,2025-11-10 02:11:00,0,0.0,US
19065,2025-11-28 08:11:00,0,0.0,US
19066,2025-11-07 03:46:00,0,0.0,US
19067,2025-11-21 00:55:00,0,0.0,CA
19068,2026-01-05 07:15:00,0,0.0,ES
19069,2025-12-21 12:09:00,0,0.0,CA
19070,2025-11-30 17:20:00,0,0.0,FR
19071,2025-12-19 18:46:00,0,0.0,DE
19072,2025-10-08 22:22:00,0,0.0,ES
19073,2025-11-30 10:18:00,0,0.0,DE
19074,2025-10-12 00:26:00,0,0.0,ES
19075,2025-10-24 16:14:00,0,0.0,US
19076,2025-11-18 06:52:00,0,0.0,DE
19077,2025-11-07 00:00:00,0,0.0,CA
19078,2025-10-27 16:33:00,0,0.0,CA
19079,2025-11-20 23:45:00,0,0.0,US
19080,2025-11-09 10:26:00,0,0.0,US
19081,2025-12-20 08:34:00,0,0.0,GB
19082,2025-11-21 10:30:00,0,0.0,US
19083,2025-12-19 17:49:00,0,0.0,GB
19084,2025-12-08 22:36:00,1,14.69,CA
19085,2025-12-02 13:04:00,0,0.0,GB
19086,2025-10-31 09:25:00,0,0.0,GB
19087,2025-12-12 18:36:00,0,0.0,US
19088,2025-11-30 11:45:00,0,0.0,FR
19089,2025-11-29 13:49:00,0,0.0,GB
19090,2025-12-27 06:55:00,0,0.0,BR
19091,2025-11-06 18:22:00,0,0.0,GB
19092,2025-11-13 21:03:00,0,0.0,GB
19093,2025-10-11 00:00:00,0,0.0,CA
19094,2026-01-03 15:18:00,0,0.0,GB
19095,2025-10-27 05:15:00,0,0.0,US
19096,2025-11-19 04:06:00,1,10.07,ES
19097,2025-12-19 10:08:00,0,0.0,GB
19098,2025-10-15 14:41:00,0,0.0,DE
19099,2025-12-28 00:00:00,0,0.0,DE
19100,2025-12-03 10:03:00,1,14.91,FR
19101,2025-12-23 20:13:00,0,0.0,MX
19102,2025-10-12 13:18:00,0,0.0,US
19103,2025-12-29 10:18:00,0,0.0,US
19104,2025-11-01 22:19:00,0,0.0,MX
19105,2025-12-23 09:28:00,0,0.0,US
19106,2025-11-23 22:07:00,0,0.0,MX
19107,2025-11-21 02:45:00,1,18.58,US
19108,2025-11-13 05:28:00,0,0.0,DE
19109,2025-12-22 01:21:00,0,0.0,CA
19110,2025-11-16 01:32:00,0,0.0,US
19111,2025-12-10 14:06:00,0,0.0,DE
19112,2025-12-23 20:53:00,0,0.0,CA
19113,2025-11-19 00:12:00,0,0.0,MX
19114,2025-11-21 00:00:00,0,0.0,GB
19115,2025-12-18 11:56:00,0,0.0,US
19116,2026-01-01 14:29:00,0,0.0,US
19117,2025-10-22 00:00:00,0,0.0,ES
19118,2025-11-09 23:39:00,1,10.61,GB
19119,2025-10-29 00:00:00,0,0.0,US
19120,2025-11-11 21:51:00,0,0.0,ES
19121,2025-12-27 11:45:00,0,0.0,ES
19122,2025-10-19 19:17:00,0,0.0,GB
19123,2025-12-15 17:33:00,0,0.0,US
19124,2025-11-14 15:27:00,0,0.0,CA
19125,2025-10-19 22:41:00,0,0.0,CA
19126,2025-11-01 00:00:00,1,14.07,US
19127,2025-12-04 21:58:00,0,0.0,GB
19128,2025-11-16 23:58:00,0,0.0,US
19129,2025-12-18 00:00:00,0,0.0,GB
19130,2025-10-23 19:51:00,0,0.0,US
19131,2025-10-14 17:33:00,0,0.0,FR
19132,2025-12-11 11:59:00,1,9.28,US
19133,2025-12-08 18:47:00,0,0.0,US
19134,2025-11-25 05:43:00,0,0.0,FR
19135,2025-10-06 00:00:00,0,0.0,US
19136,2025-11-04 12:02:00,1,15.4,US
19137,2025-11-08 20:45:00,0,0.0,ES
19138,2025-10-27 16:27:00,0,0.0,US
19139,2025-12-26 06:57:00,0,0.0,GB
19140,2025-12-20 23:21:00,0,0.0,US
19141,2025-11-29 22:00:00,0,0.0,DE
19142,2025-10-10 00:00:00,0,0.0,FR
19143,2025-10-15 00:00:00,0,0.0,US
19144,2025-11-16 14:42:00,0,0.0,US
19145,2025-10-15 04:36:00,0,0.0,US
19146,2025-11-13 07:59:00,0,0.0,BR
19147,2025-11-07 04:15:00,1,9.08,CA
19148,2025-12-09 07:35:00,0,0.0,FR
19149,2025-10-14 22:59:00,0,0.0,CA
19150,2025-12-28 13:21:00,0,0.0,MX
19151,2025-12-09 00:00:00,0,0.0,CA
19152,2025-10-09 16:00:00,0,0.0,US
19153,2025-10-13 16:00:00,0,0.0,US
19154,2025-12-01 08:13:00,0,0.0,BR
19155,2025-12-19 14:21:00,0,0.0,US
19156,2025-12-29 08:32:00,0,0.0,FR
19157,2025-11-19 21:01:00,0,0.0,GB
19158,2025-10-12 21:47:00,0,0.0,GB
19159,2025-11-17 00:00:00,0,0.0,FR
19160,2025-10-05 00:00:00,0,0.0,US
19161,2025-12-06 23:53:00,0,0.0,FR
19162,2025-10-29 23:51:00,0,0.0,DE
19163,2025-12-03 05:54:00,0,0.0,US
19164,2025-12-15 21:56:00,0,0.0,US
19165,2025-11-03 01:26:00,0,0.0,US
19166,2026-01-09 05:23:00,0,0.0,MX
19167,2025-10-31 16:14:00,0,0.0,US
19168,2025-11-27 10:37:00,0,0.0,DE
19169,2025-10-27 23:10:00,0,0.0,US
19170,2025-12-07 13:26:00,0,0.0,US
19171,2025-11-29 00:00:00,0,0.0,FR
19172,2025-12-07 18:56:00,0,0.0,US
19173,2025-12-14 19:48:00,1,10.45,US
19174,2025-11-27 15:05:00,0,0.0,BR
19175,2025-12-28 21:42:00,0,0.0,BR
19176,2025-10-09 15:27:00,0,0.0,US
19177,2025-11-13 10:48:00,0,0.0,GB
19178,2026-01-01 05:45:00,1,13.17,US
19179,2025-12-13 00:43:00,0,0.0,GB
19180,2025-10-12 21:59:00,0,0.0,US
19181,2025-11-25 16:56:00,0,0.0,US
19182,2025-10-18 09:37:00,0,0.0,US
19183,2025-11-23 20:23:00,0,0.0,US
19184,2025-12-16 03:53:00,0,0.0,DE
19185,2025-11-08 12:30:00,0,0.0,DE
19186,2025-12-05 05:19:00,0,0.0,US
19187,2025-10-17 15:35:00,0,0.0,FR
19188,2025-12-08 22:17:00,1,15.37,FR
19189,2025-11-05 20:56:00,0,0.0,US
19190,2025-11-06 16:43:00,0,0.0,MX
19191,2025-12-21 01:46:00,0,0.0,MX
19192,2025-12-01 00:00:00,0,0.0,MX
19193,2025-12-06 23:10:00,1,17.1,US
19194,2025-10-23 08:28:00,0,0.0,FR
19195,2025-12-17 04:04:00,1,15.2,MX
19196,2025-11-19 22:12:00,0,0.0,DE
19197,2025-10-01 07:25:00,0,0.0,BR
19198,2025-12-06 00:00:00,0,0.0,ES
19199,2025-12-10 10:47:00,0,0.0,US
19200,2025-10-07 11:04:00,0,0.0,GB
19201,2025-11-29 21:45:00,0,0.0,US
19202,2025-10-31 00:00:00,0,0.0,ES
19203,2025-12-26 10:17:00,0,0.0,US
19204,2025-11-02 04:12:00,0,0.0,US
19205,2025-10-08 19:08:00,0,0.0,MX
19206,2025-11-02 15:19:00,0,0.0,GB
19207,2025-10-26 01:09:00,0,0.0,CA
19208,2026-01-05 23:56:00,0,0.0,DE
19209,2025-10-31 07:06:00,0,0.0,DE
19210,2025-10-09 06:34:00,0,0.0,US
19211,2025-11-16 06:35:00,0,0.0,CA
19212,2025-11-02 17:17:00,0,0.0,ES
19213,2025-12-07 14:00:00,0,0.0,MX
19214,2026-01-07 06:24:00,0,0.0,FR
19215,2025-11-27 05:45:00,0,0.0,CA
19216,2025-10-29 00:00:00,0,0.0,US
19217,2025-12-21 03:57:00,0,0.0,FR
19218,2025-11-23 14:18:00,0,0.0,MX
19219,2025-11-28 13:25:00,1,9.6,US
19220,2025-12-06 00:00:00,0,0.0,GB
19221,2025-10-13 19:27:00,0,0.0,BR
19222,2025-12-20 17:33:00,0,0.0,FR
19223,2025-10-25 03:03:00,0,0.0,ES
19224,2025-12-24 18:54:00,1,12.24,GB
19225,2025-12-26 17:06:00,0,0.0,US
19226,2025-11-14 22:29:00,0,0.0,US
19227,2025-10-23 22:17:00,1,16.2,FR
19228,2025-12-10 13:43:00,0,0.0,DE
19229,2025-10-07 19:39:00,0,0.0,DE
19230,2025-11-03 17:13:00,0,0.0,BR
19231,2025-12-26 07:12:00,0,0.0,BR
19232,2025-12-14 02:21:00,0,0.0,US
19233,2026-01-05 21:38:00,0,0.0,CA
19234,2025-12-31 15:14:00,1,6.51,BR
19235,2025-12-28 10:24:00,0,0.0,US
19236,2025-12-18 14:54:00,0,0.0,US
19237,2025-10-13 04:14:00,0,0.0,FR
19238,2025-12-13 15:57:00,0,0.0,US
19239,2026-01-01 00:00:00,0,0.0,MX
19240,2025-12-12 21:08:00,0,0.0,GB
19241,2025-10-11 08:32:00,0,0.0,MX
19242,2025-12-12 00:00:00,0,0.0,FR
19243,2026-01-04 07:37:00,0,0.0,US
19244,2026-01-02 07:59:00,1,9.25,FR
19245,2025-11-12 00:00:00,0,0.0,FR
19246,2025-11-06 09:19:00,0,0.0,BR
19247,2025-10-27 23:19:00,1,9.64,CA
19248,2025-11-01 08:50:00,0,0.0,FR
19249,2025-11-12 00:00:00,0,0.0,MX
19250,2026-01-04 23:26:00,0,0.0,ES
19251,2025-10-28 12:31:00,0,0.0,US
19252,2025-10-28 14:34:00,0,0.0,US
19253,2025-12-15 14:39:00,0,0.0,US
19254,2025-11-15 09:24:00,0,0.0,FR
19255,2025-11-26 05:02:00,0,0.0,MX
19256,2025-11-08 12:56:00,0,0.0,MX
19257,2026-01-13 17:47:00,0,0.0,GB
19258,2025-12-22 17:01:00,0,0.0,US
19259,2025-12-02 16:10:00,0,0.0,MX
19260,2025-12-17 18:44:00,0,0.0,GB
19261,2025-11-11 23:35:00,0,0.0,US
19262,2025-10-09 08:25:00,0,0.0,MX
19263,2025-10-04 21:46:00,0,0.0,BR
19264,2025-11-06 10:48:00,0,0.0,CA
19265,2025-11-05 00:00:00,0,0.0,US
19266,2025-10-29 01:25:00,0,0.0,US
19267,2025-10-16 18:52:00,0,0.0,ES
19268,2025-12-12 22:52:00,0,0.0,DE
19269,2025-10-28 01:12:00,0,0.0,BR
19270,2025-11-12 23:49:00,0,0.0,DE
19271,2025-11-22 22:18:00,0,0.0,US
19272,2025-12-13 00:00:00,0,0.0,ES
19273,2025-10-14 14:07:00,0,0.0,US
19274,2025-12-06 13:59:00,0,0.0,MX
19275,2025-10-24 21:32:00,0,0.0,US
19276,2025-12-22 23:47:00,1,9.28,US
19277,2026-01-12 06:50:00,0,0.0,US
19278,2025-10-26 13:26:00,1,10.77,US
19279,2025-10-30 05:48:00,0,0.0,CA
19280,2025-11-01 03:38:00,0,0.0,GB
19281,2025-12-30 10:37:00,0,0.0,US
19282,2025-10-22 12:51:00,0,0.0,FR
19283,2025-12-19 14:30:00,1,9.14,ES
19284,2025-10-10 01:57:00,0,0.0,US
19285,2025-11-05 12:36:00,0,0.0,US
19286,2026-01-07 10:54:00,0,0.0,DE
19287,2025-12-05 19:53:00,1,6.3,US
19288,2026-01-08 15:47:00,1,11.52,US
19289,2025-10-17 01:54:00,1,13.2,US
19290,2025-12-24 13:05:00,0,0.0,US
19291,2025-12-12 02:18:00,0,0.0,FR
19292,2025-11-24 02:12:00,0,0.0,GB
19293,2025-11-13 00:00:00,0,0.0,US
19294,2025-11-25 04:13:00,0,0.0,ES
19295,2025-10-24 14:02:00,0,0.0,US
19296,2025-10-27 19:39:00,0,0.0,DE
19297,2025-11-23 01:26:00,0,0.0,DE
19298,2025-10-06 13:52:00,0,0.0,MX
19299,2025-11-28 09:14:00,0,0.0,GB
19300,2025-11-03 21:05:00,0,0.0,US
19301,2025-12-03 00:00:00,0,0.0,DE
19302,2025-11-25 22:10:00,0,0.0,US
19303,2025-11-22 15:09:00,0,0.0,US
19304,2025-10-29 14:26:00,0,0.0,CA
19305,2025-11-25 17:38:00,0,0.0,GB
19306,2025-12-19 00:00:00,0,0.0,GB
19307,2025-10-12 05:58:00,0,0.0,US
19308,2025-10-15 21:22:00,0,0.0,US
19309,2025-12-18 11:25:00,0,0.0,BR
19310,2025-10-23 13:46:00,0,0.0,DE
19311,2025-10-18 06:12:00,0,0.0,US
19312,2025-10-18 02:55:00,0,0.0,US
19313,2025-11-23 01:34:00,0,0.0,MX
19314,2026-01-03 07:09:00,0,0.0,US
19315,2025-11-05 14:30:00,0,0.0,CA
19316,2025-12-30 07:23:00,0,0.0,US
19317,2025-10-28 07:29:00,0,0.0,GB
19318,2025-10-19 00:00:00,0,0.0,DE
19319,2025-10-29 09:31:00,1,16.57,ES
19320,2025-11-15 23:33:00,0,0.0,US
19321,2025-12-30 00:00:00,0,0.0,US
19322,2025-11-05 01:07:00,0,0.0,FR
19323,2025-12-24 17:17:00,0,0.0,GB
19324,2026-01-01 12:33:00,0,0.0,GB
19325,2025-10-19 00:00:00,0,0.0,US
19326,2025-12-18 14:53:00,0,0.0,ES
19327,2025-10-26 13:57:00,0,0.0,US
19328,2025-10-16 13:21:00,0,0.0,US
19329,2025-12-22 19:40:00,0,0.0,US
19330,2025-11-14 12:38:00,0,0.0,US
19331,2026-01-06 18:32:00,0,0.0,GB
19332,2025-10-07 14:04:00,0,0.0,CA
19333,2025-10-12 20:24:00,0,0.0,US
19334,2025-12-03 08:53:00,0,0.0,US
19335,2025-11-01 15:22:00,1,12.88,US
19336,2025-11-09 11:21:00,0,0.0,DE
19337,2025-11-08 09:44:00,0,0.0,CA
19338,2026-01-01 00:00:00,0,0.0,US
19339,2026-01-02 09:47:00,0,0.0,ES
19340,2025-12-22 20:23:00,0,0.0,ES
19341,2025-11-19 12:21:00,0,0.0,CA
19342,2025-11-16 01:21:00,0,0.0,GB
19343,2025-12-08 06:53:00,1,3.53,US
19344,2025-12-25 17:12:00,0,0.0,BR
19345,2025-12-11 11:50:00,0,0.0,US
19346,2026-01-02 07:48:00,0,0.0,US
19347,2025-12-29 19:40:00,0,0.0,ES
19348,2026-01-07 17:04:00,0,0.0,US
19349,2025-11-30 05:52:00,0,0.0,MX
19350,2025-11-04 00:00:00,0,0.0,BR
19351,2025-10-21 01:01:00,0,0.0,US
19352,2025-11-11 01:12:00,0,0.0,ES
19353,2025-10-13 08:11:00,0,0.0,MX
19354,2025-11-29 16:58:00,0,0.0,US
19355,2025-10-25 15:26:00,0,0.0,DE
19356,2025-11-13 16:11:00,0,0.0,MX
19357,2025-11-18 19:35:00,1,12.02,US
19358,2025-10-19 22:55:00,0,0.0,CA
19359,2025-11-14 18:10:00,0,0.0,BR
19360,2025-12-31 11:20:00,0,0.0,MX
19361,2025-12-08 00:00:00,0,0.0,MX
19362,2025-12-02 23:46:00,0,0.0,US
19363,2025-10-12 18:14:00,0,0.0,US
19364,2025-11-05 19:02:00,0,0.0,CA
19365,2026-01-04 23:54:00,0,0.0,ES
19366,2025-10-09 22:24:00,0,0.0,US
19367,2025-12-07 01:24:00,0,0.0,US
19368,2025-12-28 09:58:00,0,0.0,MX
19369,2025-12-10 21:44:00,0,0.0,US
19370,2025-10-24 10:02:00,0,0.0,FR
19371,2025-12-28 17:44:00,0,0.0,DE
19372,2025-11-14 08:08:00,1,13.98,GB
19373,2025-11-28 00:00:00,0,0.0,US
19374,2026-01-01 22:34:00,0,0.0,CA
19375,2025-11-13 12:16:00,0,0.0,DE
19376,2025-10-21 17:14:00,0,0.0,BR
19377,2025-11-17 08:27:00,0,0.0,US
19378,2025-11-10 08:01:00,0,0.0,FR
19379,2026-01-07 06:51:00,0,0.0,FR
19380,2025-11-05 07:37:00,0,0.0,DE
19381,2025-12-16 22:13:00,0,0.0,BR
19382,2025-10-27 08:50:00,0,0.0,US
19383,2026-01-05 14:45:00,0,0.0,CA
19384,2025-11-29 06:39:00,0,0.0,MX
19385,2025-10-16 23:49:00,0,0.0,BR
19386,2025-12-31 12:54:00,0,0.0,BR
19387,2025-12-02 08:10:00,0,0.0,US
19388,2025-10-17 00:38:00,0,0.0,BR
19389,2025-10-24 09:37:00,0,0.0,DE
19390,2025-11-02 18:32:00,0,0.0,US
19391,2026-01-05 21:10:00,0,0.0,US
19392,2025-12-27 04:04:00,0,0.0,CA
19393,2025-11-23 00:30:00,0,0.0,CA
19394,2025-11-18 07:24:00,0,0.0,ES
19395,2025-11-02 13:58:00,0,0.0,US
19396,2025-10-11 20:01:00,0,0.0,DE
19397,2025-11-28 16:53:00,0,0.0,FR
19398,2025-11-07 22:01:00,1,14.4,US
19399,2025-11-14 12:54:00,0,0.0,FR
19400,2025-12-30 12:48:00,0,0.0,BR
19401,2025-11-06 05:45:00,0,0.0,FR
19402,2025-12-02 13:04:00,0,0.0,DE
19403,2025-12-20 00:00:00,0,0.0,MX
19404,2026-01-09 17:14:00,1,17.02,FR
19405,2025-11-03 11:14:00,0,0.0,US
19406,2025-10-13 19:35:00,0,0.0,US
19407,2025-10-26 21:09:00,0,0.0,BR
19408,2025-10-21 10:24:00,0,0.0,CA
19409,2025-11-01 22:12:00,0,0.0,US
19410,2025-12-25 02:21:00,0,0.0,DE
19411,2025-11-03 19:56:00,0,0.0,DE
19412,2025-10-28 15:20:00,0,0.0,US
19413,2025-11-28 10:22:00,0,0.0,GB
19414,2025-10-23 00:00:00,0,0.0,FR
19415,2025-10-12 14:58:00,0,0.0,DE
19416,2025-11-17 09:10:00,0,0.0,US
19417,2025-11-15 03:59:00,0,0.0,US
19418,2025-12-10 16:13:00,0,0.0,MX
19419,2026-01-02 09:03:00,0,0.0,FR
19420,2025-10-04 04:32:00,0,0.0,FR
19421,2025-10-16 11:17:00,0,0.0,US
19422,2025-11-16 16:47:00,0,0.0,FR
19423,2025-11-09 00:00:00,0,0.0,GB
19424,2025-11-07 14:51:00,0,0.0,GB
19425,2025-12-13 12:39:00,0,0.0,US
19426,2025-11-29 02:17:00,0,0.0,GB
19427,2026-01-04 08:48:00,0,0.0,ES
19428,2025-12-28 17:36:00,1,12.21,BR
19429,2025-12-21 17:16:00,0,0.0,FR
19430,2025-10-26 17:29:00,1,9.44,GB
19431,2025-11-16 09:22:00,0,0.0,US
19432,2025-10-08 15:13:00,0,0.0,CA
19433,2025-10-14 22:57:00,0,0.0,US
19434,2025-10-23 17:27:00,0,0.0,US
19435,2025-11-24 00:00:00,0,0.0,GB
19436,2025-12-20 11:50:00,0,0.0,MX
19437,2025-11-25 01:30:00,0,0.0,FR
19438,2025-11-16 03:26:00,0,0.0,US
19439,2025-12-23 22:38:00,0,0.0,US
19440,2025-10-22 00:00:00,0,0.0,US
19441,2025-12-26 23:26:00,0,0.0,US
19442,2025-09-28 04:23:00,0,0.0,GB
19443,2025-11-09 20:26:00,0,0.0,US
19444,2025-12-08 00:00:00,0,0.0,GB
19445,2025-12-10 13:51:00,0,0.0,FR
19446,2025-11-16 07:57:00,0,0.0,GB
19447,2025-11-02 15:01:00,0,0.0,US
19448,2025-12-21 19:16:00,0,0.0,DE
19449,2025-11-07 22:40:00,1,10.56,FR
19450,2025-11-04 13:50:00,0,0.0,MX
19451,2025-12-30 22:45:00,0,0.0,CA
19452,2025-12-07 09:20:00,0,0.0,GB
19453,2025-12-31 17:50:00,0,0.0,US
19454,2025-12-21 18:42:00,0,0.0,GB
19455,2025-11-04 17:09:00,0,0.0,US
19456,2025-12-21 11:23:00,0,0.0,GB
19457,2025-10-14 04:32:00,0,0.0,US
19458,2026-01-05 14:33:00,0,0.0,CA
19459,2025-12-02 00:00:00,0,0.0,ES
19460,2025-10-05 04:37:00,0,0.0,US
19461,2025-11-29 21:41:00,0,0.0,DE
19462,2025-12-12 16:27:00,1,11.19,US
19463,2025-11-25 08:35:00,0,0.0,GB
19464,2025-11-03 19:38:00,0,0.0,US
19465,2025-11-22 22:04:00,0,0.0,MX
19466,2026-01-03 12:40:00,0,0.0,FR
19467,2025-12-03 04:34:00,0,0.0,US
19468,2025-10-15 20:43:00,0,0.0,US
19469,2025-12-26 06:24:00,0,0.0,FR
19470,2025-11-06 21:51:00,0,0.0,CA
19471,2025-12-23 11:06:00,0,0.0,GB
19472,2025-10-21 20:14:00,0,0.0,GB
19473,2025-12-11 01:38:00,0,0.0,DE
19474,2026-01-02 05:45:00,1,13.72,ES
19475,2025-12-14 05:18:00,0,0.0,ES
19476,2025-12-22 02:39:00,0,0.0,US
19477,2025-11-16 22:55:00,0,0.0,US
19478,2025-11-24 14:49:00,0,0.0,DE
19479,2025-12-29 00:12:00,0,0.0,US
19480,2025-11-22 15:31:00,0,0.0,GB
19481,2025-11-05 17:27:00,0,0.0,US
19482,2026-01-05 17:51:00,0,0.0,MX
19483,2025-10-18 19:52:00,0,0.0,MX
19484,2025-12-01 19:29:00,0,0.0,MX
19485,2025-11-24 07:03:00,0,0.0,BR
19486,2025-10-25 08:44:00,0,0.0,US
19487,2026-01-04 15:26:00,0,0.0,MX
19488,2025-10-22 07:34:00,0,0.0,ES
19489,2025-11-08 05:09:00,0,0.0,US
19490,2025-11-03 16:01:00,0,0.0,DE
19491,2025-11-25 22:44:00,0,0.0,BR
19492,2025-10-07 00:00:00,0,0.0,US
19493,2025-10-13 00:37:00,0,0.0,GB
19494,2025-12-08 10:07:00,0,0.0,US
19495,2025-12-02 07:16:00,0,0.0,MX
19496,2025-10-29 13:40:00,0,0.0,US
19497,2025-10-24 02:42:00,0,0.0,ES
19498,2025-11-10 08:26:00,0,0.0,ES
19499,2025-12-31 22:06:00,0,0.0,MX
19500,2025-11-14 13:40:00,0,0.0,MX
19501,2025-11-15 13:54:00,0,0.0,CA
19502,2025-11-30 00:00:00,0,0.0,BR
19503,2025-10-13 04:31:00,0,0.0,GB
19504,2025-11-26 01:17:00,0,0.0,DE
19505,2025-12-24 01:00:00,0,0.0,US
19506,2025-11-14 12:37:00,0,0.0,FR
19507,2025-11-08 14:00:00,0,0.0,US
19508,2025-12-06 20:03:00,0,0.0,ES
19509,2025-12-07 01:52:00,0,0.0,US
19510,2025-11-27 00:00:00,0,0.0,MX
19511,2025-11-29 00:00:00,0,0.0,FR
19512,2025-11-14 20:26:00,0,0.0,CA
19513,2025-10-12 00:29:00,0,0.0,US
19514,2025-12-26 17:34:00,0,0.0,GB
19515,2025-10-09 02:29:00,0,0.0,DE
19516,2025-12-06 22:15:00,0,0.0,CA
19517,2025-11-03 20:48:00,0,0.0,GB
19518,2025-10-06 05:56:00,0,0.0,FR
19519,2026-01-06 05:41:00,0,0.0,US
19520,2025-11-29 16:31:00,0,0.0,GB
19521,2025-10-26 12:18:00,1,16.17,GB
19522,2025-10-22 05:44:00,0,0.0,MX
19523,2026-01-11 10:39:00,0,0.0,US
19524,2025-11-24 23:54:00,0,0.0,US
19525,2025-10-20 00:27:00,0,0.0,CA
19526,2025-11-14 13:48:00,0,0.0,DE
19527,2025-10-15 16:08:00,0,0.0,DE
19528,2025-10-11 08:32:00,0,0.0,MX
19529,2025-12-21 06:37:00,0,0.0,US
19530,2025-11-08 10:41:00,0,0.0,FR
19531,2025-12-18 03:09:00,0,0.0,US
19532,2025-12-22 03:30:00,0,0.0,CA
19533,2025-10-27 20:24:00,0,0.0,US
19534,2025-10-28 05:34:00,0,0.0,MX
19535,2025-10-10 17:07:00,0,0.0,US
19536,2025-10-24 20:08:00,0,0.0,CA
19537,2025-12-21 12:59:00,0,0.0,US
19538,2025-10-07 07:51:00,0,0.0,US
19539,2025-12-02 20:12:00,0,0.0,ES
19540,2025-11-13 15:43:00,0,0.0,FR
19541,2025-11-19 18:28:00,0,0.0,US
19542,2025-10-09 07:02:00,0,0.0,GB
19543,2026-01-03 02:40:00,0,0.0,US
19544,2025-12-27 18:48:00,0,0.0,FR
19545,2025-11-10 11:23:00,0,0.0,GB
19546,2025-12-14 23:09:00,0,0.0,MX
19547,2025-11-06 22:02:00,0,0.0,US
19548,2025-11-18 15:12:00,0,0.0,MX
19549,2025-11-11 02:14:00,0,0.0,DE
19550,2025-12-24 23:49:00,1,14.74,DE
19551,2025-11-09 00:00:00,0,0.0,US
19552,2025-10-14 13:58:00,1,11.7,ES
19553,2025-12-30 04:35:00,0,0.0,MX
19554,2025-10-29 15:48:00,0,0.0,FR
19555,2025-12-08 20:25:00,1,15.86,US
19556,2025-12-16 01:31:00,0,0.0,FR
19557,2025-10-27 12:37:00,0,0.0,BR
19558,2025-11-14 00:00:00,0,0.0,US
19559,2025-11-13 17:18:00,0,0.0,US
19560,2025-10-15 22:09:00,0,0.0,US
19561,2025-12-01 05:02:00,0,0.0,FR
19562,2025-11-08 15:17:00,0,0.0,GB
19563,2025-11-06 00:06:00,0,0.0,US
19564,2025-12-31 07:13:00,0,0.0,US
19565,2025-10-29 07:32:00,1,15.67,GB
19566,2025-12-06 20:38:00,0,0.0,CA
19567,2025-10-17 19:13:00,1,17.38,US
19568,2025-11-05 13:28:00,0,0.0,GB
19569,2025-12-20 00:00:00,0,0.0,MX
19570,2025-11-03 04:41:00,0,0.0,FR
19571,2025-11-02 07:28:00,1,12.11,US
19572,2026-01-10 01:53:00,1,9.32,GB
19573,2025-12-28 21:02:00,0,0.0,DE
19574,2025-11-24 17:56:00,0,0.0,MX
19575,2025-10-28 20:56:00,1,13.27,DE
19576,2025-10-08 17:51:00,1,11.09,FR
19577,2026-01-07 11:36:00,0,0.0,DE
19578,2025-12-21 13:30:00,0,0.0,US
19579,2025-10-27 17:21:00,0,0.0,US
19580,2025-12-21 19:30:00,0,0.0,BR
19581,2025-12-09 00:00:00,0,0.0,ES
19582,2025-10-19 00:22:00,0,0.0,ES
19583,2025-10-29 00:00:00,0,0.0,MX
19584,2025-12-03 20:40:00,0,0.0,GB
19585,2025-10-27 00:00:00,0,0.0,US
19586,2025-11-05 15:29:00,0,0.0,GB
19587,2025-12-13 15:57:00,0,0.0,US
19588,2025-11-08 07:24:00,0,0.0,FR
19589,2025-12-28 00:21:00,0,0.0,FR
19590,2025-12-24 07:31:00,0,0.0,GB
19591,2025-12-09 09:31:00,0,0.0,US
19592,2025-10-06 00:00:00,0,0.0,US
19593,2025-11-28 15:41:00,0,0.0,FR
19594,2025-12-12 13:24:00,0,0.0,US
19595,2025-10-24 19:13:00,1,13.86,DE
19596,2025-11-04 09:34:00,1,11.0,FR
19597,2025-10-16 03:11:00,0,0.0,GB
19598,2025-11-05 00:48:00,1,9.29,US
19599,2025-10-10 11:03:00,0,0.0,GB
19600,2025-12-25 09:26:00,0,0.0,FR
19601,2025-11-16 13:58:00,0,0.0,GB
19602,2025-11-29 23:02:00,0,0.0,DE
19603,2025-12-29 21:48:00,0,0.0,FR
19604,2025-11-06 09:19:00,0,0.0,BR
19605,2025-12-22 08:58:00,0,0.0,GB
19606,2026-01-01 16:27:00,0,0.0,BR
19607,2025-12-09 15:09:00,0,0.0,ES
19608,2025-11-09 22:17:00,0,0.0,US
19609,2025-11-03 14:24:00,0,0.0,US
19610,2025-10-26 05:22:00,0,0.0,DE
19611,2025-11-10 21:51:00,0,0.0,DE
19612,2025-11-22 10:19:00,0,0.0,GB
19613,2025-10-23 02:20:00,0,0.0,US
19614,2025-10-21 05:08:00,0,0.0,US
19615,2025-12-30 12:52:00,0,0.0,FR
19616,2025-10-25 19:23:00,0,0.0,US
19617,2025-12-26 01:15:00,0,0.0,US
19618,2025-12-27 09:33:00,0,0.0,ES
19619,2025-12-16 22:16:00,0,0.0,BR
19620,2025-11-01 00:00:00,0,0.0,US
19621,2025-12-13 00:00:00,0,0.0,CA
19622,2025-12-15 06:24:00,0,0.0,FR
19623,2025-11-03 07:47:00,0,0.0,FR
19624,2025-10-16 14:45:00,0,0.0,US
19625,2025-12-06 09:05:00,0,0.0,DE
19626,2025-12-02 21:00:00,0,0.0,US
19627,2025-12-26 07:46:00,0,0.0,US
19628,2025-10-12 06:01:00,0,0.0,BR
19629,2025-10-30 18:34:00,0,0.0,CA
19630,2025-10-13 00:00:00,0,0.0,DE
19631,2025-12-11 05:49:00,0,0.0,FR
19632,2025-10-28 07:28:00,0,0.0,ES
19633,2025-10-15 21:50:00,0,0.0,DE
19634,2025-10-11 02:34:00,0,0.0,CA
19635,2025-10-25 18:40:00,0,0.0,US
19636,2025-11-23 18:52:00,0,0.0,US
19637,2025-12-08 01:57:00,0,0.0,MX
19638,2025-09-30 22:01:00,0,0.0,DE
19639,2025-12-17 00:00:00,0,0.0,US
19640,2025-12-13 14:29:00,0,0.0,US
19641,2025-10-31 20:35:00,0,0.0,GB
19642,2025-10-02 00:00:00,0,0.0,US
19643,2025-10-22 00:00:00,0,0.0,BR
19644,2025-11-12 16:57:00,0,0.0,MX
19645,2025-12-10 11:41:00,0,0.0,US
19646,2025-12-06 09:44:00,0,0.0,FR
19647,2025-12-07 09:16:00,0,0.0,MX
19648,2025-12-01 11:27:00,0,0.0,US
19649,2025-11-20 03:48:00,0,0.0,FR
19650,2025-11-29 16:01:00,0,0.0,DE
19651,2025-10-30 15:08:00,0,0.0,US
19652,2025-12-21 06:45:00,0,0.0,DE
19653,2025-10-02 08:02:00,0,0.0,US
19654,2025-12-18 14:27:00,0,0.0,MX
19655,2025-12-18 19:35:00,0,0.0,GB
19656,2025-12-12 04:30:00,0,0.0,ES
19657,2025-10-10 08:25:00,0,0.0,ES
19658,2025-10-15 00:00:00,0,0.0,FR
19659,2025-10-25 06:26:00,0,0.0,ES
19660,2025-12-24 12:00:00,0,0.0,US
19661,2025-12-26 14:11:00,0,0.0,US
19662,2025-11-17 02:43:00,0,0.0,US
19663,2025-11-09 00:00:00,0,0.0,GB
19664,2026-01-03 18:06:00,0,0.0,US
19665,2025-10-24 00:00:00,0,0.0,US
19666,2025-10-31 00:00:00,0,0.0,US
19667,2025-11-23 03:20:00,0,0.0,GB
19668,2025-12-23 06:26:00,1,11.67,GB
19669,2025-12-02 00:27:00,0,0.0,US
19670,2025-11-14 09:39:00,0,0.0,US
19671,2025-12-27 12:27:00,0,0.0,ES
19672,2025-12-26 09:54:00,0,0.0,MX
19673,2025-10-12 00:00:00,0,0.0,US
19674,2025-12-13 20:12:00,0,0.0,GB
19675,2025-12-20 17:03:00,0,0.0,GB
19676,2025-12-18 12:44:00,0,0.0,MX
19677,2025-11-09 10:35:00,0,0.0,US
19678,2025-10-18 17:32:00,0,0.0,US
19679,2025-12-31 12:44:00,1,8.72,DE
19680,2025-12-19 00:00:00,0,0.0,US
19681,2025-10-11 00:00:00,0,0.0,US
19682,2025-11-08 22:57:00,0,0.0,US
19683,2025-11-12 11:38:00,0,0.0,DE
19684,2025-11-11 10:42:00,0,0.0,FR
19685,2025-10-19 10:09:00,0,0.0,FR
19686,2025-11-07 05:18:00,0,0.0,FR
19687,2025-12-15 11:38:00,0,0.0,FR
19688,2026-01-04 11:43:00,0,0.0,ES
19689,2025-11-04 15:40:00,0,0.0,FR
19690,2025-12-30 08:55:00,0,0.0,GB
19691,2025-12-06 10:43:00,0,0.0,US
19692,2025-10-06 20:53:00,0,0.0,ES
19693,2025-12-25 09:17:00,0,0.0,US
19694,2025-11-30 00:00:00,0,0.0,US
19695,2025-11-19 16:50:00,0,0.0,DE
19696,2025-12-13 00:00:00,0,0.0,MX
19697,2025-10-29 22:15:00,0,0.0,US
19698,2025-12-17 18:39:00,1,13.71,BR
19699,2025-11-30 00:06:00,0,0.0,FR
19700,2025-10-02 00:00:00,0,0.0,MX
19701,2025-12-04 09:33:00,0,0.0,DE
19702,2025-11-10 13:42:00,0,0.0,US
19703,2025-10-23 15:18:00,0,0.0,DE
19704,2025-11-28 22:10:00,0,0.0,US
19705,2025-12-16 17:25:00,0,0.0,CA
19706,2025-10-24 00:00:00,0,0.0,DE
19707,2025-11-22 00:00:00,0,0.0,BR
19708,2025-10-07 00:00:00,0,0.0,MX
19709,2025-12-30 05:45:00,0,0.0,CA
19710,2025-11-19 00:00:00,0,0.0,US
19711,2025-10-10 21:47:00,0,0.0,FR
19712,2025-10-13 17:51:00,0,0.0,BR
19713,2025-11-02 11:48:00,0,0.0,DE
19714,2025-11-04 22:22:00,1,11.93,ES
19715,2025-10-23 04:50:00,0,0.0,MX
19716,2025-10-18 12:57:00,1,18.93,GB
19717,2025-11-12 00:00:00,0,0.0,US
19718,2025-12-11 14:56:00,0,0.0,MX
19719,2025-11-06 10:20:00,0,0.0,GB
19720,2025-10-18 16:39:00,0,0.0,DE
19721,2025-10-08 05:23:00,0,0.0,GB
19722,2026-01-06 04:54:00,0,0.0,MX
19723,2025-12-22 11:16:00,1,10.29,ES
19724,2025-11-03 12:01:00,0,0.0,US
19725,2025-10-09 00:00:00,0,0.0,GB
19726,2025-12-14 00:00:00,0,0.0,CA
19727,2025-11-27 17:15:00,0,0.0,US
19728,2025-10-29 04:11:00,0,0.0,ES
19729,2025-10-25 00:21:00,0,0.0,DE
19730,2025-10-08 04:43:00,0,0.0,FR
19731,2025-10-24 11:10:00,0,0.0,US
19732,2025-12-06 06:41:00,0,0.0,FR
19733,2025-11-23 22:14:00,0,0.0,MX
19734,2025-11-20 01:19:00,0,0.0,US
19735,2025-12-27 20:48:00,0,0.0,BR
19736,2026-01-04 15:18:00,0,0.0,FR
19737,2025-12-19 05:03:00,0,0.0,ES
19738,2025-10-30 06:19:00,0,0.0,MX
19739,2025-10-19 05:18:00,0,0.0,DE
19740,2025-12-28 10:16:00,0,0.0,FR
19741,2025-12-12 21:55:00,0,0.0,GB
19742,2025-11-02 05:33:00,0,0.0,ES
19743,2025-11-16 13:19:00,0,0.0,MX
19744,2025-11-21 00:21:00,0,0.0,US
19745,2025-11-26 00:51:00,0,0.0,MX
19746,2025-10-26 11:40:00,0,0.0,MX
19747,2025-10-31 23:06:00,0,0.0,DE
19748,2026-01-02 06:52:00,1,8.15,FR
19749,2025-10-17 09:34:00,0,0.0,US
19750,2025-11-23 00:00:00,0,0.0,US
19751,2025-11-10 19:18:00,1,11.57,US
19752,2025-11-15 13:19:00,0,0.0,FR
19753,2025-10-17 20:49:00,0,0.0,US
19754,2025-11-21 00:00:00,0,0.0,FR
19755,2025-11-02 13:49:00,0,0.0,US
19756,2025-12-28 04:33:00,0,0.0,FR
19757,2025-11-27 09:28:00,0,0.0,MX
19758,2025-12-07 16:33:00,0,0.0,DE
19759,2025-12-16 12:45:00,0,0.0,ES
19760,2025-11-22 17:39:00,0,0.0,ES
19761,2025-11-04 06:49:00,0,0.0,US
19762,2025-12-10 18:57:00,0,0.0,FR
19763,2025-12-09 23:59:00,0,0.0,DE
19764,2025-10-17 22:33:00,0,0.0,CA
19765,2025-11-04 01:44:00,0,0.0,US
19766,2025-11-10 00:00:00,0,0.0,GB
19767,2025-12-15 07:17:00,1,8.16,GB
19768,2025-11-11 17:17:00,0,0.0,US
19769,2025-10-12 04:54:00,0,0.0,DE
19770,2025-11-01 19:21:00,0,0.0,BR
19771,2025-11-27 06:37:00,0,0.0,GB
19772,2026-01-02 03:38:00,0,0.0,FR
19773,2025-12-28 00:00:00,0,0.0,MX
19774,2025-11-26 12:32:00,0,0.0,ES
19775,2025-11-14 00:49:00,0,0.0,BR
19776,2026-01-07 14:01:00,0,0.0,US
19777,2025-12-31 10:31:00,0,0.0,CA
19778,2025-11-07 23:44:00,0,0.0,US
19779,2026-01-03 00:07:00,0,0.0,ES
19780,2025-11-19 12:53:00,0,0.0,GB
19781,2025-10-10 06:57:00,0,0.0,BR
19782,2025-12-30 14:28:00,0,0.0,FR
19783,2025-11-05 21:33:00,0,0.0,GB
19784,2025-12-20 11:31:00,0,0.0,MX
19785,2025-10-27 17:47:00,1,9.22,MX
19786,2025-12-10 07:23:00,0,0.0,FR
19787,2025-11-05 16:08:00,0,0.0,MX
19788,2025-11-05 12:39:00,0,0.0,CA
19789,2025-11-17 00:00:00,0,0.0,US
19790,2025-12-19 02:22:00,0,0.0,US
19791,2025-10-12 23:07:00,0,0.0,DE
19792,2025-12-19 20:16:00,0,0.0,US
19793,2025-12-22 04:52:00,0,0.0,FR
19794,2025-11-25 00:00:00,0,0.0,DE
19795,2025-10-16 13:35:00,0,0.0,US
19796,2025-12-15 09:23:00,0,0.0,US
19797,2025-12-10 21:00:00,0,0.0,FR
19798,2025-12-19 11:48:00,0,0.0,BR
19799,2025-12-12 00:00:00,0,0.0,FR
19800,2025-10-31 06:32:00,0,0.0,ES
19801,2025-12-24 02:41:00,0,0.0,US
19802,2025-10-31 19:33:00,1,17.96,GB
19803,2025-12-16 00:00:00,0,0.0,US
19804,2025-10-11 14:44:00,0,0.0,MX
19805,2025-11-06 18:56:00,0,0.0,US
19806,2026-01-03 20:27:00,1,11.86,DE
19807,2025-11-11 21:18:00,0,0.0,CA
19808,2025-10-07 00:00:00,0,0.0,US
19809,2025-12-21 17:40:00,0,0.0,US
19810,2025-12-19 07:59:00,0,0.0,CA
19811,2025-11-14 23:35:00,0,0.0,US
19812,2025-11-25 02:59:00,0,0.0,GB
19813,2025-12-24 04:43:00,0,0.0,US
19814,2025-12-27 16:37:00,0,0.0,US
19815,2025-11-18 19:42:00,0,0.0,ES
19816,2025-10-30 05:05:00,0,0.0,US
19817,2025-12-05 00:00:00,0,0.0,US
19818,2026-01-07 21:38:00,0,0.0,US
19819,2025-11-20 03:03:00,0,0.0,FR
19820,2025-10-07 06:56:00,0,0.0,US
19821,2025-12-02 18:51:00,0,0.0,US
19822,2025-10-12 00:44:00,0,0.0,BR
19823,2026-01-07 03:57:00,0,0.0,CA
19824,2025-11-23 16:30:00,0,0.0,US
19825,2025-12-22 14:16:00,1,17.23,CA
19826,2025-10-31 16:26:00,0,0.0,US
19827,2025-11-06 14:32:00,1,13.27,CA
19828,2025-11-11 03:40:00,0,0.0,BR
19829,2025-11-16 05:19:00,0,0.0,MX
19830,2025-11-17 22:38:00,0,0.0,US
19831,2025-10-16 23:00:00,0,0.0,GB
19832,2025-12-04 07:33:00,0,0.0,US
19833,2025-10-29 19:01:00,0,0.0,DE
19834,2025-11-24 02:47:00,0,0.0,MX
19835,2025-10-29 20:51:00,0,0.0,US
19836,2025-12-24 21:56:00,0,0.0,ES
19837,2025-12-16 17:20:00,0,0.0,US
19838,2025-10-08 05:13:00,0,0.0,US
19839,2025-10-14 17:52:00,0,0.0,FR
19840,2025-12-25 04:36:00,1,9.24,CA
19841,2025-10-20 04:08:00,0,0.0,CA
19842,2025-10-20 00:50:00,0,0.0,DE
19843,2025-11-07 15:07:00,0,0.0,ES
19844,2025-10-21 17:07:00,0,0.0,US
19845,2025-12-24 10:09:00,0,0.0,DE
19846,2025-10-10 00:00:00,0,0.0,ES
19847,2025-12-05 23:54:00,0,0.0,ES
19848,2025-11-13 23:37:00,0,0.0,US
19849,2025-12-20 23:44:00,0,0.0,US
19850,2025-12-05 00:00:00,0,0.0,MX
19851,2025-11-13 22:52:00,0,0.0,GB
19852,2025-10-01 12:50:00,0,0.0,US
19853,2025-11-04 22:23:00,0,0.0,BR
19854,2025-11-02 18:42:00,0,0.0,US
19855,2025-11-28 00:42:00,1,12.31,FR
19856,2025-10-28 03:41:00,1,12.22,CA
19857,2025-12-22 12:45:00,0,0.0,US
19858,2025-10-11 00:00:00,0,0.0,US
19859,2025-11-04 23:13:00,0,0.0,FR
19860,2025-12-12 15:59:00,0,0.0,US
19861,2025-10-17 13:26:00,0,0.0,US
19862,2025-11-25 00:00:00,0,0.0,US
19863,2025-12-24 01:27:00,0,0.0,MX
19864,2025-10-14 17:04:00,0,0.0,US
19865,2025-12-20 01:23:00,0,0.0,US
19866,2025-11-07 10:29:00,0,0.0,DE
19867,2025-10-29 00:00:00,0,0.0,GB
19868,2025-10-19 03:39:00,0,0.0,US
19869,2025-10-24 18:48:00,0,0.0,ES
19870,2025-11-23 12:14:00,0,0.0,US
19871,2025-11-10 11:56:00,0,0.0,BR
19872,2025-10-15 03:45:00,0,0.0,GB
19873,2025-11-01 09:25:00,0,0.0,ES
19874,2025-12-30 20:02:00,0,0.0,GB
19875,2025-11-18 04:38:00,0,0.0,FR
19876,2025-12-20 10:15:00,0,0.0,CA
19877,2025-11-08 07:28:00,0,0.0,US
19878,2025-11-10 21:53:00,0,0.0,DE
19879,2025-12-22 01:55:00,0,0.0,GB
19880,2025-11-26 22:58:00,1,14.86,MX
19881,2025-12-29 10:06:00,0,0.0,US
19882,2025-12-31 02:08:00,0,0.0,MX
19883,2025-12-25 21:49:00,0,0.0,US
19884,2025-11-08 21:51:00,0,0.0,DE
19885,2025-10-30 05:28:00,0,0.0,US
19886,2026-01-03 15:38:00,0,0.0,MX
19887,2025-12-05 21:00:00,1,12.02,MX
19888,2025-12-25 08:44:00,0,0.0,US
19889,2025-10-30 22:01:00,1,15.72,ES
19890,2025-11-24 00:41:00,0,0.0,US
19891,2025-11-30 08:33:00,1,11.92,DE
19892,2025-10-10 06:42:00,0,0.0,ES
19893,2025-10-30 03:02:00,0,0.0,MX
19894,2026-01-02 02:12:00,0,0.0,US
19895,2025-12-07 16:38:00,0,0.0,US
19896,2025-10-29 00:00:00,0,0.0,US
19897,2025-11-08 10:00:00,0,0.0,MX
19898,2025-10-20 16:56:00,0,0.0,CA
19899,2025-12-11 12:58:00,0,0.0,US
19900,2025-11-03 19:31:00,0,0.0,GB
19901,2025-11-25 07:02:00,0,0.0,DE
19902,2025-10-04 06:58:00,0,0.0,CA
19903,2025-12-19 05:18:00,0,0.0,US
19904,2025-10-17 10:49:00,0,0.0,US
19905,2025-10-17 23:31:00,0,0.0,US
19906,2025-11-19 08:26:00,0,0.0,ES
19907,2025-10-18 13:16:00,0,0.0,FR
19908,2025-10-19 19:29:00,0,0.0,US
19909,2025-10-19 11:51:00,1,12.97,US
19910,2025-11-17 11:10:00,1,14.92,FR
19911,2026-01-01 02:48:00,0,0.0,MX
19912,2025-12-19 01:08:00,1,11.31,US
19913,2025-10-11 13:05:00,0,0.0,ES
19914,2025-12-07 18:20:00,0,0.0,CA
19915,2026-01-05 23:57:00,0,0.0,CA
19916,2025-12-11 23:25:00,0,0.0,FR
19917,2025-11-17 10:42:00,0,0.0,DE
19918,2025-12-28 09:34:00,0,0.0,BR
19919,2025-11-10 16:57:00,0,0.0,US
19920,2025-11-17 02:30:00,0,0.0,MX
19921,2025-10-30 12:12:00,0,0.0,FR
19922,2025-11-24 11:57:00,0,0.0,MX
19923,2025-12-11 03:36:00,0,0.0,US
19924,2025-11-15 18:42:00,0,0.0,GB
19925,2025-11-20 21:45:00,1,11.53,DE
19926,2025-11-25 07:03:00,0,0.0,MX
19927,2025-12-13 15:43:00,0,0.0,MX
19928,2025-11-17 08:34:00,0,0.0,DE
19929,2026-01-01 03:20:00,0,0.0,US
19930,2025-10-21 18:59:00,0,0.0,US
19931,2025-10-18 10:59:00,0,0.0,CA
19932,2025-12-06 15:15:00,0,0.0,US
19933,2025-12-29 19:15:00,0,0.0,GB
19934,2025-11-19 16:18:00,0,0.0,DE
19935,2025-10-11 17:01:00,0,0.0,MX
19936,2025-10-11 17:41:00,1,14.76,ES
19937,2025-12-05 19:36:00,0,0.0,FR
19938,2025-12-28 05:49:00,0,0.0,FR
19939,2025-12-26 21:16:00,0,0.0,DE
19940,2025-11-07 14:30:00,1,11.71,ES
19941,2025-10-27 14:51:00,0,0.0,US
19942,2025-10-08 21:14:00,0,0.0,GB
19943,2025-10-25 03:23:00,0,0.0,CA
19944,2025-11-13 22:23:00,0,0.0,MX
19945,2025-12-03 00:33:00,0,0.0,ES
19946,2025-11-03 02:09:00,0,0.0,MX
19947,2025-10-18 00:00:00,0,0.0,BR
19948,2025-11-24 17:47:00,0,0.0,US
19949,2025-10-08 00:00:00,0,0.0,DE
19950,2025-12-19 13:21:00,0,0.0,US
19951,2025-12-16 17:33:00,0,0.0,MX
19952,2025-11-11 13:10:00,0,0.0,US
19953,2026-01-01 16:02:00,0,0.0,GB
19954,2025-12-08 21:39:00,0,0.0,US
19955,2025-10-24 07:06:00,0,0.0,BR
19956,2025-12-21 00:48:00,0,0.0,CA
19957,2025-12-19 19:47:00,0,0.0,BR
19958,2025-12-28 22:22:00,0,0.0,FR
19959,2025-11-21 14:37:00,0,0.0,MX
19960,2025-10-29 19:15:00,1,11.14,GB
19961,2025-12-31 10:45:00,0,0.0,BR
19962,2025-12-25 06:05:00,0,0.0,US
19963,2025-11-10 13:05:00,0,0.0,FR
19964,2025-12-05 00:00:00,0,0.0,MX
19965,2025-12-24 13:23:00,0,0.0,FR
19966,2025-11-13 17:42:00,0,0.0,US
19967,2025-11-24 11:41:00,1,12.84,MX
19968,2025-11-05 16:51:00,0,0.0,US
19969,2025-12-21 07:45:00,0,0.0,US
19970,2025-10-31 00:00:00,0,0.0,ES
19971,2025-12-25 11:59:00,0,0.0,GB
19972,2025-10-14 00:00:00,0,0.0,FR
19973,2025-10-15 21:49:00,1,12.05,BR
19974,2025-10-30 01:10:00,0,0.0,US
19975,2026-01-03 21:21:00,0,0.0,MX
19976,2025-10-06 00:00:00,0,0.0,US
19977,2026-01-06 10:12:00,1,14.49,GB
19978,2025-10-15 16:38:00,0,0.0,GB
19979,2025-11-19 00:00:00,0,0.0,BR
19980,2025-11-23 19:01:00,0,0.0,DE
19981,2025-12-29 18:56:00,0,0.0,US
19982,2025-10-16 10:21:00,0,0.0,FR
19983,2026-01-04 12:38:00,0,0.0,GB
19984,2025-12-27 01:07:00,0,0.0,US
19985,2025-12-04 19:37:00,0,0.0,GB
19986,2025-12-19 12:10:00,0,0.0,GB
19987,2025-11-20 13:01:00,0,0.0,FR
19988,2025-12-29 07:20:00,0,0.0,MX
19989,2025-10-30 17:51:00,0,0.0,US
19990,2025-12-30 23:06:00,0,0.0,US
19991,2025-11-03 06:14:00,0,0.0,US
19992,2025-12-07 20:53:00,0,0.0,CA
19993,2025-10-29 15:10:00,0,0.0,DE
19994,2025-10-18 18:16:00,0,0.0,US
19995,2025-12-15 07:12:00,0,0.0,US
19996,2025-11-15 20:10:00,0,0.0,DE
19997,2026-01-05 10:05:00,0,0.0,US
19998,2025-12-01 18:49:00,0,0.0,US
19999,2025-10-10 05:51:00,0,0.0,US
20000,2025-12-21 13:54:00,0,0.0,GB
