user_id,country,signup_date
1,GB,2025-12-23
2,FR,2025-11-24
3,DE,2025-11-11
4,US,2025-12-25
5,US,2025-10-08
6,FR,2025-10-14
7,US,2025-10-25
8,FR,2025-12-01
9,DE,2025-10-12
10,MX,2025-10-07
11,US,2025-10-30
12,US,2025-12-14
13,US,2025-11-24
14,MX,2025-11-16
15,MX,2025-11-11
16,BR,2025-10-05
17,ES,2025-11-20
18,DE,2025-10-01
19,GB,2025-12-27
20,ES,2025-12-27
21,US,2025-10-02
22,US,2025-11-13
23,GB,2025-10-24
24,US,2025-12-24
25,US,2025-10-15
26,MX,2025-10-13
27,MX,2025-10-02
28,FR,2025-11-13
29,GB,2025-11-10
30,MX,2025-12-03
31,MX,2025-10-06
32,US,2025-10-06
33,US,2025-12-01
34,US,2025-11-21
35,GB,2025-11-16
36,US,2025-12-28
37,CA,2025-10-20
38,US,2025-10-24
39,FR,2025-11-15
40,US,2025-10-24
41,US,2025-11-20
42,FR,2025-10-24
43,MX,2025-10-10
44,FR,2025-11-18
45,GB,2025-11-07
46,DE,2025-10-31
47,US,2025-10-31
48,BR,2025-11-24
49,MX,2025-10-11
50,FR,2025-12-29
51,CA,2025-10-07
52,BR,2025-10-08
53,US,2025-12-21
54,CA,2025-12-26
55,US,2025-11-10
56,US,2025-12-11
57,DE,2025-11-11
58,CA,2025-11-27
59,ES,2025-11-08
60,BR,2025-11-03
61,GB,2025-10-25
62,GB,2025-12-10
63,GB,2025-12-16
64,US,2025-10-13
65,MX,2025-11-23
66,US,2025-10-02
67,CA,2025-11-10
68,US,2025-11-22
69,ES,2025-12-15
70,US,2025-10-20
71,GB,2025-10-01
72,US,2025-10-26
73,FR,2025-10-13
74,GB,2025-10-29
75,US,2025-12-25
76,FR,2025-10-31
77,ES,2025-12-30
78,FR,2025-11-22
79,BR,2025-12-27
80,US,2025-12-19
81,US,2025-10-13
82,ES,2025-12-23
83,BR,2025-10-13
84,US,2025-11-17
85,FR,2025-12-11
86,GB,2025-10-14
87,BR,2025-11-28
88,CA,2025-11-02
89,CA,2025-11-05
90,US,2025-12-28
91,US,2025-11-24
92,FR,2025-10-12
93,MX,2025-10-13
94,BR,2025-12-13
95,US,2025-11-02
96,DE,2025-11-22
97,US,2025-12-08
98,CA,2025-12-10
99,US,2025-12-28
100,US,2025-12-13
101,ES,2025-10-14
102,GB,2025-11-21
103,CA,2025-10-23
104,MX,2025-12-15
105,FR,2025-10-14
106,US,2025-12-14
107,BR,2025-12-31
108,GB,2025-12-17
109,CA,2025-11-04
110,MX,2025-12-20
111,DE,2025-10-17
112,FR,2025-10-14
113,US,2025-11-27
114,ES,2025-11-14
115,US,2025-10-01
116,DE,2025-12-31
117,DE,2025-11-28
118,US,2025-10-27
119,CA,2025-11-20
120,DE,2025-10-31
121,US,2025-12-23
122,GB,2025-12-18
123,DE,2025-11-03
124,MX,2025-12-11
125,DE,2025-12-11
126,US,2025-12-13
127,US,2025-12-20
128,CA,2025-12-18
129,US,2025-12-31
130,US,2025-12-31
131,ES,2025-11-16
132,BR,2025-10-15
133,US,2025-12-16
134,US,2025-11-18
135,ES,2025-12-28
136,MX,2025-11-07
137,ES,2025-10-31
138,MX,2025-11-06
139,MX,2025-11-11
140,FR,2025-12-17
141,DE,2025-11-23
142,BR,2025-12-31
143,CA,2025-11-12
144,FR,2025-12-04
145,CA,2025-12-22
146,ES,2025-10-03
147,US,2025-12-13
148,CA,2025-11-08
149,MX,2025-11-05
150,ES,2025-12-27
151,US,2025-11-28
152,DE,2025-11-18
153,GB,2025-11-12
154,GB,2025-10-21
155,GB,2025-10-09
156,ES,2025-10-12
157,US,2025-11-13
158,CA,2025-10-19
159,US,2025-12-14
160,US,2025-10-09
161,US,2025-10-16
162,FR,2025-12-15
163,FR,2025-12-09
164,US,2025-12-01
165,GB,2025-11-08
166,MX,2025-11-28
167,BR,2025-12-05
168,GB,2025-12-11
169,US,2025-12-29
170,ES,2025-11-12
171,MX,2025-12-07
172,GB,2025-12-12
173,GB,2025-12-31
174,US,2025-12-13
175,US,2025-11-29
176,CA,2025-12-02
177,DE,2025-12-24
178,DE,2025-10-18
179,DE,2025-10-04
180,US,2025-12-28
181,FR,2025-10-24
182,DE,2025-11-15
183,FR,2025-11-08
184,MX,2025-12-06
185,FR,2025-12-24
186,US,2025-10-25
187,US,2025-10-28
188,US,2025-10-11
189,US,2025-11-15
190,US,2025-10-05
191,US,2025-10-18
192,BR,2025-10-06
193,US,2025-10-31
194,BR,2025-12-29
195,US,2025-12-24
196,GB,2025-10-08
197,US,2025-10-15
198,US,2025-10-14
199,ES,2025-11-15
200,BR,2025-12-23
201,DE,2025-10-21
202,GB,2025-10-01
203,GB,2025-10-03
204,US,2025-12-16
205,BR,2025-12-13
206,US,2025-12-11
207,DE,2025-11-03
208,ES,2025-12-23
209,FR,2025-11-04
210,US,2025-11-29
211,US,2025-10-23
212,US,2025-10-24
213,US,2025-12-31
214,GB,2025-12-31
215,DE,2025-10-25
216,US,2025-12-11
217,FR,2025-11-27
218,DE,2025-10-25
219,US,2025-11-13
220,DE,2025-10-26
221,FR,2025-10-10
222,US,2025-12-10
223,BR,2025-10-31
224,GB,2025-11-20
225,GB,2025-11-01
226,US,2025-12-22
227,GB,2025-12-04
228,GB,2025-11-02
229,FR,2025-11-14
230,DE,2025-10-19
231,US,2025-11-11
232,DE,2025-12-08
233,FR,2025-10-30
234,FR,2025-10-06
235,US,2025-12-07
236,US,2025-10-29
237,GB,2025-11-21
238,US,2025-11-08
239,BR,2025-10-02
240,ES,2025-11-21
241,CA,2025-10-03
242,US,2025-11-17
243,MX,2025-12-20
244,GB,2025-12-21
245,US,2025-11-04
246,CA,2025-12-16
247,US,2025-10-19
248,GB,2025-10-16
249,FR,2025-12-01
250,CA,2025-10-14
251,CA,2025-10-24
252,BR,2025-11-30
253,US,2025-11-09
254,US,2025-11-04
255,US,2025-12-18
256,MX,2025-12-30
257,US,2025-12-16
258,DE,2025-10-28
259,BR,2025-10-18
260,US,2025-10-19
261,US,2025-12-02
262,DE,2025-11-01
263,US,2025-11-07
264,US,2025-12-04
265,US,2025-12-16
266,US,2025-11-22
267,FR,2025-10-28
268,US,2025-10-23
269,US,2025-11-09
270,FR,2025-12-23
271,GB,2025-12-09
272,US,2025-12-26
273,MX,2025-11-24
274,FR,2025-12-14
275,CA,2025-10-05
276,GB,2025-10-28
277,US,2025-10-01
278,DE,2025-10-06
279,DE,2025-11-15
280,FR,2025-11-29
281,GB,2025-12-05
282,CA,2025-11-30
283,US,2025-10-28
284,MX,2025-12-22
285,DE,2025-12-15
286,US,2025-10-03
287,US,2025-10-23
288,BR,2025-10-22
289,DE,2025-11-29
290,FR,2025-12-25
291,US,2025-12-23
292,US,2025-12-31
293,DE,2025-12-14
294,GB,2025-11-01
295,DE,2025-12-16
296,ES,2025-12-19
297,ES,2025-11-18
298,FR,2025-12-15
299,DE,2025-10-20
300,CA,2025-10-11
301,GB,2025-10-05
302,US,2025-12-10
303,DE,2025-12-01
304,DE,2025-11-07
305,DE,2025-10-28
306,MX,2025-10-30
307,CA,2025-10-07
308,CA,2025-12-05
309,US,2025-11-26
310,FR,2025-11-09
311,BR,2025-10-19
312,CA,2025-12-21
313,BR,2025-11-26
314,DE,2025-10-26
315,CA,2025-11-10
316,FR,2025-10-23
317,FR,2025-12-06
318,CA,2025-10-08
319,US,2025-11-19
320,DE,2025-12-18
321,ES,2025-12-29
322,US,2025-11-05
323,GB,2025-10-20
324,FR,2025-10-06
325,ES,2025-12-06
326,US,2025-12-29
327,US,2025-12-07
328,ES,2025-10-15
329,US,2025-10-04
330,US,2025-10-21
331,BR,2025-12-05
332,MX,2025-12-02
333,DE,2025-12-09
334,US,2025-12-29
335,FR,2025-10-21
336,US,2025-12-28
337,DE,2025-11-13
338,US,2025-12-31
339,MX,2025-11-19
340,US,2025-11-01
341,US,2025-10-13
342,US,2025-11-02
343,GB,2025-10-31
344,MX,2025-10-06
345,US,2025-10-17
346,ES,2025-12-10
347,FR,2025-12-08
348,FR,2025-12-19
349,US,2025-12-05
350,CA,2025-10-03
351,US,2025-10-27
352,US,2025-10-31
353,US,2025-11-06
354,MX,2025-12-21
355,US,2025-12-14
356,US,2025-11-07
357,FR,2025-12-03
358,MX,2025-12-12
359,US,2025-12-11
360,GB,2025-11-08
361,US,2025-10-09
362,MX,2025-12-28
363,US,2025-10-04
364,MX,2025-10-09
365,GB,2025-12-11
366,BR,2025-12-07
367,CA,2025-10-12
368,DE,2025-12-26
369,FR,2025-10-12
370,US,2025-12-13
371,US,2025-11-23
372,US,2025-12-18
373,ES,2025-11-17
374,ES,2025-10-30
375,US,2025-11-16
376,ES,2025-11-20
377,US,2025-10-03
378,MX,2025-11-16
379,MX,2025-12-18
380,FR,2025-10-04
381,US,2025-10-14
382,US,2025-12-12
383,BR,2025-11-11
384,US,2025-10-07
385,US,2025-11-13
386,MX,2025-10-21
387,FR,2025-11-24
388,DE,2025-10-27
389,FR,2025-10-06
390,DE,2025-12-26
391,GB,2025-11-27
392,FR,2025-12-23
393,GB,2025-10-10
394,DE,2025-11-01
395,US,2025-11-05
396,US,2025-11-04
397,DE,2025-12-20
398,US,2025-10-17
399,FR,2025-10-31
400,BR,2025-10-26
401,US,2025-11-19
402,ES,2025-10-08
403,US,2025-11-25
404,MX,2025-12-24
405,US,2025-11-16
406,ES,2025-11-01
407,BR,2025-12-22
408,DE,2025-10-19
409,US,2025-10-11
410,DE,2025-10-09
411,GB,2025-12-14
412,GB,2025-10-14
413,ES,2025-10-29
414,MX,2025-10-04
415,CA,2025-10-15
416,GB,2025-11-07
417,FR,2025-12-06
418,US,2025-12-15
419,GB,2025-12-14
420,US,2025-12-24
421,BR,2025-11-09
422,DE,2025-10-23
423,US,2025-12-17
424,DE,2025-10-11
425,US,2025-12-26
426,ES,2025-11-04
427,MX,2025-11-26
428,CA,2025-10-02
429,DE,2025-12-27
430,MX,2025-12-14
431,DE,2025-10-05
432,US,2025-10-29
433,BR,2025-11-30
434,BR,2025-10-29
435,ES,2025-10-19
436,US,2025-12-21
437,MX,2025-11-24
438,GB,2025-12-26
439,BR,2025-12-05
440,US,2025-12-23
441,BR,2025-11-18
442,US,2025-11-16
443,US,2025-11-20
444,FR,2025-10-31
445,US,2025-10-12
446,MX,2025-10-08
447,DE,2025-11-15
448,GB,2025-12-27
449,BR,2025-11-21
450,DE,2025-10-04
451,MX,2025-12-24
452,GB,2025-12-15
453,DE,2025-10-15
454,GB,2025-12-18
455,GB,2025-10-03
456,CA,2025-12-14
457,BR,2025-12-07
458,CA,2025-12-18
459,DE,2025-10-16
460,CA,2025-11-09
461,MX,2025-10-17
462,DE,2025-12-19
463,MX,2025-11-06
464,US,2025-11-03
465,FR,2025-10-30
466,CA,2025-12-26
467,FR,2025-11-06
468,DE,2025-10-05
469,MX,2025-11-30
470,GB,2025-12-19
471,US,2025-12-24
472,CA,2025-11-04
473,FR,2025-11-28
474,BR,2025-11-22
475,BR,2025-12-21
476,GB,2025-10-04
477,GB,2025-10-19
478,BR,2025-10-02
479,CA,2025-12-04
480,US,2025-10-10
481,US,2025-10-29
482,US,2025-10-21
483,MX,2025-10-18
484,ES,2025-10-28
485,CA,2025-12-20
486,MX,2025-11-28
487,CA,2025-10-01
488,BR,2025-11-09
489,ES,2025-11-08
490,FR,2025-11-26
491,CA,2025-10-16
492,US,2025-10-26
493,FR,2025-10-23
494,MX,2025-10-10
495,GB,2025-12-24
496,US,2025-12-10
497,FR,2025-12-03
498,US,2025-11-24
499,MX,2025-12-04
500,US,2025-12-20
501,CA,2025-12-26
502,FR,2025-12-24
503,FR,2025-10-02
504,MX,2025-11-12
505,DE,2025-12-29
506,MX,2025-10-19
507,CA,2025-11-25
508,BR,2025-10-16
509,US,2025-10-11
510,US,2025-11-11
511,GB,2025-12-25
512,DE,2025-10-27
513,US,2025-11-16
514,DE,2025-12-05
515,DE,2025-10-31
516,MX,2025-11-12
517,US,2025-11-01
518,GB,2025-11-23
519,US,2025-11-21
520,GB,2025-11-01
521,CA,2025-11-01
522,GB,2025-12-11
523,US,2025-10-26
524,MX,2025-11-17
525,MX,2025-11-27
526,GB,2025-12-18
527,US,2025-10-27
528,ES,2025-11-13
529,US,2025-10-14
530,US,2025-12-18
531,US,2025-11-09
532,US,2025-12-15
533,CA,2025-11-25
534,DE,2025-10-27
535,GB,2025-12-08
536,US,2025-10-28
537,US,2025-10-11
538,US,2025-12-30
539,DE,2025-12-13
540,MX,2025-11-07
541,ES,2025-10-04
542,GB,2025-11-27
543,GB,2025-12-22
544,DE,2025-12-23
545,DE,2025-12-23
546,US,2025-11-19
547,US,2025-12-09
548,MX,2025-10-07
549,MX,2025-12-05
550,US,2025-11-07
551,MX,2025-12-10
552,GB,2025-11-18
553,US,2025-10-08
554,US,2025-12-27
555,US,2025-11-20
556,US,2025-12-26
557,ES,2025-12-29
558,US,2025-10-26
559,US,2025-11-17
560,US,2025-10-11
561,MX,2025-10-13
562,US,2025-11-15
563,MX,2025-10-19
564,US,2025-11-08
565,US,2025-12-26
566,DE,2025-12-09
567,US,2025-11-25
568,GB,2025-11-14
569,CA,2025-10-20
570,CA,2025-10-15
571,DE,2025-12-27
572,US,2025-11-06
573,ES,2025-12-02
574,FR,2025-10-18
575,GB,2025-12-15
576,US,2025-12-12
577,GB,2025-11-21
578,GB,2025-11-18
579,DE,2025-11-28
580,US,2025-12-09
581,ES,2025-12-31
582,FR,2025-10-12
583,US,2025-10-26
584,US,2025-12-31
585,US,2025-10-30
586,FR,2025-11-10
587,FR,2025-10-14
588,ES,2025-11-27
589,GB,2025-11-11
590,GB,2025-12-12
591,GB,2025-11-06
592,BR,2025-12-04
593,ES,2025-11-25
594,GB,2025-12-26
595,US,2025-10-17
596,MX,2025-10-14
597,US,2025-12-28
598,DE,2025-12-09
599,GB,2025-12-05
600,CA,2025-12-27
601,FR,2025-12-01
602,DE,2025-12-12
603,US,2025-10-09
604,US,2025-12-14
605,US,2025-10-11
606,US,2025-10-12
607,US,2025-10-08
608,MX,2025-10-23
609,ES,2025-11-13
610,US,2025-12-30
611,FR,2025-12-27
612,GB,2025-10-31
613,FR,2025-12-27
614,CA,2025-11-28
615,US,2025-11-14
616,DE,2025-11-22
617,US,2025-12-05
618,US,2025-12-30
619,DE,2025-10-28
620,GB,2025-10-31
621,US,2025-10-08
622,US,2025-10-24
623,ES,2025-11-21
624,US,2025-11-15
625,GB,2025-10-19
626,US,2025-12-14
627,DE,2025-12-16
628,US,2025-10-24
629,MX,2025-10-12
630,US,2025-10-09
631,BR,2025-11-01
632,FR,2025-10-20
633,US,2025-10-29
634,US,2025-12-06
635,DE,2025-10-18
636,GB,2025-10-10
637,US,2025-10-01
638,GB,2025-11-24
639,MX,2025-10-10
640,FR,2025-12-29
641,US,2025-11-29
642,DE,2025-12-21
643,GB,2025-11-23
644,DE,2025-10-25
645,CA,2025-11-10
646,DE,2025-10-02
647,GB,2025-10-13
648,CA,2025-10-03
649,US,2025-11-19
650,ES,2025-12-12
651,GB,2025-11-21
652,US,2025-12-14
653,DE,2025-12-19
654,US,2025-10-12
655,MX,2025-11-09
656,FR,2025-11-29
657,MX,2025-11-12
658,US,2025-10-19
659,US,2025-11-25
660,US,2025-10-30
661,US,2025-11-02
662,US,2025-11-20
663,US,2025-11-21
664,US,2025-12-28
665,MX,2025-11-06
666,US,2025-10-06
667,DE,2025-10-27
668,ES,2025-12-05
669,US,2025-10-02
670,BR,2025-12-21
671,MX,2025-10-11
672,US,2025-11-12
673,US,2025-11-20
674,FR,2025-12-23
675,MX,2025-10-10
676,DE,2025-11-05
677,US,2025-11-02
678,BR,2025-10-04
679,FR,2025-12-06
680,FR,2025-11-08
681,US,2025-12-29
682,MX,2025-11-15
683,CA,2025-12-23
684,DE,2025-11-25
685,US,2025-10-02
686,US,2025-10-05
687,DE,2025-11-23
688,MX,2025-10-05
689,MX,2025-11-21
690,ES,2025-10-12
691,US,2025-11-10
692,US,2025-10-14
693,CA,2025-10-07
694,US,2025-10-20
695,US,2025-12-31
696,BR,2025-11-27
697,ES,2025-11-02
698,BR,2025-11-02
699,GB,2025-12-13
700,US,2025-12-20
701,BR,2025-11-09
702,DE,2025-12-20
703,BR,2025-10-27
704,DE,2025-12-22
705,BR,2025-11-06
706,US,2025-12-18
707,BR,2025-11-19
708,MX,2025-12-31
709,US,2025-12-08
710,GB,2025-11-20
711,DE,2025-10-01
712,US,2025-11-06
713,BR,2025-10-22
714,DE,2025-11-09
715,CA,2025-10-13
716,US,2025-10-10
717,CA,2025-10-23
718,BR,2025-10-15
719,GB,2025-10-03
720,BR,2025-12-28
721,US,2025-10-04
722,DE,2025-12-05
723,ES,2025-12-03
724,US,2025-12-21
725,US,2025-10-03
726,US,2025-12-21
727,FR,2025-11-12
728,FR,2025-12-16
729,US,2025-12-19
730,US,2025-11-03
731,US,2025-10-04
732,MX,2025-10-05
733,ES,2025-12-03
734,US,2025-11-10
735,US,2025-10-15
736,MX,2025-12-30
737,MX,2025-12-26
738,DE,2025-10-12
739,MX,2025-12-29
740,US,2025-11-19
741,CA,2025-12-30
742,ES,2025-10-16
743,DE,2025-11-14
744,US,2025-12-15
745,DE,2025-10-16
746,US,2025-12-17
747,DE,2025-12-04
748,US,2025-10-11
749,FR,2025-11-16
750,US,2025-11-28
751,MX,2025-12-07
752,GB,2025-12-31
753,MX,2025-10-26
754,US,2025-10-30
755,US,2025-11-04
756,US,2025-11-15
757,US,2025-10-02
758,US,2025-11-10
759,US,2025-10-31
760,MX,2025-11-05
761,CA,2025-12-18
762,BR,2025-11-16
763,US,2025-10-10
764,US,2025-10-19
765,US,2025-11-30
766,DE,2025-11-16
767,US,2025-12-15
768,CA,2025-11-10
769,DE,2025-12-11
770,CA,2025-12-26
771,FR,2025-10-14
772,FR,2025-11-05
773,US,2025-12-02
774,DE,2025-12-23
775,US,2025-10-08
776,US,2025-12-05
777,MX,2025-10-17
778,GB,2025-12-24
779,ES,2025-10-14
780,US,2025-12-27
781,GB,2025-10-03
782,MX,2025-12-20
783,US,2025-11-05
784,ES,2025-11-13
785,GB,2025-12-15
786,US,2025-12-02
787,FR,2025-10-07
788,US,2025-10-16
789,US,2025-12-05
790,US,2025-12-27
791,ES,2025-11-09
792,US,2025-12-18
793,FR,2025-10-02
794,GB,2025-11-13
795,US,2025-11-30
796,BR,2025-12-14
797,MX,2025-10-27
798,BR,2025-11-28
799,DE,2025-10-20
800,GB,2025-10-06
801,ES,2025-11-07
802,US,2025-10-29
803,DE,2025-10-23
804,CA,2025-10-06
805,DE,2025-12-11
806,FR,2025-11-29
807,ES,2025-11-24
808,US,2025-12-18
809,MX,2025-10-24
810,ES,2025-10-14
811,ES,2025-12-29
812,CA,2025-10-11
813,ES,2025-10-16
814,CA,2025-10-06
815,CA,2025-12-09
816,DE,2025-11-17
817,MX,2025-11-23
818,MX,2025-12-29
819,CA,2025-10-08
820,MX,2025-12-27
821,US,2025-10-07
822,US,2025-11-30
823,DE,2025-12-22
824,BR,2025-10-31
825,GB,2025-10-31
826,DE,2025-12-20
827,US,2025-12-27
828,US,2025-10-02
829,US,2025-10-28
830,US,2025-11-15
831,DE,2025-11-09
832,CA,2025-11-23
833,US,2025-12-21
834,GB,2025-12-31
835,US,2025-10-02
836,US,2025-11-01
837,GB,2025-10-01
838,DE,2025-12-30
839,US,2025-12-02
840,GB,2025-11-05
841,US,2025-11-03
842,CA,2025-12-27
843,BR,2025-11-22
844,US,2025-11-24
845,US,2025-12-27
846,GB,2025-10-30
847,BR,2025-10-28
848,US,2025-11-20
849,GB,2025-10-18
850,US,2025-11-26
851,ES,2025-10-16
852,US,2025-11-06
853,US,2025-11-30
854,US,2025-10-13
855,ES,2025-10-28
856,US,2025-10-03
857,GB,2025-11-21
858,ES,2025-11-18
859,ES,2025-10-22
860,US,2025-12-27
861,MX,2025-10-31
862,GB,2025-10-11
863,GB,2025-11-25
864,US,2025-10-26
865,US,2025-12-30
866,US,2025-11-21
867,US,2025-11-27
868,BR,2025-10-19
869,US,2025-11-27
870,US,2025-11-11
871,US,2025-10-19
872,US,2025-12-20
873,US,2025-11-05
874,ES,2025-11-10
875,MX,2025-10-16
876,US,2025-12-15
877,GB,2025-12-10
878,US,2025-12-25
879,US,2025-12-12
880,ES,2025-12-22
881,FR,2025-12-26
882,GB,2025-11-05
883,US,2025-11-20
884,US,2025-12-06
885,US,2025-11-21
886,US,2025-11-03
887,US,2025-10-24
888,US,2025-12-11
889,GB,2025-10-11
890,US,2025-11-29
891,US,2025-12-04
892,FR,2025-12-02
893,US,2025-12-04
894,US,2025-10-25
895,US,2025-11-25
896,DE,2025-10-30
897,GB,2025-10-25
898,BR,2025-12-24
899,GB,2025-10-11
900,US,2025-12-13
901,US,2025-10-31
902,BR,2025-11-01
903,ES,2025-11-04
904,DE,2025-12-05
905,GB,2025-11-04
906,MX,2025-10-08
907,US,2025-12-17
908,FR,2025-10-28
909,US,2025-12-25
910,US,2025-11-08
911,GB,2025-12-23
912,DE,2025-11-21
913,DE,2025-11-11
914,MX,2025-12-02
915,US,2025-11-19
916,US,2025-10-07
917,FR,2025-10-11
918,ES,2025-11-10
919,US,2025-12-28
920,FR,2025-10-20
921,CA,2025-10-21
922,US,2025-12-29
923,MX,2025-11-29
924,US,2025-10-05
925,MX,2025-11-15
926,US,2025-10-30
927,GB,2025-11-11
928,MX,2025-10-24
929,FR,2025-10-17
930,FR,2025-10-12
931,US,2025-11-01
932,US,2025-10-26
933,ES,2025-12-08
934,MX,2025-10-19
935,US,2025-12-15
936,US,2025-11-25
937,ES,2025-10-28
938,BR,2025-11-21
939,US,2025-11-27
940,MX,2025-12-01
941,MX,2025-10-07
942,MX,2025-12-31
943,ES,2025-11-14
944,ES,2025-11-05
945,US,2025-11-04
946,US,2025-12-17
947,CA,2025-12-31
948,FR,2025-12-03
949,GB,2025-12-16
950,DE,2025-12-11
951,BR,2025-10-14
952,US,2025-12-02
953,DE,2025-11-23
954,US,2025-10-05
955,GB,2025-12-17
956,US,2025-12-26
957,MX,2025-11-05
958,ES,2025-11-26
959,BR,2025-10-26
960,US,2025-12-29
961,CA,2025-10-06
962,GB,2025-12-25
963,US,2025-10-28
964,US,2025-10-05
965,US,2025-10-21
966,BR,2025-10-25
967,CA,2025-11-08
968,MX,2025-11-13
969,US,2025-10-03
970,GB,2025-12-17
971,US,2025-11-25
972,FR,2025-10-14
973,ES,2025-10-15
974,MX,2025-11-25
975,MX,2025-12-09
976,FR,2025-10-21
977,US,2025-11-01
978,DE,2025-11-06
979,US,2025-12-15
980,GB,2025-10-29
981,US,2025-11-17
982,GB,2025-10-12
983,ES,2025-10-25
984,US,2025-12-21
985,DE,2025-11-07
986,BR,2025-12-01
987,CA,2025-10-16
988,CA,2025-12-24
989,US,2025-12-09
990,US,2025-10-17
991,GB,2025-11-10
992,US,2025-11-29
993,GB,2025-12-17
994,ES,2025-11-21
995,ES,2025-10-15
996,FR,2025-12-21
997,DE,2025-11-03
998,US,2025-10-18
999,ES,2025-10-31
1000,US,2025-10-22
1001,FR,2025-10-22
1002,FR,2025-11-07
1003,GB,2025-11-07
1004,MX,2025-12-31
1005,US,2025-10-12
1006,MX,2025-10-20
1007,US,2025-10-17
1008,US,2025-11-16
1009,US,2025-12-29
1010,DE,2025-10-26
1011,ES,2025-10-29
1012,US,2025-10-04
1013,US,2025-11-22
1014,US,2025-12-17
1015,US,2025-10-19
1016,US,2025-11-10
1017,BR,2025-11-19
1018,CA,2025-11-03
1019,CA,2025-12-17
1020,US,2025-12-21
1021,GB,2025-12-06
1022,US,2025-11-29
1023,CA,2025-10-05
1024,MX,2025-12-27
1025,FR,2025-12-25
1026,US,2025-10-16
1027,GB,2025-11-04
1028,US,2025-12-11
1029,FR,2025-10-07
1030,CA,2025-10-13
1031,MX,2025-12-02
1032,FR,2025-12-10
1033,GB,2025-10-24
1034,US,2025-11-11
1035,US,2025-12-22
1036,ES,2025-12-22
1037,US,2025-12-07
1038,US,2025-11-03
1039,ES,2025-10-29
1040,US,2025-12-14
1041,US,2025-11-30
1042,US,2025-11-02
1043,US,2025-12-31
1044,MX,2025-10-08
1045,BR,2025-10-26
1046,US,2025-11-26
1047,US,2025-10-25
1048,DE,2025-10-22
1049,DE,2025-12-12
1050,BR,2025-12-10
1051,US,2025-10-19
1052,BR,2025-12-11
1053,GB,2025-12-25
1054,CA,2025-11-04
1055,FR,2025-12-17
1056,CA,2025-10-17
1057,MX,2025-12-15
1058,US,2025-12-14
1059,BR,2025-12-16
1060,DE,2025-12-24
1061,DE,2025-11-10
1062,US,2025-12-26
1063,ES,2025-11-17
1064,GB,2025-12-11
1065,CA,2025-10-21
1066,CA,2025-10-19
1067,DE,2025-12-19
1068,US,2025-12-19
1069,GB,2025-12-30
1070,GB,2025-11-06
1071,MX,2025-12-15
1072,FR,2025-11-15
1073,MX,2025-10-29
1074,MX,2025-10-24
1075,US,2025-12-09
1076,FR,2025-12-09
1077,US,2025-11-08
1078,GB,2025-12-29
1079,CA,2025-12-01
1080,ES,2025-11-03
1081,ES,2025-12-17
1082,US,2025-10-18
1083,ES,2025-12-03
1084,GB,2025-11-13
1085,US,2025-10-14
1086,MX,2025-10-18
1087,US,2025-10-28
1088,BR,2025-10-14
1089,US,2025-10-18
1090,CA,2025-11-13
1091,US,2025-10-02
1092,GB,2025-11-11
1093,FR,2025-10-12
1094,ES,2025-10-02
1095,US,2025-12-08
1096,BR,2025-12-28
1097,US,2025-10-23
1098,CA,2025-12-31
1099,ES,2025-12-01
1100,US,2025-12-15
1101,FR,2025-12-05
1102,GB,2025-10-28
1103,US,2025-10-30
1104,DE,2025-11-28
1105,US,2025-11-24
1106,FR,2025-12-25
1107,US,2025-12-27
1108,US,2025-12-13
1109,DE,2025-10-09
1110,MX,2025-12-29
1111,US,2025-10-31
1112,MX,2025-12-07
1113,US,2025-11-03
1114,BR,2025-10-30
1115,DE,2025-11-18
1116,FR,2025-10-26
1117,US,2025-10-17
1118,BR,2025-10-22
1119,ES,2025-10-20
1120,MX,2025-12-29
1121,DE,2025-10-09
1122,US,2025-11-06
1123,FR,2025-11-20
1124,BR,2025-11-24
1125,FR,2025-10-13
1126,DE,2025-12-10
1127,FR,2025-11-08
1128,US,2025-10-04
1129,GB,2025-12-19
1130,US,2025-10-26
1131,US,2025-12-12
1132,US,2025-12-22
1133,BR,2025-11-17
1134,GB,2025-11-11
1135,ES,2025-10-08
1136,US,2025-10-28
1137,US,2025-10-14
1138,CA,2025-11-29
1139,DE,2025-10-25
1140,BR,2025-10-20
1141,MX,2025-11-24
1142,DE,2025-12-09
1143,GB,2025-10-14
1144,US,2025-11-30
1145,US,2025-11-22
1146,MX,2025-12-22
1147,FR,2025-12-28
1148,BR,2025-10-19
1149,US,2025-10-05
1150,MX,2025-10-14
1151,CA,2025-11-03
1152,BR,2025-12-03
1153,BR,2025-12-30
1154,ES,2025-11-21
1155,US,2025-11-19
1156,CA,2025-12-24
1157,GB,2025-12-29
1158,FR,2025-12-26
1159,GB,2025-10-17
1160,MX,2025-12-24
1161,DE,2025-11-02
1162,MX,2025-10-04
1163,ES,2025-10-06
1164,US,2025-12-07
1165,US,2025-11-13
1166,FR,2025-12-13
1167,US,2025-11-11
1168,FR,2025-12-01
1169,GB,2025-12-01
1170,MX,2025-10-23
1171,US,2025-10-01
1172,DE,2025-11-07
1173,US,2025-11-22
1174,ES,2025-11-12
1175,FR,2025-11-27
1176,US,2025-10-13
1177,US,2025-12-18
1178,FR,2025-11-27
1179,MX,2025-12-02
1180,US,2025-10-20
1181,MX,2025-11-06
1182,US,2025-10-21
1183,CA,2025-10-22
1184,GB,2025-11-29
1185,FR,2025-11-09
1186,DE,2025-11-03
1187,US,2025-10-23
1188,MX,2025-12-16
1189,MX,2025-10-25
1190,ES,2025-10-01
1191,US,2025-11-20
1192,MX,2025-12-27
1193,FR,2025-10-25
1194,CA,2025-12-04
1195,US,2025-12-04
1196,BR,2025-10-29
1197,US,2025-12-27
1198,ES,2025-11-07
1199,US,2025-12-22
1200,US,2025-12-21
1201,US,2025-12-17
1202,GB,2025-12-27
1203,US,2025-11-18
1204,FR,2025-10-28
1205,FR,2025-10-10
1206,ES,2025-11-30
1207,US,2025-11-10
1208,US,2025-11-13
1209,CA,2025-11-28
1210,ES,2025-12-06
1211,DE,2025-10-18
1212,US,2025-12-09
1213,GB,2025-11-27
1214,FR,2025-11-09
1215,ES,2025-12-12
1216,GB,2025-10-14
1217,FR,2025-10-18
1218,FR,2025-10-12
1219,CA,2025-11-15
1220,US,2025-12-16
1221,DE,2025-11-02
1222,US,2025-11-11
1223,CA,2025-12-02
1224,ES,2025-12-16
1225,BR,2025-11-13
1226,MX,2025-12-16
1227,ES,2025-12-30
1228,US,2025-12-06
1229,ES,2025-10-12
1230,FR,2025-10-16
1231,CA,2025-12-28
1232,US,2025-12-31
1233,US,2025-12-14
1234,FR,2025-11-08
1235,US,2025-11-19
1236,US,2025-12-29
1237,FR,2025-10-04
1238,BR,2025-10-02
1239,GB,2025-12-24
1240,DE,2025-12-10
1241,US,2025-11-10
1242,US,2025-12-21
1243,MX,2025-12-24
1244,US,2025-12-16
1245,MX,2025-12-09
1246,DE,2025-11-29
1247,GB,2025-12-10
1248,GB,2025-12-31
1249,US,2025-10-20
1250,US,2025-10-23
1251,FR,2025-10-04
1252,US,2025-11-11
1253,BR,2025-12-02
1254,US,2025-10-22
1255,ES,2025-10-07
1256,US,2025-12-14
1257,CA,2025-12-11
1258,BR,2025-11-21
1259,GB,2025-12-11
1260,ES,2025-12-11
1261,DE,2025-10-29
1262,US,2025-10-07
1263,US,2025-12-21
1264,GB,2025-10-05
1265,ES,2025-11-29
1266,US,2025-10-08
1267,DE,2025-12-23
1268,US,2025-12-19
1269,MX,2025-12-01
1270,MX,2025-11-18
1271,GB,2025-10-18
1272,ES,2025-10-06
1273,GB,2025-12-05
1274,CA,2025-10-06
1275,GB,2025-10-17
1276,MX,2025-12-07
1277,CA,2025-11-14
1278,CA,2025-10-17
1279,MX,2025-12-27
1280,US,2025-12-01
1281,US,2025-10-05
1282,US,2025-10-18
1283,MX,2025-12-20
1284,US,2025-12-22
1285,FR,2025-12-24
1286,FR,2025-10-31
1287,US,2025-11-07
1288,GB,2025-12-10
1289,FR,2025-10-15
1290,CA,2025-10-29
1291,BR,2025-10-18
1292,MX,2025-10-01
1293,GB,2025-10-04
1294,ES,2025-10-15
1295,US,2025-10-29
1296,ES,2025-12-13
1297,GB,2025-10-11
1298,DE,2025-11-01
1299,GB,2025-12-18
1300,FR,2025-12-04
1301,US,2025-12-13
1302,GB,2025-10-18
1303,US,2025-12-29
1304,MX,2025-11-10
1305,GB,2025-10-19
1306,US,2025-11-20
1307,US,2025-10-03
1308,DE,2025-12-09
1309,DE,2025-12-07
1310,GB,2025-12-25
1311,US,2025-10-25
1312,GB,2025-11-03
1313,US,2025-11-04
1314,GB,2025-10-28
1315,BR,2025-12-16
1316,GB,2025-10-20
1317,MX,2025-10-28
1318,US,2025-12-03
1319,DE,2025-11-26
1320,MX,2025-12-01
1321,DE,2025-10-10
1322,CA,2025-10-26
1323,US,2025-11-22
1324,BR,2025-10-19
1325,GB,2025-11-05
1326,ES,2025-10-10
1327,FR,2025-11-17
1328,US,2025-10-12
1329,DE,2025-11-17
1330,US,2025-12-10
1331,GB,2025-10-23
1332,CA,2025-12-13
1333,US,2025-12-13
1334,MX,2025-11-13
1335,BR,2025-11-30
1336,GB,2025-12-10
1337,GB,2025-11-17
1338,GB,2025-11-18
1339,CA,2025-10-31
1340,GB,2025-11-25
1341,US,2025-12-27
1342,GB,2025-12-20
1343,MX,2025-10-26
1344,BR,2025-11-12
1345,US,2025-11-02
1346,MX,2025-11-18
1347,US,2025-12-07
1348,CA,2025-12-31
1349,US,2025-11-20
1350,GB,2025-12-30
1351,FR,2025-12-16
1352,CA,2025-11-26
1353,US,2025-11-22
1354,GB,2025-11-15
1355,US,2025-10-03
1356,FR,2025-10-02
1357,US,2025-11-20
1358,CA,2025-11-12
1359,MX,2025-10-12
1360,US,2025-10-27
1361,US,2025-12-22
1362,US,2025-11-11
1363,GB,2025-10-06
1364,ES,2025-10-22
1365,CA,2025-11-08
1366,DE,2025-12-30
1367,US,2025-11-17
1368,BR,2025-10-22
1369,MX,2025-12-03
1370,US,2025-11-30
1371,FR,2025-10-17
1372,DE,2025-10-03
1373,US,2025-10-10
1374,US,2025-11-07
1375,DE,2025-12-08
1376,ES,2025-12-31
1377,GB,2025-10-24
1378,FR,2025-11-05
1379,ES,2025-11-24
1380,DE,2025-10-09
1381,GB,2025-12-12
1382,US,2025-12-02
1383,CA,2025-10-05
1384,GB,2025-12-18
1385,ES,2025-12-26
1386,US,2025-10-04
1387,CA,2025-10-23
1388,US,2025-11-26
1389,GB,2025-11-05
1390,MX,2025-10-08
1391,DE,2025-12-19
1392,US,2025-12-13
1393,GB,2025-10-17
1394,GB,2025-11-26
1395,MX,2025-10-27
1396,US,2025-12-15
1397,CA,2025-11-17
1398,DE,2025-12-27
1399,US,2025-12-07
1400,US,2025-12-08
1401,MX,2025-10-09
1402,US,2025-12-13
1403,DE,2025-11-15
1404,DE,2025-11-09
1405,ES,2025-10-07
1406,FR,2025-10-30
1407,GB,2025-12-03
1408,US,2025-12-26
1409,FR,2025-10-08
1410,DE,2025-10-29
1411,DE,2025-12-31
1412,GB,2025-12-20
1413,FR,2025-12-29
1414,US,2025-11-12
1415,GB,2025-10-07
1416,MX,2025-10-03
1417,US,2025-11-29
1418,US,2025-11-24
1419,US,2025-11-15
1420,MX,2025-12-09
1421,CA,2025-10-04
1422,CA,2025-10-03
1423,FR,2025-11-15
1424,GB,2025-12-30
1425,GB,2025-12-26
1426,ES,2025-11-01
1427,US,2025-10-27
1428,MX,2025-11-12
1429,US,2025-10-19
1430,CA,2025-12-08
1431,ES,2025-12-17
1432,US,2025-11-23
1433,DE,2025-11-16
1434,FR,2025-11-13
1435,MX,2025-10-21
1436,DE,2025-12-28
1437,MX,2025-10-21
1438,CA,2025-10-13
1439,MX,2025-10-19
1440,US,2025-12-06
1441,US,2025-12-04
1442,US,2025-10-02
1443,ES,2025-10-03
1444,US,2025-12-10
1445,US,2025-10-21
1446,ES,2025-12-05
1447,US,2025-11-16
1448,ES,2025-11-07
1449,FR,2025-11-08
1450,GB,2025-11-08
1451,CA,2025-10-04
1452,US,2025-11-22
1453,US,2025-10-12
1454,US,2025-12-22
1455,US,2025-11-28
1456,CA,2025-10-15
1457,ES,2025-10-02
1458,BR,2025-11-05
1459,ES,2025-10-16
1460,DE,2025-11-12
1461,US,2025-10-05
1462,BR,2025-11-02
1463,US,2025-10-19
1464,US,2025-10-23
1465,ES,2025-11-18
1466,US,2025-11-14
1467,US,2025-11-27
1468,US,2025-10-31
1469,GB,2025-12-13
1470,MX,2025-11-24
1471,US,2025-10-26
1472,GB,2025-11-09
1473,US,2025-10-18
1474,DE,2025-12-16
1475,MX,2025-10-12
1476,BR,2025-12-16
1477,MX,2025-12-02
1478,GB,2025-11-20
1479,ES,2025-11-21
1480,DE,2025-12-20
1481,US,2025-11-01
1482,MX,2025-11-16
1483,US,2025-10-09
1484,US,2025-11-02
1485,US,2025-11-23
1486,US,2025-11-22
1487,ES,2025-12-03
1488,DE,2025-12-18
1489,FR,2025-11-26
1490,GB,2025-11-20
1491,US,2025-11-18
1492,CA,2025-12-13
1493,MX,2025-12-21
1494,US,2025-11-02
1495,CA,2025-11-17
1496,DE,2025-12-01
1497,US,2025-10-29
1498,US,2025-11-21
1499,MX,2025-11-05
1500,GB,2025-11-30
1501,GB,2025-12-03
1502,DE,2025-11-10
1503,US,2025-12-07
1504,US,2025-10-13
1505,US,2025-12-23
1506,US,2025-10-02
1507,DE,2025-11-19
1508,ES,2025-10-09
1509,GB,2025-10-09
1510,US,2025-10-07
1511,US,2025-11-03
1512,DE,2025-11-09
1513,ES,2025-11-25
1514,BR,2025-11-04
1515,US,2025-10-20
1516,CA,2025-11-28
1517,GB,2025-11-08
1518,FR,2025-12-27
1519,US,2025-10-14
1520,US,2025-11-08
1521,US,2025-11-06
1522,US,2025-10-30
1523,FR,2025-11-26
1524,GB,2025-11-26
1525,ES,2025-12-01
1526,US,2025-11-18
1527,CA,2025-11-20
1528,DE,2025-10-05
1529,GB,2025-11-20
1530,US,2025-12-12
1531,CA,2025-10-06
1532,GB,2025-11-02
1533,GB,2025-11-09
1534,MX,2025-11-20
1535,US,2025-11-05
1536,ES,2025-11-29
1537,MX,2025-11-09
1538,GB,2025-12-25
1539,BR,2025-10-01
1540,US,2025-10-30
1541,US,2025-11-15
1542,US,2025-11-12
1543,US,2025-12-16
1544,US,2025-12-20
1545,CA,2025-10-08
1546,US,2025-12-27
1547,CA,2025-10-16
1548,DE,2025-12-07
1549,US,2025-10-04
1550,US,2025-12-16
1551,DE,2025-12-06
1552,BR,2025-10-04
1553,MX,2025-10-12
1554,US,2025-11-23
1555,BR,2025-12-26
1556,US,2025-10-28
1557,FR,2025-11-22
1558,FR,2025-11-24
1559,US,2025-11-26
1560,US,2025-11-28
1561,FR,2025-10-19
1562,US,2025-11-07
1563,GB,2025-10-07
1564,FR,2025-12-19
1565,DE,2025-12-12
1566,FR,2025-12-15
1567,MX,2025-10-28
1568,FR,2025-10-06
1569,MX,2025-12-29
1570,US,2025-12-21
1571,MX,2025-10-30
1572,US,2025-12-08
1573,DE,2025-11-15
1574,FR,2025-12-18
1575,US,2025-10-14
1576,US,2025-10-29
1577,CA,2025-10-04
1578,MX,2025-11-07
1579,ES,2025-10-06
1580,ES,2025-12-08
1581,ES,2025-12-06
1582,DE,2025-12-19
1583,GB,2025-12-18
1584,US,2025-10-28
1585,CA,2025-10-20
1586,US,2025-12-02
1587,FR,2025-12-14
1588,US,2025-11-06
1589,US,2025-12-17
1590,US,2025-11-13
1591,US,2025-12-20
1592,DE,2025-11-14
1593,US,2025-11-10
1594,US,2025-11-05
1595,FR,2025-10-21
1596,FR,2025-12-21
1597,GB,2025-10-26
1598,BR,2025-12-16
1599,US,2025-11-29
1600,FR,2025-10-04
1601,DE,2025-11-08
1602,MX,2025-10-06
1603,US,2025-12-24
1604,US,2025-10-08
1605,CA,2025-11-01
1606,US,2025-10-14
1607,US,2025-10-16
1608,CA,2025-10-20
1609,MX,2025-10-09
1610,US,2025-10-19
1611,CA,2025-11-30
1612,US,2025-10-27
1613,CA,2025-11-06
1614,GB,2025-11-05
1615,MX,2025-12-07
1616,US,2025-12-06
1617,DE,2025-11-29
1618,MX,2025-11-24
1619,MX,2025-10-19
1620,GB,2025-10-12
1621,DE,2025-10-25
1622,FR,2025-12-01
1623,DE,2025-11-29
1624,GB,2025-11-23
1625,DE,2025-11-26
1626,US,2025-10-01
1627,GB,2025-11-29
1628,US,2025-12-19
1629,US,2025-10-13
1630,US,2025-10-20
1631,CA,2025-10-19
1632,US,2025-11-16
1633,GB,2025-10-29
1634,DE,2025-11-17
1635,DE,2025-10-01
1636,US,2025-10-06
1637,GB,2025-10-03
1638,FR,2025-10-14
1639,US,2025-12-03
1640,US,2025-10-16
1641,US,2025-10-17
1642,MX,2025-12-24
1643,US,2025-12-19
1644,BR,2025-12-22
1645,US,2025-12-30
1646,GB,2025-12-21
1647,BR,2025-10-26
1648,GB,2025-10-23
1649,US,2025-12-25
1650,GB,2025-11-08
1651,DE,2025-10-31
1652,DE,2025-11-20
1653,US,2025-12-18
1654,ES,2025-10-06
1655,BR,2025-10-24
1656,US,2025-10-13
1657,MX,2025-11-08
1658,MX,2025-11-13
1659,MX,2025-11-20
1660,US,2025-10-11
1661,US,2025-11-07
1662,CA,2025-11-12
1663,DE,2025-11-30
1664,MX,2025-11-18
1665,US,2025-11-26
1666,MX,2025-10-03
1667,US,2025-12-28
1668,US,2025-12-11
1669,ES,2025-11-12
1670,US,2025-11-05
1671,BR,2025-10-30
1672,CA,2025-11-13
1673,US,2025-10-09
1674,FR,2025-11-30
1675,ES,2025-10-07
1676,US,2025-12-20
1677,CA,2025-10-25
1678,CA,2025-10-15
1679,US,2025-11-25
1680,GB,2025-10-17
1681,DE,2025-10-25
1682,DE,2025-11-28
1683,GB,2025-11-03
1684,US,2025-12-21
1685,US,2025-10-16
1686,MX,2025-10-20
1687,GB,2025-12-30
1688,CA,2025-11-13
1689,MX,2025-10-11
1690,FR,2025-10-04
1691,US,2025-12-26
1692,US,2025-10-01
1693,US,2025-11-26
1694,ES,2025-12-25
1695,US,2025-11-16
1696,US,2025-12-10
1697,CA,2025-10-10
1698,GB,2025-12-04
1699,US,2025-12-09
1700,FR,2025-10-05
1701,US,2025-12-10
1702,GB,2025-12-04
1703,US,2025-11-22
1704,FR,2025-12-06
1705,US,2025-11-01
1706,DE,2025-11-01
1707,FR,2025-10-07
1708,US,2025-12-14
1709,US,2025-11-29
1710,BR,2025-12-31
1711,MX,2025-12-10
1712,MX,2025-10-23
1713,DE,2025-11-21
1714,MX,2025-10-04
1715,MX,2025-10-30
1716,MX,2025-10-27
1717,MX,2025-10-26
1718,CA,2025-12-02
1719,US,2025-11-21
1720,US,2025-12-22
1721,US,2025-10-25
1722,US,2025-12-26
1723,DE,2025-12-31
1724,US,2025-12-14
1725,US,2025-11-17
1726,MX,2025-11-26
1727,US,2025-10-06
1728,US,2025-10-20
1729,CA,2025-12-03
1730,MX,2025-10-30
1731,GB,2025-12-01
1732,ES,2025-10-20
1733,FR,2025-12-05
1734,CA,2025-11-23
1735,MX,2025-11-04
1736,CA,2025-10-09
1737,US,2025-10-27
1738,ES,2025-12-13
1739,US,2025-12-28
1740,US,2025-11-29
1741,GB,2025-12-20
1742,BR,2025-12-13
1743,US,2025-10-30
1744,ES,2025-12-05
1745,CA,2025-10-19
1746,BR,2025-12-01
1747,US,2025-11-21
1748,FR,2025-10-30
1749,US,2025-10-17
1750,CA,2025-12-23
1751,FR,2025-10-11
1752,ES,2025-12-10
1753,FR,2025-10-28
1754,FR,2025-10-12
1755,US,2025-10-25
1756,US,2025-10-22
1757,MX,2025-10-02
1758,US,2025-10-09
1759,ES,2025-11-17
1760,US,2025-12-02
1761,US,2025-12-03
1762,US,2025-11-11
1763,US,2025-11-19
1764,MX,2025-10-22
1765,US,2025-10-12
1766,FR,2025-12-04
1767,GB,2025-12-09
1768,CA,2025-10-11
1769,FR,2025-10-10
1770,DE,2025-12-30
1771,US,2025-10-22
1772,FR,2025-12-27
1773,ES,2025-11-24
1774,GB,2025-10-10
1775,CA,2025-12-02
1776,FR,2025-12-02
1777,ES,2025-10-31
1778,US,2025-11-26
1779,US,2025-12-23
1780,FR,2025-10-28
1781,GB,2025-12-10
1782,US,2025-10-31
1783,BR,2025-11-21
1784,US,2025-12-27
1785,FR,2025-12-01
1786,US,2025-10-08
1787,US,2025-12-27
1788,US,2025-12-22
1789,US,2025-12-11
1790,ES,2025-11-15
1791,US,2025-11-30
1792,MX,2025-11-20
1793,ES,2025-10-08
1794,US,2025-11-16
1795,US,2025-10-28
1796,FR,2025-12-12
1797,US,2025-10-11
1798,ES,2025-10-18
1799,FR,2025-12-06
1800,US,2025-10-22
1801,BR,2025-11-19
1802,BR,2025-10-11
1803,GB,2025-12-30
1804,US,2025-11-11
1805,CA,2025-10-23
1806,US,2025-10-04
1807,US,2025-11-14
1808,US,2025-12-29
1809,FR,2025-10-18
1810,FR,2025-11-10
1811,CA,2025-10-20
1812,GB,2025-11-02
1813,MX,2025-10-09
1814,US,2025-12-25
1815,US,2025-12-25
1816,ES,2025-12-18
1817,US,2025-12-23
1818,BR,2025-10-21
1819,ES,2025-12-30
1820,US,2025-10-08
1821,DE,2025-12-17
1822,US,2025-12-06
1823,DE,2025-11-14
1824,DE,2025-11-02
1825,FR,2025-10-23
1826,ES,2025-12-16
1827,GB,2025-11-22
1828,ES,2025-11-04
1829,US,2025-10-26
1830,MX,2025-10-28
1831,US,2025-12-15
1832,US,2025-11-12
1833,MX,2025-10-18
1834,GB,2025-10-04
1835,DE,2025-12-29
1836,US,2025-10-17
1837,ES,2025-11-08
1838,US,2025-10-14
1839,US,2025-11-29
1840,FR,2025-12-05
1841,FR,2025-11-13
1842,DE,2025-10-28
1843,US,2025-11-19
1844,MX,2025-12-15
1845,FR,2025-11-18
1846,CA,2025-12-27
1847,DE,2025-10-25
1848,DE,2025-11-15
1849,MX,2025-12-19
1850,FR,2025-10-18
1851,CA,2025-12-14
1852,DE,2025-10-02
1853,GB,2025-12-24
1854,US,2025-12-28
1855,BR,2025-10-16
1856,GB,2025-10-12
1857,BR,2025-11-28
1858,US,2025-12-08
1859,ES,2025-10-24
1860,ES,2025-10-02
1861,US,2025-12-08
1862,ES,2025-12-24
1863,BR,2025-10-14
1864,US,2025-11-21
1865,FR,2025-11-19
1866,MX,2025-11-30
1867,GB,2025-11-12
1868,FR,2025-11-26
1869,BR,2025-10-08
1870,US,2025-10-22
1871,FR,2025-12-11
1872,GB,2025-10-11
1873,FR,2025-10-15
1874,US,2025-12-16
1875,DE,2025-12-25
1876,FR,2025-11-20
1877,CA,2025-11-29
1878,CA,2025-11-22
1879,US,2025-12-04
1880,US,2025-10-11
1881,US,2025-12-10
1882,US,2025-12-27
1883,US,2025-10-21
1884,DE,2025-12-04
1885,CA,2025-12-06
1886,BR,2025-11-08
1887,US,2025-11-04
1888,CA,2025-10-05
1889,DE,2025-10-04
1890,MX,2025-11-13
1891,BR,2025-11-01
1892,CA,2025-12-30
1893,BR,2025-10-31
1894,FR,2025-12-10
1895,US,2025-10-07
1896,MX,2025-10-03
1897,GB,2025-10-15
1898,US,2025-12-08
1899,ES,2025-11-06
1900,MX,2025-12-20
1901,US,2025-10-05
1902,DE,2025-10-24
1903,DE,2025-12-13
1904,GB,2025-12-17
1905,FR,2025-12-04
1906,US,2025-12-29
1907,MX,2025-11-22
1908,DE,2025-11-08
1909,FR,2025-11-13
1910,GB,2025-10-10
1911,GB,2025-12-23
1912,CA,2025-11-04
1913,BR,2025-12-02
1914,BR,2025-12-23
1915,FR,2025-12-29
1916,FR,2025-11-12
1917,DE,2025-10-06
1918,ES,2025-10-28
1919,US,2025-12-25
1920,DE,2025-11-10
1921,MX,2025-12-23
1922,DE,2025-12-16
1923,US,2025-10-16
1924,MX,2025-11-25
1925,FR,2025-11-19
1926,US,2025-10-11
1927,US,2025-10-12
1928,MX,2025-10-30
1929,FR,2025-12-19
1930,US,2025-10-27
1931,FR,2025-12-13
1932,US,2025-12-10
1933,US,2025-10-09
1934,BR,2025-11-17
1935,GB,2025-11-14
1936,FR,2025-10-07
1937,FR,2025-11-02
1938,US,2025-10-02
1939,DE,2025-11-28
1940,GB,2025-11-03
1941,CA,2025-11-17
1942,DE,2025-11-22
1943,FR,2025-12-18
1944,MX,2025-11-22
1945,FR,2025-12-14
1946,US,2025-11-05
1947,US,2025-11-20
1948,DE,2025-11-07
1949,US,2025-10-06
1950,BR,2025-10-28
1951,MX,2025-12-10
1952,US,2025-10-15
1953,DE,2025-10-17
1954,DE,2025-10-31
1955,US,2025-11-15
1956,US,2025-11-30
1957,DE,2025-11-25
1958,FR,2025-10-28
1959,FR,2025-12-05
1960,MX,2025-12-23
1961,CA,2025-12-14
1962,MX,2025-11-21
1963,US,2025-11-03
1964,MX,2025-10-15
1965,US,2025-12-17
1966,US,2025-11-12
1967,CA,2025-11-13
1968,US,2025-10-17
1969,MX,2025-10-01
1970,GB,2025-10-13
1971,GB,2025-10-25
1972,ES,2025-10-11
1973,FR,2025-11-22
1974,GB,2025-10-16
1975,FR,2025-10-26
1976,MX,2025-10-18
1977,DE,2025-12-14
1978,US,2025-12-29
1979,MX,2025-10-27
1980,ES,2025-10-05
1981,BR,2025-10-07
1982,MX,2025-11-11
1983,DE,2025-12-28
1984,US,2025-11-29
1985,FR,2025-11-18
1986,US,2025-10-07
1987,US,2025-10-19
1988,US,2025-10-31
1989,US,2025-10-15
1990,ES,2025-11-07
1991,US,2025-11-07
1992,US,2025-11-13
1993,BR,2025-12-11
1994,GB,2025-12-02
1995,DE,2025-11-29
1996,CA,2025-11-17
1997,US,2025-11-14
1998,FR,2025-11-18
1999,US,2025-11-22
2000,US,2025-10-26
2001,US,2025-12-05
2002,MX,2025-10-05
2003,ES,2025-10-02
2004,DE,2025-11-30
2005,BR,2025-12-03
2006,MX,2025-11-18
2007,GB,2025-10-25
2008,GB,2025-11-17
2009,US,2025-11-24
2010,US,2025-11-23
2011,US,2025-12-10
2012,DE,2025-12-26
2013,GB,2025-11-05
2014,DE,2025-12-09
2015,US,2025-11-30
2016,FR,2025-11-15
2017,CA,2025-10-01
2018,ES,2025-10-19
2019,BR,2025-11-30
2020,BR,2025-10-16
2021,DE,2025-12-17
2022,GB,2025-11-23
2023,GB,2025-10-21
2024,US,2025-12-11
2025,GB,2025-12-08
2026,CA,2025-12-01
2027,US,2025-12-24
2028,US,2025-12-10
2029,MX,2025-11-26
2030,US,2025-10-08
2031,DE,2025-10-10
2032,US,2025-10-08
2033,US,2025-12-22
2034,ES,2025-11-21
2035,US,2025-12-02
2036,MX,2025-12-11
2037,US,2025-10-13
2038,US,2025-10-19
2039,CA,2025-12-22
2040,DE,2025-12-30
2041,US,2025-12-23
2042,FR,2025-11-13
2043,ES,2025-11-09
2044,BR,2025-10-06
2045,CA,2025-12-17
2046,US,2025-11-25
2047,US,2025-11-08
2048,US,2025-12-31
2049,FR,2025-10-31
2050,US,2025-12-30
2051,DE,2025-12-07
2052,GB,2025-12-29
2053,US,2025-11-16
2054,US,2025-11-10
2055,DE,2025-11-08
2056,GB,2025-12-20
2057,US,2025-12-01
2058,FR,2025-10-31
2059,US,2025-10-19
2060,CA,2025-12-20
2061,US,2025-12-30
2062,GB,2025-11-17
2063,US,2025-10-07
2064,US,2025-11-05
2065,DE,2025-10-03
2066,MX,2025-10-04
2067,GB,2025-12-23
2068,DE,2025-11-05
2069,GB,2025-10-25
2070,US,2025-12-01
2071,GB,2025-12-27
2072,US,2025-10-18
2073,US,2025-12-27
2074,MX,2025-11-11
2075,US,2025-12-31
2076,US,2025-10-23
2077,GB,2025-11-12
2078,DE,2025-10-16
2079,CA,2025-12-19
2080,CA,2025-11-01
2081,US,2025-10-11
2082,MX,2025-10-16
2083,BR,2025-12-14
2084,ES,2025-11-24
2085,US,2025-12-14
2086,FR,2025-12-01
2087,ES,2025-12-23
2088,US,2025-10-31
2089,DE,2025-11-21
2090,FR,2025-10-09
2091,GB,2025-12-11
2092,US,2025-10-29
2093,GB,2025-10-18
2094,FR,2025-10-13
2095,US,2025-10-27
2096,MX,2025-11-28
2097,US,2025-11-19
2098,FR,2025-12-20
2099,DE,2025-11-21
2100,US,2025-10-06
2101,DE,2025-11-12
2102,GB,2025-11-10
2103,US,2025-12-16
2104,MX,2025-11-14
2105,GB,2025-11-16
2106,US,2025-10-04
2107,MX,2025-12-27
2108,ES,2025-12-30
2109,GB,2025-11-27
2110,MX,2025-10-11
2111,US,2025-12-29
2112,US,2025-10-11
2113,FR,2025-11-27
2114,DE,2025-10-07
2115,FR,2025-12-12
2116,BR,2025-11-04
2117,BR,2025-10-12
2118,BR,2025-11-30
2119,DE,2025-12-09
2120,US,2025-11-18
2121,MX,2025-10-11
2122,MX,2025-11-08
2123,GB,2025-10-24
2124,US,2025-10-23
2125,US,2025-10-19
2126,US,2025-12-16
2127,US,2025-10-23
2128,FR,2025-10-23
2129,GB,2025-11-07
2130,DE,2025-11-11
2131,MX,2025-11-25
2132,US,2025-12-02
2133,MX,2025-11-23
2134,FR,2025-10-03
2135,MX,2025-10-26
2136,GB,2025-10-15
2137,CA,2025-12-05
2138,US,2025-11-12
2139,GB,2025-11-10
2140,MX,2025-10-25
2141,US,2025-10-03
2142,US,2025-10-18
2143,GB,2025-12-14
2144,US,2025-12-29
2145,BR,2025-10-12
2146,US,2025-10-02
2147,DE,2025-10-23
2148,CA,2025-10-29
2149,MX,2025-12-21
2150,ES,2025-10-16
2151,GB,2025-10-02
2152,DE,2025-10-20
2153,US,2025-11-22
2154,FR,2025-12-26
2155,CA,2025-11-05
2156,ES,2025-11-03
2157,FR,2025-12-12
2158,GB,2025-11-23
2159,FR,2025-10-16
2160,BR,2025-11-27
2161,DE,2025-10-21
2162,US,2025-12-23
2163,ES,2025-10-08
2164,DE,2025-12-25
2165,US,2025-12-08
2166,US,2025-11-01
2167,BR,2025-11-23
2168,DE,2025-11-30
2169,US,2025-10-01
2170,ES,2025-10-10
2171,US,2025-11-25
2172,ES,2025-11-30
2173,DE,2025-11-06
2174,MX,2025-10-23
2175,CA,2025-11-05
2176,US,2025-10-01
2177,US,2025-11-21
2178,GB,2025-12-10
2179,DE,2025-12-05
2180,FR,2025-12-31
2181,CA,2025-12-31
2182,ES,2025-12-04
2183,US,2025-11-19
2184,ES,2025-12-12
2185,FR,2025-11-24
2186,US,2025-12-25
2187,FR,2025-11-10
2188,GB,2025-11-02
2189,GB,2025-11-01
2190,FR,2025-12-20
2191,BR,2025-12-25
2192,MX,2025-11-15
2193,CA,2025-10-07
2194,FR,2025-11-17
2195,FR,2025-12-20
2196,US,2025-10-07
2197,DE,2025-11-11
2198,US,2025-10-26
2199,US,2025-12-22
2200,US,2025-11-06
2201,BR,2025-10-10
2202,US,2025-11-20
2203,US,2025-12-28
2204,US,2025-10-21
2205,US,2025-10-12
2206,DE,2025-12-29
2207,US,2025-12-14
2208,MX,2025-12-20
2209,GB,2025-12-05
2210,US,2025-10-14
2211,US,2025-12-17
2212,FR,2025-10-11
2213,ES,2025-11-29
2214,FR,2025-10-05
2215,US,2025-11-19
2216,DE,2025-10-18
2217,MX,2025-12-06
2218,US,2025-12-11
2219,MX,2025-12-25
2220,ES,2025-10-22
2221,FR,2025-11-17
2222,CA,2025-11-24
2223,US,2025-10-11
2224,FR,2025-11-21
2225,ES,2025-11-09
2226,MX,2025-12-28
2227,US,2025-11-26
2228,BR,2025-11-09
2229,GB,2025-10-12
2230,MX,2025-10-20
2231,CA,2025-11-26
2232,US,2025-11-17
2233,US,2025-12-29
2234,US,2025-11-04
2235,US,2025-10-11
2236,ES,2025-10-11
2237,US,2025-11-19
2238,DE,2025-12-21
2239,DE,2025-11-18
2240,CA,2025-11-02
2241,BR,2025-11-23
2242,US,2025-10-01
2243,GB,2025-10-02
2244,GB,2025-12-18
2245,DE,2025-10-07
2246,MX,2025-12-17
2247,ES,2025-11-30
2248,FR,2025-11-05
2249,BR,2025-12-09
2250,GB,2025-12-12
2251,US,2025-12-19
2252,ES,2025-11-15
2253,GB,2025-11-18
2254,FR,2025-11-25
2255,US,2025-10-29
2256,ES,2025-11-13
2257,US,2025-11-23
2258,BR,2025-10-12
2259,US,2025-10-10
2260,US,2025-12-27
2261,DE,2025-12-20
2262,US,2025-10-02
2263,CA,2025-10-09
2264,US,2025-10-03
2265,FR,2025-12-10
2266,US,2025-11-11
2267,US,2025-10-24
2268,FR,2025-10-19
2269,GB,2025-12-08
2270,GB,2025-12-16
2271,ES,2025-10-21
2272,US,2025-12-20
2273,GB,2025-10-26
2274,DE,2025-10-29
2275,DE,2025-12-15
2276,GB,2025-10-09
2277,US,2025-10-14
2278,US,2025-11-20
2279,DE,2025-12-07
2280,GB,2025-11-04
2281,US,2025-10-20
2282,US,2025-12-31
2283,BR,2025-10-01
2284,US,2025-11-05
2285,DE,2025-10-17
2286,US,2025-11-27
2287,DE,2025-10-22
2288,US,2025-12-28
2289,MX,2025-12-04
2290,US,2025-12-23
2291,DE,2025-11-01
2292,BR,2025-10-13
2293,US,2025-12-07
2294,ES,2025-11-09
2295,GB,2025-12-01
2296,US,2025-11-18
2297,FR,2025-10-25
2298,CA,2025-12-09
2299,ES,2025-11-18
2300,US,2025-12-18
2301,ES,2025-10-29
2302,US,2025-12-22
2303,DE,2025-11-29
2304,US,2025-11-24
2305,CA,2025-12-14
2306,GB,2025-12-14
2307,US,2025-12-19
2308,US,2025-12-20
2309,US,2025-11-08
2310,DE,2025-10-10
2311,US,2025-12-09
2312,MX,2025-12-30
2313,US,2025-10-13
2314,US,2025-10-31
2315,ES,2025-11-24
2316,MX,2025-10-02
2317,GB,2025-10-06
2318,GB,2025-10-26
2319,FR,2025-12-06
2320,US,2025-11-29
2321,US,2025-10-13
2322,MX,2025-11-04
2323,US,2025-11-18
2324,US,2025-11-24
2325,FR,2025-10-25
2326,GB,2025-12-12
2327,CA,2025-12-26
2328,US,2025-10-30
2329,DE,2025-12-11
2330,BR,2025-10-19
2331,US,2025-10-08
2332,ES,2025-12-08
2333,ES,2025-12-11
2334,ES,2025-10-08
2335,FR,2025-12-16
2336,BR,2025-12-25
2337,US,2025-10-05
2338,GB,2025-12-16
2339,US,2025-10-03
2340,GB,2025-11-01
2341,US,2025-12-05
2342,US,2025-11-16
2343,GB,2025-10-08
2344,US,2025-12-07
2345,GB,2025-10-12
2346,DE,2025-12-22
2347,FR,2025-10-08
2348,GB,2025-12-30
2349,FR,2025-10-03
2350,GB,2025-11-16
2351,ES,2025-12-15
2352,FR,2025-11-08
2353,US,2025-11-28
2354,US,2025-10-06
2355,CA,2025-11-15
2356,US,2025-12-31
2357,US,2025-10-07
2358,FR,2025-10-25
2359,US,2025-12-24
2360,US,2025-10-21
2361,DE,2025-11-25
2362,US,2025-12-21
2363,US,2025-11-02
2364,ES,2025-12-09
2365,DE,2025-10-11
2366,MX,2025-11-14
2367,US,2025-11-01
2368,US,2025-11-28
2369,ES,2025-10-30
2370,DE,2025-12-25
2371,US,2025-11-02
2372,GB,2025-11-13
2373,CA,2025-11-07
2374,GB,2025-10-06
2375,US,2025-12-30
2376,US,2025-12-31
2377,US,2025-12-14
2378,US,2025-12-29
2379,FR,2025-11-23
2380,FR,2025-12-23
2381,GB,2025-10-11
2382,DE,2025-10-19
2383,US,2025-11-30
2384,CA,2025-10-28
2385,FR,2025-12-21
2386,ES,2025-10-05
2387,MX,2025-11-21
2388,DE,2025-11-22
2389,ES,2025-11-02
2390,ES,2025-12-25
2391,US,2025-10-20
2392,GB,2025-11-19
2393,CA,2025-12-29
2394,MX,2025-10-11
2395,MX,2025-11-27
2396,US,2025-10-13
2397,US,2025-11-04
2398,DE,2025-12-10
2399,GB,2025-11-28
2400,FR,2025-10-22
2401,US,2025-11-24
2402,US,2025-12-10
2403,BR,2025-11-07
2404,ES,2025-11-24
2405,MX,2025-11-04
2406,US,2025-11-05
2407,BR,2025-11-19
2408,ES,2025-11-10
2409,FR,2025-11-04
2410,FR,2025-12-16
2411,CA,2025-12-27
2412,US,2025-12-28
2413,FR,2025-12-30
2414,DE,2025-10-15
2415,FR,2025-10-25
2416,CA,2025-12-11
2417,US,2025-12-24
2418,US,2025-11-26
2419,FR,2025-12-27
2420,FR,2025-10-22
2421,CA,2025-11-19
2422,FR,2025-10-19
2423,CA,2025-10-23
2424,MX,2025-10-20
2425,BR,2025-12-11
2426,US,2025-12-27
2427,US,2025-10-29
2428,US,2025-12-06
2429,US,2025-10-20
2430,MX,2025-10-01
2431,US,2025-10-30
2432,DE,2025-11-08
2433,US,2025-10-13
2434,MX,2025-12-08
2435,GB,2025-11-26
2436,US,2025-10-19
2437,CA,2025-12-13
2438,BR,2025-11-10
2439,BR,2025-11-13
2440,FR,2025-10-30
2441,DE,2025-10-27
2442,US,2025-11-16
2443,FR,2025-11-07
2444,BR,2025-10-09
2445,GB,2025-10-15
2446,US,2025-11-30
2447,MX,2025-12-31
2448,GB,2025-10-10
2449,DE,2025-10-23
2450,DE,2025-11-16
2451,US,2025-10-11
2452,FR,2025-10-16
2453,BR,2025-10-26
2454,GB,2025-11-25
2455,FR,2025-12-22
2456,CA,2025-10-07
2457,FR,2025-10-25
2458,FR,2025-10-23
2459,DE,2025-11-06
2460,CA,2025-12-11
2461,MX,2025-12-13
2462,US,2025-10-10
2463,DE,2025-11-03
2464,FR,2025-10-20
2465,US,2025-10-03
2466,DE,2025-11-27
2467,GB,2025-12-29
2468,US,2025-11-24
2469,FR,2025-10-11
2470,MX,2025-10-07
2471,US,2025-12-12
2472,US,2025-11-20
2473,DE,2025-11-16
2474,US,2025-12-25
2475,MX,2025-11-08
2476,US,2025-10-11
2477,GB,2025-11-18
2478,CA,2025-11-04
2479,DE,2025-12-13
2480,GB,2025-10-04
2481,DE,2025-12-22
2482,US,2025-11-30
2483,US,2025-10-14
2484,FR,2025-10-09
2485,ES,2025-10-15
2486,GB,2025-11-05
2487,ES,2025-10-01
2488,GB,2025-10-18
2489,GB,2025-12-19
2490,CA,2025-12-10
2491,CA,2025-11-08
2492,MX,2025-10-18
2493,US,2025-11-14
2494,CA,2025-10-27
2495,MX,2025-11-11
2496,US,2025-12-01
2497,CA,2025-10-11
2498,US,2025-10-08
2499,GB,2025-11-29
2500,DE,2025-11-20
2501,GB,2025-12-15
2502,GB,2025-10-15
2503,GB,2025-12-31
2504,US,2025-10-17
2505,CA,2025-10-21
2506,FR,2025-12-31
2507,ES,2025-10-11
2508,US,2025-10-08
2509,US,2025-11-02
2510,ES,2025-10-24
2511,FR,2025-11-30
2512,GB,2025-11-01
2513,DE,2025-10-23
2514,BR,2025-12-05
2515,FR,2025-12-10
2516,US,2025-10-18
2517,MX,2025-12-04
2518,GB,2025-10-12
2519,US,2025-10-23
2520,GB,2025-10-25
2521,US,2025-11-01
2522,GB,2025-11-25
2523,DE,2025-11-21
2524,CA,2025-12-29
2525,ES,2025-11-03
2526,GB,2025-11-23
2527,DE,2025-11-26
2528,US,2025-10-02
2529,US,2025-11-10
2530,GB,2025-11-04
2531,ES,2025-11-07
2532,GB,2025-11-20
2533,FR,2025-10-09
2534,US,2025-12-13
2535,FR,2025-10-02
2536,FR,2025-12-30
2537,GB,2025-10-03
2538,CA,2025-10-13
2539,GB,2025-11-16
2540,US,2025-12-14
2541,GB,2025-12-19
2542,GB,2025-12-05
2543,BR,2025-10-04
2544,US,2025-11-29
2545,US,2025-10-08
2546,US,2025-11-20
2547,FR,2025-11-13
2548,US,2025-11-29
2549,US,2025-12-13
2550,US,2025-10-30
2551,MX,2025-10-22
2552,BR,2025-10-07
2553,FR,2025-10-20
2554,FR,2025-10-24
2555,ES,2025-12-25
2556,FR,2025-10-03
2557,MX,2025-10-31
2558,US,2025-12-11
2559,ES,2025-12-09
2560,US,2025-10-25
2561,GB,2025-10-18
2562,US,2025-12-24
2563,DE,2025-12-26
2564,US,2025-11-22
2565,CA,2025-10-24
2566,US,2025-12-03
2567,FR,2025-10-13
2568,GB,2025-11-16
2569,GB,2025-10-07
2570,US,2025-12-19
2571,US,2025-12-24
2572,FR,2025-12-10
2573,DE,2025-12-08
2574,DE,2025-10-12
2575,ES,2025-12-02
2576,BR,2025-12-03
2577,US,2025-12-31
2578,GB,2025-12-16
2579,US,2025-12-23
2580,MX,2025-12-04
2581,MX,2025-10-07
2582,BR,2025-12-16
2583,ES,2025-12-13
2584,DE,2025-12-03
2585,CA,2025-11-24
2586,DE,2025-11-11
2587,FR,2025-10-21
2588,DE,2025-10-07
2589,BR,2025-12-26
2590,FR,2025-10-22
2591,MX,2025-10-04
2592,US,2025-12-06
2593,US,2025-11-12
2594,GB,2025-10-28
2595,CA,2025-11-07
2596,CA,2025-12-10
2597,CA,2025-12-31
2598,US,2025-12-14
2599,US,2025-10-08
2600,US,2025-12-31
2601,GB,2025-12-17
2602,US,2025-12-22
2603,MX,2025-12-31
2604,ES,2025-12-29
2605,GB,2025-11-03
2606,DE,2025-10-23
2607,DE,2025-11-05
2608,ES,2025-10-09
2609,US,2025-12-17
2610,CA,2025-12-17
2611,ES,2025-11-03
2612,MX,2025-10-30
2613,ES,2025-11-25
2614,US,2025-12-21
2615,US,2025-10-20
2616,FR,2025-12-05
2617,CA,2025-10-21
2618,MX,2025-12-30
2619,ES,2025-10-24
2620,US,2025-10-19
2621,ES,2025-12-19
2622,CA,2025-10-26
2623,US,2025-10-14
2624,US,2025-12-02
2625,MX,2025-12-18
2626,MX,2025-10-01
2627,FR,2025-10-29
2628,US,2025-12-02
2629,US,2025-11-26
2630,US,2025-11-20
2631,GB,2025-12-30
2632,DE,2025-11-14
2633,MX,2025-11-12
2634,GB,2025-10-07
2635,GB,2025-11-25
2636,US,2025-12-08
2637,US,2025-10-19
2638,ES,2025-10-05
2639,US,2025-11-12
2640,ES,2025-12-04
2641,MX,2025-10-14
2642,US,2025-12-14
2643,US,2025-12-09
2644,US,2025-10-24
2645,US,2025-10-05
2646,MX,2025-12-19
2647,MX,2025-10-03
2648,BR,2025-10-22
2649,MX,2025-10-07
2650,US,2025-11-04
2651,US,2025-12-13
2652,ES,2025-12-14
2653,US,2025-12-01
2654,DE,2025-12-21
2655,MX,2025-12-31
2656,GB,2025-12-24
2657,US,2025-12-28
2658,CA,2025-12-11
2659,MX,2025-10-07
2660,FR,2025-10-02
2661,US,2025-10-30
2662,US,2025-12-17
2663,US,2025-12-11
2664,FR,2025-12-19
2665,US,2025-11-13
2666,US,2025-12-23
2667,BR,2025-10-28
2668,FR,2025-11-01
2669,BR,2025-10-17
2670,US,2025-10-13
2671,CA,2025-11-27
2672,US,2025-12-14
2673,US,2025-11-10
2674,ES,2025-10-26
2675,MX,2025-11-06
2676,US,2025-11-07
2677,FR,2025-11-11
2678,ES,2025-12-22
2679,DE,2025-10-08
2680,US,2025-10-17
2681,US,2025-11-23
2682,MX,2025-10-26
2683,BR,2025-12-21
2684,FR,2025-10-31
2685,ES,2025-10-19
2686,FR,2025-12-14
2687,US,2025-10-07
2688,BR,2025-12-27
2689,US,2025-12-02
2690,MX,2025-10-16
2691,US,2025-11-27
2692,US,2025-10-27
2693,US,2025-11-13
2694,US,2025-12-10
2695,US,2025-11-13
2696,GB,2025-10-20
2697,US,2025-10-15
2698,US,2025-11-25
2699,GB,2025-12-30
2700,GB,2025-11-11
2701,GB,2025-10-27
2702,DE,2025-12-17
2703,GB,2025-11-10
2704,BR,2025-10-25
2705,DE,2025-11-21
2706,US,2025-11-18
2707,US,2025-10-20
2708,DE,2025-11-24
2709,US,2025-10-14
2710,BR,2025-10-04
2711,US,2025-10-16
2712,MX,2025-10-07
2713,FR,2025-12-28
2714,GB,2025-10-19
2715,MX,2025-11-29
2716,US,2025-10-04
2717,DE,2025-11-28
2718,GB,2025-11-05
2719,MX,2025-11-04
2720,FR,2025-11-21
2721,GB,2025-12-03
2722,ES,2025-11-14
2723,GB,2025-10-27
2724,FR,2025-11-28
2725,BR,2025-12-10
2726,GB,2025-11-23
2727,FR,2025-10-27
2728,US,2025-12-05
2729,MX,2025-12-29
2730,GB,2025-12-18
2731,US,2025-11-25
2732,DE,2025-10-03
2733,GB,2025-12-31
2734,ES,2025-10-07
2735,CA,2025-10-11
2736,MX,2025-10-03
2737,FR,2025-11-21
2738,CA,2025-11-21
2739,FR,2025-12-09
2740,CA,2025-10-15
2741,US,2025-12-24
2742,US,2025-11-15
2743,US,2025-12-16
2744,MX,2025-10-26
2745,US,2025-10-18
2746,FR,2025-11-08
2747,ES,2025-11-13
2748,US,2025-11-10
2749,US,2025-10-22
2750,US,2025-11-24
2751,ES,2025-10-05
2752,US,2025-10-03
2753,GB,2025-10-19
2754,US,2025-11-16
2755,US,2025-11-22
2756,US,2025-10-28
2757,GB,2025-11-14
2758,US,2025-11-21
2759,FR,2025-10-08
2760,BR,2025-11-06
2761,US,2025-10-30
2762,US,2025-10-02
2763,GB,2025-12-12
2764,GB,2025-11-10
2765,US,2025-12-11
2766,US,2025-11-20
2767,MX,2025-10-23
2768,FR,2025-12-19
2769,BR,2025-11-17
2770,FR,2025-11-13
2771,GB,2025-11-16
2772,BR,2025-10-26
2773,MX,2025-10-08
2774,GB,2025-10-03
2775,MX,2025-11-06
2776,DE,2025-10-15
2777,US,2025-12-06
2778,US,2025-12-27
2779,FR,2025-12-16
2780,CA,2025-11-20
2781,FR,2025-11-19
2782,ES,2025-12-23
2783,BR,2025-10-11
2784,US,2025-10-11
2785,DE,2025-12-14
2786,GB,2025-10-15
2787,US,2025-10-02
2788,FR,2025-12-20
2789,MX,2025-12-30
2790,US,2025-10-05
2791,US,2025-11-22
2792,US,2025-11-13
2793,GB,2025-10-18
2794,DE,2025-11-30
2795,US,2025-11-05
2796,US,2025-11-18
2797,GB,2025-10-30
2798,CA,2025-11-30
2799,MX,2025-11-25
2800,FR,2025-10-05
2801,FR,2025-12-02
2802,ES,2025-11-20
2803,DE,2025-10-28
2804,US,2025-11-19
2805,US,2025-10-16
2806,BR,2025-12-11
2807,ES,2025-10-05
2808,US,2025-11-14
2809,MX,2025-10-12
2810,CA,2025-10-30
2811,CA,2025-10-06
2812,US,2025-11-11
2813,US,2025-11-23
2814,US,2025-10-16
2815,US,2025-11-06
2816,BR,2025-12-11
2817,MX,2025-12-15
2818,GB,2025-11-19
2819,GB,2025-12-24
2820,ES,2025-10-25
2821,US,2025-12-24
2822,FR,2025-12-03
2823,CA,2025-10-16
2824,GB,2025-10-29
2825,DE,2025-11-06
2826,CA,2025-11-16
2827,MX,2025-11-17
2828,GB,2025-12-30
2829,US,2025-10-07
2830,BR,2025-12-25
2831,US,2025-12-11
2832,US,2025-11-11
2833,GB,2025-12-18
2834,ES,2025-10-25
2835,ES,2025-12-08
2836,US,2025-12-08
2837,US,2025-10-11
2838,MX,2025-12-29
2839,MX,2025-10-29
2840,CA,2025-12-19
2841,DE,2025-11-27
2842,GB,2025-11-24
2843,BR,2025-10-31
2844,GB,2025-12-09
2845,BR,2025-10-18
2846,GB,2025-12-31
2847,ES,2025-10-10
2848,ES,2025-10-28
2849,ES,2025-11-10
2850,FR,2025-10-09
2851,US,2025-11-19
2852,MX,2025-12-09
2853,DE,2025-12-18
2854,US,2025-12-24
2855,GB,2025-12-24
2856,US,2025-11-23
2857,US,2025-12-04
2858,CA,2025-10-28
2859,US,2025-10-27
2860,CA,2025-11-05
2861,US,2025-12-15
2862,FR,2025-10-01
2863,US,2025-12-05
2864,CA,2025-12-08
2865,DE,2025-11-28
2866,BR,2025-12-30
2867,US,2025-11-15
2868,US,2025-10-14
2869,GB,2025-11-14
2870,US,2025-11-23
2871,US,2025-10-26
2872,GB,2025-11-09
2873,MX,2025-10-04
2874,US,2025-11-28
2875,BR,2025-11-05
2876,GB,2025-12-29
2877,US,2025-12-10
2878,US,2025-12-15
2879,US,2025-10-27
2880,FR,2025-11-27
2881,US,2025-10-03
2882,US,2025-10-04
2883,US,2025-10-22
2884,GB,2025-10-31
2885,DE,2025-10-07
2886,US,2025-10-31
2887,FR,2025-11-27
2888,GB,2025-12-06
2889,US,2025-11-14
2890,FR,2025-10-13
2891,US,2025-12-26
2892,DE,2025-10-22
2893,US,2025-12-31
2894,MX,2025-10-11
2895,MX,2025-11-30
2896,FR,2025-12-03
2897,FR,2025-12-16
2898,BR,2025-10-01
2899,US,2025-11-04
2900,CA,2025-11-04
2901,CA,2025-12-22
2902,ES,2025-11-02
2903,GB,2025-12-28
2904,CA,2025-12-22
2905,CA,2025-10-26
2906,DE,2025-10-05
2907,US,2025-12-20
2908,DE,2025-12-07
2909,GB,2025-10-25
2910,MX,2025-11-11
2911,GB,2025-12-23
2912,CA,2025-10-30
2913,US,2025-10-20
2914,CA,2025-10-04
2915,US,2025-12-09
2916,US,2025-11-06
2917,MX,2025-12-01
2918,FR,2025-12-29
2919,US,2025-12-21
2920,MX,2025-12-08
2921,ES,2025-10-21
2922,FR,2025-10-15
2923,FR,2025-11-11
2924,GB,2025-10-12
2925,BR,2025-11-04
2926,BR,2025-11-19
2927,GB,2025-11-29
2928,MX,2025-11-29
2929,CA,2025-10-04
2930,US,2025-12-25
2931,US,2025-12-12
2932,CA,2025-12-27
2933,DE,2025-10-14
2934,BR,2025-12-19
2935,US,2025-10-31
2936,DE,2025-10-12
2937,US,2025-11-29
2938,ES,2025-11-10
2939,GB,2025-10-23
2940,BR,2025-10-21
2941,CA,2025-11-30
2942,FR,2025-11-26
2943,US,2025-12-15
2944,US,2025-10-24
2945,MX,2025-12-09
2946,US,2025-11-09
2947,CA,2025-12-27
2948,BR,2025-12-22
2949,US,2025-12-14
2950,ES,2025-10-25
2951,GB,2025-11-02
2952,US,2025-12-20
2953,DE,2025-12-21
2954,BR,2025-11-26
2955,GB,2025-10-06
2956,DE,2025-10-25
2957,ES,2025-10-16
2958,US,2025-12-02
2959,ES,2025-12-23
2960,MX,2025-11-30
2961,US,2025-10-20
2962,CA,2025-11-05
2963,CA,2025-11-21
2964,FR,2025-12-17
2965,MX,2025-11-09
2966,US,2025-12-09
2967,GB,2025-12-13
2968,MX,2025-11-24
2969,DE,2025-12-10
2970,US,2025-12-02
2971,FR,2025-11-08
2972,FR,2025-12-15
2973,US,2025-10-22
2974,MX,2025-11-22
2975,US,2025-12-13
2976,MX,2025-12-07
2977,US,2025-12-06
2978,FR,2025-11-15
2979,US,2025-12-04
2980,GB,2025-11-11
2981,GB,2025-12-27
2982,US,2025-11-03
2983,US,2025-11-10
2984,FR,2025-11-04
2985,US,2025-11-06
2986,US,2025-12-16
2987,US,2025-12-22
2988,BR,2025-11-03
2989,CA,2025-10-31
2990,US,2025-11-21
2991,BR,2025-10-13
2992,DE,2025-11-04
2993,GB,2025-10-16
2994,MX,2025-11-24
2995,US,2025-11-08
2996,US,2025-10-12
2997,BR,2025-12-17
2998,GB,2025-10-03
2999,MX,2025-12-02
3000,ES,2025-11-03
3001,US,2025-10-04
3002,DE,2025-10-25
3003,GB,2025-11-26
3004,FR,2025-12-18
3005,ES,2025-11-29
3006,US,2025-12-11
3007,ES,2025-12-25
3008,CA,2025-12-19
3009,GB,2025-12-29
3010,ES,2025-11-14
3011,BR,2025-11-21
3012,BR,2025-11-29
3013,US,2025-11-30
3014,BR,2025-12-09
3015,US,2025-12-26
3016,CA,2025-10-30
3017,CA,2025-12-19
3018,ES,2025-10-10
3019,GB,2025-11-20
3020,DE,2025-12-29
3021,US,2025-11-19
3022,US,2025-12-25
3023,FR,2025-11-13
3024,US,2025-10-07
3025,ES,2025-12-13
3026,CA,2025-10-17
3027,CA,2025-12-19
3028,MX,2025-12-16
3029,MX,2025-12-28
3030,MX,2025-11-30
3031,CA,2025-11-23
3032,GB,2025-12-12
3033,US,2025-12-10
3034,US,2025-11-14
3035,MX,2025-10-04
3036,US,2025-10-21
3037,MX,2025-12-24
3038,MX,2025-10-17
3039,DE,2025-12-15
3040,US,2025-12-23
3041,CA,2025-11-09
3042,DE,2025-11-19
3043,US,2025-12-15
3044,FR,2025-11-18
3045,GB,2025-11-14
3046,US,2025-11-26
3047,CA,2025-12-14
3048,DE,2025-12-02
3049,MX,2025-11-03
3050,GB,2025-10-26
3051,ES,2025-12-14
3052,GB,2025-10-08
3053,BR,2025-12-11
3054,FR,2025-12-24
3055,MX,2025-12-18
3056,US,2025-10-17
3057,US,2025-12-09
3058,BR,2025-12-08
3059,ES,2025-12-08
3060,GB,2025-11-10
3061,US,2025-12-17
3062,ES,2025-10-31
3063,CA,2025-10-27
3064,US,2025-12-24
3065,BR,2025-11-05
3066,US,2025-12-06
3067,US,2025-12-11
3068,GB,2025-12-11
3069,GB,2025-11-20
3070,ES,2025-10-27
3071,US,2025-12-16
3072,FR,2025-12-05
3073,DE,2025-10-24
3074,US,2025-11-03
3075,MX,2025-12-01
3076,GB,2025-12-09
3077,US,2025-10-04
3078,US,2025-12-19
3079,FR,2025-10-02
3080,US,2025-10-08
3081,MX,2025-11-30
3082,MX,2025-12-14
3083,FR,2025-11-11
3084,BR,2025-11-02
3085,CA,2025-12-19
3086,ES,2025-10-04
3087,CA,2025-10-24
3088,DE,2025-12-04
3089,US,2025-11-29
3090,DE,2025-12-14
3091,DE,2025-10-01
3092,FR,2025-10-22
3093,MX,2025-11-15
3094,US,2025-12-02
3095,GB,2025-12-23
3096,FR,2025-11-29
3097,US,2025-10-26
3098,US,2025-11-21
3099,US,2025-12-04
3100,ES,2025-12-22
3101,US,2025-11-23
3102,US,2025-12-07
3103,US,2025-11-12
3104,FR,2025-11-20
3105,CA,2025-12-29
3106,GB,2025-12-29
3107,GB,2025-10-16
3108,MX,2025-10-03
3109,DE,2025-11-22
3110,MX,2025-11-29
3111,BR,2025-12-04
3112,US,2025-12-01
3113,US,2025-12-14
3114,BR,2025-12-02
3115,US,2025-11-30
3116,US,2025-12-11
3117,FR,2025-10-26
3118,CA,2025-11-15
3119,US,2025-10-27
3120,GB,2025-10-13
3121,BR,2025-11-10
3122,US,2025-11-28
3123,US,2025-10-27
3124,GB,2025-10-08
3125,US,2025-12-20
3126,ES,2025-12-18
3127,DE,2025-12-21
3128,MX,2025-12-05
3129,FR,2025-11-29
3130,US,2025-10-11
3131,US,2025-10-13
3132,FR,2025-12-05
3133,MX,2025-12-23
3134,US,2025-10-20
3135,BR,2025-10-26
3136,DE,2025-12-12
3137,GB,2025-12-24
3138,US,2025-10-04
3139,US,2025-11-10
3140,CA,2025-10-03
3141,US,2025-12-26
3142,US,2025-11-05
3143,GB,2025-10-01
3144,MX,2025-11-09
3145,US,2025-10-28
3146,FR,2025-11-07
3147,CA,2025-12-25
3148,FR,2025-10-01
3149,GB,2025-10-05
3150,GB,2025-10-01
3151,CA,2025-10-18
3152,GB,2025-11-12
3153,US,2025-12-01
3154,US,2025-12-02
3155,FR,2025-10-23
3156,US,2025-12-28
3157,CA,2025-12-05
3158,DE,2025-12-12
3159,US,2025-10-27
3160,CA,2025-10-31
3161,FR,2025-12-04
3162,US,2025-11-12
3163,US,2025-10-14
3164,FR,2025-12-07
3165,US,2025-12-11
3166,US,2025-11-01
3167,FR,2025-12-24
3168,US,2025-11-25
3169,ES,2025-12-11
3170,FR,2025-11-06
3171,FR,2025-12-23
3172,US,2025-12-07
3173,US,2025-11-28
3174,DE,2025-11-03
3175,FR,2025-10-27
3176,US,2025-10-11
3177,US,2025-11-02
3178,US,2025-11-11
3179,US,2025-11-15
3180,CA,2025-11-11
3181,MX,2025-10-17
3182,GB,2025-11-21
3183,US,2025-12-13
3184,US,2025-10-28
3185,US,2025-11-18
3186,US,2025-10-31
3187,US,2025-12-19
3188,ES,2025-12-12
3189,CA,2025-11-16
3190,US,2025-12-10
3191,GB,2025-10-15
3192,ES,2025-10-04
3193,DE,2025-11-26
3194,GB,2025-11-15
3195,CA,2025-10-17
3196,CA,2025-12-11
3197,US,2025-11-02
3198,DE,2025-10-06
3199,DE,2025-11-03
3200,MX,2025-11-12
3201,FR,2025-12-26
3202,GB,2025-10-18
3203,GB,2025-11-15
3204,US,2025-11-19
3205,US,2025-12-19
3206,US,2025-11-07
3207,FR,2025-11-02
3208,DE,2025-11-28
3209,FR,2025-12-19
3210,FR,2025-11-28
3211,DE,2025-10-05
3212,MX,2025-10-06
3213,DE,2025-11-28
3214,US,2025-11-04
3215,GB,2025-10-24
3216,US,2025-10-06
3217,ES,2025-11-17
3218,FR,2025-12-27
3219,US,2025-11-15
3220,DE,2025-10-05
3221,FR,2025-12-25
3222,US,2025-10-18
3223,BR,2025-12-18
3224,CA,2025-10-12
3225,GB,2025-11-26
3226,FR,2025-10-12
3227,DE,2025-10-09
3228,US,2025-11-20
3229,BR,2025-12-31
3230,BR,2025-10-23
3231,US,2025-10-13
3232,US,2025-12-06
3233,CA,2025-10-11
3234,US,2025-12-29
3235,US,2025-10-12
3236,GB,2025-12-16
3237,ES,2025-12-02
3238,MX,2025-10-29
3239,GB,2025-10-03
3240,DE,2025-10-24
3241,GB,2025-10-10
3242,GB,2025-10-14
3243,US,2025-12-20
3244,FR,2025-12-06
3245,US,2025-11-25
3246,US,2025-10-09
3247,MX,2025-11-19
3248,BR,2025-12-31
3249,DE,2025-12-22
3250,US,2025-12-14
3251,ES,2025-12-08
3252,GB,2025-12-06
3253,FR,2025-10-08
3254,MX,2025-12-27
3255,US,2025-10-31
3256,US,2025-10-01
3257,GB,2025-12-08
3258,CA,2025-10-13
3259,MX,2025-12-18
3260,US,2025-11-15
3261,US,2025-12-24
3262,MX,2025-12-01
3263,US,2025-11-28
3264,FR,2025-10-10
3265,US,2025-10-14
3266,ES,2025-11-19
3267,FR,2025-10-30
3268,CA,2025-10-06
3269,DE,2025-12-10
3270,BR,2025-11-05
3271,MX,2025-10-11
3272,DE,2025-10-13
3273,FR,2025-11-21
3274,US,2025-12-12
3275,FR,2025-10-29
3276,US,2025-12-10
3277,US,2025-10-27
3278,MX,2025-12-15
3279,US,2025-10-06
3280,CA,2025-11-07
3281,MX,2025-10-03
3282,MX,2025-10-15
3283,FR,2025-10-12
3284,FR,2025-12-09
3285,US,2025-10-16
3286,US,2025-11-09
3287,GB,2025-12-25
3288,US,2025-10-12
3289,CA,2025-10-28
3290,GB,2025-10-02
3291,US,2025-11-23
3292,DE,2025-10-28
3293,DE,2025-10-08
3294,CA,2025-11-26
3295,US,2025-11-13
3296,BR,2025-11-15
3297,US,2025-12-18
3298,FR,2025-11-06
3299,BR,2025-10-09
3300,US,2025-10-02
3301,DE,2025-10-01
3302,GB,2025-11-19
3303,US,2025-12-29
3304,CA,2025-12-31
3305,MX,2025-12-18
3306,ES,2025-10-17
3307,US,2025-12-21
3308,MX,2025-12-11
3309,ES,2025-12-26
3310,CA,2025-10-08
3311,FR,2025-12-27
3312,US,2025-12-09
3313,CA,2025-12-22
3314,US,2025-11-09
3315,FR,2025-11-04
3316,BR,2025-12-06
3317,US,2025-12-09
3318,US,2025-11-29
3319,CA,2025-10-29
3320,US,2025-11-01
3321,MX,2025-11-02
3322,DE,2025-12-17
3323,US,2025-11-25
3324,US,2025-11-12
3325,CA,2025-10-04
3326,US,2025-12-30
3327,FR,2025-12-15
3328,US,2025-12-11
3329,DE,2025-11-18
3330,US,2025-10-02
3331,DE,2025-10-20
3332,DE,2025-12-09
3333,US,2025-11-14
3334,DE,2025-11-23
3335,ES,2025-10-26
3336,BR,2025-12-23
3337,GB,2025-10-07
3338,US,2025-11-24
3339,US,2025-10-25
3340,DE,2025-11-26
3341,FR,2025-10-13
3342,US,2025-11-26
3343,US,2025-10-07
3344,CA,2025-10-21
3345,GB,2025-12-29
3346,CA,2025-11-14
3347,ES,2025-12-29
3348,DE,2025-12-20
3349,FR,2025-12-19
3350,BR,2025-10-15
3351,DE,2025-11-02
3352,ES,2025-11-05
3353,US,2025-10-31
3354,BR,2025-12-11
3355,US,2025-10-09
3356,DE,2025-12-20
3357,US,2025-11-15
3358,DE,2025-10-17
3359,US,2025-11-12
3360,GB,2025-10-25
3361,GB,2025-10-26
3362,FR,2025-12-08
3363,FR,2025-10-12
3364,MX,2025-12-09
3365,GB,2025-11-01
3366,US,2025-10-26
3367,US,2025-10-08
3368,GB,2025-10-12
3369,FR,2025-10-30
3370,DE,2025-10-08
3371,MX,2025-10-28
3372,GB,2025-12-24
3373,DE,2025-11-19
3374,BR,2025-12-28
3375,CA,2025-11-16
3376,FR,2025-10-02
3377,CA,2025-12-27
3378,FR,2025-11-05
3379,DE,2025-10-02
3380,DE,2025-10-27
3381,FR,2025-10-01
3382,ES,2025-11-09
3383,ES,2025-10-24
3384,MX,2025-11-19
3385,CA,2025-12-21
3386,DE,2025-11-14
3387,ES,2025-10-26
3388,GB,2025-11-22
3389,US,2025-12-14
3390,US,2025-11-18
3391,MX,2025-11-10
3392,DE,2025-11-19
3393,FR,2025-10-06
3394,CA,2025-12-23
3395,MX,2025-11-03
3396,MX,2025-10-26
3397,US,2025-12-07
3398,US,2025-10-18
3399,MX,2025-11-13
3400,MX,2025-12-18
3401,FR,2025-12-28
3402,US,2025-11-15
3403,FR,2025-12-03
3404,US,2025-10-09
3405,BR,2025-12-12
3406,GB,2025-12-06
3407,US,2025-12-30
3408,ES,2025-11-21
3409,ES,2025-10-08
3410,ES,2025-12-05
3411,US,2025-11-28
3412,GB,2025-10-25
3413,GB,2025-11-23
3414,FR,2025-12-21
3415,US,2025-12-12
3416,US,2025-10-17
3417,DE,2025-10-04
3418,US,2025-12-14
3419,US,2025-11-10
3420,US,2025-10-28
3421,GB,2025-11-18
3422,BR,2025-12-19
3423,DE,2025-11-20
3424,DE,2025-12-16
3425,US,2025-10-30
3426,ES,2025-12-13
3427,FR,2025-12-28
3428,ES,2025-12-04
3429,DE,2025-12-25
3430,CA,2025-12-12
3431,US,2025-10-08
3432,FR,2025-12-13
3433,CA,2025-10-04
3434,MX,2025-12-06
3435,GB,2025-12-10
3436,GB,2025-10-09
3437,GB,2025-10-21
3438,GB,2025-11-04
3439,MX,2025-11-04
3440,DE,2025-12-20
3441,CA,2025-12-08
3442,US,2025-10-03
3443,FR,2025-10-12
3444,FR,2025-10-17
3445,GB,2025-12-04
3446,US,2025-12-16
3447,US,2025-11-30
3448,ES,2025-12-20
3449,ES,2025-12-13
3450,US,2025-12-11
3451,GB,2025-11-18
3452,US,2025-12-02
3453,CA,2025-11-27
3454,GB,2025-11-21
3455,CA,2025-12-11
3456,DE,2025-10-24
3457,FR,2025-11-28
3458,US,2025-11-03
3459,GB,2025-10-17
3460,CA,2025-10-24
3461,US,2025-11-19
3462,US,2025-11-10
3463,MX,2025-11-21
3464,FR,2025-11-25
3465,DE,2025-11-29
3466,US,2025-11-14
3467,US,2025-11-10
3468,ES,2025-12-31
3469,BR,2025-12-28
3470,GB,2025-12-17
3471,CA,2025-12-27
3472,FR,2025-11-22
3473,BR,2025-10-14
3474,BR,2025-10-13
3475,US,2025-12-25
3476,DE,2025-10-25
3477,US,2025-12-09
3478,US,2025-10-11
3479,BR,2025-11-03
3480,FR,2025-10-18
3481,US,2025-10-05
3482,US,2025-11-03
3483,US,2025-11-26
3484,GB,2025-10-14
3485,DE,2025-12-24
3486,US,2025-10-19
3487,BR,2025-11-12
3488,BR,2025-12-30
3489,US,2025-12-14
3490,BR,2025-11-13
3491,US,2025-11-18
3492,US,2025-10-13
3493,ES,2025-10-19
3494,US,2025-12-19
3495,US,2025-10-09
3496,GB,2025-11-13
3497,CA,2025-11-04
3498,US,2025-12-26
3499,FR,2025-10-11
3500,US,2025-11-30
3501,CA,2025-10-27
3502,FR,2025-11-30
3503,ES,2025-10-17
3504,FR,2025-12-14
3505,CA,2025-10-27
3506,DE,2025-10-07
3507,FR,2025-11-05
3508,US,2025-11-19
3509,ES,2025-12-29
3510,US,2025-12-15
3511,GB,2025-10-22
3512,US,2025-10-03
3513,US,2025-10-08
3514,US,2025-12-03
3515,ES,2025-12-21
3516,US,2025-11-17
3517,FR,2025-11-25
3518,US,2025-10-20
3519,US,2025-12-29
3520,US,2025-10-19
3521,ES,2025-12-10
3522,US,2025-12-30
3523,FR,2025-11-03
3524,US,2025-12-22
3525,ES,2025-10-29
3526,DE,2025-12-23
3527,US,2025-10-17
3528,MX,2025-10-08
3529,US,2025-12-11
3530,CA,2025-12-03
3531,US,2025-12-14
3532,GB,2025-11-17
3533,BR,2025-12-28
3534,US,2025-10-07
3535,US,2025-10-22
3536,ES,2025-12-12
3537,US,2025-12-24
3538,US,2025-10-11
3539,US,2025-11-30
3540,CA,2025-12-12
3541,CA,2025-12-04
3542,BR,2025-10-15
3543,US,2025-12-15
3544,US,2025-12-26
3545,DE,2025-12-28
3546,US,2025-12-05
3547,US,2025-11-29
3548,MX,2025-11-14
3549,US,2025-11-06
3550,DE,2025-11-07
3551,US,2025-12-13
3552,US,2025-11-21
3553,CA,2025-12-11
3554,US,2025-10-06
3555,FR,2025-10-23
3556,CA,2025-12-20
3557,CA,2025-11-17
3558,MX,2025-12-12
3559,FR,2025-12-31
3560,US,2025-12-17
3561,FR,2025-12-08
3562,ES,2025-12-23
3563,US,2025-10-20
3564,US,2025-11-29
3565,DE,2025-12-18
3566,US,2025-11-25
3567,US,2025-12-08
3568,US,2025-12-10
3569,GB,2025-12-04
3570,ES,2025-11-04
3571,FR,2025-10-01
3572,BR,2025-12-21
3573,MX,2025-12-13
3574,ES,2025-10-22
3575,GB,2025-12-05
3576,ES,2025-11-26
3577,GB,2025-12-05
3578,GB,2025-11-19
3579,GB,2025-11-23
3580,US,2025-12-14
3581,US,2025-12-15
3582,US,2025-12-23
3583,ES,2025-12-07
3584,ES,2025-10-31
3585,GB,2025-11-26
3586,US,2025-11-15
3587,US,2025-12-07
3588,MX,2025-11-05
3589,CA,2025-10-23
3590,US,2025-10-30
3591,US,2025-10-11
3592,GB,2025-12-25
3593,DE,2025-10-23
3594,US,2025-11-29
3595,US,2025-12-30
3596,US,2025-12-09
3597,BR,2025-10-27
3598,GB,2025-10-16
3599,CA,2025-11-10
3600,FR,2025-12-18
3601,CA,2025-12-02
3602,US,2025-12-14
3603,DE,2025-10-31
3604,FR,2025-10-22
3605,FR,2025-12-02
3606,US,2025-10-23
3607,US,2025-11-23
3608,MX,2025-11-20
3609,ES,2025-11-19
3610,GB,2025-11-26
3611,GB,2025-10-20
3612,US,2025-11-01
3613,ES,2025-12-25
3614,US,2025-12-23
3615,BR,2025-10-15
3616,GB,2025-12-15
3617,DE,2025-11-24
3618,DE,2025-11-08
3619,CA,2025-10-08
3620,US,2025-10-09
3621,ES,2025-10-16
3622,BR,2025-10-22
3623,US,2025-11-10
3624,US,2025-10-25
3625,DE,2025-10-26
3626,FR,2025-11-27
3627,BR,2025-11-24
3628,CA,2025-11-23
3629,GB,2025-10-29
3630,ES,2025-12-29
3631,BR,2025-11-18
3632,DE,2025-11-22
3633,FR,2025-10-22
3634,DE,2025-11-06
3635,MX,2025-12-10
3636,US,2025-11-17
3637,GB,2025-12-23
3638,FR,2025-12-11
3639,ES,2025-12-16
3640,US,2025-12-06
3641,US,2025-10-07
3642,GB,2025-12-18
3643,FR,2025-10-10
3644,US,2025-11-05
3645,GB,2025-11-22
3646,US,2025-11-23
3647,ES,2025-11-25
3648,CA,2025-12-12
3649,US,2025-11-24
3650,DE,2025-10-09
3651,US,2025-10-23
3652,CA,2025-11-13
3653,US,2025-10-14
3654,US,2025-12-01
3655,US,2025-12-10
3656,US,2025-12-15
3657,BR,2025-10-14
3658,US,2025-12-29
3659,GB,2025-10-06
3660,FR,2025-10-08
3661,BR,2025-11-14
3662,US,2025-12-28
3663,ES,2025-11-11
3664,US,2025-10-04
3665,US,2025-11-25
3666,MX,2025-12-09
3667,GB,2025-12-06
3668,US,2025-10-07
3669,MX,2025-11-09
3670,GB,2025-10-09
3671,MX,2025-11-14
3672,US,2025-11-03
3673,CA,2025-11-09
3674,CA,2025-12-16
3675,US,2025-12-28
3676,GB,2025-10-30
3677,MX,2025-11-03
3678,CA,2025-10-01
3679,GB,2025-12-25
3680,DE,2025-11-16
3681,GB,2025-10-02
3682,US,2025-11-05
3683,ES,2025-11-16
3684,US,2025-10-11
3685,DE,2025-11-01
3686,CA,2025-10-01
3687,CA,2025-11-10
3688,FR,2025-12-08
3689,GB,2025-12-18
3690,ES,2025-10-31
3691,FR,2025-11-26
3692,US,2025-10-29
3693,MX,2025-12-23
3694,DE,2025-11-11
3695,US,2025-12-01
3696,BR,2025-10-10
3697,ES,2025-10-20
3698,US,2025-12-06
3699,US,2025-10-14
3700,US,2025-11-24
3701,US,2025-11-28
3702,US,2025-10-21
3703,MX,2025-12-23
3704,FR,2025-11-27
3705,MX,2025-10-24
3706,BR,2025-11-09
3707,US,2025-11-06
3708,US,2025-11-04
3709,ES,2025-10-16
3710,US,2025-11-14
3711,ES,2025-11-15
3712,US,2025-12-18
3713,GB,2025-10-24
3714,GB,2025-10-03
3715,US,2025-12-05
3716,US,2025-10-03
3717,MX,2025-10-12
3718,US,2025-10-31
3719,US,2025-12-22
3720,US,2025-10-24
3721,US,2025-10-25
3722,MX,2025-11-12
3723,US,2025-12-03
3724,US,2025-12-07
3725,MX,2025-10-25
3726,GB,2025-11-14
3727,US,2025-10-30
3728,ES,2025-11-02
3729,MX,2025-12-31
3730,ES,2025-11-28
3731,US,2025-10-01
3732,US,2025-12-06
3733,US,2025-12-17
3734,FR,2025-12-26
3735,CA,2025-11-05
3736,FR,2025-11-29
3737,GB,2025-11-10
3738,US,2025-12-24
3739,CA,2025-11-14
3740,US,2025-10-04
3741,MX,2025-10-12
3742,DE,2025-12-11
3743,US,2025-10-15
3744,ES,2025-10-13
3745,MX,2025-12-13
3746,CA,2025-10-23
3747,GB,2025-11-29
3748,US,2025-12-30
3749,GB,2025-10-20
3750,CA,2025-12-27
3751,MX,2025-10-07
3752,US,2025-11-02
3753,US,2025-12-03
3754,FR,2025-12-15
3755,BR,2025-10-14
3756,CA,2025-11-12
3757,DE,2025-11-01
3758,FR,2025-10-16
3759,US,2025-12-14
3760,ES,2025-10-09
3761,US,2025-10-04
3762,GB,2025-11-04
3763,US,2025-12-23
3764,US,2025-10-28
3765,MX,2025-12-09
3766,GB,2025-11-22
3767,MX,2025-11-15
3768,GB,2025-11-28
3769,ES,2025-12-15
3770,US,2025-12-29
3771,US,2025-12-26
3772,GB,2025-11-11
3773,CA,2025-12-06
3774,US,2025-12-09
3775,MX,2025-12-29
3776,GB,2025-12-09
3777,FR,2025-11-07
3778,ES,2025-11-02
3779,DE,2025-11-04
3780,US,2025-10-07
3781,FR,2025-12-24
3782,GB,2025-11-27
3783,US,2025-10-21
3784,ES,2025-12-19
3785,US,2025-11-08
3786,GB,2025-11-07
3787,GB,2025-12-06
3788,FR,2025-10-16
3789,GB,2025-11-24
3790,ES,2025-10-12
3791,US,2025-11-01
3792,US,2025-10-27
3793,US,2025-11-07
3794,BR,2025-12-31
3795,CA,2025-12-04
3796,US,2025-12-20
3797,US,2025-10-05
3798,BR,2025-12-26
3799,CA,2025-10-24
3800,DE,2025-10-21
3801,MX,2025-11-07
3802,FR,2025-11-04
3803,DE,2025-12-23
3804,MX,2025-12-01
3805,CA,2025-11-28
3806,US,2025-10-16
3807,US,2025-10-01
3808,CA,2025-10-09
3809,CA,2025-11-14
3810,US,2025-10-09
3811,MX,2025-10-21
3812,US,2025-11-13
3813,FR,2025-12-18
3814,BR,2025-11-24
3815,US,2025-11-18
3816,US,2025-10-27
3817,US,2025-10-13
3818,US,2025-12-10
3819,MX,2025-12-24
3820,US,2025-11-18
3821,US,2025-12-28
3822,GB,2025-11-03
3823,CA,2025-11-24
3824,GB,2025-10-21
3825,MX,2025-12-31
3826,MX,2025-12-06
3827,US,2025-10-21
3828,CA,2025-11-06
3829,MX,2025-12-24
3830,US,2025-12-19
3831,FR,2025-12-29
3832,US,2025-12-28
3833,US,2025-10-28
3834,US,2025-12-01
3835,DE,2025-12-06
3836,FR,2025-12-10
3837,BR,2025-12-04
3838,CA,2025-11-09
3839,GB,2025-12-01
3840,FR,2025-12-14
3841,US,2025-12-14
3842,GB,2025-10-29
3843,GB,2025-11-23
3844,CA,2025-10-14
3845,US,2025-12-09
3846,GB,2025-12-02
3847,US,2025-10-01
3848,CA,2025-12-02
3849,BR,2025-10-09
3850,ES,2025-10-31
3851,US,2025-10-10
3852,US,2025-12-02
3853,BR,2025-11-20
3854,ES,2025-12-24
3855,US,2025-11-15
3856,GB,2025-10-28
3857,US,2025-11-23
3858,BR,2025-12-07
3859,US,2025-10-30
3860,GB,2025-11-13
3861,CA,2025-11-08
3862,GB,2025-11-01
3863,US,2025-12-10
3864,US,2025-12-29
3865,US,2025-10-17
3866,US,2025-11-30
3867,US,2025-11-14
3868,US,2025-10-04
3869,BR,2025-11-01
3870,MX,2025-12-08
3871,FR,2025-10-30
3872,MX,2025-12-15
3873,BR,2025-11-24
3874,GB,2025-11-14
3875,FR,2025-11-21
3876,BR,2025-10-08
3877,US,2025-11-22
3878,MX,2025-12-10
3879,US,2025-12-25
3880,GB,2025-11-07
3881,US,2025-12-22
3882,BR,2025-12-14
3883,US,2025-10-25
3884,FR,2025-11-07
3885,US,2025-10-30
3886,GB,2025-11-10
3887,GB,2025-11-17
3888,US,2025-12-07
3889,BR,2025-12-22
3890,US,2025-10-25
3891,US,2025-12-20
3892,US,2025-12-21
3893,US,2025-12-27
3894,GB,2025-10-24
3895,US,2025-12-04
3896,US,2025-12-19
3897,US,2025-10-04
3898,DE,2025-12-11
3899,MX,2025-12-29
3900,MX,2025-10-27
3901,BR,2025-11-05
3902,DE,2025-12-06
3903,GB,2025-12-14
3904,MX,2025-11-24
3905,US,2025-11-28
3906,MX,2025-11-03
3907,ES,2025-10-29
3908,BR,2025-11-20
3909,MX,2025-12-19
3910,FR,2025-10-16
3911,US,2025-11-02
3912,US,2025-10-02
3913,DE,2025-11-13
3914,ES,2025-12-29
3915,US,2025-11-25
3916,US,2025-12-04
3917,US,2025-12-25
3918,BR,2025-12-10
3919,US,2025-11-08
3920,BR,2025-11-02
3921,GB,2025-11-18
3922,US,2025-10-02
3923,FR,2025-10-10
3924,US,2025-10-03
3925,BR,2025-12-09
3926,CA,2025-10-29
3927,US,2025-11-26
3928,CA,2025-10-24
3929,US,2025-11-16
3930,CA,2025-11-15
3931,US,2025-12-01
3932,CA,2025-10-26
3933,US,2025-12-28
3934,US,2025-12-23
3935,GB,2025-12-24
3936,ES,2025-11-04
3937,US,2025-11-28
3938,FR,2025-10-31
3939,GB,2025-11-18
3940,US,2025-11-03
3941,US,2025-11-06
3942,FR,2025-10-23
3943,US,2025-11-16
3944,US,2025-10-12
3945,GB,2025-12-22
3946,GB,2025-11-29
3947,FR,2025-12-02
3948,MX,2025-10-31
3949,US,2025-10-21
3950,US,2025-11-06
3951,US,2025-12-24
3952,GB,2025-12-23
3953,ES,2025-12-29
3954,US,2025-12-10
3955,CA,2025-11-19
3956,CA,2025-12-25
3957,US,2025-12-01
3958,BR,2025-11-28
3959,ES,2025-10-31
3960,US,2025-12-11
3961,DE,2025-11-18
3962,FR,2025-12-09
3963,US,2025-11-02
3964,FR,2025-11-11
3965,DE,2025-12-16
3966,GB,2025-12-20
3967,US,2025-11-04
3968,US,2025-11-01
3969,US,2025-11-27
3970,FR,2025-10-29
3971,DE,2025-11-30
3972,US,2025-11-21
3973,BR,2025-10-03
3974,US,2025-11-24
3975,DE,2025-11-05
3976,BR,2025-11-27
3977,ES,2025-10-20
3978,DE,2025-11-25
3979,US,2025-12-25
3980,CA,2025-10-07
3981,BR,2025-11-15
3982,FR,2025-12-15
3983,CA,2025-10-30
3984,US,2025-12-10
3985,US,2025-11-10
3986,US,2025-12-26
3987,US,2025-10-04
3988,US,2025-10-27
3989,US,2025-12-21
3990,MX,2025-10-24
3991,FR,2025-10-26
3992,ES,2025-12-10
3993,US,2025-11-18
3994,BR,2025-10-12
3995,GB,2025-10-26
3996,US,2025-11-03
3997,BR,2025-10-04
3998,US,2025-12-29
3999,CA,2025-12-29
4000,US,2025-11-03
4001,DE,2025-11-18
4002,US,2025-11-17
4003,BR,2025-11-02
4004,BR,2025-11-09
4005,US,2025-10-18
4006,ES,2025-12-09
4007,US,2025-10-18
4008,US,2025-12-03
4009,GB,2025-10-21
4010,MX,2025-11-04
4011,DE,2025-11-24
4012,US,2025-12-07
4013,US,2025-10-07
4014,DE,2025-11-21
4015,CA,2025-10-28
4016,FR,2025-11-04
4017,US,2025-12-08
4018,US,2025-11-04
4019,FR,2025-10-22
4020,CA,2025-11-12
4021,US,2025-11-03
4022,US,2025-11-11
4023,DE,2025-12-04
4024,US,2025-10-01
4025,BR,2025-10-15
4026,FR,2025-10-02
4027,GB,2025-12-10
4028,DE,2025-10-19
4029,ES,2025-12-20
4030,US,2025-12-02
4031,FR,2025-10-08
4032,BR,2025-12-29
4033,US,2025-10-25
4034,US,2025-10-01
4035,US,2025-10-07
4036,US,2025-10-01
4037,DE,2025-11-22
4038,BR,2025-11-18
4039,US,2025-12-08
4040,FR,2025-12-17
4041,BR,2025-11-01
4042,MX,2025-12-19
4043,US,2025-11-21
4044,MX,2025-10-13
4045,FR,2025-11-30
4046,BR,2025-10-29
4047,MX,2025-12-16
4048,GB,2025-11-30
4049,BR,2025-10-01
4050,GB,2025-12-16
4051,US,2025-12-03
4052,US,2025-12-19
4053,US,2025-10-23
4054,FR,2025-11-01
4055,US,2025-10-09
4056,US,2025-12-02
4057,BR,2025-11-17
4058,MX,2025-11-25
4059,FR,2025-10-03
4060,US,2025-10-21
4061,US,2025-10-18
4062,US,2025-12-09
4063,MX,2025-11-24
4064,US,2025-10-14
4065,MX,2025-11-12
4066,GB,2025-12-03
4067,US,2025-10-23
4068,GB,2025-11-06
4069,US,2025-10-10
4070,BR,2025-12-11
4071,FR,2025-11-17
4072,ES,2025-12-12
4073,BR,2025-12-19
4074,ES,2025-10-14
4075,US,2025-10-17
4076,US,2025-11-20
4077,MX,2025-12-14
4078,MX,2025-12-22
4079,DE,2025-12-19
4080,MX,2025-11-30
4081,US,2025-12-05
4082,GB,2025-11-10
4083,US,2025-10-03
4084,FR,2025-10-18
4085,US,2025-11-26
4086,US,2025-10-16
4087,US,2025-10-26
4088,US,2025-11-20
4089,GB,2025-10-29
4090,US,2025-12-12
4091,US,2025-11-12
4092,BR,2025-12-14
4093,DE,2025-12-14
4094,US,2025-12-15
4095,CA,2025-12-04
4096,US,2025-11-27
4097,US,2025-10-12
4098,CA,2025-12-28
4099,US,2025-11-24
4100,FR,2025-11-20
4101,US,2025-12-17
4102,GB,2025-11-19
4103,DE,2025-10-13
4104,CA,2025-12-27
4105,MX,2025-10-23
4106,US,2025-12-13
4107,US,2025-11-08
4108,US,2025-12-15
4109,FR,2025-10-13
4110,US,2025-11-04
4111,US,2025-12-02
4112,DE,2025-11-21
4113,MX,2025-11-20
4114,MX,2025-10-10
4115,US,2025-10-27
4116,US,2025-12-15
4117,DE,2025-12-31
4118,US,2025-10-26
4119,US,2025-11-20
4120,DE,2025-11-29
4121,US,2025-12-04
4122,ES,2025-10-03
4123,US,2025-12-01
4124,MX,2025-11-02
4125,BR,2025-10-06
4126,MX,2025-10-13
4127,DE,2025-11-16
4128,US,2025-11-05
4129,BR,2025-10-07
4130,DE,2025-11-28
4131,US,2025-11-22
4132,BR,2025-11-18
4133,MX,2025-10-20
4134,CA,2025-10-05
4135,BR,2025-11-20
4136,GB,2025-11-17
4137,GB,2025-12-28
4138,FR,2025-10-02
4139,GB,2025-12-12
4140,ES,2025-11-10
4141,GB,2025-10-30
4142,US,2025-12-12
4143,US,2025-11-13
4144,US,2025-11-22
4145,US,2025-11-06
4146,US,2025-11-04
4147,GB,2025-11-03
4148,GB,2025-11-29
4149,GB,2025-10-14
4150,CA,2025-11-22
4151,MX,2025-10-04
4152,US,2025-11-05
4153,FR,2025-10-22
4154,US,2025-11-06
4155,US,2025-10-18
4156,BR,2025-12-02
4157,US,2025-11-05
4158,FR,2025-11-28
4159,MX,2025-10-09
4160,CA,2025-11-29
4161,US,2025-11-12
4162,US,2025-10-13
4163,BR,2025-11-05
4164,US,2025-12-26
4165,US,2025-12-13
4166,BR,2025-12-20
4167,US,2025-11-12
4168,FR,2025-10-15
4169,GB,2025-10-14
4170,DE,2025-12-10
4171,FR,2025-11-24
4172,DE,2025-11-03
4173,US,2025-10-01
4174,BR,2025-12-14
4175,US,2025-11-29
4176,US,2025-11-16
4177,US,2025-10-24
4178,US,2025-11-28
4179,US,2025-12-15
4180,US,2025-11-26
4181,GB,2025-12-22
4182,US,2025-11-29
4183,US,2025-10-20
4184,CA,2025-11-27
4185,US,2025-10-31
4186,GB,2025-11-29
4187,US,2025-12-17
4188,BR,2025-11-14
4189,US,2025-12-16
4190,MX,2025-11-17
4191,FR,2025-12-02
4192,US,2025-10-14
4193,MX,2025-12-02
4194,MX,2025-11-27
4195,US,2025-11-03
4196,US,2025-11-05
4197,FR,2025-11-21
4198,US,2025-10-06
4199,GB,2025-11-03
4200,CA,2025-12-11
4201,FR,2025-12-15
4202,US,2025-12-01
4203,MX,2025-12-05
4204,BR,2025-11-04
4205,DE,2025-12-22
4206,US,2025-12-01
4207,CA,2025-11-15
4208,MX,2025-12-31
4209,BR,2025-10-06
4210,US,2025-10-14
4211,BR,2025-11-14
4212,GB,2025-12-08
4213,DE,2025-10-19
4214,US,2025-12-31
4215,MX,2025-12-21
4216,US,2025-10-11
4217,CA,2025-10-20
4218,CA,2025-10-21
4219,ES,2025-12-15
4220,US,2025-10-30
4221,ES,2025-11-09
4222,US,2025-12-28
4223,US,2025-12-25
4224,US,2025-10-01
4225,US,2025-12-08
4226,FR,2025-11-19
4227,FR,2025-11-02
4228,ES,2025-10-23
4229,CA,2025-11-21
4230,US,2025-10-14
4231,GB,2025-12-09
4232,FR,2025-10-01
4233,US,2025-10-14
4234,FR,2025-11-06
4235,US,2025-11-07
4236,DE,2025-10-29
4237,MX,2025-12-20
4238,FR,2025-11-03
4239,FR,2025-10-22
4240,US,2025-12-13
4241,MX,2025-11-21
4242,US,2025-11-09
4243,MX,2025-11-30
4244,US,2025-11-05
4245,CA,2025-12-06
4246,CA,2025-11-19
4247,US,2025-10-24
4248,MX,2025-11-15
4249,FR,2025-10-07
4250,US,2025-12-05
4251,ES,2025-12-25
4252,MX,2025-11-26
4253,US,2025-11-22
4254,ES,2025-11-09
4255,MX,2025-11-25
4256,MX,2025-12-31
4257,CA,2025-10-16
4258,FR,2025-12-28
4259,US,2025-12-08
4260,US,2025-11-30
4261,US,2025-12-22
4262,US,2025-12-15
4263,FR,2025-12-11
4264,MX,2025-10-16
4265,GB,2025-10-10
4266,FR,2025-12-26
4267,MX,2025-12-28
4268,US,2025-12-20
4269,BR,2025-10-21
4270,MX,2025-11-18
4271,US,2025-10-02
4272,US,2025-10-23
4273,CA,2025-11-01
4274,DE,2025-11-20
4275,US,2025-11-23
4276,ES,2025-12-08
4277,US,2025-12-25
4278,US,2025-11-18
4279,US,2025-10-29
4280,CA,2025-11-21
4281,CA,2025-10-23
4282,GB,2025-11-06
4283,FR,2025-10-02
4284,US,2025-11-28
4285,DE,2025-11-28
4286,US,2025-12-13
4287,CA,2025-12-16
4288,US,2025-12-15
4289,FR,2025-12-22
4290,CA,2025-10-20
4291,GB,2025-10-14
4292,US,2025-12-17
4293,GB,2025-12-10
4294,US,2025-11-29
4295,MX,2025-12-19
4296,GB,2025-10-31
4297,US,2025-12-20
4298,MX,2025-12-19
4299,FR,2025-12-26
4300,US,2025-10-20
4301,MX,2025-12-17
4302,US,2025-10-13
4303,US,2025-11-29
4304,MX,2025-12-09
4305,MX,2025-10-29
4306,GB,2025-12-30
4307,FR,2025-10-25
4308,GB,2025-10-29
4309,US,2025-12-14
4310,MX,2025-11-16
4311,GB,2025-11-11
4312,FR,2025-11-01
4313,GB,2025-12-07
4314,MX,2025-11-26
4315,US,2025-11-30
4316,FR,2025-12-19
4317,US,2025-12-25
4318,CA,2025-12-20
4319,FR,2025-12-23
4320,US,2025-12-01
4321,FR,2025-11-02
4322,US,2025-12-04
4323,US,2025-10-14
4324,MX,2025-10-31
4325,DE,2025-10-22
4326,CA,2025-11-08
4327,FR,2025-12-13
4328,CA,2025-10-05
4329,DE,2025-11-29
4330,US,2025-10-15
4331,US,2025-12-19
4332,US,2025-10-20
4333,DE,2025-12-30
4334,MX,2025-11-27
4335,GB,2025-10-27
4336,US,2025-11-27
4337,DE,2025-11-06
4338,ES,2025-10-03
4339,US,2025-11-07
4340,US,2025-10-24
4341,FR,2025-11-01
4342,FR,2025-12-04
4343,FR,2025-10-05
4344,US,2025-12-18
4345,BR,2025-10-07
4346,US,2025-12-03
4347,MX,2025-11-09
4348,BR,2025-11-19
4349,US,2025-12-08
4350,CA,2025-10-03
4351,CA,2025-11-30
4352,US,2025-11-14
4353,US,2025-12-29
4354,DE,2025-12-31
4355,US,2025-11-13
4356,ES,2025-10-15
4357,FR,2025-11-22
4358,ES,2025-10-22
4359,DE,2025-10-04
4360,US,2025-12-14
4361,US,2025-12-05
4362,US,2025-12-12
4363,US,2025-12-22
4364,US,2025-12-14
4365,FR,2025-11-11
4366,FR,2025-11-09
4367,DE,2025-10-05
4368,US,2025-10-03
4369,FR,2025-12-14
4370,DE,2025-12-12
4371,US,2025-12-05
4372,US,2025-12-24
4373,US,2025-11-30
4374,CA,2025-11-20
4375,FR,2025-12-16
4376,US,2025-11-06
4377,CA,2025-12-31
4378,CA,2025-10-14
4379,FR,2025-10-09
4380,US,2025-10-26
4381,GB,2025-11-14
4382,US,2025-11-18
4383,GB,2025-11-12
4384,FR,2025-12-10
4385,FR,2025-12-30
4386,FR,2025-10-10
4387,US,2025-11-05
4388,US,2025-11-13
4389,US,2025-10-06
4390,US,2025-10-02
4391,US,2025-10-05
4392,DE,2025-11-20
4393,US,2025-11-28
4394,US,2025-11-15
4395,DE,2025-12-22
4396,DE,2025-11-14
4397,ES,2025-12-18
4398,CA,2025-10-24
4399,US,2025-11-10
4400,DE,2025-10-13
4401,US,2025-12-10
4402,DE,2025-12-21
4403,US,2025-11-24
4404,US,2025-12-26
4405,BR,2025-12-01
4406,GB,2025-11-20
4407,BR,2025-12-31
4408,BR,2025-12-27
4409,BR,2025-11-25
4410,US,2025-11-06
4411,US,2025-12-02
4412,US,2025-11-05
4413,BR,2025-12-01
4414,US,2025-11-03
4415,US,2025-12-09
4416,MX,2025-10-08
4417,CA,2025-11-29
4418,US,2025-11-01
4419,ES,2025-12-04
4420,ES,2025-11-08
4421,US,2025-11-19
4422,MX,2025-12-04
4423,US,2025-12-11
4424,US,2025-10-29
4425,US,2025-12-16
4426,US,2025-11-05
4427,US,2025-12-26
4428,US,2025-12-09
4429,GB,2025-10-27
4430,US,2025-11-15
4431,FR,2025-12-27
4432,DE,2025-11-26
4433,US,2025-11-21
4434,GB,2025-11-08
4435,ES,2025-11-05
4436,US,2025-10-18
4437,BR,2025-10-12
4438,MX,2025-11-07
4439,US,2025-12-21
4440,US,2025-11-20
4441,US,2025-10-18
4442,GB,2025-12-19
4443,US,2025-10-12
4444,CA,2025-11-04
4445,ES,2025-12-04
4446,US,2025-10-12
4447,US,2025-10-17
4448,ES,2025-10-03
4449,BR,2025-10-23
4450,BR,2025-12-30
4451,US,2025-10-31
4452,GB,2025-11-27
4453,CA,2025-12-29
4454,BR,2025-12-16
4455,CA,2025-10-25
4456,US,2025-12-14
4457,FR,2025-11-11
4458,GB,2025-11-21
4459,ES,2025-11-22
4460,US,2025-10-20
4461,US,2025-11-09
4462,US,2025-11-14
4463,US,2025-11-12
4464,US,2025-10-09
4465,US,2025-11-13
4466,US,2025-11-21
4467,US,2025-12-04
4468,FR,2025-12-25
4469,MX,2025-12-27
4470,DE,2025-11-08
4471,US,2025-10-20
4472,US,2025-11-14
4473,ES,2025-10-17
4474,US,2025-10-25
4475,US,2025-12-07
4476,MX,2025-12-16
4477,US,2025-12-23
4478,US,2025-12-22
4479,GB,2025-10-11
4480,GB,2025-11-22
4481,US,2025-11-03
4482,BR,2025-11-09
4483,MX,2025-10-18
4484,FR,2025-10-14
4485,US,2025-12-07
4486,US,2025-11-26
4487,BR,2025-10-06
4488,US,2025-10-17
4489,FR,2025-12-16
4490,ES,2025-10-26
4491,US,2025-11-22
4492,DE,2025-11-01
4493,US,2025-12-02
4494,ES,2025-10-24
4495,US,2025-10-05
4496,US,2025-12-03
4497,US,2025-11-20
4498,MX,2025-11-26
4499,US,2025-11-11
4500,ES,2025-12-19
4501,GB,2025-12-28
4502,BR,2025-12-10
4503,GB,2025-11-09
4504,CA,2025-12-14
4505,FR,2025-11-16
4506,GB,2025-10-23
4507,MX,2025-12-16
4508,US,2025-11-23
4509,US,2025-12-08
4510,US,2025-12-18
4511,CA,2025-11-22
4512,US,2025-11-25
4513,ES,2025-10-18
4514,US,2025-10-24
4515,BR,2025-10-19
4516,US,2025-12-06
4517,BR,2025-10-04
4518,GB,2025-11-02
4519,US,2025-11-04
4520,ES,2025-11-27
4521,US,2025-12-20
4522,US,2025-12-16
4523,DE,2025-12-15
4524,US,2025-11-18
4525,FR,2025-11-06
4526,US,2025-11-12
4527,US,2025-10-05
4528,GB,2025-11-13
4529,FR,2025-10-24
4530,FR,2025-11-28
4531,US,2025-12-22
4532,BR,2025-12-24
4533,CA,2025-11-29
4534,GB,2025-11-15
4535,US,2025-10-05
4536,FR,2025-11-28
4537,GB,2025-11-29
4538,US,2025-12-02
4539,US,2025-10-14
4540,US,2025-12-12
4541,ES,2025-10-09
4542,MX,2025-10-09
4543,GB,2025-11-02
4544,ES,2025-11-21
4545,CA,2025-10-06
4546,ES,2025-10-11
4547,US,2025-10-20
4548,US,2025-10-03
4549,US,2025-10-21
4550,GB,2025-10-15
4551,CA,2025-10-25
4552,FR,2025-12-30
4553,BR,2025-10-23
4554,GB,2025-11-25
4555,CA,2025-11-22
4556,BR,2025-12-12
4557,GB,2025-12-04
4558,CA,2025-11-23
4559,MX,2025-11-05
4560,FR,2025-11-27
4561,ES,2025-11-12
4562,CA,2025-11-02
4563,US,2025-12-14
4564,FR,2025-12-01
4565,MX,2025-12-06
4566,ES,2025-10-26
4567,DE,2025-10-05
4568,CA,2025-11-20
4569,FR,2025-11-08
4570,BR,2025-11-17
4571,GB,2025-10-04
4572,FR,2025-11-19
4573,BR,2025-11-24
4574,ES,2025-10-12
4575,CA,2025-12-14
4576,CA,2025-11-17
4577,GB,2025-12-17
4578,CA,2025-10-26
4579,GB,2025-12-11
4580,BR,2025-10-02
4581,DE,2025-10-26
4582,FR,2025-12-09
4583,BR,2025-11-18
4584,FR,2025-10-12
4585,DE,2025-11-20
4586,FR,2025-12-27
4587,US,2025-10-09
4588,US,2025-11-16
4589,GB,2025-11-06
4590,US,2025-11-03
4591,FR,2025-10-31
4592,CA,2025-10-03
4593,DE,2025-11-27
4594,US,2025-10-02
4595,GB,2025-10-04
4596,FR,2025-12-02
4597,FR,2025-12-07
4598,CA,2025-12-03
4599,MX,2025-12-17
4600,BR,2025-11-02
4601,US,2025-12-15
4602,MX,2025-12-18
4603,ES,2025-10-18
4604,FR,2025-10-28
4605,US,2025-12-12
4606,GB,2025-11-18
4607,ES,2025-11-12
4608,CA,2025-10-14
4609,FR,2025-11-14
4610,DE,2025-11-02
4611,FR,2025-12-01
4612,US,2025-12-06
4613,ES,2025-12-12
4614,ES,2025-11-10
4615,US,2025-11-19
4616,GB,2025-10-25
4617,US,2025-11-16
4618,GB,2025-11-16
4619,GB,2025-12-07
4620,DE,2025-12-17
4621,FR,2025-12-28
4622,US,2025-11-23
4623,US,2025-10-12
4624,DE,2025-10-25
4625,US,2025-12-08
4626,US,2025-12-22
4627,US,2025-10-05
4628,DE,2025-10-11
4629,MX,2025-10-25
4630,FR,2025-12-09
4631,GB,2025-11-10
4632,FR,2025-11-10
4633,DE,2025-12-18
4634,FR,2025-11-18
4635,US,2025-10-17
4636,CA,2025-10-24
4637,GB,2025-12-31
4638,BR,2025-10-25
4639,DE,2025-11-02
4640,DE,2025-10-15
4641,US,2025-10-27
4642,US,2025-11-20
4643,DE,2025-10-25
4644,GB,2025-12-06
4645,US,2025-10-24
4646,US,2025-10-01
4647,US,2025-11-25
4648,US,2025-10-27
4649,US,2025-11-14
4650,US,2025-11-14
4651,US,2025-10-21
4652,US,2025-12-29
4653,US,2025-12-04
4654,US,2025-11-16
4655,US,2025-11-12
4656,MX,2025-11-20
4657,FR,2025-11-27
4658,FR,2025-11-19
4659,CA,2025-12-30
4660,US,2025-10-16
4661,US,2025-12-08
4662,GB,2025-11-18
4663,CA,2025-12-02
4664,BR,2025-10-15
4665,DE,2025-10-01
4666,GB,2025-12-13
4667,FR,2025-10-09
4668,US,2025-12-11
4669,US,2025-11-16
4670,US,2025-12-10
4671,MX,2025-11-24
4672,GB,2025-10-21
4673,US,2025-11-09
4674,US,2025-11-09
4675,MX,2025-10-02
4676,US,2025-10-09
4677,US,2025-12-30
4678,CA,2025-11-23
4679,ES,2025-11-09
4680,CA,2025-10-19
4681,GB,2025-12-18
4682,CA,2025-12-15
4683,CA,2025-12-26
4684,US,2025-11-19
4685,US,2025-11-27
4686,DE,2025-10-21
4687,CA,2025-12-03
4688,US,2025-11-22
4689,ES,2025-10-12
4690,FR,2025-11-07
4691,US,2025-10-17
4692,MX,2025-12-01
4693,BR,2025-10-11
4694,US,2025-12-21
4695,CA,2025-12-04
4696,US,2025-10-03
4697,DE,2025-12-29
4698,US,2025-10-25
4699,ES,2025-10-09
4700,US,2025-12-20
4701,US,2025-12-20
4702,US,2025-10-12
4703,FR,2025-11-25
4704,FR,2025-11-22
4705,US,2025-11-11
4706,MX,2025-12-27
4707,CA,2025-10-01
4708,GB,2025-10-21
4709,US,2025-12-08
4710,ES,2025-12-22
4711,US,2025-10-22
4712,FR,2025-10-25
4713,US,2025-11-06
4714,GB,2025-11-22
4715,CA,2025-10-06
4716,MX,2025-12-01
4717,MX,2025-11-28
4718,GB,2025-10-08
4719,US,2025-12-19
4720,US,2025-12-18
4721,ES,2025-10-04
4722,US,2025-12-16
4723,CA,2025-10-08
4724,US,2025-10-03
4725,GB,2025-10-05
4726,ES,2025-11-14
4727,CA,2025-11-21
4728,US,2025-12-25
4729,US,2025-12-04
4730,US,2025-11-02
4731,US,2025-10-21
4732,US,2025-11-10
4733,US,2025-12-20
4734,ES,2025-10-30
4735,US,2025-10-19
4736,BR,2025-10-07
4737,US,2025-10-11
4738,US,2025-10-09
4739,FR,2025-11-06
4740,US,2025-12-01
4741,US,2025-11-14
4742,DE,2025-10-25
4743,US,2025-12-10
4744,US,2025-12-27
4745,ES,2025-10-05
4746,US,2025-12-22
4747,FR,2025-10-11
4748,US,2025-12-06
4749,BR,2025-12-14
4750,US,2025-11-15
4751,US,2025-11-25
4752,ES,2025-12-10
4753,FR,2025-12-22
4754,US,2025-10-02
4755,DE,2025-11-13
4756,US,2025-12-27
4757,US,2025-12-07
4758,US,2025-12-29
4759,GB,2025-12-01
4760,DE,2025-11-24
4761,DE,2025-11-28
4762,DE,2025-11-22
4763,CA,2025-11-17
4764,US,2025-12-08
4765,US,2025-11-26
4766,MX,2025-10-01
4767,ES,2025-10-23
4768,MX,2025-12-04
4769,GB,2025-10-21
4770,FR,2025-11-04
4771,FR,2025-12-28
4772,DE,2025-10-01
4773,BR,2025-10-14
4774,US,2025-11-10
4775,DE,2025-11-26
4776,CA,2025-12-25
4777,GB,2025-11-13
4778,US,2025-11-24
4779,ES,2025-12-23
4780,US,2025-10-25
4781,DE,2025-10-31
4782,FR,2025-11-16
4783,US,2025-10-17
4784,FR,2025-12-16
4785,GB,2025-12-18
4786,GB,2025-10-14
4787,US,2025-10-02
4788,US,2025-12-28
4789,US,2025-11-23
4790,MX,2025-10-15
4791,GB,2025-11-02
4792,DE,2025-10-13
4793,GB,2025-11-04
4794,US,2025-10-03
4795,US,2025-11-07
4796,DE,2025-12-21
4797,ES,2025-12-24
4798,US,2025-11-26
4799,CA,2025-12-20
4800,US,2025-11-29
4801,ES,2025-11-06
4802,US,2025-11-06
4803,FR,2025-10-18
4804,DE,2025-10-10
4805,US,2025-10-15
4806,GB,2025-11-04
4807,CA,2025-12-16
4808,GB,2025-10-16
4809,CA,2025-12-03
4810,FR,2025-11-22
4811,MX,2025-11-23
4812,DE,2025-11-30
4813,BR,2025-12-01
4814,CA,2025-11-19
4815,ES,2025-11-07
4816,US,2025-11-04
4817,FR,2025-10-21
4818,ES,2025-10-25
4819,FR,2025-12-25
4820,GB,2025-12-02
4821,GB,2025-11-30
4822,ES,2025-10-17
4823,MX,2025-12-30
4824,FR,2025-12-25
4825,DE,2025-11-19
4826,FR,2025-11-16
4827,MX,2025-11-05
4828,GB,2025-11-19
4829,US,2025-11-12
4830,US,2025-12-18
4831,US,2025-10-25
4832,DE,2025-10-11
4833,CA,2025-12-23
4834,FR,2025-12-24
4835,US,2025-10-26
4836,US,2025-12-22
4837,FR,2025-11-21
4838,CA,2025-11-04
4839,US,2025-11-17
4840,DE,2025-10-16
4841,US,2025-10-18
4842,ES,2025-12-13
4843,US,2025-10-09
4844,FR,2025-10-05
4845,MX,2025-11-26
4846,ES,2025-12-09
4847,US,2025-12-12
4848,ES,2025-12-06
4849,US,2025-12-19
4850,MX,2025-10-13
4851,GB,2025-12-23
4852,BR,2025-10-01
4853,GB,2025-12-14
4854,GB,2025-10-11
4855,US,2025-10-29
4856,US,2025-12-05
4857,DE,2025-11-25
4858,GB,2025-11-09
4859,BR,2025-11-10
4860,MX,2025-12-29
4861,ES,2025-10-29
4862,US,2025-10-13
4863,FR,2025-11-16
4864,US,2025-12-28
4865,GB,2025-11-12
4866,ES,2025-12-28
4867,US,2025-12-26
4868,DE,2025-10-29
4869,US,2025-12-21
4870,US,2025-10-06
4871,MX,2025-12-31
4872,GB,2025-12-16
4873,US,2025-10-02
4874,ES,2025-11-29
4875,US,2025-10-01
4876,US,2025-12-05
4877,US,2025-11-30
4878,CA,2025-10-17
4879,US,2025-12-08
4880,US,2025-10-05
4881,US,2025-10-16
4882,US,2025-10-26
4883,GB,2025-11-30
4884,CA,2025-12-20
4885,DE,2025-12-25
4886,MX,2025-10-02
4887,US,2025-12-06
4888,US,2025-12-14
4889,US,2025-10-27
4890,FR,2025-10-18
4891,MX,2025-10-25
4892,US,2025-10-29
4893,US,2025-12-31
4894,FR,2025-11-22
4895,GB,2025-12-15
4896,GB,2025-12-22
4897,DE,2025-10-23
4898,US,2025-11-20
4899,DE,2025-12-06
4900,US,2025-11-21
4901,GB,2025-12-24
4902,US,2025-12-10
4903,GB,2025-10-06
4904,US,2025-12-04
4905,CA,2025-12-19
4906,GB,2025-12-18
4907,ES,2025-11-01
4908,US,2025-10-29
4909,US,2025-11-15
4910,US,2025-12-27
4911,GB,2025-10-21
4912,FR,2025-12-29
4913,US,2025-11-04
4914,US,2025-12-06
4915,US,2025-10-05
4916,ES,2025-10-06
4917,US,2025-11-26
4918,US,2025-11-05
4919,DE,2025-10-03
4920,ES,2025-12-12
4921,DE,2025-12-31
4922,US,2025-10-21
4923,CA,2025-10-28
4924,MX,2025-11-14
4925,FR,2025-10-10
4926,DE,2025-10-30
4927,US,2025-10-15
4928,MX,2025-10-15
4929,DE,2025-12-17
4930,BR,2025-11-22
4931,GB,2025-11-19
4932,ES,2025-11-03
4933,ES,2025-12-19
4934,FR,2025-12-15
4935,BR,2025-10-07
4936,US,2025-10-09
4937,US,2025-10-22
4938,US,2025-12-22
4939,GB,2025-12-06
4940,DE,2025-11-04
4941,FR,2025-11-09
4942,FR,2025-12-07
4943,US,2025-10-25
4944,US,2025-10-21
4945,US,2025-12-14
4946,BR,2025-10-08
4947,ES,2025-12-19
4948,DE,2025-10-05
4949,MX,2025-11-15
4950,US,2025-10-25
4951,FR,2025-11-13
4952,FR,2025-10-20
4953,DE,2025-10-21
4954,US,2025-11-28
4955,CA,2025-12-02
4956,BR,2025-11-26
4957,FR,2025-10-03
4958,US,2025-12-23
4959,CA,2025-12-28
4960,US,2025-11-26
4961,US,2025-10-25
4962,US,2025-11-21
4963,DE,2025-11-23
4964,GB,2025-10-25
4965,MX,2025-11-14
4966,CA,2025-10-04
4967,US,2025-10-12
4968,DE,2025-11-26
4969,MX,2025-11-20
4970,US,2025-10-16
4971,GB,2025-12-26
4972,ES,2025-12-31
4973,US,2025-12-31
4974,ES,2025-12-02
4975,US,2025-11-21
4976,US,2025-10-04
4977,ES,2025-12-08
4978,ES,2025-11-10
4979,US,2025-10-26
4980,DE,2025-10-09
4981,GB,2025-10-28
4982,CA,2025-10-01
4983,DE,2025-11-14
4984,GB,2025-11-06
4985,US,2025-10-26
4986,MX,2025-12-25
4987,GB,2025-12-18
4988,GB,2025-10-13
4989,BR,2025-12-11
4990,DE,2025-12-31
4991,US,2025-12-24
4992,US,2025-11-11
4993,US,2025-12-23
4994,GB,2025-10-28
4995,MX,2025-12-01
4996,FR,2025-12-25
4997,ES,2025-10-22
4998,US,2025-10-29
4999,CA,2025-10-06
5000,CA,2025-10-14
5001,BR,2025-11-26
5002,FR,2025-12-24
5003,BR,2025-11-09
5004,US,2025-12-24
5005,GB,2025-11-21
5006,US,2025-12-11
5007,BR,2025-12-09
5008,US,2025-12-10
5009,BR,2025-10-28
5010,MX,2025-11-12
5011,GB,2025-10-16
5012,BR,2025-12-18
5013,BR,2025-11-11
5014,DE,2025-11-07
5015,US,2025-12-08
5016,DE,2025-11-14
5017,GB,2025-12-07
5018,GB,2025-10-15
5019,CA,2025-12-03
5020,US,2025-11-18
5021,ES,2025-12-01
5022,FR,2025-12-05
5023,ES,2025-10-28
5024,MX,2025-10-25
5025,FR,2025-12-11
5026,FR,2025-10-13
5027,BR,2025-12-02
5028,FR,2025-10-07
5029,DE,2025-11-17
5030,US,2025-11-13
5031,US,2025-10-30
5032,CA,2025-10-10
5033,BR,2025-12-07
5034,GB,2025-11-08
5035,BR,2025-10-27
5036,FR,2025-11-26
5037,DE,2025-11-11
5038,US,2025-10-06
5039,US,2025-10-04
5040,FR,2025-12-12
5041,DE,2025-11-18
5042,US,2025-10-09
5043,GB,2025-11-22
5044,US,2025-10-11
5045,MX,2025-11-03
5046,ES,2025-11-30
5047,US,2025-12-26
5048,FR,2025-12-26
5049,MX,2025-12-29
5050,ES,2025-10-11
5051,FR,2025-11-02
5052,US,2025-12-04
5053,GB,2025-10-16
5054,FR,2025-11-13
5055,US,2025-10-08
5056,GB,2025-10-19
5057,US,2025-10-21
5058,US,2025-11-22
5059,US,2025-11-22
5060,US,2025-11-09
5061,ES,2025-10-11
5062,US,2025-11-05
5063,CA,2025-10-27
5064,MX,2025-12-19
5065,GB,2025-11-29
5066,ES,2025-11-21
5067,GB,2025-12-08
5068,FR,2025-12-14
5069,US,2025-11-19
5070,GB,2025-10-04
5071,US,2025-11-10
5072,FR,2025-12-26
5073,BR,2025-11-03
5074,US,2025-10-21
5075,FR,2025-12-10
5076,MX,2025-11-17
5077,MX,2025-10-03
5078,US,2025-10-07
5079,FR,2025-11-13
5080,MX,2025-10-20
5081,FR,2025-10-24
5082,US,2025-11-14
5083,GB,2025-11-01
5084,CA,2025-12-09
5085,BR,2025-12-17
5086,GB,2025-12-11
5087,FR,2025-10-31
5088,ES,2025-11-13
5089,US,2025-11-05
5090,FR,2025-10-23
5091,US,2025-11-02
5092,US,2025-11-25
5093,US,2025-12-05
5094,US,2025-11-04
5095,DE,2025-11-11
5096,BR,2025-10-16
5097,CA,2025-10-29
5098,DE,2025-12-10
5099,ES,2025-12-25
5100,GB,2025-12-12
5101,GB,2025-10-03
5102,FR,2025-10-16
5103,US,2025-10-14
5104,ES,2025-10-04
5105,US,2025-12-24
5106,US,2025-12-08
5107,FR,2025-11-10
5108,US,2025-12-14
5109,US,2025-12-07
5110,MX,2025-10-07
5111,US,2025-12-03
5112,CA,2025-11-06
5113,CA,2025-12-15
5114,US,2025-12-03
5115,GB,2025-10-22
5116,MX,2025-10-31
5117,US,2025-11-07
5118,DE,2025-12-12
5119,CA,2025-12-30
5120,US,2025-10-04
5121,FR,2025-11-07
5122,CA,2025-11-21
5123,US,2025-12-11
5124,US,2025-10-20
5125,US,2025-11-18
5126,US,2025-12-05
5127,US,2025-11-17
5128,US,2025-10-02
5129,US,2025-10-06
5130,GB,2025-12-04
5131,US,2025-11-12
5132,US,2025-11-11
5133,US,2025-11-10
5134,US,2025-12-04
5135,US,2025-11-19
5136,BR,2025-10-11
5137,FR,2025-10-03
5138,FR,2025-12-16
5139,MX,2025-10-04
5140,DE,2025-11-30
5141,DE,2025-10-09
5142,GB,2025-10-04
5143,DE,2025-10-04
5144,CA,2025-12-20
5145,DE,2025-10-14
5146,MX,2025-10-16
5147,DE,2025-11-21
5148,DE,2025-11-05
5149,US,2025-10-04
5150,FR,2025-11-02
5151,US,2025-11-08
5152,CA,2025-12-11
5153,BR,2025-10-15
5154,FR,2025-12-09
5155,US,2025-11-07
5156,GB,2025-10-08
5157,US,2025-11-25
5158,US,2025-12-18
5159,US,2025-11-15
5160,GB,2025-10-15
5161,US,2025-12-05
5162,FR,2025-12-05
5163,US,2025-10-01
5164,US,2025-10-12
5165,US,2025-10-14
5166,US,2025-11-07
5167,ES,2025-12-02
5168,ES,2025-10-11
5169,FR,2025-12-12
5170,US,2025-12-01
5171,FR,2025-10-16
5172,US,2025-11-06
5173,US,2025-10-12
5174,GB,2025-11-21
5175,US,2025-12-13
5176,US,2025-12-31
5177,ES,2025-12-12
5178,CA,2025-12-15
5179,DE,2025-10-02
5180,CA,2025-10-19
5181,US,2025-11-22
5182,MX,2025-11-09
5183,US,2025-12-28
5184,US,2025-11-22
5185,US,2025-10-30
5186,CA,2025-10-31
5187,US,2025-12-20
5188,US,2025-10-06
5189,ES,2025-10-05
5190,FR,2025-11-02
5191,GB,2025-10-15
5192,US,2025-10-26
5193,DE,2025-11-30
5194,GB,2025-10-19
5195,MX,2025-11-26
5196,US,2025-10-15
5197,US,2025-11-27
5198,CA,2025-10-10
5199,US,2025-12-10
5200,FR,2025-12-17
5201,MX,2025-12-14
5202,GB,2025-11-11
5203,FR,2025-12-11
5204,GB,2025-12-07
5205,US,2025-12-17
5206,US,2025-12-11
5207,ES,2025-10-22
5208,US,2025-12-18
5209,US,2025-10-21
5210,GB,2025-11-24
5211,FR,2025-10-02
5212,FR,2025-12-17
5213,DE,2025-11-07
5214,GB,2025-10-13
5215,CA,2025-12-19
5216,US,2025-10-18
5217,GB,2025-12-03
5218,US,2025-11-29
5219,DE,2025-10-25
5220,US,2025-11-04
5221,US,2025-11-14
5222,ES,2025-10-18
5223,US,2025-11-25
5224,BR,2025-11-04
5225,US,2025-11-14
5226,ES,2025-11-06
5227,US,2025-11-08
5228,GB,2025-12-21
5229,FR,2025-12-26
5230,US,2025-11-09
5231,US,2025-10-07
5232,US,2025-12-22
5233,US,2025-10-04
5234,DE,2025-10-19
5235,MX,2025-12-31
5236,FR,2025-12-20
5237,GB,2025-12-24
5238,BR,2025-12-15
5239,US,2025-12-11
5240,US,2025-10-17
5241,ES,2025-12-03
5242,ES,2025-12-10
5243,MX,2025-12-28
5244,DE,2025-12-13
5245,DE,2025-10-23
5246,US,2025-12-12
5247,US,2025-11-18
5248,DE,2025-12-22
5249,ES,2025-11-15
5250,ES,2025-11-11
5251,CA,2025-11-19
5252,US,2025-11-15
5253,US,2025-11-20
5254,US,2025-10-24
5255,ES,2025-12-24
5256,US,2025-11-15
5257,FR,2025-11-30
5258,US,2025-12-25
5259,ES,2025-10-09
5260,MX,2025-11-27
5261,FR,2025-10-26
5262,BR,2025-12-14
5263,DE,2025-12-12
5264,US,2025-12-19
5265,US,2025-10-21
5266,CA,2025-11-26
5267,FR,2025-12-14
5268,FR,2025-11-20
5269,GB,2025-10-03
5270,BR,2025-10-20
5271,US,2025-11-21
5272,ES,2025-11-23
5273,GB,2025-12-25
5274,GB,2025-11-27
5275,FR,2025-11-25
5276,US,2025-10-05
5277,GB,2025-11-22
5278,GB,2025-10-01
5279,DE,2025-12-24
5280,US,2025-12-29
5281,DE,2025-11-17
5282,FR,2025-10-05
5283,GB,2025-12-22
5284,US,2025-12-14
5285,FR,2025-12-16
5286,US,2025-11-27
5287,US,2025-11-16
5288,FR,2025-12-16
5289,BR,2025-12-28
5290,US,2025-11-20
5291,DE,2025-11-27
5292,GB,2025-11-21
5293,US,2025-11-10
5294,US,2025-10-21
5295,DE,2025-10-09
5296,DE,2025-11-24
5297,US,2025-11-02
5298,MX,2025-12-22
5299,GB,2025-11-07
5300,US,2025-10-22
5301,US,2025-10-24
5302,CA,2025-12-25
5303,ES,2025-12-03
5304,DE,2025-10-24
5305,US,2025-11-19
5306,FR,2025-11-29
5307,GB,2025-12-28
5308,US,2025-12-24
5309,US,2025-11-11
5310,US,2025-12-15
5311,CA,2025-11-01
5312,CA,2025-10-29
5313,US,2025-10-22
5314,FR,2025-11-21
5315,DE,2025-11-06
5316,MX,2025-12-13
5317,ES,2025-11-17
5318,GB,2025-12-30
5319,ES,2025-10-18
5320,FR,2025-12-07
5321,GB,2025-10-02
5322,GB,2025-12-24
5323,DE,2025-11-03
5324,DE,2025-11-17
5325,FR,2025-12-11
5326,US,2025-11-26
5327,CA,2025-12-07
5328,US,2025-10-24
5329,ES,2025-11-12
5330,FR,2025-11-06
5331,MX,2025-10-21
5332,CA,2025-11-02
5333,US,2025-10-13
5334,ES,2025-12-28
5335,GB,2025-11-14
5336,ES,2025-12-28
5337,GB,2025-10-09
5338,MX,2025-12-26
5339,DE,2025-11-04
5340,FR,2025-11-08
5341,FR,2025-10-20
5342,US,2025-12-28
5343,MX,2025-12-06
5344,ES,2025-11-29
5345,MX,2025-10-20
5346,DE,2025-10-19
5347,MX,2025-10-10
5348,FR,2025-11-14
5349,US,2025-10-09
5350,US,2025-10-10
5351,US,2025-12-14
5352,MX,2025-11-18
5353,CA,2025-11-29
5354,ES,2025-12-27
5355,ES,2025-12-01
5356,US,2025-11-08
5357,FR,2025-11-10
5358,MX,2025-11-04
5359,FR,2025-12-12
5360,CA,2025-10-07
5361,DE,2025-11-21
5362,US,2025-11-14
5363,MX,2025-12-19
5364,US,2025-12-02
5365,US,2025-10-18
5366,US,2025-12-25
5367,CA,2025-12-13
5368,MX,2025-11-01
5369,MX,2025-12-15
5370,DE,2025-10-24
5371,FR,2025-10-01
5372,ES,2025-12-26
5373,GB,2025-11-19
5374,US,2025-10-10
5375,BR,2025-12-18
5376,MX,2025-11-03
5377,US,2025-12-11
5378,US,2025-11-14
5379,US,2025-11-20
5380,BR,2025-12-27
5381,US,2025-10-10
5382,BR,2025-11-25
5383,CA,2025-12-04
5384,US,2025-12-20
5385,US,2025-10-10
5386,ES,2025-12-22
5387,BR,2025-10-14
5388,US,2025-12-09
5389,BR,2025-10-28
5390,GB,2025-12-12
5391,US,2025-11-24
5392,CA,2025-10-19
5393,US,2025-12-30
5394,BR,2025-12-14
5395,FR,2025-11-11
5396,US,2025-12-13
5397,US,2025-11-23
5398,US,2025-10-30
5399,GB,2025-10-14
5400,US,2025-10-19
5401,MX,2025-12-31
5402,DE,2025-10-25
5403,DE,2025-11-10
5404,GB,2025-12-17
5405,US,2025-11-23
5406,MX,2025-12-04
5407,US,2025-12-21
5408,MX,2025-11-14
5409,US,2025-12-08
5410,US,2025-10-09
5411,ES,2025-10-22
5412,FR,2025-12-22
5413,US,2025-11-02
5414,FR,2025-10-02
5415,US,2025-11-25
5416,US,2025-10-20
5417,ES,2025-11-27
5418,ES,2025-12-23
5419,MX,2025-12-29
5420,GB,2025-11-17
5421,CA,2025-11-14
5422,FR,2025-11-01
5423,US,2025-12-18
5424,US,2025-11-16
5425,US,2025-10-24
5426,GB,2025-11-27
5427,BR,2025-10-30
5428,FR,2025-12-03
5429,US,2025-11-27
5430,DE,2025-11-20
5431,ES,2025-12-23
5432,DE,2025-10-05
5433,US,2025-12-03
5434,US,2025-10-15
5435,US,2025-10-04
5436,US,2025-10-25
5437,DE,2025-11-13
5438,US,2025-11-12
5439,MX,2025-12-18
5440,US,2025-11-23
5441,GB,2025-12-19
5442,US,2025-12-12
5443,DE,2025-10-24
5444,GB,2025-10-20
5445,US,2025-12-23
5446,GB,2025-10-11
5447,US,2025-10-03
5448,MX,2025-12-16
5449,BR,2025-12-30
5450,US,2025-11-24
5451,CA,2025-12-16
5452,DE,2025-11-04
5453,FR,2025-10-03
5454,FR,2025-10-07
5455,BR,2025-12-18
5456,FR,2025-10-18
5457,US,2025-10-26
5458,ES,2025-12-13
5459,US,2025-12-26
5460,FR,2025-11-17
5461,DE,2025-12-29
5462,CA,2025-10-02
5463,DE,2025-12-28
5464,ES,2025-11-15
5465,US,2025-11-09
5466,GB,2025-11-10
5467,US,2025-12-01
5468,GB,2025-12-10
5469,US,2025-12-28
5470,GB,2025-10-09
5471,US,2025-12-28
5472,CA,2025-11-06
5473,FR,2025-12-18
5474,US,2025-12-24
5475,ES,2025-12-08
5476,MX,2025-12-06
5477,US,2025-12-05
5478,ES,2025-11-29
5479,US,2025-10-18
5480,BR,2025-11-07
5481,ES,2025-11-14
5482,ES,2025-10-24
5483,BR,2025-10-05
5484,US,2025-10-09
5485,MX,2025-11-02
5486,US,2025-10-28
5487,US,2025-12-26
5488,US,2025-11-03
5489,US,2025-10-08
5490,US,2025-11-10
5491,DE,2025-10-17
5492,US,2025-12-17
5493,BR,2025-10-04
5494,CA,2025-11-09
5495,GB,2025-11-02
5496,BR,2025-11-29
5497,MX,2025-12-19
5498,DE,2025-10-16
5499,BR,2025-12-25
5500,FR,2025-11-03
5501,BR,2025-11-09
5502,FR,2025-12-25
5503,FR,2025-11-16
5504,GB,2025-10-17
5505,US,2025-12-07
5506,MX,2025-10-11
5507,US,2025-11-25
5508,DE,2025-10-07
5509,GB,2025-11-25
5510,DE,2025-10-01
5511,US,2025-11-24
5512,US,2025-10-14
5513,GB,2025-10-05
5514,DE,2025-10-09
5515,US,2025-12-03
5516,US,2025-10-16
5517,US,2025-10-25
5518,US,2025-11-07
5519,US,2025-10-14
5520,US,2025-12-04
5521,US,2025-10-07
5522,US,2025-12-15
5523,US,2025-12-09
5524,US,2025-11-22
5525,CA,2025-12-13
5526,DE,2025-10-10
5527,GB,2025-11-14
5528,GB,2025-12-15
5529,MX,2025-12-07
5530,US,2025-12-01
5531,US,2025-10-09
5532,US,2025-12-16
5533,ES,2025-10-30
5534,DE,2025-12-09
5535,BR,2025-10-10
5536,GB,2025-10-19
5537,DE,2025-11-28
5538,FR,2025-12-28
5539,US,2025-11-24
5540,DE,2025-12-12
5541,GB,2025-10-19
5542,US,2025-10-30
5543,US,2025-12-03
5544,US,2025-12-10
5545,BR,2025-12-24
5546,ES,2025-11-08
5547,DE,2025-12-12
5548,US,2025-10-10
5549,US,2025-11-22
5550,US,2025-11-28
5551,US,2025-10-02
5552,US,2025-12-31
5553,DE,2025-12-13
5554,US,2025-12-01
5555,BR,2025-12-23
5556,US,2025-12-24
5557,ES,2025-12-15
5558,BR,2025-10-19
5559,US,2025-12-14
5560,DE,2025-11-16
5561,US,2025-12-29
5562,MX,2025-10-28
5563,US,2025-12-05
5564,MX,2025-12-26
5565,US,2025-12-21
5566,US,2025-10-14
5567,US,2025-10-11
5568,ES,2025-10-03
5569,US,2025-11-03
5570,US,2025-11-19
5571,CA,2025-12-05
5572,US,2025-11-08
5573,US,2025-12-24
5574,CA,2025-10-20
5575,BR,2025-11-15
5576,BR,2025-12-25
5577,CA,2025-11-12
5578,GB,2025-10-27
5579,DE,2025-10-20
5580,US,2025-10-22
5581,US,2025-11-01
5582,GB,2025-12-02
5583,CA,2025-11-13
5584,FR,2025-12-29
5585,US,2025-11-19
5586,BR,2025-11-08
5587,US,2025-10-24
5588,US,2025-12-09
5589,FR,2025-10-27
5590,US,2025-10-06
5591,DE,2025-12-10
5592,FR,2025-12-17
5593,ES,2025-12-08
5594,US,2025-11-19
5595,US,2025-10-11
5596,US,2025-11-29
5597,US,2025-10-12
5598,FR,2025-11-12
5599,GB,2025-11-18
5600,US,2025-10-02
5601,US,2025-11-10
5602,DE,2025-11-05
5603,GB,2025-11-10
5604,US,2025-10-15
5605,BR,2025-11-17
5606,US,2025-10-17
5607,US,2025-11-27
5608,US,2025-12-16
5609,ES,2025-11-06
5610,MX,2025-11-01
5611,GB,2025-11-16
5612,US,2025-12-15
5613,CA,2025-12-04
5614,GB,2025-12-10
5615,DE,2025-11-01
5616,FR,2025-12-04
5617,US,2025-12-01
5618,US,2025-11-13
5619,CA,2025-12-07
5620,US,2025-10-07
5621,DE,2025-10-03
5622,CA,2025-12-15
5623,CA,2025-12-24
5624,MX,2025-10-03
5625,BR,2025-12-23
5626,CA,2025-11-05
5627,US,2025-10-21
5628,DE,2025-12-21
5629,US,2025-12-28
5630,FR,2025-12-09
5631,US,2025-12-12
5632,US,2025-11-23
5633,BR,2025-10-31
5634,FR,2025-11-27
5635,CA,2025-11-01
5636,MX,2025-12-25
5637,CA,2025-11-10
5638,US,2025-12-11
5639,US,2025-12-28
5640,FR,2025-11-19
5641,ES,2025-11-20
5642,US,2025-11-04
5643,ES,2025-10-14
5644,US,2025-10-11
5645,GB,2025-12-08
5646,US,2025-12-16
5647,CA,2025-12-10
5648,CA,2025-12-13
5649,MX,2025-12-28
5650,ES,2025-11-29
5651,CA,2025-12-14
5652,US,2025-12-22
5653,US,2025-11-19
5654,DE,2025-10-03
5655,US,2025-10-13
5656,US,2025-10-10
5657,US,2025-11-04
5658,ES,2025-11-25
5659,MX,2025-11-09
5660,US,2025-12-31
5661,GB,2025-11-04
5662,CA,2025-12-25
5663,BR,2025-12-15
5664,ES,2025-11-29
5665,GB,2025-10-04
5666,BR,2025-10-10
5667,ES,2025-12-17
5668,MX,2025-11-20
5669,MX,2025-10-02
5670,FR,2025-11-26
5671,ES,2025-10-04
5672,GB,2025-12-11
5673,CA,2025-11-11
5674,CA,2025-12-30
5675,US,2025-11-30
5676,US,2025-12-11
5677,DE,2025-10-03
5678,MX,2025-11-17
5679,FR,2025-11-15
5680,GB,2025-12-09
5681,BR,2025-11-11
5682,DE,2025-11-02
5683,MX,2025-10-16
5684,GB,2025-11-12
5685,MX,2025-10-30
5686,CA,2025-11-19
5687,DE,2025-10-24
5688,US,2025-11-03
5689,ES,2025-10-20
5690,ES,2025-12-30
5691,FR,2025-12-02
5692,MX,2025-10-27
5693,MX,2025-12-06
5694,CA,2025-11-29
5695,MX,2025-11-26
5696,US,2025-10-22
5697,DE,2025-10-30
5698,FR,2025-12-31
5699,MX,2025-12-09
5700,FR,2025-11-02
5701,US,2025-11-03
5702,FR,2025-11-25
5703,ES,2025-12-05
5704,GB,2025-12-25
5705,ES,2025-11-08
5706,DE,2025-12-02
5707,GB,2025-11-01
5708,MX,2025-11-23
5709,US,2025-10-17
5710,US,2025-10-08
5711,FR,2025-11-22
5712,US,2025-11-08
5713,GB,2025-11-01
5714,US,2025-11-10
5715,DE,2025-10-03
5716,ES,2025-12-03
5717,GB,2025-11-04
5718,US,2025-11-14
5719,DE,2025-12-15
5720,MX,2025-10-25
5721,FR,2025-12-08
5722,US,2025-11-18
5723,US,2025-11-24
5724,FR,2025-11-04
5725,FR,2025-12-05
5726,FR,2025-12-15
5727,MX,2025-11-07
5728,GB,2025-11-13
5729,ES,2025-10-07
5730,GB,2025-11-11
5731,US,2025-10-03
5732,US,2025-12-05
5733,US,2025-10-10
5734,US,2025-11-19
5735,US,2025-11-17
5736,CA,2025-11-09
5737,GB,2025-11-07
5738,FR,2025-10-08
5739,CA,2025-11-11
5740,US,2025-11-12
5741,FR,2025-10-09
5742,FR,2025-12-19
5743,ES,2025-12-17
5744,US,2025-12-29
5745,BR,2025-10-21
5746,GB,2025-12-18
5747,BR,2025-11-27
5748,US,2025-10-10
5749,ES,2025-11-21
5750,BR,2025-12-21
5751,US,2025-12-23
5752,US,2025-11-15
5753,DE,2025-10-20
5754,US,2025-12-03
5755,DE,2025-10-14
5756,US,2025-11-27
5757,MX,2025-11-12
5758,US,2025-11-15
5759,US,2025-12-14
5760,FR,2025-10-20
5761,US,2025-10-22
5762,DE,2025-11-03
5763,FR,2025-11-11
5764,US,2025-11-02
5765,US,2025-11-05
5766,MX,2025-12-10
5767,US,2025-10-27
5768,FR,2025-10-14
5769,US,2025-10-18
5770,DE,2025-10-07
5771,US,2025-10-25
5772,US,2025-12-18
5773,US,2025-11-17
5774,FR,2025-11-30
5775,BR,2025-12-01
5776,GB,2025-11-21
5777,US,2025-12-29
5778,US,2025-10-14
5779,FR,2025-10-15
5780,GB,2025-10-12
5781,DE,2025-12-10
5782,MX,2025-12-01
5783,US,2025-11-16
5784,FR,2025-10-15
5785,US,2025-11-01
5786,US,2025-12-18
5787,GB,2025-10-13
5788,US,2025-10-16
5789,DE,2025-10-21
5790,GB,2025-11-27
5791,CA,2025-11-16
5792,MX,2025-10-22
5793,MX,2025-12-07
5794,US,2025-10-29
5795,US,2025-12-23
5796,CA,2025-10-30
5797,US,2025-10-22
5798,US,2025-10-03
5799,CA,2025-11-03
5800,GB,2025-11-08
5801,MX,2025-12-12
5802,US,2025-12-19
5803,DE,2025-12-14
5804,DE,2025-11-15
5805,GB,2025-10-24
5806,GB,2025-10-18
5807,US,2025-11-23
5808,FR,2025-11-17
5809,BR,2025-12-17
5810,US,2025-12-26
5811,GB,2025-10-09
5812,GB,2025-11-12
5813,BR,2025-11-29
5814,MX,2025-11-14
5815,DE,2025-10-01
5816,DE,2025-12-10
5817,BR,2025-10-09
5818,US,2025-10-07
5819,US,2025-10-27
5820,ES,2025-10-29
5821,CA,2025-12-29
5822,GB,2025-11-06
5823,US,2025-10-14
5824,BR,2025-10-29
5825,GB,2025-10-04
5826,DE,2025-11-20
5827,ES,2025-11-22
5828,MX,2025-12-11
5829,US,2025-11-23
5830,US,2025-11-07
5831,US,2025-11-06
5832,MX,2025-12-12
5833,ES,2025-11-20
5834,MX,2025-11-10
5835,GB,2025-10-24
5836,DE,2025-12-22
5837,US,2025-10-19
5838,US,2025-10-31
5839,BR,2025-12-27
5840,US,2025-11-10
5841,US,2025-10-27
5842,DE,2025-12-03
5843,GB,2025-10-04
5844,US,2025-10-01
5845,US,2025-10-28
5846,FR,2025-12-21
5847,MX,2025-12-27
5848,US,2025-11-10
5849,GB,2025-11-20
5850,GB,2025-11-04
5851,ES,2025-10-20
5852,US,2025-10-11
5853,DE,2025-11-22
5854,MX,2025-10-09
5855,US,2025-10-24
5856,MX,2025-11-13
5857,US,2025-10-05
5858,US,2025-12-15
5859,US,2025-12-06
5860,GB,2025-11-25
5861,GB,2025-11-08
5862,US,2025-12-23
5863,US,2025-10-29
5864,DE,2025-12-30
5865,CA,2025-10-27
5866,US,2025-11-17
5867,ES,2025-11-26
5868,BR,2025-10-18
5869,BR,2025-12-08
5870,GB,2025-12-26
5871,US,2025-10-22
5872,CA,2025-10-21
5873,DE,2025-11-15
5874,GB,2025-11-21
5875,FR,2025-11-25
5876,US,2025-10-19
5877,MX,2025-12-17
5878,US,2025-12-21
5879,US,2025-11-03
5880,US,2025-12-10
5881,US,2025-10-01
5882,US,2025-11-18
5883,MX,2025-11-08
5884,CA,2025-12-19
5885,DE,2025-12-16
5886,DE,2025-12-02
5887,BR,2025-12-01
5888,GB,2025-11-27
5889,MX,2025-12-06
5890,US,2025-12-02
5891,MX,2025-10-02
5892,GB,2025-12-22
5893,ES,2025-10-25
5894,DE,2025-11-06
5895,US,2025-11-15
5896,GB,2025-12-04
5897,US,2025-11-05
5898,GB,2025-11-02
5899,FR,2025-11-24
5900,GB,2025-12-01
5901,US,2025-11-30
5902,CA,2025-11-18
5903,US,2025-12-20
5904,GB,2025-12-09
5905,GB,2025-12-14
5906,DE,2025-11-20
5907,CA,2025-11-13
5908,BR,2025-11-15
5909,US,2025-10-24
5910,ES,2025-10-09
5911,ES,2025-11-18
5912,US,2025-10-05
5913,BR,2025-11-20
5914,GB,2025-12-19
5915,US,2025-11-08
5916,US,2025-11-11
5917,US,2025-10-21
5918,GB,2025-12-29
5919,US,2025-10-07
5920,CA,2025-11-11
5921,DE,2025-11-24
5922,US,2025-10-09
5923,GB,2025-11-19
5924,MX,2025-12-08
5925,CA,2025-11-12
5926,MX,2025-10-30
5927,CA,2025-12-13
5928,FR,2025-11-27
5929,GB,2025-11-03
5930,CA,2025-10-04
5931,US,2025-12-30
5932,MX,2025-12-22
5933,ES,2025-11-17
5934,FR,2025-10-17
5935,US,2025-12-18
5936,CA,2025-11-03
5937,MX,2025-10-11
5938,CA,2025-11-08
5939,US,2025-10-12
5940,US,2025-11-18
5941,BR,2025-10-23
5942,DE,2025-12-26
5943,GB,2025-12-01
5944,GB,2025-12-19
5945,GB,2025-12-29
5946,US,2025-11-04
5947,US,2025-12-25
5948,US,2025-11-04
5949,US,2025-10-05
5950,CA,2025-12-08
5951,CA,2025-12-11
5952,US,2025-10-31
5953,US,2025-12-19
5954,FR,2025-10-22
5955,ES,2025-11-27
5956,GB,2025-12-26
5957,US,2025-10-24
5958,MX,2025-12-08
5959,FR,2025-11-09
5960,BR,2025-11-07
5961,GB,2025-12-21
5962,GB,2025-10-19
5963,ES,2025-10-17
5964,GB,2025-11-15
5965,US,2025-10-20
5966,MX,2025-11-08
5967,ES,2025-12-23
5968,US,2025-10-28
5969,US,2025-10-29
5970,US,2025-11-23
5971,US,2025-11-28
5972,US,2025-10-16
5973,DE,2025-11-08
5974,BR,2025-10-25
5975,DE,2025-10-13
5976,BR,2025-11-21
5977,CA,2025-11-03
5978,DE,2025-11-07
5979,US,2025-10-27
5980,CA,2025-11-07
5981,CA,2025-12-04
5982,GB,2025-12-01
5983,DE,2025-12-31
5984,BR,2025-10-07
5985,GB,2025-10-06
5986,US,2025-12-09
5987,BR,2025-12-15
5988,FR,2025-12-28
5989,MX,2025-12-27
5990,DE,2025-12-23
5991,MX,2025-12-18
5992,MX,2025-12-21
5993,GB,2025-11-24
5994,US,2025-10-05
5995,US,2025-12-21
5996,US,2025-10-29
5997,BR,2025-11-23
5998,GB,2025-10-10
5999,GB,2025-12-02
6000,US,2025-10-10
6001,US,2025-11-08
6002,US,2025-10-17
6003,GB,2025-12-22
6004,CA,2025-10-06
6005,US,2025-12-27
6006,US,2025-12-25
6007,ES,2025-12-07
6008,MX,2025-11-24
6009,ES,2025-11-29
6010,US,2025-10-30
6011,US,2025-11-11
6012,GB,2025-10-23
6013,FR,2025-10-13
6014,US,2025-10-01
6015,FR,2025-12-03
6016,BR,2025-10-03
6017,FR,2025-10-16
6018,ES,2025-11-29
6019,CA,2025-11-23
6020,ES,2025-11-14
6021,US,2025-11-25
6022,MX,2025-10-30
6023,MX,2025-10-24
6024,US,2025-11-13
6025,MX,2025-11-20
6026,DE,2025-11-04
6027,US,2025-10-20
6028,MX,2025-12-04
6029,MX,2025-11-10
6030,US,2025-11-20
6031,GB,2025-10-30
6032,US,2025-11-08
6033,BR,2025-10-25
6034,BR,2025-10-01
6035,DE,2025-12-21
6036,ES,2025-11-20
6037,ES,2025-11-08
6038,MX,2025-12-19
6039,US,2025-11-17
6040,US,2025-10-24
6041,DE,2025-10-14
6042,DE,2025-11-01
6043,DE,2025-12-26
6044,FR,2025-12-09
6045,BR,2025-10-13
6046,FR,2025-10-15
6047,GB,2025-11-10
6048,GB,2025-11-23
6049,FR,2025-12-08
6050,GB,2025-11-26
6051,DE,2025-12-27
6052,ES,2025-12-12
6053,CA,2025-10-07
6054,DE,2025-12-22
6055,US,2025-11-12
6056,MX,2025-12-17
6057,FR,2025-10-25
6058,ES,2025-10-18
6059,ES,2025-11-26
6060,DE,2025-12-11
6061,FR,2025-11-26
6062,FR,2025-11-25
6063,GB,2025-11-14
6064,US,2025-11-07
6065,US,2025-11-02
6066,DE,2025-10-05
6067,DE,2025-11-16
6068,DE,2025-11-24
6069,BR,2025-10-08
6070,GB,2025-11-09
6071,GB,2025-12-19
6072,BR,2025-12-04
6073,GB,2025-10-27
6074,US,2025-11-24
6075,BR,2025-10-18
6076,GB,2025-10-13
6077,BR,2025-12-11
6078,US,2025-12-04
6079,US,2025-12-05
6080,GB,2025-10-13
6081,US,2025-10-11
6082,DE,2025-10-13
6083,US,2025-11-09
6084,DE,2025-12-01
6085,CA,2025-10-10
6086,FR,2025-12-23
6087,US,2025-12-26
6088,US,2025-12-05
6089,GB,2025-10-09
6090,DE,2025-12-26
6091,US,2025-12-09
6092,MX,2025-10-14
6093,GB,2025-12-21
6094,US,2025-10-09
6095,CA,2025-12-04
6096,BR,2025-11-13
6097,US,2025-11-28
6098,US,2025-10-25
6099,FR,2025-11-21
6100,US,2025-10-26
6101,ES,2025-10-19
6102,FR,2025-10-18
6103,MX,2025-11-01
6104,FR,2025-10-28
6105,US,2025-12-23
6106,BR,2025-12-07
6107,CA,2025-10-17
6108,US,2025-11-07
6109,FR,2025-11-05
6110,US,2025-11-15
6111,FR,2025-10-25
6112,US,2025-10-15
6113,GB,2025-11-15
6114,US,2025-11-28
6115,MX,2025-10-09
6116,ES,2025-12-03
6117,DE,2025-11-23
6118,US,2025-11-01
6119,US,2025-10-23
6120,MX,2025-11-20
6121,GB,2025-11-04
6122,US,2025-10-24
6123,FR,2025-10-26
6124,FR,2025-10-08
6125,ES,2025-10-17
6126,US,2025-10-16
6127,US,2025-12-02
6128,FR,2025-10-01
6129,MX,2025-12-15
6130,US,2025-12-22
6131,US,2025-12-29
6132,US,2025-12-28
6133,GB,2025-10-04
6134,DE,2025-10-15
6135,CA,2025-10-01
6136,FR,2025-12-15
6137,MX,2025-10-25
6138,MX,2025-11-23
6139,CA,2025-12-19
6140,CA,2025-12-10
6141,CA,2025-12-15
6142,FR,2025-11-25
6143,MX,2025-10-10
6144,US,2025-11-17
6145,MX,2025-12-20
6146,ES,2025-11-03
6147,GB,2025-11-22
6148,US,2025-11-05
6149,CA,2025-10-06
6150,MX,2025-12-20
6151,US,2025-10-25
6152,ES,2025-10-27
6153,FR,2025-11-29
6154,US,2025-10-15
6155,BR,2025-12-09
6156,US,2025-12-31
6157,US,2025-12-19
6158,US,2025-10-27
6159,US,2025-10-07
6160,GB,2025-10-10
6161,CA,2025-12-23
6162,GB,2025-10-25
6163,DE,2025-11-23
6164,BR,2025-12-14
6165,US,2025-12-08
6166,US,2025-12-12
6167,GB,2025-12-29
6168,GB,2025-12-21
6169,DE,2025-10-14
6170,US,2025-12-22
6171,US,2025-11-20
6172,FR,2025-12-31
6173,GB,2025-12-23
6174,US,2025-10-31
6175,GB,2025-11-09
6176,US,2025-10-21
6177,GB,2025-11-08
6178,BR,2025-12-27
6179,GB,2025-10-14
6180,US,2025-12-24
6181,FR,2025-11-29
6182,ES,2025-11-17
6183,ES,2025-12-01
6184,DE,2025-10-29
6185,US,2025-12-31
6186,ES,2025-10-19
6187,GB,2025-12-07
6188,GB,2025-12-30
6189,GB,2025-12-29
6190,US,2025-11-28
6191,FR,2025-12-26
6192,GB,2025-11-26
6193,US,2025-12-24
6194,CA,2025-10-18
6195,US,2025-10-27
6196,MX,2025-10-17
6197,ES,2025-12-03
6198,CA,2025-11-08
6199,CA,2025-11-18
6200,DE,2025-12-22
6201,US,2025-10-17
6202,US,2025-12-14
6203,DE,2025-11-04
6204,US,2025-10-25
6205,GB,2025-11-03
6206,DE,2025-10-07
6207,BR,2025-12-03
6208,US,2025-11-26
6209,US,2025-11-12
6210,BR,2025-12-07
6211,ES,2025-12-17
6212,GB,2025-12-25
6213,GB,2025-11-21
6214,BR,2025-11-28
6215,US,2025-11-11
6216,GB,2025-10-24
6217,US,2025-10-15
6218,CA,2025-11-19
6219,DE,2025-12-14
6220,US,2025-12-05
6221,GB,2025-12-02
6222,DE,2025-10-19
6223,US,2025-10-08
6224,FR,2025-12-23
6225,US,2025-10-12
6226,ES,2025-10-14
6227,US,2025-11-16
6228,GB,2025-10-01
6229,ES,2025-11-24
6230,DE,2025-10-27
6231,MX,2025-11-24
6232,US,2025-12-11
6233,GB,2025-10-20
6234,BR,2025-11-22
6235,US,2025-10-11
6236,CA,2025-10-26
6237,ES,2025-12-22
6238,MX,2025-10-31
6239,US,2025-12-05
6240,GB,2025-11-16
6241,MX,2025-10-21
6242,FR,2025-12-14
6243,MX,2025-10-31
6244,US,2025-12-29
6245,US,2025-10-03
6246,US,2025-12-03
6247,ES,2025-11-07
6248,CA,2025-10-14
6249,US,2025-11-02
6250,ES,2025-12-20
6251,US,2025-10-26
6252,GB,2025-12-15
6253,ES,2025-12-19
6254,FR,2025-12-05
6255,US,2025-10-16
6256,MX,2025-12-15
6257,US,2025-12-18
6258,GB,2025-10-02
6259,US,2025-11-25
6260,US,2025-12-02
6261,US,2025-12-05
6262,US,2025-11-14
6263,GB,2025-11-20
6264,US,2025-12-31
6265,CA,2025-10-25
6266,US,2025-12-27
6267,CA,2025-10-03
6268,US,2025-11-13
6269,CA,2025-11-28
6270,GB,2025-12-17
6271,US,2025-12-10
6272,GB,2025-12-07
6273,US,2025-11-02
6274,US,2025-12-08
6275,US,2025-12-03
6276,FR,2025-11-02
6277,US,2025-11-09
6278,US,2025-12-07
6279,FR,2025-10-15
6280,US,2025-10-04
6281,US,2025-11-13
6282,US,2025-10-03
6283,FR,2025-12-29
6284,US,2025-10-22
6285,ES,2025-10-13
6286,US,2025-10-22
6287,BR,2025-12-08
6288,DE,2025-10-02
6289,BR,2025-10-14
6290,MX,2025-12-21
6291,MX,2025-10-08
6292,US,2025-12-12
6293,ES,2025-12-16
6294,CA,2025-12-11
6295,GB,2025-12-30
6296,BR,2025-12-14
6297,ES,2025-12-17
6298,US,2025-12-25
6299,US,2025-12-16
6300,FR,2025-10-14
6301,MX,2025-10-16
6302,GB,2025-11-15
6303,GB,2025-10-31
6304,DE,2025-11-04
6305,FR,2025-11-07
6306,GB,2025-11-04
6307,US,2025-11-21
6308,FR,2025-12-01
6309,US,2025-11-29
6310,FR,2025-11-03
6311,US,2025-12-25
6312,DE,2025-12-25
6313,GB,2025-11-21
6314,US,2025-10-13
6315,DE,2025-12-24
6316,BR,2025-10-17
6317,US,2025-12-08
6318,FR,2025-12-21
6319,BR,2025-11-03
6320,MX,2025-10-24
6321,ES,2025-12-13
6322,US,2025-11-02
6323,US,2025-11-27
6324,FR,2025-11-11
6325,US,2025-10-10
6326,DE,2025-12-06
6327,US,2025-10-02
6328,DE,2025-12-23
6329,CA,2025-11-21
6330,GB,2025-12-01
6331,GB,2025-10-23
6332,CA,2025-10-22
6333,MX,2025-11-13
6334,GB,2025-12-18
6335,US,2025-10-25
6336,FR,2025-10-30
6337,FR,2025-11-17
6338,US,2025-10-08
6339,US,2025-10-08
6340,CA,2025-10-04
6341,DE,2025-11-09
6342,MX,2025-12-16
6343,US,2025-10-03
6344,DE,2025-11-18
6345,US,2025-10-28
6346,GB,2025-10-23
6347,DE,2025-11-06
6348,US,2025-10-07
6349,BR,2025-10-18
6350,BR,2025-12-29
6351,ES,2025-10-10
6352,US,2025-12-12
6353,MX,2025-12-06
6354,ES,2025-12-09
6355,US,2025-10-06
6356,FR,2025-11-07
6357,CA,2025-11-06
6358,US,2025-10-19
6359,ES,2025-10-24
6360,CA,2025-11-03
6361,US,2025-11-16
6362,US,2025-11-30
6363,GB,2025-11-10
6364,GB,2025-11-27
6365,US,2025-12-04
6366,MX,2025-10-11
6367,US,2025-11-22
6368,FR,2025-12-19
6369,CA,2025-10-24
6370,GB,2025-11-24
6371,FR,2025-10-26
6372,US,2025-11-22
6373,ES,2025-10-25
6374,MX,2025-11-29
6375,GB,2025-10-04
6376,US,2025-11-20
6377,GB,2025-10-17
6378,DE,2025-12-28
6379,BR,2025-10-23
6380,FR,2025-10-21
6381,MX,2025-10-20
6382,US,2025-12-03
6383,FR,2025-12-25
6384,BR,2025-11-26
6385,GB,2025-11-25
6386,BR,2025-12-30
6387,US,2025-12-31
6388,US,2025-12-02
6389,US,2025-10-16
6390,GB,2025-10-21
6391,FR,2025-10-21
6392,GB,2025-11-04
6393,DE,2025-12-27
6394,US,2025-12-22
6395,US,2025-10-08
6396,CA,2025-10-09
6397,US,2025-12-11
6398,US,2025-12-10
6399,US,2025-11-06
6400,US,2025-11-17
6401,GB,2025-11-06
6402,BR,2025-10-04
6403,FR,2025-12-08
6404,ES,2025-12-16
6405,US,2025-12-05
6406,ES,2025-10-18
6407,DE,2025-12-19
6408,BR,2025-10-31
6409,ES,2025-11-19
6410,MX,2025-11-17
6411,US,2025-12-30
6412,US,2025-10-30
6413,US,2025-12-04
6414,GB,2025-12-17
6415,BR,2025-10-19
6416,GB,2025-12-29
6417,US,2025-12-23
6418,US,2025-12-24
6419,BR,2025-11-29
6420,GB,2025-11-15
6421,MX,2025-11-06
6422,US,2025-12-12
6423,US,2025-10-05
6424,DE,2025-10-30
6425,GB,2025-12-24
6426,US,2025-11-13
6427,ES,2025-12-05
6428,US,2025-11-17
6429,US,2025-12-24
6430,MX,2025-11-09
6431,DE,2025-12-10
6432,BR,2025-10-18
6433,GB,2025-12-24
6434,ES,2025-12-23
6435,CA,2025-11-13
6436,US,2025-11-29
6437,CA,2025-10-21
6438,BR,2025-11-02
6439,US,2025-12-15
6440,US,2025-10-29
6441,DE,2025-10-20
6442,ES,2025-10-11
6443,ES,2025-12-19
6444,CA,2025-11-13
6445,MX,2025-11-05
6446,FR,2025-10-31
6447,ES,2025-10-10
6448,CA,2025-12-22
6449,ES,2025-11-18
6450,GB,2025-10-11
6451,US,2025-10-26
6452,MX,2025-10-20
6453,US,2025-10-17
6454,CA,2025-11-29
6455,MX,2025-10-09
6456,DE,2025-10-26
6457,US,2025-10-26
6458,GB,2025-11-01
6459,GB,2025-11-03
6460,MX,2025-12-26
6461,GB,2025-10-02
6462,MX,2025-10-22
6463,GB,2025-10-23
6464,MX,2025-10-15
6465,FR,2025-10-27
6466,US,2025-10-31
6467,FR,2025-12-02
6468,DE,2025-11-05
6469,US,2025-10-29
6470,GB,2025-11-15
6471,CA,2025-11-24
6472,MX,2025-12-06
6473,MX,2025-11-14
6474,DE,2025-10-14
6475,MX,2025-11-06
6476,GB,2025-10-18
6477,US,2025-10-16
6478,US,2025-12-24
6479,GB,2025-10-21
6480,ES,2025-12-02
6481,US,2025-10-24
6482,FR,2025-10-10
6483,CA,2025-10-29
6484,GB,2025-11-24
6485,US,2025-10-22
6486,GB,2025-12-16
6487,MX,2025-11-19
6488,DE,2025-10-23
6489,US,2025-12-08
6490,US,2025-11-14
6491,GB,2025-12-11
6492,US,2025-12-12
6493,ES,2025-10-29
6494,GB,2025-10-26
6495,ES,2025-12-13
6496,US,2025-12-05
6497,GB,2025-12-23
6498,US,2025-11-07
6499,US,2025-11-24
6500,MX,2025-11-24
6501,MX,2025-12-24
6502,BR,2025-11-27
6503,MX,2025-12-22
6504,US,2025-10-07
6505,GB,2025-12-28
6506,US,2025-11-30
6507,US,2025-10-22
6508,DE,2025-12-12
6509,GB,2025-12-03
6510,DE,2025-10-18
6511,ES,2025-10-01
6512,FR,2025-10-08
6513,US,2025-10-22
6514,ES,2025-11-18
6515,MX,2025-10-21
6516,BR,2025-11-16
6517,US,2025-11-30
6518,CA,2025-11-11
6519,BR,2025-12-28
6520,US,2025-12-21
6521,DE,2025-11-19
6522,US,2025-10-06
6523,GB,2025-12-23
6524,DE,2025-11-28
6525,GB,2025-11-14
6526,US,2025-12-17
6527,BR,2025-12-19
6528,CA,2025-12-13
6529,GB,2025-10-03
6530,GB,2025-12-06
6531,MX,2025-10-08
6532,DE,2025-10-19
6533,US,2025-12-23
6534,DE,2025-10-20
6535,ES,2025-10-21
6536,FR,2025-11-08
6537,DE,2025-11-02
6538,CA,2025-12-11
6539,ES,2025-11-10
6540,BR,2025-10-08
6541,US,2025-12-15
6542,BR,2025-10-06
6543,FR,2025-11-14
6544,GB,2025-12-22
6545,FR,2025-12-28
6546,US,2025-11-04
6547,ES,2025-10-18
6548,ES,2025-11-25
6549,MX,2025-10-10
6550,ES,2025-12-25
6551,US,2025-12-15
6552,CA,2025-10-09
6553,US,2025-11-25
6554,GB,2025-11-06
6555,FR,2025-12-26
6556,ES,2025-12-16
6557,US,2025-10-28
6558,DE,2025-10-17
6559,BR,2025-10-19
6560,US,2025-12-22
6561,FR,2025-12-04
6562,MX,2025-12-05
6563,US,2025-10-30
6564,CA,2025-11-05
6565,GB,2025-10-29
6566,FR,2025-12-14
6567,US,2025-10-06
6568,BR,2025-11-09
6569,US,2025-12-16
6570,FR,2025-12-19
6571,US,2025-12-11
6572,ES,2025-12-31
6573,BR,2025-10-14
6574,DE,2025-11-24
6575,GB,2025-12-29
6576,MX,2025-12-01
6577,MX,2025-11-09
6578,US,2025-10-19
6579,US,2025-12-21
6580,US,2025-10-16
6581,US,2025-10-18
6582,GB,2025-11-06
6583,BR,2025-12-21
6584,BR,2025-10-27
6585,MX,2025-11-10
6586,ES,2025-11-12
6587,FR,2025-10-02
6588,US,2025-10-17
6589,BR,2025-10-10
6590,ES,2025-12-01
6591,US,2025-11-06
6592,GB,2025-11-19
6593,GB,2025-10-31
6594,GB,2025-10-17
6595,BR,2025-11-30
6596,DE,2025-10-08
6597,CA,2025-12-31
6598,ES,2025-11-23
6599,BR,2025-10-20
6600,US,2025-12-30
6601,GB,2025-10-09
6602,GB,2025-12-28
6603,FR,2025-12-18
6604,GB,2025-12-31
6605,MX,2025-10-20
6606,CA,2025-11-08
6607,CA,2025-11-05
6608,US,2025-12-23
6609,GB,2025-11-12
6610,FR,2025-10-10
6611,BR,2025-11-21
6612,US,2025-10-01
6613,US,2025-12-02
6614,FR,2025-10-11
6615,US,2025-10-20
6616,GB,2025-10-02
6617,ES,2025-10-09
6618,ES,2025-10-11
6619,BR,2025-12-06
6620,FR,2025-11-14
6621,CA,2025-12-13
6622,ES,2025-12-16
6623,GB,2025-12-05
6624,US,2025-12-07
6625,DE,2025-12-18
6626,US,2025-11-18
6627,ES,2025-10-14
6628,US,2025-10-06
6629,DE,2025-10-04
6630,US,2025-11-29
6631,BR,2025-11-21
6632,CA,2025-11-27
6633,FR,2025-10-19
6634,US,2025-12-14
6635,DE,2025-12-21
6636,ES,2025-11-20
6637,US,2025-10-16
6638,GB,2025-10-31
6639,US,2025-11-01
6640,DE,2025-10-27
6641,FR,2025-10-15
6642,US,2025-11-15
6643,FR,2025-10-27
6644,MX,2025-10-26
6645,US,2025-12-13
6646,ES,2025-12-29
6647,CA,2025-11-29
6648,US,2025-10-09
6649,US,2025-12-17
6650,FR,2025-12-01
6651,ES,2025-12-14
6652,MX,2025-11-06
6653,MX,2025-12-23
6654,BR,2025-11-07
6655,FR,2025-11-30
6656,US,2025-11-18
6657,DE,2025-11-04
6658,ES,2025-10-30
6659,CA,2025-11-25
6660,MX,2025-12-06
6661,ES,2025-11-22
6662,CA,2025-11-26
6663,CA,2025-10-03
6664,FR,2025-11-14
6665,MX,2025-11-11
6666,GB,2025-11-10
6667,US,2025-11-01
6668,GB,2025-11-22
6669,CA,2025-12-28
6670,DE,2025-12-07
6671,MX,2025-12-12
6672,FR,2025-10-16
6673,BR,2025-11-01
6674,FR,2025-10-13
6675,MX,2025-12-31
6676,GB,2025-10-15
6677,US,2025-12-08
6678,BR,2025-11-06
6679,GB,2025-12-01
6680,US,2025-11-17
6681,BR,2025-11-06
6682,ES,2025-11-09
6683,US,2025-12-17
6684,MX,2025-12-11
6685,FR,2025-10-31
6686,CA,2025-11-30
6687,US,2025-10-24
6688,MX,2025-11-30
6689,MX,2025-11-10
6690,ES,2025-11-18
6691,GB,2025-10-28
6692,DE,2025-12-29
6693,CA,2025-10-30
6694,FR,2025-10-03
6695,FR,2025-10-29
6696,US,2025-11-13
6697,GB,2025-11-20
6698,FR,2025-11-02
6699,GB,2025-12-17
6700,ES,2025-12-31
6701,US,2025-11-20
6702,BR,2025-10-29
6703,BR,2025-11-17
6704,US,2025-11-07
6705,DE,2025-12-08
6706,MX,2025-12-09
6707,GB,2025-10-17
6708,DE,2025-11-08
6709,DE,2025-12-29
6710,US,2025-10-14
6711,US,2025-12-07
6712,FR,2025-10-21
6713,GB,2025-11-04
6714,US,2025-11-17
6715,US,2025-10-02
6716,MX,2025-11-04
6717,US,2025-10-16
6718,ES,2025-11-23
6719,US,2025-11-03
6720,ES,2025-10-23
6721,GB,2025-12-03
6722,BR,2025-12-29
6723,GB,2025-12-31
6724,GB,2025-10-31
6725,US,2025-10-19
6726,MX,2025-11-04
6727,US,2025-12-31
6728,US,2025-11-26
6729,ES,2025-12-11
6730,FR,2025-12-17
6731,DE,2025-11-09
6732,US,2025-12-19
6733,GB,2025-12-30
6734,GB,2025-11-20
6735,MX,2025-11-08
6736,CA,2025-12-18
6737,DE,2025-10-11
6738,US,2025-11-30
6739,MX,2025-10-12
6740,US,2025-11-01
6741,MX,2025-12-30
6742,BR,2025-11-14
6743,CA,2025-12-15
6744,FR,2025-10-31
6745,FR,2025-11-02
6746,DE,2025-12-12
6747,DE,2025-10-01
6748,MX,2025-11-23
6749,US,2025-10-07
6750,DE,2025-11-18
6751,US,2025-10-06
6752,BR,2025-10-31
6753,GB,2025-10-01
6754,US,2025-12-07
6755,US,2025-12-07
6756,GB,2025-10-25
6757,FR,2025-10-22
6758,CA,2025-10-29
6759,BR,2025-11-18
6760,GB,2025-10-01
6761,BR,2025-11-28
6762,MX,2025-10-11
6763,GB,2025-10-16
6764,GB,2025-10-31
6765,DE,2025-12-09
6766,BR,2025-10-30
6767,GB,2025-12-05
6768,US,2025-11-09
6769,US,2025-10-02
6770,DE,2025-11-29
6771,US,2025-12-17
6772,MX,2025-10-25
6773,FR,2025-12-11
6774,US,2025-10-16
6775,GB,2025-11-06
6776,US,2025-11-27
6777,GB,2025-11-30
6778,DE,2025-12-05
6779,FR,2025-10-27
6780,DE,2025-12-23
6781,MX,2025-11-01
6782,BR,2025-11-16
6783,US,2025-12-27
6784,US,2025-10-06
6785,DE,2025-12-22
6786,US,2025-11-01
6787,ES,2025-10-24
6788,US,2025-12-02
6789,DE,2025-12-08
6790,MX,2025-11-06
6791,GB,2025-12-22
6792,DE,2025-10-14
6793,US,2025-11-17
6794,FR,2025-12-27
6795,DE,2025-11-01
6796,BR,2025-12-17
6797,BR,2025-12-04
6798,CA,2025-10-24
6799,ES,2025-11-04
6800,CA,2025-10-12
6801,US,2025-12-21
6802,BR,2025-11-14
6803,ES,2025-12-28
6804,ES,2025-10-23
6805,BR,2025-10-02
6806,CA,2025-11-16
6807,DE,2025-12-18
6808,BR,2025-12-07
6809,FR,2025-12-22
6810,FR,2025-10-27
6811,GB,2025-11-16
6812,ES,2025-11-04
6813,GB,2025-12-21
6814,ES,2025-11-26
6815,GB,2025-12-21
6816,US,2025-11-18
6817,GB,2025-11-15
6818,DE,2025-10-02
6819,CA,2025-12-22
6820,US,2025-10-31
6821,CA,2025-11-19
6822,DE,2025-10-13
6823,US,2025-12-06
6824,US,2025-12-19
6825,FR,2025-12-08
6826,ES,2025-11-12
6827,FR,2025-12-23
6828,DE,2025-12-12
6829,DE,2025-10-16
6830,BR,2025-10-25
6831,GB,2025-11-10
6832,DE,2025-10-06
6833,US,2025-11-02
6834,US,2025-12-21
6835,GB,2025-11-07
6836,GB,2025-12-21
6837,ES,2025-11-23
6838,CA,2025-11-22
6839,CA,2025-10-12
6840,US,2025-10-12
6841,US,2025-12-28
6842,US,2025-10-07
6843,BR,2025-12-31
6844,ES,2025-12-01
6845,US,2025-12-18
6846,US,2025-11-18
6847,GB,2025-10-20
6848,US,2025-11-01
6849,US,2025-12-26
6850,FR,2025-11-22
6851,US,2025-12-05
6852,MX,2025-10-05
6853,DE,2025-11-16
6854,DE,2025-10-20
6855,ES,2025-11-19
6856,BR,2025-12-29
6857,US,2025-12-19
6858,US,2025-11-11
6859,GB,2025-12-15
6860,BR,2025-11-10
6861,US,2025-11-17
6862,US,2025-12-30
6863,CA,2025-11-05
6864,US,2025-11-11
6865,CA,2025-10-21
6866,CA,2025-10-05
6867,DE,2025-11-19
6868,MX,2025-12-01
6869,FR,2025-11-17
6870,MX,2025-11-16
6871,US,2025-10-14
6872,ES,2025-10-24
6873,GB,2025-12-05
6874,FR,2025-11-17
6875,US,2025-12-24
6876,ES,2025-10-27
6877,GB,2025-11-12
6878,CA,2025-12-05
6879,US,2025-11-28
6880,US,2025-12-29
6881,US,2025-10-16
6882,US,2025-10-07
6883,US,2025-12-03
6884,BR,2025-12-08
6885,CA,2025-10-26
6886,US,2025-12-19
6887,US,2025-10-30
6888,US,2025-12-04
6889,US,2025-12-29
6890,US,2025-11-21
6891,GB,2025-11-26
6892,US,2025-10-27
6893,FR,2025-12-17
6894,ES,2025-11-05
6895,GB,2025-11-12
6896,US,2025-10-13
6897,US,2025-12-19
6898,MX,2025-10-06
6899,ES,2025-10-12
6900,ES,2025-12-04
6901,DE,2025-10-06
6902,FR,2025-10-11
6903,US,2025-11-09
6904,MX,2025-10-05
6905,MX,2025-12-25
6906,US,2025-10-23
6907,BR,2025-10-19
6908,BR,2025-10-02
6909,ES,2025-10-27
6910,US,2025-11-25
6911,US,2025-11-02
6912,US,2025-11-18
6913,US,2025-10-28
6914,US,2025-11-10
6915,CA,2025-10-25
6916,ES,2025-10-08
6917,US,2025-10-14
6918,MX,2025-11-17
6919,US,2025-10-21
6920,US,2025-12-03
6921,US,2025-11-30
6922,BR,2025-11-01
6923,US,2025-10-06
6924,US,2025-10-25
6925,MX,2025-12-26
6926,US,2025-11-08
6927,FR,2025-12-11
6928,US,2025-10-26
6929,CA,2025-12-16
6930,ES,2025-11-04
6931,US,2025-12-28
6932,US,2025-11-22
6933,MX,2025-11-20
6934,GB,2025-10-04
6935,CA,2025-12-18
6936,US,2025-10-27
6937,GB,2025-12-20
6938,BR,2025-10-11
6939,US,2025-10-02
6940,GB,2025-10-22
6941,FR,2025-10-05
6942,MX,2025-12-14
6943,CA,2025-12-05
6944,GB,2025-11-05
6945,MX,2025-11-01
6946,US,2025-11-11
6947,FR,2025-12-16
6948,US,2025-10-28
6949,DE,2025-12-26
6950,MX,2025-12-27
6951,DE,2025-11-15
6952,MX,2025-12-19
6953,FR,2025-12-13
6954,MX,2025-10-06
6955,US,2025-11-14
6956,DE,2025-10-24
6957,FR,2025-12-09
6958,MX,2025-11-09
6959,ES,2025-11-24
6960,GB,2025-12-09
6961,ES,2025-12-22
6962,US,2025-10-30
6963,ES,2025-10-17
6964,DE,2025-10-17
6965,ES,2025-12-07
6966,US,2025-10-14
6967,BR,2025-10-22
6968,FR,2025-12-17
6969,GB,2025-11-26
6970,US,2025-11-06
6971,US,2025-12-18
6972,ES,2025-10-31
6973,GB,2025-11-09
6974,US,2025-11-09
6975,US,2025-12-04
6976,BR,2025-12-31
6977,US,2025-10-23
6978,MX,2025-12-04
6979,GB,2025-11-08
6980,US,2025-10-22
6981,US,2025-10-29
6982,FR,2025-10-18
6983,US,2025-10-18
6984,US,2025-10-11
6985,DE,2025-12-28
6986,GB,2025-12-23
6987,MX,2025-12-09
6988,FR,2025-11-11
6989,US,2025-12-28
6990,US,2025-12-04
6991,DE,2025-12-12
6992,GB,2025-12-20
6993,US,2025-10-29
6994,BR,2025-10-06
6995,US,2025-12-08
6996,US,2025-10-20
6997,BR,2025-12-29
6998,FR,2025-11-07
6999,US,2025-10-02
7000,US,2025-12-10
7001,US,2025-11-15
7002,US,2025-11-10
7003,GB,2025-11-29
7004,GB,2025-10-28
7005,GB,2025-12-11
7006,FR,2025-10-07
7007,GB,2025-12-11
7008,GB,2025-11-08
7009,BR,2025-11-19
7010,GB,2025-10-18
7011,DE,2025-10-08
7012,ES,2025-12-28
7013,US,2025-10-25
7014,GB,2025-12-20
7015,US,2025-12-25
7016,US,2025-11-07
7017,ES,2025-12-23
7018,CA,2025-10-08
7019,BR,2025-11-13
7020,US,2025-11-04
7021,MX,2025-10-12
7022,US,2025-12-29
7023,BR,2025-10-04
7024,ES,2025-11-28
7025,GB,2025-11-06
7026,GB,2025-11-14
7027,BR,2025-11-25
7028,US,2025-11-06
7029,DE,2025-11-19
7030,CA,2025-10-19
7031,US,2025-11-26
7032,BR,2025-10-14
7033,ES,2025-12-03
7034,DE,2025-11-08
7035,GB,2025-11-05
7036,US,2025-12-29
7037,DE,2025-11-28
7038,CA,2025-12-26
7039,GB,2025-10-01
7040,BR,2025-12-19
7041,DE,2025-12-14
7042,US,2025-11-01
7043,US,2025-11-30
7044,US,2025-11-24
7045,US,2025-10-07
7046,GB,2025-10-17
7047,US,2025-10-08
7048,US,2025-10-24
7049,MX,2025-12-14
7050,US,2025-10-17
7051,DE,2025-10-14
7052,US,2025-11-04
7053,US,2025-11-08
7054,BR,2025-10-06
7055,ES,2025-11-15
7056,US,2025-12-18
7057,US,2025-10-16
7058,CA,2025-12-25
7059,DE,2025-11-21
7060,ES,2025-10-19
7061,US,2025-11-02
7062,US,2025-10-31
7063,US,2025-10-03
7064,US,2025-10-21
7065,DE,2025-11-10
7066,GB,2025-12-03
7067,DE,2025-11-08
7068,CA,2025-12-30
7069,CA,2025-11-05
7070,ES,2025-12-25
7071,US,2025-12-30
7072,US,2025-10-05
7073,US,2025-11-16
7074,DE,2025-12-25
7075,MX,2025-10-21
7076,GB,2025-11-12
7077,GB,2025-11-02
7078,DE,2025-10-15
7079,MX,2025-10-21
7080,US,2025-10-29
7081,US,2025-11-13
7082,CA,2025-11-17
7083,US,2025-11-21
7084,ES,2025-11-04
7085,DE,2025-10-20
7086,US,2025-11-25
7087,MX,2025-10-30
7088,MX,2025-10-08
7089,GB,2025-11-09
7090,ES,2025-11-26
7091,US,2025-12-17
7092,GB,2025-11-01
7093,MX,2025-10-23
7094,ES,2025-12-18
7095,US,2025-11-18
7096,GB,2025-11-25
7097,US,2025-11-30
7098,BR,2025-10-06
7099,ES,2025-10-14
7100,GB,2025-12-30
7101,US,2025-10-14
7102,ES,2025-10-20
7103,BR,2025-12-08
7104,BR,2025-11-22
7105,ES,2025-12-09
7106,BR,2025-11-05
7107,US,2025-11-09
7108,CA,2025-11-22
7109,DE,2025-10-27
7110,CA,2025-10-13
7111,US,2025-11-10
7112,CA,2025-10-24
7113,US,2025-11-21
7114,US,2025-10-22
7115,US,2025-10-03
7116,MX,2025-11-08
7117,US,2025-10-11
7118,US,2025-11-04
7119,DE,2025-12-29
7120,GB,2025-11-06
7121,DE,2025-12-11
7122,US,2025-11-06
7123,GB,2025-10-12
7124,US,2025-11-04
7125,MX,2025-11-14
7126,MX,2025-12-14
7127,BR,2025-10-04
7128,BR,2025-11-12
7129,FR,2025-11-17
7130,GB,2025-11-25
7131,CA,2025-11-06
7132,DE,2025-11-22
7133,US,2025-11-01
7134,DE,2025-11-20
7135,BR,2025-11-10
7136,US,2025-12-21
7137,DE,2025-11-21
7138,US,2025-12-27
7139,US,2025-10-15
7140,US,2025-10-04
7141,MX,2025-10-12
7142,GB,2025-11-07
7143,US,2025-10-12
7144,BR,2025-12-30
7145,ES,2025-12-09
7146,ES,2025-10-20
7147,DE,2025-10-15
7148,US,2025-11-16
7149,MX,2025-10-04
7150,DE,2025-11-03
7151,FR,2025-10-19
7152,ES,2025-11-25
7153,CA,2025-11-03
7154,US,2025-12-11
7155,US,2025-11-05
7156,DE,2025-11-29
7157,ES,2025-11-22
7158,BR,2025-10-22
7159,MX,2025-12-08
7160,GB,2025-11-28
7161,CA,2025-11-02
7162,BR,2025-12-06
7163,US,2025-11-26
7164,US,2025-10-11
7165,CA,2025-10-25
7166,US,2025-11-27
7167,US,2025-12-31
7168,ES,2025-10-03
7169,GB,2025-12-02
7170,CA,2025-11-07
7171,ES,2025-11-18
7172,US,2025-11-01
7173,US,2025-10-26
7174,FR,2025-10-15
7175,ES,2025-10-06
7176,DE,2025-12-01
7177,US,2025-11-10
7178,BR,2025-12-02
7179,US,2025-12-21
7180,US,2025-11-29
7181,FR,2025-10-22
7182,US,2025-11-30
7183,US,2025-12-06
7184,US,2025-12-05
7185,GB,2025-12-25
7186,GB,2025-11-20
7187,US,2025-12-02
7188,CA,2025-12-28
7189,ES,2025-10-09
7190,US,2025-11-24
7191,US,2025-12-04
7192,GB,2025-11-19
7193,US,2025-12-08
7194,BR,2025-12-10
7195,US,2025-12-29
7196,US,2025-10-24
7197,GB,2025-12-29
7198,DE,2025-12-27
7199,US,2025-11-23
7200,US,2025-11-26
7201,ES,2025-10-18
7202,US,2025-11-01
7203,US,2025-10-16
7204,CA,2025-10-26
7205,US,2025-10-22
7206,US,2025-11-02
7207,ES,2025-10-24
7208,US,2025-12-31
7209,FR,2025-12-15
7210,BR,2025-10-31
7211,US,2025-11-25
7212,US,2025-10-12
7213,GB,2025-10-14
7214,BR,2025-12-20
7215,US,2025-11-23
7216,US,2025-10-16
7217,ES,2025-11-11
7218,DE,2025-11-01
7219,GB,2025-11-13
7220,ES,2025-10-31
7221,US,2025-10-16
7222,US,2025-10-16
7223,FR,2025-10-21
7224,MX,2025-10-17
7225,MX,2025-12-30
7226,DE,2025-12-18
7227,ES,2025-11-15
7228,FR,2025-12-26
7229,DE,2025-10-10
7230,MX,2025-10-02
7231,GB,2025-12-11
7232,US,2025-11-06
7233,US,2025-12-06
7234,US,2025-12-19
7235,GB,2025-12-27
7236,ES,2025-10-27
7237,DE,2025-11-28
7238,US,2025-10-03
7239,GB,2025-12-29
7240,CA,2025-12-19
7241,FR,2025-11-13
7242,MX,2025-12-10
7243,US,2025-12-16
7244,US,2025-10-04
7245,US,2025-11-20
7246,CA,2025-12-08
7247,US,2025-12-06
7248,MX,2025-11-09
7249,GB,2025-11-08
7250,ES,2025-11-25
7251,DE,2025-10-23
7252,BR,2025-10-15
7253,CA,2025-11-02
7254,US,2025-11-01
7255,BR,2025-10-29
7256,US,2025-12-27
7257,US,2025-12-03
7258,GB,2025-11-11
7259,US,2025-12-24
7260,FR,2025-11-05
7261,GB,2025-12-15
7262,MX,2025-12-18
7263,ES,2025-11-29
7264,US,2025-11-25
7265,US,2025-12-19
7266,MX,2025-11-15
7267,ES,2025-12-24
7268,US,2025-10-05
7269,GB,2025-10-22
7270,FR,2025-12-05
7271,US,2025-12-01
7272,GB,2025-10-25
7273,GB,2025-11-25
7274,CA,2025-10-30
7275,BR,2025-10-16
7276,ES,2025-10-23
7277,MX,2025-11-11
7278,MX,2025-11-07
7279,BR,2025-11-20
7280,US,2025-12-20
7281,DE,2025-12-13
7282,US,2025-11-20
7283,ES,2025-12-12
7284,ES,2025-12-13
7285,DE,2025-12-22
7286,FR,2025-12-27
7287,GB,2025-10-12
7288,US,2025-12-05
7289,GB,2025-12-22
7290,GB,2025-10-13
7291,US,2025-10-24
7292,DE,2025-10-21
7293,US,2025-10-25
7294,MX,2025-10-03
7295,US,2025-12-01
7296,US,2025-12-16
7297,FR,2025-11-16
7298,DE,2025-10-17
7299,US,2025-11-29
7300,DE,2025-12-15
7301,ES,2025-11-14
7302,GB,2025-10-22
7303,GB,2025-12-12
7304,US,2025-12-21
7305,GB,2025-11-01
7306,CA,2025-10-07
7307,ES,2025-11-30
7308,GB,2025-12-10
7309,US,2025-11-08
7310,FR,2025-12-25
7311,DE,2025-10-14
7312,US,2025-11-13
7313,US,2025-10-22
7314,US,2025-10-30
7315,DE,2025-11-04
7316,US,2025-11-24
7317,US,2025-12-13
7318,DE,2025-12-26
7319,US,2025-10-30
7320,US,2025-10-12
7321,US,2025-10-02
7322,US,2025-12-01
7323,BR,2025-11-16
7324,US,2025-11-08
7325,ES,2025-12-30
7326,US,2025-12-21
7327,US,2025-11-15
7328,US,2025-10-14
7329,FR,2025-11-14
7330,DE,2025-12-10
7331,US,2025-12-31
7332,US,2025-11-19
7333,US,2025-11-24
7334,DE,2025-11-26
7335,DE,2025-12-06
7336,GB,2025-11-15
7337,MX,2025-10-01
7338,MX,2025-11-06
7339,BR,2025-10-14
7340,US,2025-10-20
7341,DE,2025-12-13
7342,DE,2025-11-30
7343,GB,2025-10-10
7344,US,2025-11-12
7345,US,2025-12-10
7346,ES,2025-12-25
7347,ES,2025-12-19
7348,DE,2025-10-16
7349,DE,2025-10-20
7350,MX,2025-10-07
7351,FR,2025-11-20
7352,GB,2025-12-02
7353,MX,2025-12-04
7354,GB,2025-12-14
7355,US,2025-11-13
7356,CA,2025-11-29
7357,FR,2025-11-28
7358,MX,2025-11-13
7359,BR,2025-11-07
7360,BR,2025-10-09
7361,ES,2025-12-11
7362,US,2025-10-08
7363,GB,2025-11-17
7364,MX,2025-11-10
7365,US,2025-11-11
7366,US,2025-12-22
7367,GB,2025-10-20
7368,US,2025-10-17
7369,BR,2025-12-04
7370,CA,2025-12-03
7371,CA,2025-10-10
7372,FR,2025-12-10
7373,US,2025-12-31
7374,BR,2025-12-14
7375,CA,2025-12-13
7376,US,2025-12-04
7377,CA,2025-10-09
7378,FR,2025-11-26
7379,US,2025-11-27
7380,GB,2025-12-03
7381,US,2025-10-01
7382,MX,2025-11-14
7383,BR,2025-12-02
7384,US,2025-11-19
7385,DE,2025-11-23
7386,CA,2025-12-21
7387,US,2025-11-28
7388,US,2025-12-14
7389,ES,2025-10-19
7390,ES,2025-10-09
7391,MX,2025-12-23
7392,US,2025-10-31
7393,GB,2025-11-08
7394,US,2025-10-25
7395,FR,2025-12-26
7396,US,2025-10-02
7397,US,2025-10-20
7398,US,2025-10-04
7399,MX,2025-11-11
7400,US,2025-11-08
7401,US,2025-11-18
7402,ES,2025-10-21
7403,DE,2025-12-14
7404,US,2025-12-31
7405,FR,2025-12-28
7406,MX,2025-10-27
7407,ES,2025-12-13
7408,US,2025-10-28
7409,US,2025-10-22
7410,GB,2025-10-03
7411,MX,2025-11-04
7412,US,2025-12-03
7413,MX,2025-10-31
7414,GB,2025-12-30
7415,US,2025-10-25
7416,FR,2025-12-11
7417,DE,2025-10-31
7418,DE,2025-12-18
7419,GB,2025-10-16
7420,US,2025-10-05
7421,GB,2025-10-01
7422,US,2025-10-10
7423,US,2025-10-30
7424,MX,2025-10-27
7425,US,2025-10-23
7426,US,2025-11-08
7427,BR,2025-12-03
7428,ES,2025-10-15
7429,US,2025-12-15
7430,MX,2025-10-03
7431,US,2025-10-25
7432,BR,2025-11-17
7433,BR,2025-11-16
7434,MX,2025-12-30
7435,US,2025-12-28
7436,GB,2025-11-07
7437,MX,2025-12-29
7438,BR,2025-10-17
7439,GB,2025-10-22
7440,FR,2025-10-22
7441,MX,2025-12-17
7442,FR,2025-10-16
7443,US,2025-12-22
7444,MX,2025-10-02
7445,US,2025-10-31
7446,CA,2025-11-29
7447,FR,2025-12-09
7448,ES,2025-12-04
7449,MX,2025-10-27
7450,US,2025-12-29
7451,US,2025-12-12
7452,FR,2025-11-05
7453,MX,2025-12-07
7454,US,2025-10-11
7455,FR,2025-11-15
7456,MX,2025-10-12
7457,CA,2025-11-21
7458,FR,2025-11-14
7459,DE,2025-12-05
7460,US,2025-12-10
7461,ES,2025-12-15
7462,MX,2025-10-07
7463,US,2025-10-17
7464,FR,2025-12-14
7465,CA,2025-10-05
7466,GB,2025-10-20
7467,DE,2025-11-19
7468,US,2025-10-06
7469,ES,2025-10-19
7470,BR,2025-10-14
7471,US,2025-10-31
7472,BR,2025-11-30
7473,US,2025-12-19
7474,ES,2025-10-05
7475,GB,2025-10-27
7476,CA,2025-11-19
7477,DE,2025-10-23
7478,DE,2025-12-27
7479,GB,2025-12-09
7480,US,2025-11-09
7481,US,2025-10-08
7482,FR,2025-12-26
7483,FR,2025-10-10
7484,US,2025-10-23
7485,CA,2025-11-21
7486,CA,2025-12-04
7487,US,2025-12-27
7488,ES,2025-12-28
7489,BR,2025-12-12
7490,GB,2025-10-25
7491,GB,2025-10-02
7492,US,2025-12-23
7493,US,2025-12-28
7494,US,2025-12-22
7495,MX,2025-10-18
7496,GB,2025-12-22
7497,ES,2025-12-15
7498,FR,2025-11-07
7499,DE,2025-10-23
7500,CA,2025-10-04
7501,US,2025-12-06
7502,GB,2025-10-26
7503,US,2025-10-29
7504,DE,2025-11-06
7505,DE,2025-12-30
7506,US,2025-10-29
7507,DE,2025-11-11
7508,US,2025-12-03
7509,US,2025-10-21
7510,ES,2025-11-29
7511,GB,2025-10-13
7512,FR,2025-10-20
7513,ES,2025-11-12
7514,US,2025-11-13
7515,DE,2025-12-19
7516,CA,2025-12-18
7517,US,2025-12-29
7518,US,2025-11-28
7519,US,2025-10-13
7520,GB,2025-12-08
7521,GB,2025-10-28
7522,FR,2025-12-16
7523,US,2025-12-02
7524,DE,2025-11-18
7525,US,2025-10-01
7526,US,2025-12-06
7527,GB,2025-12-30
7528,CA,2025-11-21
7529,ES,2025-11-02
7530,US,2025-10-19
7531,US,2025-10-08
7532,FR,2025-10-07
7533,FR,2025-12-25
7534,US,2025-11-18
7535,US,2025-10-27
7536,MX,2025-12-14
7537,US,2025-10-24
7538,CA,2025-12-19
7539,DE,2025-10-24
7540,DE,2025-12-11
7541,US,2025-12-10
7542,US,2025-11-11
7543,US,2025-12-03
7544,GB,2025-12-02
7545,US,2025-12-21
7546,ES,2025-11-13
7547,US,2025-10-31
7548,MX,2025-12-13
7549,GB,2025-11-19
7550,ES,2025-10-29
7551,GB,2025-12-29
7552,FR,2025-11-09
7553,BR,2025-11-23
7554,US,2025-12-05
7555,CA,2025-12-21
7556,GB,2025-12-21
7557,BR,2025-12-02
7558,DE,2025-12-14
7559,BR,2025-11-11
7560,CA,2025-10-13
7561,MX,2025-10-10
7562,MX,2025-10-13
7563,US,2025-10-10
7564,US,2025-10-21
7565,BR,2025-10-26
7566,GB,2025-10-27
7567,CA,2025-12-19
7568,DE,2025-10-12
7569,MX,2025-10-05
7570,CA,2025-12-26
7571,US,2025-12-18
7572,DE,2025-11-16
7573,ES,2025-12-11
7574,DE,2025-10-05
7575,US,2025-12-20
7576,GB,2025-11-04
7577,MX,2025-12-28
7578,ES,2025-11-13
7579,US,2025-12-09
7580,DE,2025-12-08
7581,MX,2025-11-28
7582,FR,2025-12-12
7583,GB,2025-12-05
7584,US,2025-10-16
7585,GB,2025-12-26
7586,BR,2025-10-29
7587,US,2025-12-20
7588,US,2025-12-21
7589,CA,2025-12-11
7590,BR,2025-11-10
7591,MX,2025-12-18
7592,US,2025-11-22
7593,US,2025-11-20
7594,GB,2025-12-29
7595,BR,2025-11-08
7596,DE,2025-11-07
7597,CA,2025-11-06
7598,US,2025-10-08
7599,DE,2025-10-16
7600,US,2025-11-18
7601,US,2025-11-19
7602,CA,2025-10-19
7603,MX,2025-10-16
7604,US,2025-10-20
7605,ES,2025-12-03
7606,US,2025-10-29
7607,US,2025-10-06
7608,GB,2025-11-06
7609,US,2025-12-09
7610,US,2025-10-16
7611,CA,2025-12-06
7612,US,2025-12-13
7613,GB,2025-11-08
7614,US,2025-10-01
7615,GB,2025-10-05
7616,US,2025-12-24
7617,BR,2025-12-27
7618,ES,2025-11-27
7619,DE,2025-10-04
7620,ES,2025-10-22
7621,BR,2025-12-12
7622,US,2025-10-01
7623,CA,2025-10-12
7624,DE,2025-10-22
7625,US,2025-10-14
7626,GB,2025-12-24
7627,US,2025-10-31
7628,FR,2025-11-01
7629,CA,2025-12-26
7630,US,2025-11-02
7631,US,2025-11-18
7632,BR,2025-10-11
7633,ES,2025-10-21
7634,BR,2025-12-01
7635,DE,2025-12-26
7636,MX,2025-10-27
7637,US,2025-12-07
7638,BR,2025-10-27
7639,BR,2025-10-18
7640,BR,2025-10-08
7641,US,2025-11-12
7642,US,2025-10-14
7643,US,2025-10-08
7644,US,2025-10-15
7645,US,2025-11-05
7646,US,2025-12-30
7647,MX,2025-11-15
7648,FR,2025-11-21
7649,GB,2025-12-08
7650,MX,2025-12-27
7651,GB,2025-11-02
7652,MX,2025-10-29
7653,US,2025-11-21
7654,GB,2025-11-13
7655,GB,2025-10-12
7656,GB,2025-12-22
7657,FR,2025-10-04
7658,DE,2025-12-07
7659,FR,2025-12-24
7660,US,2025-11-22
7661,ES,2025-12-31
7662,BR,2025-11-29
7663,BR,2025-11-27
7664,GB,2025-10-06
7665,US,2025-11-25
7666,US,2025-12-28
7667,FR,2025-11-11
7668,GB,2025-12-27
7669,ES,2025-11-27
7670,US,2025-12-05
7671,BR,2025-11-06
7672,GB,2025-11-05
7673,US,2025-10-03
7674,GB,2025-10-28
7675,CA,2025-12-07
7676,CA,2025-10-25
7677,US,2025-12-27
7678,BR,2025-10-16
7679,GB,2025-12-19
7680,FR,2025-10-04
7681,FR,2025-12-27
7682,ES,2025-10-02
7683,ES,2025-10-04
7684,GB,2025-11-10
7685,US,2025-10-14
7686,BR,2025-11-12
7687,US,2025-11-04
7688,BR,2025-10-23
7689,US,2025-11-09
7690,BR,2025-11-13
7691,DE,2025-11-27
7692,US,2025-12-30
7693,FR,2025-11-10
7694,US,2025-10-27
7695,MX,2025-12-27
7696,US,2025-12-25
7697,US,2025-12-14
7698,MX,2025-10-25
7699,US,2025-12-14
7700,US,2025-11-17
7701,FR,2025-11-21
7702,US,2025-11-26
7703,ES,2025-11-04
7704,GB,2025-10-13
7705,CA,2025-11-06
7706,US,2025-12-18
7707,FR,2025-10-17
7708,US,2025-10-15
7709,DE,2025-10-02
7710,MX,2025-11-01
7711,MX,2025-10-18
7712,US,2025-11-18
7713,CA,2025-12-14
7714,US,2025-12-20
7715,DE,2025-12-31
7716,GB,2025-12-18
7717,US,2025-11-02
7718,MX,2025-11-01
7719,US,2025-12-15
7720,GB,2025-11-26
7721,US,2025-10-27
7722,US,2025-10-24
7723,US,2025-12-17
7724,ES,2025-11-04
7725,DE,2025-12-23
7726,CA,2025-10-31
7727,DE,2025-12-18
7728,CA,2025-11-18
7729,US,2025-11-27
7730,FR,2025-11-07
7731,US,2025-12-12
7732,DE,2025-12-30
7733,ES,2025-12-17
7734,US,2025-11-01
7735,FR,2025-10-17
7736,DE,2025-12-19
7737,US,2025-11-18
7738,MX,2025-12-26
7739,US,2025-11-29
7740,CA,2025-12-20
7741,CA,2025-11-19
7742,CA,2025-12-28
7743,US,2025-12-02
7744,US,2025-12-17
7745,US,2025-11-13
7746,GB,2025-11-08
7747,GB,2025-12-21
7748,DE,2025-11-23
7749,GB,2025-12-23
7750,FR,2025-12-12
7751,BR,2025-12-30
7752,US,2025-11-12
7753,US,2025-10-18
7754,DE,2025-12-09
7755,BR,2025-10-17
7756,US,2025-12-09
7757,MX,2025-10-12
7758,ES,2025-11-26
7759,GB,2025-10-31
7760,US,2025-10-20
7761,DE,2025-10-19
7762,CA,2025-11-03
7763,US,2025-11-10
7764,US,2025-12-19
7765,ES,2025-10-03
7766,US,2025-11-02
7767,DE,2025-11-09
7768,US,2025-11-21
7769,CA,2025-12-05
7770,US,2025-10-17
7771,US,2025-10-26
7772,US,2025-11-16
7773,CA,2025-10-01
7774,DE,2025-12-23
7775,MX,2025-11-15
7776,US,2025-12-01
7777,DE,2025-12-20
7778,FR,2025-12-21
7779,MX,2025-12-24
7780,CA,2025-12-16
7781,US,2025-11-28
7782,US,2025-11-09
7783,CA,2025-12-13
7784,US,2025-10-14
7785,ES,2025-10-20
7786,GB,2025-12-16
7787,US,2025-12-02
7788,BR,2025-12-25
7789,US,2025-12-04
7790,FR,2025-12-01
7791,MX,2025-11-08
7792,GB,2025-10-26
7793,US,2025-10-19
7794,MX,2025-12-09
7795,GB,2025-10-08
7796,CA,2025-11-14
7797,US,2025-12-25
7798,MX,2025-10-14
7799,FR,2025-12-10
7800,MX,2025-11-04
7801,ES,2025-11-02
7802,BR,2025-12-04
7803,FR,2025-12-18
7804,US,2025-11-21
7805,GB,2025-11-08
7806,MX,2025-11-20
7807,CA,2025-10-22
7808,FR,2025-10-20
7809,US,2025-12-14
7810,MX,2025-11-13
7811,US,2025-10-13
7812,ES,2025-10-19
7813,DE,2025-10-10
7814,US,2025-11-25
7815,US,2025-12-05
7816,US,2025-11-18
7817,US,2025-11-01
7818,ES,2025-10-05
7819,FR,2025-12-12
7820,DE,2025-11-15
7821,CA,2025-10-18
7822,MX,2025-10-18
7823,BR,2025-12-03
7824,DE,2025-12-08
7825,US,2025-11-21
7826,US,2025-12-25
7827,BR,2025-12-09
7828,US,2025-11-27
7829,ES,2025-10-14
7830,US,2025-11-28
7831,ES,2025-11-13
7832,US,2025-10-15
7833,US,2025-10-12
7834,CA,2025-10-20
7835,GB,2025-10-25
7836,ES,2025-10-10
7837,MX,2025-10-26
7838,FR,2025-12-19
7839,FR,2025-11-11
7840,ES,2025-12-28
7841,CA,2025-11-21
7842,MX,2025-12-24
7843,US,2025-11-14
7844,CA,2025-11-29
7845,CA,2025-11-22
7846,US,2025-12-02
7847,FR,2025-10-15
7848,US,2025-11-27
7849,US,2025-12-14
7850,US,2025-12-23
7851,US,2025-12-08
7852,DE,2025-12-13
7853,BR,2025-12-15
7854,MX,2025-11-16
7855,CA,2025-12-18
7856,ES,2025-11-15
7857,CA,2025-10-26
7858,MX,2025-12-11
7859,GB,2025-11-10
7860,ES,2025-10-19
7861,FR,2025-12-18
7862,FR,2025-11-26
7863,US,2025-10-11
7864,ES,2025-11-04
7865,FR,2025-10-23
7866,US,2025-11-30
7867,DE,2025-10-24
7868,ES,2025-11-04
7869,DE,2025-12-08
7870,DE,2025-10-23
7871,FR,2025-12-21
7872,FR,2025-12-15
7873,DE,2025-11-28
7874,US,2025-11-18
7875,US,2025-11-20
7876,US,2025-12-04
7877,MX,2025-12-21
7878,US,2025-11-23
7879,BR,2025-12-27
7880,ES,2025-12-19
7881,ES,2025-11-19
7882,US,2025-12-09
7883,GB,2025-11-13
7884,US,2025-12-29
7885,FR,2025-12-29
7886,US,2025-12-03
7887,US,2025-11-22
7888,US,2025-12-14
7889,US,2025-12-24
7890,GB,2025-12-20
7891,US,2025-10-07
7892,GB,2025-12-01
7893,ES,2025-10-22
7894,MX,2025-12-29
7895,MX,2025-12-10
7896,ES,2025-10-13
7897,US,2025-12-01
7898,FR,2025-10-14
7899,GB,2025-10-26
7900,US,2025-11-15
7901,US,2025-12-21
7902,DE,2025-12-08
7903,US,2025-12-02
7904,FR,2025-11-29
7905,FR,2025-12-23
7906,DE,2025-12-24
7907,DE,2025-11-26
7908,BR,2025-11-29
7909,DE,2025-11-05
7910,MX,2025-11-02
7911,CA,2025-12-14
7912,GB,2025-10-24
7913,MX,2025-10-04
7914,US,2025-12-30
7915,US,2025-11-10
7916,MX,2025-11-29
7917,CA,2025-12-25
7918,DE,2025-10-01
7919,DE,2025-12-02
7920,DE,2025-10-31
7921,FR,2025-10-08
7922,CA,2025-11-13
7923,CA,2025-10-27
7924,FR,2025-11-08
7925,US,2025-10-13
7926,GB,2025-12-29
7927,MX,2025-10-09
7928,GB,2025-10-28
7929,GB,2025-10-09
7930,GB,2025-10-27
7931,US,2025-10-01
7932,US,2025-10-01
7933,ES,2025-10-27
7934,FR,2025-12-05
7935,MX,2025-10-09
7936,GB,2025-11-09
7937,US,2025-11-27
7938,MX,2025-10-06
7939,BR,2025-10-22
7940,GB,2025-11-27
7941,US,2025-12-20
7942,US,2025-10-20
7943,ES,2025-11-27
7944,FR,2025-10-17
7945,US,2025-12-30
7946,FR,2025-12-14
7947,DE,2025-12-04
7948,US,2025-10-02
7949,DE,2025-10-04
7950,CA,2025-12-27
7951,US,2025-11-10
7952,US,2025-12-21
7953,BR,2025-10-30
7954,GB,2025-10-22
7955,MX,2025-11-01
7956,US,2025-10-22
7957,DE,2025-11-14
7958,US,2025-11-14
7959,US,2025-11-02
7960,GB,2025-10-06
7961,US,2025-11-04
7962,FR,2025-12-15
7963,GB,2025-12-27
7964,DE,2025-11-17
7965,US,2025-12-10
7966,CA,2025-12-17
7967,US,2025-12-24
7968,US,2025-12-15
7969,CA,2025-12-11
7970,DE,2025-11-27
7971,MX,2025-12-05
7972,FR,2025-12-06
7973,US,2025-11-08
7974,US,2025-12-31
7975,US,2025-12-21
7976,FR,2025-10-28
7977,US,2025-10-22
7978,BR,2025-10-24
7979,GB,2025-10-25
7980,US,2025-11-15
7981,ES,2025-12-03
7982,ES,2025-10-17
7983,US,2025-10-25
7984,US,2025-11-30
7985,GB,2025-11-04
7986,MX,2025-12-25
7987,GB,2025-11-22
7988,GB,2025-11-27
7989,ES,2025-10-22
7990,DE,2025-10-31
7991,US,2025-12-06
7992,DE,2025-11-25
7993,MX,2025-12-20
7994,ES,2025-11-27
7995,MX,2025-12-28
7996,US,2025-10-03
7997,FR,2025-10-16
7998,US,2025-12-07
7999,FR,2025-11-01
8000,GB,2025-10-26
8001,DE,2025-12-26
8002,DE,2025-10-28
8003,FR,2025-10-13
8004,FR,2025-10-09
8005,GB,2025-12-02
8006,US,2025-12-12
8007,MX,2025-10-18
8008,US,2025-12-09
8009,US,2025-11-17
8010,MX,2025-10-20
8011,CA,2025-10-30
8012,US,2025-11-07
8013,US,2025-10-10
8014,US,2025-12-08
8015,US,2025-12-24
8016,BR,2025-11-14
8017,US,2025-11-16
8018,US,2025-11-29
8019,US,2025-10-12
8020,GB,2025-11-10
8021,US,2025-11-19
8022,US,2025-12-13
8023,FR,2025-11-23
8024,MX,2025-12-12
8025,DE,2025-11-06
8026,US,2025-12-07
8027,US,2025-12-26
8028,BR,2025-10-12
8029,US,2025-11-05
8030,ES,2025-11-15
8031,US,2025-12-23
8032,FR,2025-11-24
8033,GB,2025-10-20
8034,DE,2025-10-07
8035,US,2025-10-06
8036,FR,2025-11-27
8037,BR,2025-10-21
8038,CA,2025-12-13
8039,US,2025-11-23
8040,US,2025-11-24
8041,FR,2025-12-12
8042,ES,2025-12-26
8043,CA,2025-12-06
8044,DE,2025-10-25
8045,GB,2025-10-01
8046,MX,2025-12-08
8047,MX,2025-10-23
8048,BR,2025-12-07
8049,US,2025-11-14
8050,DE,2025-12-09
8051,CA,2025-11-27
8052,MX,2025-11-12
8053,US,2025-11-08
8054,ES,2025-11-25
8055,US,2025-11-20
8056,GB,2025-12-15
8057,GB,2025-10-31
8058,US,2025-12-31
8059,ES,2025-10-18
8060,US,2025-11-04
8061,US,2025-11-08
8062,US,2025-10-30
8063,GB,2025-12-11
8064,BR,2025-10-17
8065,GB,2025-10-05
8066,FR,2025-10-25
8067,US,2025-11-04
8068,BR,2025-10-26
8069,CA,2025-11-21
8070,GB,2025-11-03
8071,MX,2025-11-01
8072,US,2025-10-27
8073,US,2025-11-26
8074,US,2025-10-15
8075,MX,2025-10-31
8076,US,2025-11-24
8077,CA,2025-10-30
8078,GB,2025-11-24
8079,US,2025-12-08
8080,FR,2025-10-30
8081,CA,2025-12-29
8082,MX,2025-12-04
8083,MX,2025-10-14
8084,FR,2025-10-27
8085,GB,2025-12-26
8086,ES,2025-11-12
8087,US,2025-11-08
8088,ES,2025-10-11
8089,US,2025-11-22
8090,FR,2025-10-07
8091,US,2025-10-16
8092,FR,2025-11-23
8093,GB,2025-10-27
8094,GB,2025-12-14
8095,CA,2025-11-11
8096,CA,2025-12-30
8097,US,2025-11-25
8098,US,2025-10-10
8099,GB,2025-11-01
8100,US,2025-10-03
8101,US,2025-11-23
8102,US,2025-11-07
8103,US,2025-10-04
8104,US,2025-12-02
8105,MX,2025-11-17
8106,FR,2025-12-23
8107,BR,2025-12-25
8108,DE,2025-11-08
8109,US,2025-12-15
8110,GB,2025-11-19
8111,FR,2025-12-18
8112,ES,2025-10-02
8113,GB,2025-12-26
8114,GB,2025-10-23
8115,ES,2025-11-27
8116,US,2025-12-23
8117,DE,2025-11-16
8118,GB,2025-10-27
8119,DE,2025-12-21
8120,CA,2025-12-21
8121,US,2025-11-26
8122,US,2025-10-19
8123,GB,2025-10-18
8124,US,2025-10-20
8125,ES,2025-12-22
8126,US,2025-11-02
8127,DE,2025-11-24
8128,MX,2025-11-05
8129,US,2025-12-20
8130,US,2025-11-10
8131,CA,2025-11-12
8132,CA,2025-11-13
8133,US,2025-11-02
8134,US,2025-11-26
8135,ES,2025-11-03
8136,CA,2025-10-28
8137,GB,2025-12-26
8138,GB,2025-11-20
8139,US,2025-10-20
8140,ES,2025-11-21
8141,US,2025-11-11
8142,US,2025-12-08
8143,US,2025-11-23
8144,US,2025-12-30
8145,US,2025-12-10
8146,GB,2025-11-19
8147,BR,2025-11-30
8148,US,2025-12-18
8149,ES,2025-10-30
8150,DE,2025-12-20
8151,BR,2025-10-19
8152,ES,2025-11-22
8153,MX,2025-10-13
8154,US,2025-12-28
8155,DE,2025-10-22
8156,ES,2025-10-10
8157,US,2025-12-15
8158,MX,2025-10-28
8159,US,2025-11-27
8160,FR,2025-12-08
8161,US,2025-10-02
8162,DE,2025-10-09
8163,US,2025-11-16
8164,GB,2025-10-15
8165,GB,2025-10-04
8166,DE,2025-10-08
8167,US,2025-10-29
8168,MX,2025-12-21
8169,US,2025-12-05
8170,US,2025-11-08
8171,US,2025-11-08
8172,US,2025-10-24
8173,ES,2025-11-18
8174,BR,2025-12-18
8175,US,2025-11-02
8176,MX,2025-12-03
8177,US,2025-12-22
8178,US,2025-10-23
8179,GB,2025-10-29
8180,GB,2025-10-19
8181,GB,2025-10-10
8182,ES,2025-12-06
8183,ES,2025-10-16
8184,FR,2025-12-29
8185,MX,2025-12-18
8186,DE,2025-10-20
8187,US,2025-12-30
8188,FR,2025-10-01
8189,US,2025-11-11
8190,ES,2025-12-24
8191,US,2025-11-30
8192,DE,2025-12-01
8193,MX,2025-11-08
8194,DE,2025-10-14
8195,MX,2025-10-14
8196,FR,2025-10-17
8197,GB,2025-12-11
8198,GB,2025-10-27
8199,ES,2025-10-06
8200,US,2025-10-18
8201,ES,2025-11-16
8202,MX,2025-12-14
8203,GB,2025-10-28
8204,GB,2025-12-30
8205,CA,2025-12-01
8206,MX,2025-11-09
8207,ES,2025-12-01
8208,MX,2025-10-23
8209,FR,2025-12-18
8210,US,2025-10-27
8211,BR,2025-12-18
8212,GB,2025-12-24
8213,CA,2025-11-18
8214,US,2025-12-01
8215,DE,2025-10-22
8216,DE,2025-12-24
8217,CA,2025-12-20
8218,US,2025-12-09
8219,FR,2025-11-24
8220,DE,2025-10-25
8221,FR,2025-11-21
8222,DE,2025-10-22
8223,US,2025-12-04
8224,GB,2025-12-12
8225,MX,2025-10-18
8226,CA,2025-12-22
8227,CA,2025-12-14
8228,GB,2025-10-09
8229,ES,2025-10-10
8230,MX,2025-10-25
8231,CA,2025-11-17
8232,GB,2025-10-30
8233,GB,2025-11-06
8234,CA,2025-12-04
8235,GB,2025-10-24
8236,GB,2025-10-21
8237,DE,2025-11-24
8238,US,2025-11-14
8239,GB,2025-11-28
8240,CA,2025-11-16
8241,FR,2025-11-02
8242,GB,2025-12-20
8243,DE,2025-10-26
8244,DE,2025-10-03
8245,US,2025-12-12
8246,US,2025-11-15
8247,DE,2025-10-03
8248,US,2025-11-16
8249,ES,2025-12-27
8250,GB,2025-11-05
8251,CA,2025-10-28
8252,GB,2025-10-09
8253,US,2025-11-05
8254,GB,2025-11-06
8255,ES,2025-10-04
8256,US,2025-12-06
8257,ES,2025-12-02
8258,US,2025-12-30
8259,CA,2025-10-30
8260,ES,2025-12-28
8261,DE,2025-11-06
8262,CA,2025-12-24
8263,ES,2025-11-25
8264,US,2025-12-21
8265,GB,2025-10-23
8266,MX,2025-10-07
8267,FR,2025-11-04
8268,US,2025-12-23
8269,US,2025-12-12
8270,MX,2025-10-23
8271,US,2025-10-02
8272,GB,2025-12-17
8273,FR,2025-12-02
8274,FR,2025-12-08
8275,US,2025-10-10
8276,MX,2025-12-16
8277,ES,2025-10-04
8278,US,2025-11-14
8279,GB,2025-12-22
8280,US,2025-11-09
8281,FR,2025-11-19
8282,GB,2025-11-25
8283,FR,2025-11-12
8284,US,2025-12-19
8285,GB,2025-11-24
8286,CA,2025-11-29
8287,US,2025-11-07
8288,CA,2025-11-14
8289,DE,2025-10-20
8290,BR,2025-10-18
8291,BR,2025-12-22
8292,US,2025-11-20
8293,MX,2025-12-14
8294,MX,2025-12-30
8295,FR,2025-12-16
8296,FR,2025-10-23
8297,MX,2025-10-21
8298,MX,2025-12-11
8299,US,2025-12-20
8300,BR,2025-12-13
8301,US,2025-10-31
8302,ES,2025-12-28
8303,CA,2025-12-05
8304,US,2025-12-14
8305,US,2025-10-24
8306,ES,2025-11-27
8307,US,2025-11-22
8308,CA,2025-11-15
8309,ES,2025-11-12
8310,DE,2025-11-09
8311,CA,2025-12-29
8312,US,2025-11-27
8313,CA,2025-12-03
8314,CA,2025-10-21
8315,FR,2025-10-10
8316,BR,2025-10-31
8317,ES,2025-10-31
8318,ES,2025-12-20
8319,FR,2025-12-29
8320,CA,2025-10-08
8321,CA,2025-10-05
8322,BR,2025-12-25
8323,GB,2025-12-28
8324,FR,2025-12-06
8325,DE,2025-10-25
8326,US,2025-10-03
8327,DE,2025-12-20
8328,CA,2025-11-15
8329,DE,2025-12-27
8330,US,2025-11-11
8331,FR,2025-11-21
8332,GB,2025-11-28
8333,US,2025-12-04
8334,US,2025-11-08
8335,US,2025-11-28
8336,MX,2025-12-30
8337,FR,2025-12-01
8338,ES,2025-11-12
8339,GB,2025-11-10
8340,US,2025-10-03
8341,ES,2025-11-01
8342,ES,2025-10-27
8343,US,2025-12-21
8344,GB,2025-10-25
8345,GB,2025-11-07
8346,GB,2025-10-10
8347,DE,2025-11-09
8348,US,2025-10-06
8349,US,2025-10-22
8350,US,2025-12-17
8351,GB,2025-11-23
8352,US,2025-10-06
8353,US,2025-12-20
8354,US,2025-10-08
8355,US,2025-10-04
8356,MX,2025-10-08
8357,US,2025-12-03
8358,MX,2025-11-29
8359,US,2025-11-22
8360,DE,2025-11-12
8361,US,2025-12-09
8362,DE,2025-11-07
8363,GB,2025-12-01
8364,US,2025-12-10
8365,CA,2025-11-08
8366,CA,2025-11-13
8367,MX,2025-10-17
8368,GB,2025-11-09
8369,US,2025-10-20
8370,US,2025-12-05
8371,GB,2025-10-08
8372,US,2025-10-31
8373,FR,2025-12-16
8374,CA,2025-10-23
8375,US,2025-12-23
8376,DE,2025-12-19
8377,US,2025-12-20
8378,ES,2025-10-03
8379,ES,2025-12-17
8380,FR,2025-11-28
8381,FR,2025-10-24
8382,US,2025-10-05
8383,US,2025-11-22
8384,CA,2025-10-12
8385,CA,2025-11-22
8386,CA,2025-10-22
8387,BR,2025-11-21
8388,DE,2025-10-23
8389,DE,2025-10-07
8390,ES,2025-11-24
8391,GB,2025-11-07
8392,FR,2025-11-25
8393,US,2025-10-03
8394,US,2025-12-26
8395,MX,2025-10-20
8396,FR,2025-12-11
8397,CA,2025-12-07
8398,US,2025-10-03
8399,US,2025-12-28
8400,US,2025-11-07
8401,FR,2025-12-17
8402,US,2025-12-09
8403,FR,2025-10-10
8404,ES,2025-12-30
8405,DE,2025-11-01
8406,ES,2025-11-09
8407,US,2025-12-28
8408,US,2025-10-06
8409,US,2025-12-08
8410,US,2025-10-12
8411,ES,2025-12-31
8412,US,2025-12-09
8413,GB,2025-11-15
8414,US,2025-12-11
8415,BR,2025-11-27
8416,MX,2025-11-22
8417,DE,2025-11-28
8418,US,2025-11-29
8419,US,2025-11-08
8420,US,2025-12-14
8421,US,2025-10-08
8422,FR,2025-11-18
8423,ES,2025-11-21
8424,US,2025-10-25
8425,FR,2025-12-09
8426,DE,2025-11-28
8427,US,2025-10-13
8428,US,2025-10-11
8429,FR,2025-11-13
8430,US,2025-12-05
8431,FR,2025-12-16
8432,BR,2025-11-08
8433,ES,2025-12-25
8434,MX,2025-11-08
8435,US,2025-12-02
8436,GB,2025-11-26
8437,MX,2025-10-12
8438,US,2025-12-05
8439,DE,2025-10-04
8440,FR,2025-11-04
8441,ES,2025-12-06
8442,GB,2025-12-22
8443,BR,2025-11-10
8444,US,2025-12-27
8445,ES,2025-11-12
8446,DE,2025-12-28
8447,GB,2025-11-01
8448,GB,2025-12-25
8449,FR,2025-10-30
8450,US,2025-11-17
8451,US,2025-10-24
8452,ES,2025-10-24
8453,US,2025-12-06
8454,US,2025-12-18
8455,MX,2025-11-22
8456,US,2025-11-19
8457,US,2025-12-01
8458,FR,2025-10-28
8459,GB,2025-12-07
8460,BR,2025-11-17
8461,US,2025-11-16
8462,CA,2025-11-08
8463,US,2025-10-21
8464,CA,2025-11-13
8465,CA,2025-10-31
8466,CA,2025-12-27
8467,US,2025-11-28
8468,DE,2025-11-15
8469,MX,2025-11-17
8470,FR,2025-11-03
8471,US,2025-12-14
8472,US,2025-12-08
8473,CA,2025-10-08
8474,FR,2025-12-18
8475,CA,2025-12-21
8476,FR,2025-12-04
8477,GB,2025-10-28
8478,US,2025-10-08
8479,US,2025-10-26
8480,US,2025-10-31
8481,MX,2025-12-11
8482,GB,2025-12-24
8483,US,2025-12-14
8484,ES,2025-11-24
8485,US,2025-12-16
8486,DE,2025-10-08
8487,US,2025-11-03
8488,ES,2025-12-04
8489,US,2025-11-03
8490,ES,2025-12-04
8491,CA,2025-11-17
8492,US,2025-10-24
8493,US,2025-10-18
8494,US,2025-12-06
8495,CA,2025-11-24
8496,ES,2025-10-21
8497,ES,2025-11-23
8498,US,2025-12-27
8499,BR,2025-12-09
8500,US,2025-11-28
8501,US,2025-11-19
8502,GB,2025-10-15
8503,MX,2025-11-24
8504,FR,2025-11-20
8505,FR,2025-12-02
8506,US,2025-12-18
8507,GB,2025-12-25
8508,DE,2025-10-16
8509,DE,2025-12-14
8510,BR,2025-12-19
8511,MX,2025-11-07
8512,BR,2025-12-21
8513,CA,2025-12-28
8514,BR,2025-10-11
8515,FR,2025-10-28
8516,US,2025-12-18
8517,MX,2025-11-07
8518,MX,2025-10-03
8519,FR,2025-11-02
8520,US,2025-11-27
8521,MX,2025-10-25
8522,DE,2025-11-22
8523,CA,2025-12-13
8524,FR,2025-12-27
8525,BR,2025-12-06
8526,US,2025-11-24
8527,CA,2025-11-28
8528,US,2025-11-11
8529,MX,2025-10-28
8530,CA,2025-10-18
8531,US,2025-12-01
8532,FR,2025-12-06
8533,FR,2025-12-04
8534,DE,2025-12-19
8535,DE,2025-12-13
8536,FR,2025-11-01
8537,FR,2025-11-15
8538,US,2025-12-27
8539,FR,2025-12-10
8540,US,2025-12-16
8541,US,2025-10-30
8542,DE,2025-11-07
8543,US,2025-12-07
8544,ES,2025-10-21
8545,ES,2025-11-18
8546,US,2025-11-03
8547,GB,2025-12-16
8548,ES,2025-11-19
8549,BR,2025-10-02
8550,BR,2025-10-10
8551,BR,2025-10-21
8552,BR,2025-12-27
8553,BR,2025-12-31
8554,GB,2025-11-04
8555,ES,2025-12-27
8556,US,2025-10-21
8557,US,2025-10-01
8558,US,2025-11-26
8559,US,2025-12-31
8560,US,2025-12-08
8561,FR,2025-11-24
8562,US,2025-10-15
8563,GB,2025-12-25
8564,US,2025-11-04
8565,ES,2025-12-24
8566,US,2025-11-07
8567,CA,2025-11-25
8568,CA,2025-12-17
8569,US,2025-11-28
8570,US,2025-10-24
8571,CA,2025-10-29
8572,US,2025-11-02
8573,US,2025-10-20
8574,FR,2025-10-19
8575,US,2025-11-14
8576,US,2025-11-15
8577,GB,2025-11-05
8578,MX,2025-11-05
8579,GB,2025-10-26
8580,CA,2025-12-04
8581,US,2025-12-16
8582,GB,2025-11-03
8583,CA,2025-11-23
8584,FR,2025-10-17
8585,US,2025-11-06
8586,US,2025-10-13
8587,US,2025-11-18
8588,US,2025-12-04
8589,US,2025-10-31
8590,MX,2025-10-14
8591,CA,2025-12-07
8592,ES,2025-10-16
8593,US,2025-11-25
8594,ES,2025-12-04
8595,US,2025-11-05
8596,MX,2025-12-09
8597,ES,2025-12-21
8598,DE,2025-10-06
8599,ES,2025-12-04
8600,BR,2025-10-11
8601,US,2025-12-15
8602,GB,2025-10-25
8603,GB,2025-11-21
8604,US,2025-11-01
8605,US,2025-10-20
8606,ES,2025-11-16
8607,DE,2025-12-12
8608,FR,2025-10-16
8609,US,2025-12-11
8610,ES,2025-12-25
8611,US,2025-12-25
8612,US,2025-10-15
8613,CA,2025-10-07
8614,CA,2025-12-22
8615,US,2025-11-10
8616,FR,2025-10-26
8617,FR,2025-10-10
8618,US,2025-11-23
8619,BR,2025-12-23
8620,FR,2025-11-11
8621,CA,2025-12-07
8622,MX,2025-10-17
8623,US,2025-11-10
8624,MX,2025-10-11
8625,US,2025-11-23
8626,FR,2025-11-10
8627,US,2025-12-22
8628,US,2025-11-09
8629,FR,2025-12-01
8630,US,2025-10-04
8631,BR,2025-10-22
8632,GB,2025-11-03
8633,US,2025-12-01
8634,ES,2025-10-03
8635,US,2025-12-17
8636,US,2025-10-06
8637,US,2025-12-01
8638,FR,2025-12-07
8639,US,2025-11-09
8640,FR,2025-12-23
8641,MX,2025-11-07
8642,ES,2025-10-19
8643,US,2025-10-31
8644,FR,2025-11-11
8645,ES,2025-10-03
8646,GB,2025-12-24
8647,US,2025-10-17
8648,ES,2025-10-30
8649,DE,2025-11-12
8650,US,2025-10-16
8651,ES,2025-12-12
8652,US,2025-12-04
8653,US,2025-10-06
8654,US,2025-10-23
8655,BR,2025-11-21
8656,CA,2025-11-15
8657,US,2025-11-21
8658,MX,2025-10-28
8659,FR,2025-12-31
8660,US,2025-11-06
8661,GB,2025-12-24
8662,US,2025-10-20
8663,MX,2025-11-02
8664,US,2025-10-02
8665,US,2025-12-01
8666,US,2025-11-04
8667,BR,2025-12-04
8668,MX,2025-12-20
8669,GB,2025-10-28
8670,US,2025-12-02
8671,ES,2025-11-13
8672,US,2025-12-20
8673,US,2025-10-29
8674,GB,2025-10-30
8675,US,2025-10-19
8676,US,2025-10-02
8677,MX,2025-11-29
8678,DE,2025-10-20
8679,FR,2025-10-01
8680,US,2025-10-27
8681,GB,2025-12-16
8682,US,2025-12-21
8683,FR,2025-12-07
8684,GB,2025-12-23
8685,FR,2025-10-22
8686,US,2025-10-23
8687,MX,2025-11-29
8688,DE,2025-10-24
8689,US,2025-10-29
8690,FR,2025-11-09
8691,GB,2025-12-21
8692,DE,2025-10-25
8693,US,2025-12-26
8694,DE,2025-12-15
8695,BR,2025-12-01
8696,US,2025-12-04
8697,US,2025-10-19
8698,FR,2025-12-26
8699,CA,2025-10-09
8700,US,2025-11-08
8701,CA,2025-12-22
8702,GB,2025-12-31
8703,US,2025-10-09
8704,US,2025-11-07
8705,GB,2025-10-08
8706,FR,2025-10-22
8707,GB,2025-12-29
8708,ES,2025-12-15
8709,US,2025-10-20
8710,CA,2025-12-03
8711,CA,2025-11-29
8712,CA,2025-11-10
8713,US,2025-12-26
8714,DE,2025-11-28
8715,US,2025-10-23
8716,CA,2025-10-05
8717,MX,2025-10-20
8718,ES,2025-11-20
8719,US,2025-12-08
8720,GB,2025-10-02
8721,US,2025-11-16
8722,DE,2025-11-18
8723,CA,2025-10-10
8724,US,2025-12-18
8725,MX,2025-12-21
8726,US,2025-10-08
8727,US,2025-12-30
8728,US,2025-10-28
8729,US,2025-10-17
8730,DE,2025-10-31
8731,BR,2025-10-02
8732,GB,2025-10-09
8733,BR,2025-11-02
8734,CA,2025-11-20
8735,MX,2025-12-07
8736,MX,2025-12-14
8737,FR,2025-11-10
8738,US,2025-11-26
8739,US,2025-11-25
8740,US,2025-10-10
8741,US,2025-12-21
8742,BR,2025-10-22
8743,BR,2025-12-17
8744,DE,2025-11-13
8745,GB,2025-11-13
8746,US,2025-12-07
8747,CA,2025-11-11
8748,CA,2025-11-04
8749,US,2025-12-19
8750,BR,2025-12-31
8751,DE,2025-10-07
8752,US,2025-11-15
8753,MX,2025-10-15
8754,US,2025-12-31
8755,DE,2025-12-18
8756,BR,2025-12-14
8757,US,2025-10-17
8758,MX,2025-10-18
8759,US,2025-10-27
8760,US,2025-12-22
8761,GB,2025-12-18
8762,CA,2025-11-09
8763,ES,2025-11-28
8764,FR,2025-12-26
8765,FR,2025-12-21
8766,CA,2025-11-06
8767,FR,2025-12-28
8768,US,2025-12-12
8769,DE,2025-12-23
8770,CA,2025-12-07
8771,FR,2025-10-18
8772,US,2025-10-25
8773,BR,2025-11-07
8774,US,2025-10-07
8775,US,2025-11-13
8776,BR,2025-10-16
8777,US,2025-11-27
8778,GB,2025-11-05
8779,MX,2025-10-24
8780,US,2025-12-23
8781,BR,2025-11-18
8782,MX,2025-11-17
8783,US,2025-10-01
8784,GB,2025-12-24
8785,GB,2025-12-04
8786,FR,2025-12-17
8787,ES,2025-12-17
8788,CA,2025-12-23
8789,GB,2025-10-13
8790,GB,2025-11-22
8791,US,2025-11-21
8792,DE,2025-11-28
8793,US,2025-10-28
8794,CA,2025-11-30
8795,GB,2025-12-04
8796,MX,2025-12-27
8797,US,2025-11-01
8798,FR,2025-12-18
8799,US,2025-11-14
8800,GB,2025-11-24
8801,US,2025-11-02
8802,ES,2025-11-26
8803,ES,2025-11-19
8804,GB,2025-11-23
8805,FR,2025-10-22
8806,DE,2025-12-03
8807,GB,2025-11-03
8808,DE,2025-12-17
8809,FR,2025-10-28
8810,US,2025-10-02
8811,DE,2025-10-14
8812,US,2025-11-27
8813,MX,2025-10-07
8814,US,2025-12-03
8815,GB,2025-11-04
8816,GB,2025-10-10
8817,FR,2025-12-31
8818,FR,2025-10-14
8819,US,2025-12-25
8820,US,2025-12-06
8821,US,2025-10-14
8822,GB,2025-11-02
8823,US,2025-10-08
8824,ES,2025-12-08
8825,US,2025-10-01
8826,ES,2025-12-30
8827,DE,2025-12-23
8828,DE,2025-12-06
8829,GB,2025-11-24
8830,FR,2025-11-21
8831,US,2025-11-22
8832,FR,2025-10-09
8833,FR,2025-10-19
8834,GB,2025-12-16
8835,GB,2025-10-10
8836,US,2025-12-04
8837,MX,2025-10-14
8838,BR,2025-10-22
8839,US,2025-12-13
8840,US,2025-12-17
8841,ES,2025-12-02
8842,DE,2025-12-15
8843,CA,2025-10-25
8844,BR,2025-12-17
8845,BR,2025-12-24
8846,ES,2025-11-06
8847,BR,2025-11-03
8848,DE,2025-12-07
8849,DE,2025-11-25
8850,US,2025-11-25
8851,BR,2025-12-25
8852,ES,2025-10-25
8853,FR,2025-12-17
8854,ES,2025-10-20
8855,US,2025-11-27
8856,DE,2025-10-26
8857,US,2025-11-12
8858,FR,2025-10-01
8859,DE,2025-12-31
8860,CA,2025-10-07
8861,BR,2025-10-30
8862,MX,2025-12-04
8863,ES,2025-11-03
8864,BR,2025-12-24
8865,US,2025-11-01
8866,BR,2025-12-22
8867,US,2025-11-20
8868,US,2025-12-17
8869,MX,2025-12-13
8870,MX,2025-10-30
8871,US,2025-10-06
8872,US,2025-10-22
8873,US,2025-12-02
8874,US,2025-11-07
8875,MX,2025-10-07
8876,US,2025-12-02
8877,US,2025-10-18
8878,US,2025-12-22
8879,GB,2025-12-09
8880,ES,2025-11-12
8881,DE,2025-12-11
8882,US,2025-12-22
8883,FR,2025-12-01
8884,DE,2025-12-19
8885,FR,2025-11-13
8886,DE,2025-11-06
8887,US,2025-11-19
8888,MX,2025-10-12
8889,MX,2025-12-12
8890,US,2025-11-28
8891,BR,2025-12-13
8892,US,2025-11-06
8893,ES,2025-11-22
8894,GB,2025-12-23
8895,DE,2025-12-24
8896,US,2025-11-16
8897,GB,2025-11-12
8898,DE,2025-11-20
8899,MX,2025-12-09
8900,US,2025-11-26
8901,MX,2025-12-23
8902,BR,2025-10-30
8903,MX,2025-11-04
8904,US,2025-10-21
8905,GB,2025-12-27
8906,FR,2025-11-21
8907,US,2025-11-20
8908,FR,2025-10-10
8909,US,2025-12-25
8910,GB,2025-11-25
8911,US,2025-10-17
8912,MX,2025-11-20
8913,CA,2025-10-06
8914,US,2025-12-25
8915,US,2025-10-28
8916,ES,2025-10-04
8917,CA,2025-10-23
8918,ES,2025-10-23
8919,MX,2025-12-13
8920,FR,2025-10-23
8921,MX,2025-11-13
8922,ES,2025-12-24
8923,MX,2025-12-12
8924,US,2025-11-15
8925,US,2025-10-25
8926,US,2025-12-28
8927,US,2025-12-09
8928,GB,2025-11-18
8929,CA,2025-11-04
8930,FR,2025-10-20
8931,US,2025-10-05
8932,ES,2025-10-07
8933,US,2025-10-01
8934,US,2025-11-28
8935,US,2025-11-19
8936,US,2025-12-25
8937,CA,2025-12-08
8938,DE,2025-11-12
8939,US,2025-10-17
8940,US,2025-12-26
8941,US,2025-11-11
8942,DE,2025-11-07
8943,US,2025-11-26
8944,MX,2025-10-01
8945,FR,2025-11-23
8946,US,2025-12-23
8947,US,2025-11-26
8948,US,2025-11-10
8949,ES,2025-10-08
8950,US,2025-11-02
8951,FR,2025-11-25
8952,US,2025-12-31
8953,US,2025-10-07
8954,DE,2025-11-10
8955,GB,2025-11-24
8956,US,2025-10-16
8957,GB,2025-10-25
8958,US,2025-11-03
8959,FR,2025-10-28
8960,BR,2025-11-21
8961,ES,2025-12-17
8962,BR,2025-12-27
8963,BR,2025-12-27
8964,FR,2025-12-16
8965,BR,2025-11-05
8966,US,2025-11-07
8967,GB,2025-12-23
8968,US,2025-12-24
8969,GB,2025-12-01
8970,ES,2025-11-27
8971,GB,2025-10-22
8972,FR,2025-10-24
8973,CA,2025-10-02
8974,US,2025-10-19
8975,US,2025-11-29
8976,US,2025-10-06
8977,US,2025-11-13
8978,US,2025-10-19
8979,US,2025-11-13
8980,GB,2025-10-17
8981,DE,2025-12-20
8982,DE,2025-10-16
8983,DE,2025-12-27
8984,FR,2025-10-17
8985,DE,2025-10-27
8986,MX,2025-11-04
8987,CA,2025-11-17
8988,US,2025-10-03
8989,US,2025-12-01
8990,FR,2025-10-23
8991,US,2025-12-09
8992,FR,2025-11-26
8993,CA,2025-10-16
8994,US,2025-11-15
8995,FR,2025-12-22
8996,GB,2025-11-26
8997,ES,2025-10-09
8998,BR,2025-11-29
8999,ES,2025-11-12
9000,MX,2025-12-05
9001,US,2025-12-28
9002,CA,2025-10-17
9003,GB,2025-10-28
9004,FR,2025-12-06
9005,DE,2025-12-01
9006,ES,2025-12-14
9007,BR,2025-10-30
9008,MX,2025-12-05
9009,MX,2025-12-24
9010,ES,2025-11-17
9011,CA,2025-12-04
9012,US,2025-10-11
9013,CA,2025-11-18
9014,GB,2025-10-22
9015,FR,2025-11-02
9016,ES,2025-11-13
9017,GB,2025-10-21
9018,DE,2025-11-01
9019,DE,2025-11-26
9020,DE,2025-11-06
9021,BR,2025-11-30
9022,ES,2025-10-25
9023,FR,2025-10-26
9024,US,2025-11-13
9025,US,2025-11-14
9026,ES,2025-12-13
9027,GB,2025-11-03
9028,US,2025-10-09
9029,FR,2025-11-25
9030,US,2025-12-29
9031,BR,2025-10-17
9032,CA,2025-10-15
9033,US,2025-10-23
9034,US,2025-12-17
9035,US,2025-12-08
9036,CA,2025-10-21
9037,US,2025-11-11
9038,GB,2025-10-24
9039,US,2025-10-21
9040,DE,2025-12-21
9041,ES,2025-12-02
9042,FR,2025-12-27
9043,DE,2025-10-09
9044,DE,2025-11-20
9045,US,2025-11-20
9046,ES,2025-12-08
9047,BR,2025-12-02
9048,BR,2025-10-24
9049,GB,2025-10-03
9050,US,2025-10-09
9051,MX,2025-11-29
9052,US,2025-11-01
9053,FR,2025-11-02
9054,MX,2025-10-29
9055,US,2025-12-08
9056,ES,2025-10-30
9057,BR,2025-12-21
9058,DE,2025-11-28
9059,DE,2025-10-28
9060,GB,2025-10-18
9061,MX,2025-10-10
9062,US,2025-11-04
9063,US,2025-12-25
9064,GB,2025-11-22
9065,US,2025-10-17
9066,CA,2025-12-29
9067,FR,2025-10-15
9068,FR,2025-11-21
9069,FR,2025-10-06
9070,US,2025-12-04
9071,ES,2025-11-20
9072,US,2025-11-14
9073,FR,2025-10-02
9074,DE,2025-12-12
9075,ES,2025-11-21
9076,ES,2025-10-05
9077,MX,2025-12-17
9078,US,2025-11-07
9079,FR,2025-11-12
9080,US,2025-10-20
9081,US,2025-12-09
9082,BR,2025-11-02
9083,US,2025-11-27
9084,MX,2025-10-28
9085,US,2025-12-10
9086,MX,2025-12-04
9087,FR,2025-12-30
9088,ES,2025-11-26
9089,ES,2025-10-01
9090,DE,2025-11-30
9091,DE,2025-11-23
9092,CA,2025-11-10
9093,FR,2025-11-03
9094,US,2025-10-17
9095,US,2025-11-09
9096,US,2025-10-21
9097,CA,2025-11-20
9098,US,2025-11-19
9099,GB,2025-12-06
9100,US,2025-10-23
9101,GB,2025-11-27
9102,BR,2025-11-10
9103,GB,2025-12-29
9104,GB,2025-12-25
9105,DE,2025-11-30
9106,MX,2025-10-28
9107,BR,2025-12-26
9108,US,2025-10-10
9109,MX,2025-11-30
9110,US,2025-12-28
9111,ES,2025-12-09
9112,ES,2025-12-15
9113,US,2025-12-01
9114,US,2025-10-11
9115,CA,2025-11-16
9116,MX,2025-12-22
9117,MX,2025-12-26
9118,US,2025-11-25
9119,GB,2025-12-17
9120,CA,2025-10-18
9121,CA,2025-12-03
9122,US,2025-12-08
9123,BR,2025-12-06
9124,US,2025-11-09
9125,FR,2025-12-13
9126,MX,2025-12-25
9127,CA,2025-12-07
9128,GB,2025-12-28
9129,FR,2025-11-27
9130,US,2025-10-07
9131,CA,2025-10-10
9132,ES,2025-12-19
9133,FR,2025-12-01
9134,CA,2025-10-05
9135,CA,2025-11-20
9136,DE,2025-12-22
9137,US,2025-12-02
9138,US,2025-11-14
9139,BR,2025-11-08
9140,BR,2025-10-08
9141,BR,2025-11-07
9142,DE,2025-11-06
9143,FR,2025-12-25
9144,CA,2025-10-31
9145,US,2025-10-09
9146,FR,2025-12-04
9147,US,2025-12-23
9148,FR,2025-12-05
9149,GB,2025-12-26
9150,FR,2025-11-03
9151,GB,2025-10-13
9152,US,2025-12-05
9153,GB,2025-12-04
9154,MX,2025-10-01
9155,US,2025-11-17
9156,US,2025-10-22
9157,US,2025-10-23
9158,US,2025-10-11
9159,US,2025-11-17
9160,FR,2025-10-15
9161,ES,2025-10-02
9162,ES,2025-10-27
9163,BR,2025-10-10
9164,BR,2025-10-17
9165,US,2025-12-01
9166,US,2025-11-17
9167,DE,2025-11-12
9168,BR,2025-12-28
9169,BR,2025-12-03
9170,DE,2025-12-25
9171,DE,2025-10-16
9172,GB,2025-12-10
9173,US,2025-11-05
9174,BR,2025-12-14
9175,FR,2025-12-07
9176,DE,2025-10-14
9177,ES,2025-11-19
9178,MX,2025-10-08
9179,MX,2025-10-26
9180,US,2025-11-30
9181,MX,2025-11-27
9182,BR,2025-11-08
9183,FR,2025-12-21
9184,FR,2025-10-18
9185,US,2025-10-04
9186,US,2025-10-08
9187,CA,2025-12-14
9188,DE,2025-10-29
9189,US,2025-10-12
9190,DE,2025-11-11
9191,BR,2025-10-21
9192,FR,2025-10-03
9193,US,2025-10-25
9194,CA,2025-11-07
9195,US,2025-12-09
9196,MX,2025-10-15
9197,DE,2025-11-12
9198,MX,2025-12-20
9199,MX,2025-11-22
9200,FR,2025-12-06
9201,DE,2025-12-02
9202,US,2025-10-20
9203,ES,2025-10-11
9204,DE,2025-10-12
9205,US,2025-10-19
9206,US,2025-12-11
9207,GB,2025-11-06
9208,MX,2025-12-09
9209,BR,2025-10-23
9210,US,2025-12-29
9211,DE,2025-10-03
9212,FR,2025-10-13
9213,CA,2025-10-18
9214,US,2025-11-20
9215,ES,2025-11-01
9216,ES,2025-12-15
9217,US,2025-12-04
9218,BR,2025-11-11
9219,MX,2025-11-08
9220,US,2025-10-23
9221,MX,2025-10-29
9222,GB,2025-10-12
9223,CA,2025-10-17
9224,US,2025-10-27
9225,FR,2025-10-01
9226,GB,2025-11-03
9227,US,2025-10-22
9228,US,2025-11-30
9229,CA,2025-12-26
9230,ES,2025-10-08
9231,FR,2025-11-23
9232,US,2025-12-09
9233,GB,2025-11-18
9234,US,2025-10-12
9235,FR,2025-10-20
9236,ES,2025-10-25
9237,US,2025-10-09
9238,US,2025-11-11
9239,US,2025-12-10
9240,US,2025-10-05
9241,GB,2025-10-13
9242,CA,2025-11-01
9243,US,2025-12-23
9244,US,2025-12-27
9245,GB,2025-10-01
9246,GB,2025-12-27
9247,US,2025-12-22
9248,BR,2025-12-14
9249,GB,2025-10-30
9250,GB,2025-10-28
9251,GB,2025-11-09
9252,DE,2025-11-19
9253,US,2025-12-29
9254,FR,2025-12-14
9255,MX,2025-12-07
9256,US,2025-10-01
9257,GB,2025-10-19
9258,US,2025-11-08
9259,GB,2025-12-19
9260,CA,2025-11-18
9261,MX,2025-10-03
9262,BR,2025-11-27
9263,GB,2025-10-08
9264,US,2025-10-22
9265,GB,2025-11-20
9266,US,2025-11-01
9267,DE,2025-10-13
9268,US,2025-12-31
9269,US,2025-12-03
9270,US,2025-10-08
9271,BR,2025-11-13
9272,US,2025-12-15
9273,BR,2025-12-25
9274,US,2025-11-23
9275,MX,2025-10-12
9276,FR,2025-12-31
9277,ES,2025-11-04
9278,US,2025-11-23
9279,ES,2025-12-19
9280,MX,2025-11-06
9281,DE,2025-10-26
9282,ES,2025-12-28
9283,US,2025-11-10
9284,CA,2025-11-25
9285,FR,2025-11-14
9286,MX,2025-11-24
9287,FR,2025-11-20
9288,FR,2025-12-16
9289,ES,2025-10-13
9290,GB,2025-11-01
9291,US,2025-10-04
9292,FR,2025-11-25
9293,US,2025-12-14
9294,US,2025-12-12
9295,CA,2025-10-29
9296,US,2025-10-21
9297,US,2025-12-29
9298,GB,2025-10-23
9299,FR,2025-10-12
9300,US,2025-12-09
9301,CA,2025-10-24
9302,GB,2025-12-18
9303,US,2025-10-30
9304,MX,2025-12-04
9305,FR,2025-12-02
9306,US,2025-11-28
9307,BR,2025-10-14
9308,US,2025-10-13
9309,DE,2025-11-25
9310,US,2025-12-17
9311,DE,2025-11-12
9312,CA,2025-12-30
9313,ES,2025-11-18
9314,CA,2025-12-21
9315,MX,2025-10-04
9316,US,2025-11-18
9317,US,2025-12-03
9318,CA,2025-10-12
9319,FR,2025-10-08
9320,BR,2025-11-10
9321,DE,2025-12-10
9322,FR,2025-12-24
9323,US,2025-11-22
9324,US,2025-12-02
9325,FR,2025-12-14
9326,DE,2025-10-15
9327,BR,2025-12-25
9328,CA,2025-12-27
9329,MX,2025-10-12
9330,US,2025-11-30
9331,US,2025-11-19
9332,CA,2025-12-10
9333,US,2025-10-28
9334,US,2025-10-10
9335,DE,2025-10-18
9336,DE,2025-11-25
9337,DE,2025-12-02
9338,BR,2025-12-12
9339,ES,2025-10-08
9340,US,2025-10-15
9341,GB,2025-12-06
9342,CA,2025-10-26
9343,ES,2025-11-27
9344,US,2025-12-19
9345,US,2025-12-02
9346,DE,2025-11-18
9347,DE,2025-12-22
9348,GB,2025-12-11
9349,DE,2025-10-20
9350,US,2025-12-10
9351,GB,2025-11-15
9352,BR,2025-11-18
9353,FR,2025-11-18
9354,CA,2025-11-09
9355,US,2025-11-24
9356,US,2025-12-08
9357,MX,2025-11-16
9358,ES,2025-11-04
9359,GB,2025-12-19
9360,DE,2025-12-02
9361,MX,2025-11-05
9362,CA,2025-10-09
9363,ES,2025-12-12
9364,MX,2025-12-08
9365,US,2025-12-31
9366,DE,2025-12-10
9367,US,2025-11-18
9368,CA,2025-12-16
9369,GB,2025-11-12
9370,FR,2025-11-16
9371,US,2025-10-22
9372,GB,2025-12-15
9373,US,2025-12-24
9374,GB,2025-10-21
9375,GB,2025-10-21
9376,MX,2025-10-02
9377,CA,2025-12-07
9378,BR,2025-12-21
9379,ES,2025-11-03
9380,CA,2025-10-12
9381,MX,2025-12-27
9382,US,2025-10-22
9383,CA,2025-12-04
9384,US,2025-10-26
9385,FR,2025-10-24
9386,US,2025-10-03
9387,ES,2025-12-18
9388,US,2025-10-22
9389,GB,2025-11-24
9390,GB,2025-11-07
9391,GB,2025-12-24
9392,DE,2025-10-16
9393,US,2025-10-26
9394,DE,2025-12-24
9395,US,2025-10-09
9396,US,2025-10-06
9397,FR,2025-11-23
9398,BR,2025-10-27
9399,ES,2025-10-13
9400,FR,2025-10-20
9401,CA,2025-11-06
9402,US,2025-11-19
9403,US,2025-11-12
9404,US,2025-10-08
9405,GB,2025-10-02
9406,DE,2025-11-19
9407,US,2025-11-05
9408,MX,2025-10-16
9409,FR,2025-10-25
9410,GB,2025-12-09
9411,CA,2025-10-10
9412,ES,2025-11-05
9413,CA,2025-12-09
9414,US,2025-11-04
9415,MX,2025-10-23
9416,US,2025-12-18
9417,CA,2025-12-25
9418,MX,2025-10-16
9419,US,2025-11-10
9420,GB,2025-11-17
9421,BR,2025-11-17
9422,GB,2025-12-07
9423,US,2025-10-30
9424,US,2025-11-14
9425,GB,2025-11-22
9426,CA,2025-12-31
9427,BR,2025-11-24
9428,US,2025-12-31
9429,US,2025-12-24
9430,US,2025-10-08
9431,MX,2025-10-02
9432,GB,2025-12-27
9433,US,2025-10-29
9434,US,2025-12-21
9435,MX,2025-12-27
9436,GB,2025-10-10
9437,CA,2025-11-19
9438,US,2025-12-09
9439,MX,2025-10-30
9440,MX,2025-10-31
9441,ES,2025-10-12
9442,BR,2025-10-25
9443,US,2025-12-17
9444,GB,2025-11-18
9445,US,2025-11-06
9446,CA,2025-10-08
9447,US,2025-10-06
9448,GB,2025-12-12
9449,US,2025-11-28
9450,ES,2025-12-28
9451,US,2025-10-19
9452,ES,2025-10-27
9453,FR,2025-10-24
9454,MX,2025-12-30
9455,MX,2025-11-09
9456,CA,2025-12-26
9457,DE,2025-11-09
9458,US,2025-11-10
9459,CA,2025-11-08
9460,US,2025-11-12
9461,CA,2025-12-03
9462,US,2025-11-29
9463,FR,2025-10-22
9464,MX,2025-10-07
9465,US,2025-12-29
9466,US,2025-10-20
9467,US,2025-10-08
9468,US,2025-11-21
9469,US,2025-10-18
9470,GB,2025-11-03
9471,US,2025-10-13
9472,FR,2025-11-16
9473,ES,2025-12-27
9474,FR,2025-10-16
9475,US,2025-12-11
9476,DE,2025-12-27
9477,BR,2025-10-01
9478,ES,2025-11-09
9479,US,2025-12-25
9480,GB,2025-10-23
9481,GB,2025-12-06
9482,US,2025-10-05
9483,GB,2025-12-11
9484,DE,2025-11-23
9485,DE,2025-12-30
9486,FR,2025-11-07
9487,US,2025-11-06
9488,DE,2025-12-02
9489,US,2025-11-09
9490,DE,2025-12-03
9491,US,2025-11-24
9492,CA,2025-10-07
9493,CA,2025-12-22
9494,GB,2025-10-10
9495,GB,2025-12-11
9496,DE,2025-11-12
9497,US,2025-11-06
9498,US,2025-11-09
9499,DE,2025-12-14
9500,US,2025-11-08
9501,FR,2025-10-18
9502,US,2025-11-18
9503,GB,2025-11-16
9504,US,2025-11-10
9505,FR,2025-11-25
9506,US,2025-12-17
9507,CA,2025-12-27
9508,CA,2025-11-24
9509,US,2025-10-21
9510,BR,2025-10-28
9511,MX,2025-11-02
9512,DE,2025-11-06
9513,ES,2025-11-01
9514,DE,2025-10-22
9515,DE,2025-12-24
9516,US,2025-11-22
9517,US,2025-10-09
9518,US,2025-12-20
9519,US,2025-11-07
9520,DE,2025-11-29
9521,US,2025-11-06
9522,US,2025-12-24
9523,CA,2025-10-02
9524,US,2025-12-09
9525,US,2025-11-24
9526,US,2025-11-24
9527,CA,2025-10-05
9528,US,2025-12-16
9529,US,2025-12-05
9530,FR,2025-12-01
9531,DE,2025-10-29
9532,DE,2025-10-02
9533,US,2025-12-03
9534,ES,2025-11-29
9535,FR,2025-12-10
9536,CA,2025-12-11
9537,US,2025-11-16
9538,DE,2025-12-11
9539,US,2025-11-24
9540,BR,2025-10-27
9541,FR,2025-10-04
9542,FR,2025-10-17
9543,ES,2025-10-25
9544,CA,2025-10-01
9545,US,2025-12-15
9546,US,2025-10-22
9547,US,2025-11-24
9548,BR,2025-10-18
9549,DE,2025-10-27
9550,ES,2025-10-27
9551,US,2025-11-13
9552,CA,2025-10-10
9553,US,2025-12-29
9554,FR,2025-10-17
9555,MX,2025-12-27
9556,US,2025-10-12
9557,MX,2025-10-06
9558,MX,2025-10-22
9559,DE,2025-12-04
9560,US,2025-11-06
9561,MX,2025-12-26
9562,MX,2025-12-14
9563,US,2025-10-08
9564,US,2025-12-24
9565,US,2025-12-10
9566,MX,2025-11-24
9567,BR,2025-12-19
9568,DE,2025-11-17
9569,FR,2025-10-12
9570,US,2025-11-14
9571,ES,2025-11-29
9572,CA,2025-12-26
9573,DE,2025-12-17
9574,US,2025-12-21
9575,DE,2025-11-28
9576,GB,2025-11-28
9577,US,2025-10-09
9578,FR,2025-11-01
9579,US,2025-12-31
9580,MX,2025-12-17
9581,US,2025-12-28
9582,BR,2025-12-27
9583,US,2025-10-22
9584,GB,2025-11-15
9585,DE,2025-11-22
9586,BR,2025-10-18
9587,FR,2025-11-12
9588,CA,2025-11-14
9589,GB,2025-11-14
9590,MX,2025-10-31
9591,FR,2025-12-04
9592,US,2025-10-07
9593,FR,2025-12-01
9594,US,2025-11-29
9595,FR,2025-10-27
9596,US,2025-11-25
9597,GB,2025-10-27
9598,US,2025-11-23
9599,DE,2025-10-12
9600,US,2025-10-09
9601,US,2025-10-26
9602,FR,2025-12-01
9603,BR,2025-10-31
9604,FR,2025-11-08
9605,DE,2025-10-16
9606,US,2025-10-31
9607,US,2025-12-11
9608,GB,2025-10-31
9609,FR,2025-12-22
9610,US,2025-11-11
9611,FR,2025-10-06
9612,US,2025-11-19
9613,DE,2025-12-18
9614,GB,2025-12-13
9615,CA,2025-12-10
9616,CA,2025-11-24
9617,US,2025-11-29
9618,MX,2025-10-04
9619,MX,2025-12-10
9620,US,2025-11-10
9621,US,2025-11-21
9622,MX,2025-12-05
9623,US,2025-11-28
9624,US,2025-11-04
9625,US,2025-11-25
9626,US,2025-10-04
9627,FR,2025-12-02
9628,US,2025-12-27
9629,GB,2025-11-14
9630,US,2025-11-17
9631,GB,2025-10-30
9632,ES,2025-10-17
9633,DE,2025-10-19
9634,DE,2025-12-26
9635,CA,2025-12-06
9636,MX,2025-10-05
9637,FR,2025-12-02
9638,US,2025-10-07
9639,MX,2025-11-09
9640,DE,2025-10-13
9641,US,2025-12-02
9642,MX,2025-10-18
9643,US,2025-10-31
9644,GB,2025-11-24
9645,US,2025-10-25
9646,US,2025-12-25
9647,US,2025-10-27
9648,GB,2025-11-03
9649,CA,2025-12-25
9650,ES,2025-12-24
9651,DE,2025-10-26
9652,ES,2025-10-25
9653,GB,2025-10-11
9654,US,2025-10-30
9655,US,2025-11-16
9656,CA,2025-11-19
9657,US,2025-11-05
9658,MX,2025-12-16
9659,DE,2025-10-31
9660,MX,2025-12-02
9661,US,2025-11-19
9662,DE,2025-11-04
9663,ES,2025-10-04
9664,MX,2025-10-27
9665,US,2025-10-09
9666,DE,2025-11-01
9667,BR,2025-12-21
9668,DE,2025-12-20
9669,GB,2025-10-01
9670,FR,2025-10-29
9671,US,2025-12-05
9672,GB,2025-10-16
9673,GB,2025-10-28
9674,DE,2025-10-25
9675,US,2025-11-23
9676,BR,2025-11-06
9677,US,2025-10-16
9678,DE,2025-12-27
9679,US,2025-12-28
9680,US,2025-11-13
9681,ES,2025-12-02
9682,DE,2025-12-20
9683,US,2025-10-14
9684,US,2025-12-22
9685,MX,2025-10-08
9686,US,2025-11-24
9687,US,2025-10-19
9688,ES,2025-12-07
9689,US,2025-12-09
9690,DE,2025-10-13
9691,GB,2025-10-26
9692,DE,2025-11-08
9693,US,2025-11-17
9694,US,2025-10-10
9695,GB,2025-12-25
9696,ES,2025-10-10
9697,CA,2025-10-14
9698,US,2025-11-15
9699,MX,2025-12-13
9700,US,2025-12-16
9701,US,2025-11-16
9702,DE,2025-10-09
9703,US,2025-10-15
9704,MX,2025-10-04
9705,GB,2025-10-09
9706,US,2025-12-17
9707,US,2025-11-19
9708,ES,2025-11-11
9709,FR,2025-12-06
9710,FR,2025-10-12
9711,BR,2025-12-25
9712,MX,2025-12-22
9713,US,2025-11-24
9714,US,2025-11-20
9715,US,2025-12-23
9716,BR,2025-12-09
9717,MX,2025-12-03
9718,US,2025-12-24
9719,US,2025-10-05
9720,BR,2025-10-13
9721,US,2025-10-22
9722,US,2025-10-15
9723,US,2025-12-20
9724,DE,2025-12-26
9725,GB,2025-10-07
9726,MX,2025-10-30
9727,US,2025-10-19
9728,MX,2025-11-24
9729,US,2025-11-10
9730,US,2025-11-20
9731,MX,2025-10-08
9732,US,2025-10-20
9733,BR,2025-11-02
9734,MX,2025-10-28
9735,US,2025-11-13
9736,US,2025-10-11
9737,MX,2025-11-06
9738,FR,2025-11-17
9739,US,2025-12-29
9740,BR,2025-11-28
9741,US,2025-11-05
9742,CA,2025-10-02
9743,ES,2025-12-19
9744,GB,2025-12-15
9745,US,2025-10-31
9746,MX,2025-10-24
9747,ES,2025-11-03
9748,FR,2025-11-18
9749,CA,2025-12-15
9750,MX,2025-10-07
9751,MX,2025-10-08
9752,US,2025-10-31
9753,ES,2025-10-05
9754,US,2025-10-09
9755,US,2025-12-10
9756,US,2025-11-24
9757,ES,2025-11-07
9758,FR,2025-10-30
9759,GB,2025-10-02
9760,MX,2025-12-24
9761,BR,2025-10-10
9762,CA,2025-10-13
9763,FR,2025-10-07
9764,BR,2025-11-19
9765,FR,2025-12-21
9766,GB,2025-12-27
9767,GB,2025-10-30
9768,GB,2025-10-27
9769,DE,2025-12-08
9770,DE,2025-12-20
9771,GB,2025-12-24
9772,US,2025-12-31
9773,US,2025-12-09
9774,US,2025-10-08
9775,FR,2025-12-28
9776,MX,2025-11-19
9777,US,2025-11-18
9778,BR,2025-11-08
9779,FR,2025-12-04
9780,FR,2025-11-14
9781,ES,2025-10-01
9782,FR,2025-12-14
9783,US,2025-10-02
9784,MX,2025-12-13
9785,GB,2025-12-16
9786,GB,2025-10-24
9787,CA,2025-10-06
9788,US,2025-11-23
9789,FR,2025-10-28
9790,DE,2025-12-28
9791,FR,2025-10-13
9792,CA,2025-10-22
9793,US,2025-10-29
9794,FR,2025-10-18
9795,GB,2025-10-31
9796,GB,2025-11-21
9797,US,2025-10-31
9798,US,2025-11-06
9799,DE,2025-12-19
9800,FR,2025-10-27
9801,CA,2025-11-29
9802,FR,2025-12-11
9803,US,2025-12-13
9804,BR,2025-12-27
9805,US,2025-10-26
9806,BR,2025-10-23
9807,US,2025-12-16
9808,CA,2025-10-12
9809,MX,2025-11-30
9810,BR,2025-11-11
9811,US,2025-10-14
9812,GB,2025-11-18
9813,US,2025-12-08
9814,ES,2025-12-21
9815,US,2025-10-13
9816,US,2025-12-27
9817,US,2025-10-11
9818,BR,2025-11-19
9819,MX,2025-12-15
9820,GB,2025-11-29
9821,US,2025-12-17
9822,CA,2025-11-21
9823,BR,2025-10-27
9824,ES,2025-10-01
9825,FR,2025-10-21
9826,BR,2025-11-22
9827,US,2025-12-18
9828,US,2025-12-03
9829,GB,2025-11-04
9830,BR,2025-11-02
9831,MX,2025-12-17
9832,DE,2025-11-26
9833,MX,2025-12-14
9834,DE,2025-11-08
9835,US,2025-11-29
9836,US,2025-12-24
9837,FR,2025-10-23
9838,BR,2025-11-13
9839,ES,2025-12-27
9840,US,2025-11-21
9841,ES,2025-10-26
9842,US,2025-10-17
9843,DE,2025-10-16
9844,BR,2025-12-06
9845,US,2025-11-08
9846,US,2025-11-12
9847,MX,2025-11-10
9848,BR,2025-10-15
9849,MX,2025-10-13
9850,US,2025-11-17
9851,ES,2025-12-28
9852,CA,2025-10-20
9853,DE,2025-11-19
9854,ES,2025-11-01
9855,ES,2025-12-29
9856,US,2025-10-26
9857,FR,2025-10-31
9858,MX,2025-11-17
9859,GB,2025-11-25
9860,US,2025-11-22
9861,US,2025-12-23
9862,BR,2025-12-13
9863,FR,2025-11-24
9864,CA,2025-11-17
9865,ES,2025-12-04
9866,GB,2025-12-20
9867,US,2025-10-06
9868,ES,2025-12-16
9869,US,2025-12-13
9870,US,2025-10-05
9871,BR,2025-11-24
9872,ES,2025-11-01
9873,US,2025-12-16
9874,US,2025-10-10
9875,US,2025-12-13
9876,US,2025-12-19
9877,MX,2025-12-12
9878,BR,2025-10-04
9879,MX,2025-11-10
9880,US,2025-10-23
9881,CA,2025-12-22
9882,MX,2025-11-23
9883,ES,2025-12-05
9884,US,2025-10-12
9885,GB,2025-10-15
9886,MX,2025-12-26
9887,DE,2025-10-28
9888,GB,2025-10-25
9889,ES,2025-12-22
9890,GB,2025-10-10
9891,US,2025-11-18
9892,CA,2025-10-12
9893,FR,2025-10-14
9894,CA,2025-11-07
9895,ES,2025-10-09
9896,MX,2025-11-14
9897,ES,2025-11-25
9898,US,2025-11-26
9899,DE,2025-11-20
9900,MX,2025-10-10
9901,US,2025-12-24
9902,BR,2025-10-17
9903,US,2025-10-06
9904,US,2025-10-29
9905,FR,2025-10-25
9906,MX,2025-10-07
9907,US,2025-11-14
9908,US,2025-10-08
9909,US,2025-11-18
9910,US,2025-11-01
9911,MX,2025-10-07
9912,US,2025-11-04
9913,US,2025-12-07
9914,CA,2025-12-08
9915,FR,2025-11-06
9916,FR,2025-12-29
9917,ES,2025-11-18
9918,US,2025-10-15
9919,US,2025-10-24
9920,FR,2025-12-08
9921,GB,2025-12-22
9922,US,2025-10-04
9923,MX,2025-11-25
9924,ES,2025-10-18
9925,DE,2025-12-01
9926,ES,2025-10-06
9927,MX,2025-12-09
9928,US,2025-10-06
9929,BR,2025-10-14
9930,US,2025-10-17
9931,US,2025-11-28
9932,US,2025-11-20
9933,US,2025-12-10
9934,US,2025-12-11
9935,US,2025-12-28
9936,GB,2025-12-22
9937,GB,2025-12-30
9938,US,2025-12-24
9939,FR,2025-12-17
9940,DE,2025-10-30
9941,ES,2025-12-20
9942,US,2025-12-17
9943,DE,2025-11-11
9944,BR,2025-11-24
9945,GB,2025-11-13
9946,FR,2025-12-01
9947,US,2025-11-26
9948,FR,2025-12-02
9949,FR,2025-11-25
9950,GB,2025-10-24
9951,CA,2025-11-10
9952,BR,2025-12-26
9953,US,2025-12-03
9954,DE,2025-11-03
9955,BR,2025-12-09
9956,BR,2025-10-09
9957,GB,2025-11-23
9958,US,2025-11-14
9959,US,2025-12-03
9960,US,2025-11-21
9961,US,2025-12-21
9962,DE,2025-11-22
9963,US,2025-12-31
9964,CA,2025-11-24
9965,GB,2025-12-12
9966,US,2025-12-29
9967,FR,2025-12-10
9968,FR,2025-11-19
9969,CA,2025-10-30
9970,BR,2025-12-10
9971,DE,2025-11-23
9972,ES,2025-12-07
9973,GB,2025-12-08
9974,MX,2025-11-20
9975,US,2025-10-13
9976,GB,2025-11-23
9977,GB,2025-12-02
9978,GB,2025-12-22
9979,US,2025-10-24
9980,FR,2025-10-23
9981,BR,2025-10-26
9982,CA,2025-12-10
9983,US,2025-11-12
9984,US,2025-11-05
9985,GB,2025-10-15
9986,US,2025-12-01
9987,FR,2025-12-11
9988,US,2025-12-31
9989,US,2025-10-17
9990,DE,2025-11-09
9991,CA,2025-10-21
9992,ES,2025-12-15
9993,BR,2025-10-04
9994,ES,2025-11-08
9995,US,2025-10-05
9996,US,2025-10-23
9997,US,2025-11-05
9998,FR,2025-10-15
9999,MX,2025-10-17
10000,DE,2025-12-21
10001,MX,2025-12-27
10002,ES,2025-12-29
10003,DE,2025-10-08
10004,MX,2025-12-09
10005,US,2025-10-07
10006,CA,2025-11-01
10007,CA,2025-10-02
10008,CA,2025-12-26
10009,GB,2025-12-20
10010,FR,2025-11-14
10011,FR,2025-11-05
10012,US,2025-11-15
10013,US,2025-10-03
10014,GB,2025-12-20
10015,DE,2025-12-05
10016,DE,2025-10-02
10017,FR,2025-11-14
10018,US,2025-12-07
10019,US,2025-10-07
10020,CA,2025-11-09
10021,US,2025-12-07
10022,US,2025-12-12
10023,GB,2025-10-23
10024,MX,2025-11-01
10025,GB,2025-10-23
10026,FR,2025-10-16
10027,BR,2025-11-18
10028,FR,2025-11-25
10029,DE,2025-10-29
10030,MX,2025-11-26
10031,GB,2025-12-17
10032,MX,2025-11-06
10033,CA,2025-11-23
10034,DE,2025-11-02
10035,GB,2025-11-07
10036,CA,2025-12-26
10037,GB,2025-10-10
10038,BR,2025-10-16
10039,US,2025-11-08
10040,DE,2025-12-03
10041,MX,2025-11-01
10042,ES,2025-11-05
10043,FR,2025-10-04
10044,US,2025-12-31
10045,US,2025-10-26
10046,GB,2025-12-29
10047,US,2025-11-25
10048,FR,2025-12-09
10049,GB,2025-10-24
10050,ES,2025-11-19
10051,CA,2025-10-18
10052,GB,2025-11-14
10053,GB,2025-12-27
10054,GB,2025-10-13
10055,ES,2025-10-23
10056,CA,2025-11-22
10057,US,2025-12-09
10058,DE,2025-12-18
10059,US,2025-10-03
10060,BR,2025-12-11
10061,ES,2025-10-26
10062,FR,2025-11-04
10063,GB,2025-11-10
10064,US,2025-10-17
10065,ES,2025-10-23
10066,MX,2025-11-13
10067,US,2025-11-17
10068,US,2025-10-04
10069,US,2025-12-05
10070,US,2025-11-22
10071,BR,2025-10-29
10072,CA,2025-12-04
10073,US,2025-10-31
10074,DE,2025-10-01
10075,US,2025-10-04
10076,CA,2025-12-12
10077,DE,2025-11-30
10078,FR,2025-11-03
10079,GB,2025-11-28
10080,MX,2025-11-24
10081,US,2025-11-23
10082,CA,2025-11-29
10083,DE,2025-11-12
10084,DE,2025-12-19
10085,GB,2025-11-22
10086,FR,2025-12-30
10087,BR,2025-10-20
10088,FR,2025-11-30
10089,FR,2025-11-23
10090,US,2025-11-11
10091,US,2025-12-07
10092,ES,2025-12-09
10093,US,2025-11-08
10094,MX,2025-12-05
10095,CA,2025-12-06
10096,FR,2025-11-04
10097,US,2025-12-04
10098,MX,2025-12-22
10099,MX,2025-12-24
10100,US,2025-10-13
10101,MX,2025-10-02
10102,FR,2025-10-02
10103,US,2025-11-05
10104,US,2025-10-18
10105,GB,2025-10-31
10106,BR,2025-11-30
10107,DE,2025-10-19
10108,US,2025-12-30
10109,US,2025-11-20
10110,CA,2025-11-07
10111,FR,2025-12-19
10112,MX,2025-10-13
10113,CA,2025-12-09
10114,DE,2025-12-13
10115,BR,2025-12-10
10116,US,2025-12-30
10117,CA,2025-10-14
10118,FR,2025-10-07
10119,US,2025-12-26
10120,DE,2025-12-01
10121,US,2025-11-01
10122,DE,2025-11-17
10123,US,2025-10-05
10124,GB,2025-11-27
10125,FR,2025-11-17
10126,US,2025-11-03
10127,ES,2025-12-18
10128,US,2025-10-26
10129,US,2025-10-12
10130,FR,2025-12-17
10131,MX,2025-11-04
10132,US,2025-10-08
10133,GB,2025-11-19
10134,MX,2025-12-02
10135,ES,2025-10-28
10136,ES,2025-11-09
10137,FR,2025-10-12
10138,MX,2025-11-21
10139,DE,2025-12-04
10140,DE,2025-12-26
10141,US,2025-10-04
10142,DE,2025-12-06
10143,US,2025-11-22
10144,CA,2025-12-06
10145,US,2025-10-21
10146,US,2025-11-14
10147,MX,2025-11-18
10148,FR,2025-12-01
10149,DE,2025-11-03
10150,US,2025-11-08
10151,BR,2025-11-21
10152,US,2025-11-11
10153,US,2025-12-14
10154,CA,2025-12-18
10155,GB,2025-12-31
10156,ES,2025-11-24
10157,US,2025-10-08
10158,US,2025-12-11
10159,DE,2025-10-18
10160,MX,2025-11-24
10161,CA,2025-12-18
10162,DE,2025-11-16
10163,US,2025-10-11
10164,ES,2025-12-08
10165,US,2025-12-16
10166,FR,2025-10-31
10167,FR,2025-10-03
10168,FR,2025-12-16
10169,GB,2025-10-21
10170,GB,2025-11-27
10171,US,2025-12-21
10172,CA,2025-10-24
10173,GB,2025-11-28
10174,US,2025-12-01
10175,GB,2025-11-28
10176,BR,2025-12-16
10177,GB,2025-11-09
10178,FR,2025-10-22
10179,US,2025-10-23
10180,GB,2025-11-03
10181,US,2025-10-16
10182,DE,2025-11-19
10183,DE,2025-12-20
10184,GB,2025-10-22
10185,GB,2025-12-25
10186,BR,2025-12-03
10187,US,2025-12-18
10188,DE,2025-12-15
10189,US,2025-11-05
10190,BR,2025-11-13
10191,US,2025-11-07
10192,DE,2025-10-04
10193,MX,2025-10-04
10194,GB,2025-10-31
10195,US,2025-10-05
10196,CA,2025-12-06
10197,GB,2025-12-14
10198,MX,2025-11-25
10199,DE,2025-10-11
10200,US,2025-11-16
10201,CA,2025-10-21
10202,US,2025-12-10
10203,DE,2025-10-10
10204,CA,2025-12-29
10205,DE,2025-10-26
10206,DE,2025-11-15
10207,US,2025-10-10
10208,GB,2025-10-26
10209,DE,2025-11-13
10210,FR,2025-12-09
10211,US,2025-11-05
10212,US,2025-10-17
10213,MX,2025-11-29
10214,DE,2025-10-15
10215,US,2025-11-12
10216,ES,2025-12-02
10217,GB,2025-11-08
10218,US,2025-10-24
10219,DE,2025-11-27
10220,CA,2025-12-12
10221,US,2025-12-04
10222,GB,2025-10-26
10223,GB,2025-10-04
10224,GB,2025-11-13
10225,US,2025-11-20
10226,US,2025-11-03
10227,US,2025-11-16
10228,US,2025-10-19
10229,CA,2025-12-15
10230,US,2025-10-25
10231,US,2025-10-26
10232,FR,2025-11-28
10233,US,2025-11-15
10234,US,2025-10-20
10235,US,2025-10-08
10236,MX,2025-12-04
10237,GB,2025-10-08
10238,US,2025-11-14
10239,US,2025-12-14
10240,US,2025-10-25
10241,CA,2025-10-18
10242,ES,2025-12-17
10243,DE,2025-12-21
10244,FR,2025-10-24
10245,FR,2025-11-18
10246,US,2025-12-26
10247,GB,2025-10-06
10248,CA,2025-11-22
10249,CA,2025-10-23
10250,DE,2025-12-10
10251,BR,2025-11-28
10252,GB,2025-12-30
10253,US,2025-12-16
10254,ES,2025-11-13
10255,GB,2025-10-22
10256,GB,2025-12-04
10257,DE,2025-12-06
10258,FR,2025-10-08
10259,US,2025-10-08
10260,US,2025-12-10
10261,ES,2025-10-28
10262,GB,2025-10-09
10263,FR,2025-11-22
10264,US,2025-10-26
10265,ES,2025-10-09
10266,MX,2025-12-13
10267,DE,2025-10-16
10268,FR,2025-12-03
10269,MX,2025-10-14
10270,CA,2025-11-01
10271,MX,2025-12-15
10272,US,2025-10-11
10273,US,2025-11-07
10274,ES,2025-10-12
10275,GB,2025-11-28
10276,US,2025-12-12
10277,BR,2025-12-06
10278,US,2025-10-25
10279,FR,2025-11-14
10280,CA,2025-10-24
10281,US,2025-10-13
10282,GB,2025-10-02
10283,ES,2025-12-22
10284,DE,2025-11-22
10285,ES,2025-11-05
10286,US,2025-12-06
10287,US,2025-11-18
10288,DE,2025-12-26
10289,MX,2025-11-22
10290,US,2025-12-28
10291,US,2025-12-03
10292,US,2025-10-19
10293,GB,2025-10-25
10294,DE,2025-10-05
10295,DE,2025-11-08
10296,GB,2025-11-08
10297,DE,2025-11-06
10298,ES,2025-10-31
10299,US,2025-11-03
10300,US,2025-10-10
10301,ES,2025-11-06
10302,FR,2025-12-15
10303,GB,2025-11-12
10304,DE,2025-11-02
10305,GB,2025-11-02
10306,US,2025-12-11
10307,BR,2025-12-14
10308,US,2025-10-30
10309,US,2025-11-04
10310,US,2025-10-21
10311,DE,2025-11-01
10312,US,2025-11-01
10313,US,2025-11-09
10314,US,2025-11-30
10315,DE,2025-10-11
10316,FR,2025-11-04
10317,US,2025-12-01
10318,ES,2025-12-14
10319,MX,2025-10-03
10320,GB,2025-11-12
10321,GB,2025-10-19
10322,MX,2025-12-04
10323,FR,2025-11-07
10324,FR,2025-11-05
10325,MX,2025-10-28
10326,US,2025-12-06
10327,ES,2025-10-10
10328,GB,2025-11-16
10329,CA,2025-11-03
10330,US,2025-12-29
10331,CA,2025-12-08
10332,MX,2025-11-26
10333,DE,2025-11-01
10334,GB,2025-11-08
10335,MX,2025-12-05
10336,FR,2025-11-30
10337,BR,2025-12-15
10338,FR,2025-10-31
10339,US,2025-10-22
10340,US,2025-11-27
10341,FR,2025-10-18
10342,DE,2025-10-20
10343,US,2025-10-11
10344,US,2025-12-30
10345,US,2025-12-15
10346,US,2025-12-17
10347,FR,2025-10-06
10348,US,2025-10-19
10349,US,2025-11-08
10350,FR,2025-10-22
10351,US,2025-12-27
10352,US,2025-11-19
10353,DE,2025-11-20
10354,FR,2025-11-28
10355,ES,2025-11-01
10356,US,2025-10-31
10357,US,2025-10-31
10358,GB,2025-12-19
10359,US,2025-12-27
10360,DE,2025-10-10
10361,US,2025-11-25
10362,GB,2025-11-21
10363,US,2025-11-26
10364,US,2025-11-08
10365,DE,2025-11-12
10366,GB,2025-12-26
10367,BR,2025-10-30
10368,CA,2025-12-07
10369,GB,2025-10-03
10370,ES,2025-12-23
10371,CA,2025-11-04
10372,US,2025-12-14
10373,US,2025-10-24
10374,DE,2025-10-17
10375,US,2025-12-28
10376,DE,2025-10-31
10377,US,2025-12-31
10378,BR,2025-11-01
10379,CA,2025-12-22
10380,BR,2025-10-10
10381,CA,2025-11-29
10382,BR,2025-12-16
10383,DE,2025-12-20
10384,GB,2025-12-16
10385,MX,2025-10-16
10386,US,2025-12-13
10387,FR,2025-12-05
10388,US,2025-10-03
10389,CA,2025-11-25
10390,DE,2025-12-31
10391,ES,2025-10-19
10392,DE,2025-12-17
10393,US,2025-12-27
10394,ES,2025-10-13
10395,US,2025-11-11
10396,US,2025-10-26
10397,DE,2025-12-10
10398,FR,2025-11-28
10399,GB,2025-11-26
10400,FR,2025-11-13
10401,GB,2025-11-16
10402,US,2025-10-18
10403,GB,2025-12-21
10404,DE,2025-12-05
10405,MX,2025-11-30
10406,GB,2025-12-06
10407,MX,2025-10-08
10408,US,2025-10-16
10409,FR,2025-10-04
10410,US,2025-11-13
10411,US,2025-11-02
10412,US,2025-12-22
10413,US,2025-10-02
10414,CA,2025-10-18
10415,US,2025-12-24
10416,US,2025-10-09
10417,MX,2025-10-07
10418,US,2025-12-11
10419,MX,2025-11-01
10420,US,2025-12-29
10421,US,2025-11-16
10422,US,2025-11-16
10423,FR,2025-12-22
10424,DE,2025-10-02
10425,ES,2025-12-05
10426,DE,2025-10-01
10427,MX,2025-10-21
10428,CA,2025-11-01
10429,BR,2025-10-19
10430,GB,2025-12-30
10431,ES,2025-10-18
10432,US,2025-11-08
10433,FR,2025-11-16
10434,ES,2025-12-18
10435,ES,2025-11-23
10436,GB,2025-12-23
10437,GB,2025-12-08
10438,ES,2025-11-04
10439,CA,2025-11-19
10440,DE,2025-12-11
10441,US,2025-10-06
10442,US,2025-11-29
10443,MX,2025-10-30
10444,DE,2025-11-23
10445,US,2025-10-19
10446,DE,2025-10-25
10447,BR,2025-10-24
10448,US,2025-12-11
10449,US,2025-12-23
10450,CA,2025-12-02
10451,FR,2025-12-24
10452,ES,2025-11-04
10453,DE,2025-11-21
10454,US,2025-10-28
10455,FR,2025-11-26
10456,US,2025-10-15
10457,CA,2025-11-26
10458,GB,2025-10-03
10459,US,2025-11-17
10460,US,2025-11-11
10461,MX,2025-12-02
10462,FR,2025-11-29
10463,MX,2025-11-28
10464,US,2025-11-19
10465,CA,2025-11-23
10466,BR,2025-11-24
10467,BR,2025-12-08
10468,ES,2025-10-26
10469,MX,2025-10-14
10470,DE,2025-11-30
10471,DE,2025-12-18
10472,MX,2025-10-08
10473,CA,2025-12-05
10474,MX,2025-10-22
10475,US,2025-11-26
10476,US,2025-10-15
10477,US,2025-11-21
10478,US,2025-10-26
10479,US,2025-11-01
10480,CA,2025-12-11
10481,US,2025-11-06
10482,ES,2025-11-13
10483,CA,2025-10-01
10484,US,2025-12-05
10485,GB,2025-12-14
10486,GB,2025-12-14
10487,ES,2025-10-22
10488,US,2025-11-09
10489,US,2025-11-24
10490,DE,2025-10-30
10491,GB,2025-12-02
10492,GB,2025-10-07
10493,ES,2025-10-28
10494,ES,2025-11-13
10495,US,2025-10-21
10496,CA,2025-12-20
10497,ES,2025-11-11
10498,US,2025-12-24
10499,US,2025-10-28
10500,DE,2025-12-01
10501,US,2025-11-26
10502,BR,2025-11-18
10503,ES,2025-12-28
10504,BR,2025-12-23
10505,US,2025-10-10
10506,US,2025-10-29
10507,CA,2025-12-03
10508,US,2025-10-29
10509,GB,2025-10-20
10510,US,2025-12-28
10511,US,2025-12-05
10512,DE,2025-12-11
10513,DE,2025-12-26
10514,DE,2025-12-29
10515,US,2025-10-29
10516,US,2025-12-04
10517,GB,2025-11-28
10518,MX,2025-10-03
10519,DE,2025-12-14
10520,CA,2025-11-24
10521,FR,2025-10-29
10522,US,2025-11-04
10523,GB,2025-12-29
10524,DE,2025-10-27
10525,ES,2025-10-01
10526,CA,2025-12-03
10527,FR,2025-11-15
10528,GB,2025-12-18
10529,GB,2025-10-24
10530,US,2025-12-12
10531,FR,2025-11-02
10532,US,2025-12-17
10533,ES,2025-11-19
10534,BR,2025-10-21
10535,BR,2025-11-22
10536,US,2025-11-11
10537,GB,2025-12-10
10538,US,2025-11-26
10539,FR,2025-10-26
10540,DE,2025-10-03
10541,US,2025-12-25
10542,DE,2025-11-19
10543,GB,2025-12-09
10544,US,2025-10-06
10545,GB,2025-10-12
10546,GB,2025-11-11
10547,MX,2025-10-11
10548,GB,2025-10-31
10549,DE,2025-12-19
10550,FR,2025-11-28
10551,FR,2025-11-03
10552,US,2025-11-09
10553,FR,2025-11-11
10554,ES,2025-10-21
10555,MX,2025-11-03
10556,FR,2025-10-13
10557,US,2025-10-17
10558,US,2025-12-17
10559,MX,2025-11-01
10560,US,2025-10-06
10561,US,2025-11-16
10562,MX,2025-11-21
10563,ES,2025-11-27
10564,MX,2025-11-18
10565,ES,2025-10-08
10566,MX,2025-10-09
10567,MX,2025-11-05
10568,US,2025-11-03
10569,US,2025-12-15
10570,FR,2025-12-19
10571,GB,2025-10-12
10572,BR,2025-12-20
10573,FR,2025-10-25
10574,GB,2025-10-08
10575,US,2025-10-31
10576,FR,2025-12-23
10577,DE,2025-12-18
10578,US,2025-11-08
10579,FR,2025-11-09
10580,CA,2025-11-25
10581,FR,2025-11-05
10582,FR,2025-10-12
10583,FR,2025-11-26
10584,US,2025-11-19
10585,DE,2025-10-01
10586,US,2025-12-01
10587,FR,2025-10-30
10588,US,2025-11-03
10589,FR,2025-11-14
10590,ES,2025-11-09
10591,MX,2025-10-04
10592,BR,2025-12-07
10593,GB,2025-11-15
10594,FR,2025-10-24
10595,US,2025-11-04
10596,FR,2025-11-04
10597,US,2025-12-03
10598,CA,2025-11-23
10599,FR,2025-12-25
10600,US,2025-12-27
10601,US,2025-12-14
10602,GB,2025-12-02
10603,DE,2025-11-02
10604,US,2025-10-26
10605,GB,2025-12-04
10606,CA,2025-12-25
10607,US,2025-10-13
10608,US,2025-10-26
10609,US,2025-11-07
10610,MX,2025-11-15
10611,MX,2025-10-15
10612,CA,2025-10-24
10613,FR,2025-11-10
10614,CA,2025-11-01
10615,US,2025-10-27
10616,ES,2025-12-13
10617,GB,2025-11-19
10618,ES,2025-10-22
10619,MX,2025-12-20
10620,GB,2025-12-24
10621,US,2025-10-14
10622,ES,2025-12-13
10623,US,2025-11-06
10624,ES,2025-12-27
10625,US,2025-10-16
10626,DE,2025-12-12
10627,GB,2025-12-06
10628,DE,2025-11-10
10629,US,2025-11-23
10630,ES,2025-11-26
10631,MX,2025-10-26
10632,US,2025-11-06
10633,GB,2025-12-22
10634,US,2025-11-18
10635,GB,2025-12-13
10636,GB,2025-11-26
10637,US,2025-12-06
10638,US,2025-10-05
10639,US,2025-11-16
10640,GB,2025-11-17
10641,DE,2025-10-07
10642,FR,2025-11-17
10643,US,2025-11-24
10644,US,2025-11-30
10645,GB,2025-10-14
10646,FR,2025-11-14
10647,DE,2025-11-08
10648,MX,2025-10-03
10649,US,2025-12-18
10650,DE,2025-12-07
10651,FR,2025-11-16
10652,US,2025-12-17
10653,GB,2025-11-19
10654,DE,2025-11-18
10655,ES,2025-10-23
10656,CA,2025-12-19
10657,CA,2025-11-29
10658,US,2025-12-29
10659,US,2025-10-27
10660,DE,2025-10-05
10661,US,2025-11-28
10662,FR,2025-12-29
10663,US,2025-12-13
10664,DE,2025-11-05
10665,CA,2025-10-14
10666,DE,2025-11-23
10667,MX,2025-11-15
10668,US,2025-12-30
10669,US,2025-10-09
10670,US,2025-10-12
10671,US,2025-11-03
10672,FR,2025-10-01
10673,ES,2025-11-16
10674,DE,2025-11-11
10675,US,2025-10-13
10676,FR,2025-11-24
10677,DE,2025-10-25
10678,FR,2025-12-31
10679,GB,2025-12-31
10680,US,2025-12-24
10681,US,2025-11-19
10682,CA,2025-12-01
10683,US,2025-11-06
10684,US,2025-11-22
10685,ES,2025-10-28
10686,CA,2025-12-12
10687,GB,2025-12-18
10688,US,2025-10-31
10689,FR,2025-11-12
10690,DE,2025-11-22
10691,US,2025-11-07
10692,US,2025-11-27
10693,DE,2025-11-25
10694,US,2025-10-10
10695,US,2025-12-24
10696,US,2025-10-30
10697,US,2025-11-23
10698,DE,2025-10-05
10699,DE,2025-11-03
10700,BR,2025-11-04
10701,US,2025-10-02
10702,DE,2025-11-19
10703,GB,2025-10-23
10704,US,2025-10-10
10705,US,2025-10-17
10706,GB,2025-10-18
10707,BR,2025-11-20
10708,CA,2025-10-16
10709,BR,2025-10-25
10710,US,2025-12-28
10711,BR,2025-11-29
10712,US,2025-10-05
10713,ES,2025-12-11
10714,FR,2025-10-04
10715,MX,2025-10-09
10716,ES,2025-11-06
10717,GB,2025-12-03
10718,BR,2025-11-06
10719,GB,2025-10-28
10720,GB,2025-12-09
10721,ES,2025-11-17
10722,DE,2025-10-20
10723,US,2025-11-05
10724,US,2025-10-10
10725,ES,2025-12-18
10726,DE,2025-10-25
10727,BR,2025-12-18
10728,MX,2025-12-15
10729,ES,2025-10-07
10730,US,2025-11-02
10731,US,2025-11-30
10732,US,2025-11-25
10733,ES,2025-11-11
10734,GB,2025-11-14
10735,GB,2025-10-08
10736,US,2025-12-20
10737,US,2025-12-02
10738,US,2025-10-03
10739,US,2025-12-10
10740,US,2025-11-19
10741,MX,2025-11-21
10742,CA,2025-12-09
10743,ES,2025-10-12
10744,ES,2025-12-12
10745,BR,2025-11-01
10746,US,2025-12-08
10747,US,2025-11-19
10748,US,2025-11-03
10749,GB,2025-10-15
10750,CA,2025-12-13
10751,ES,2025-10-23
10752,US,2025-11-25
10753,FR,2025-10-26
10754,CA,2025-12-18
10755,GB,2025-11-28
10756,CA,2025-12-21
10757,DE,2025-10-16
10758,US,2025-11-21
10759,US,2025-11-16
10760,US,2025-10-06
10761,CA,2025-12-18
10762,DE,2025-12-30
10763,MX,2025-12-28
10764,FR,2025-10-20
10765,BR,2025-12-04
10766,BR,2025-11-26
10767,MX,2025-10-16
10768,US,2025-10-03
10769,BR,2025-12-25
10770,US,2025-10-03
10771,US,2025-10-02
10772,US,2025-12-18
10773,US,2025-12-23
10774,GB,2025-12-30
10775,US,2025-11-27
10776,US,2025-10-27
10777,CA,2025-10-01
10778,ES,2025-11-13
10779,US,2025-12-03
10780,US,2025-10-04
10781,US,2025-12-15
10782,US,2025-10-01
10783,US,2025-12-14
10784,FR,2025-10-09
10785,ES,2025-11-25
10786,CA,2025-12-21
10787,FR,2025-12-15
10788,US,2025-10-16
10789,MX,2025-10-11
10790,FR,2025-10-07
10791,US,2025-10-16
10792,ES,2025-11-16
10793,CA,2025-12-05
10794,MX,2025-10-18
10795,ES,2025-10-24
10796,FR,2025-12-25
10797,US,2025-11-07
10798,MX,2025-12-13
10799,DE,2025-12-05
10800,MX,2025-12-07
10801,ES,2025-12-15
10802,US,2025-10-27
10803,ES,2025-11-15
10804,GB,2025-11-26
10805,GB,2025-11-18
10806,GB,2025-11-26
10807,US,2025-11-28
10808,MX,2025-10-05
10809,US,2025-11-20
10810,DE,2025-12-06
10811,US,2025-11-30
10812,US,2025-12-29
10813,FR,2025-11-11
10814,US,2025-10-28
10815,ES,2025-10-31
10816,MX,2025-12-19
10817,GB,2025-10-24
10818,DE,2025-10-19
10819,MX,2025-11-04
10820,ES,2025-10-04
10821,DE,2025-11-22
10822,FR,2025-11-09
10823,BR,2025-11-21
10824,US,2025-11-21
10825,US,2025-12-14
10826,US,2025-11-09
10827,BR,2025-12-13
10828,ES,2025-10-24
10829,BR,2025-10-05
10830,CA,2025-10-06
10831,US,2025-12-08
10832,CA,2025-11-07
10833,US,2025-12-31
10834,MX,2025-10-08
10835,MX,2025-11-05
10836,ES,2025-10-19
10837,CA,2025-11-12
10838,FR,2025-12-16
10839,US,2025-11-17
10840,US,2025-12-12
10841,DE,2025-11-25
10842,MX,2025-12-19
10843,US,2025-10-05
10844,CA,2025-11-10
10845,BR,2025-11-02
10846,ES,2025-11-20
10847,US,2025-12-12
10848,US,2025-12-27
10849,DE,2025-11-21
10850,GB,2025-12-12
10851,US,2025-12-10
10852,CA,2025-10-13
10853,US,2025-10-29
10854,GB,2025-12-11
10855,FR,2025-12-13
10856,US,2025-10-24
10857,FR,2025-11-03
10858,CA,2025-11-25
10859,MX,2025-12-03
10860,US,2025-10-03
10861,US,2025-12-12
10862,US,2025-11-06
10863,US,2025-12-04
10864,MX,2025-11-06
10865,MX,2025-12-11
10866,FR,2025-11-20
10867,CA,2025-11-02
10868,DE,2025-11-07
10869,US,2025-11-12
10870,MX,2025-10-15
10871,US,2025-10-05
10872,FR,2025-12-20
10873,CA,2025-10-21
10874,GB,2025-11-07
10875,BR,2025-10-09
10876,MX,2025-10-09
10877,US,2025-12-07
10878,FR,2025-12-07
10879,MX,2025-11-05
10880,US,2025-12-09
10881,US,2025-11-04
10882,MX,2025-10-06
10883,BR,2025-12-14
10884,US,2025-10-11
10885,US,2025-12-04
10886,FR,2025-10-01
10887,GB,2025-12-20
10888,US,2025-11-19
10889,DE,2025-12-12
10890,US,2025-11-21
10891,FR,2025-11-23
10892,FR,2025-12-30
10893,US,2025-10-14
10894,ES,2025-10-29
10895,FR,2025-11-21
10896,US,2025-10-15
10897,GB,2025-12-03
10898,MX,2025-12-24
10899,US,2025-12-15
10900,US,2025-10-17
10901,US,2025-12-03
10902,GB,2025-11-26
10903,BR,2025-11-11
10904,ES,2025-10-08
10905,US,2025-10-11
10906,MX,2025-12-13
10907,CA,2025-10-20
10908,CA,2025-10-10
10909,BR,2025-12-12
10910,DE,2025-10-07
10911,GB,2025-12-21
10912,US,2025-10-17
10913,US,2025-12-18
10914,GB,2025-12-20
10915,DE,2025-10-02
10916,FR,2025-11-16
10917,CA,2025-10-17
10918,MX,2025-11-25
10919,US,2025-10-03
10920,MX,2025-10-19
10921,US,2025-11-30
10922,MX,2025-12-24
10923,GB,2025-12-01
10924,US,2025-12-25
10925,US,2025-10-24
10926,GB,2025-11-03
10927,DE,2025-10-27
10928,ES,2025-12-08
10929,MX,2025-10-29
10930,US,2025-12-26
10931,US,2025-10-17
10932,ES,2025-11-20
10933,DE,2025-10-02
10934,US,2025-11-14
10935,CA,2025-11-13
10936,US,2025-11-28
10937,DE,2025-11-14
10938,DE,2025-10-03
10939,ES,2025-10-29
10940,GB,2025-10-11
10941,CA,2025-10-08
10942,FR,2025-11-18
10943,CA,2025-10-09
10944,DE,2025-11-07
10945,US,2025-11-01
10946,US,2025-10-26
10947,GB,2025-11-27
10948,US,2025-11-17
10949,FR,2025-10-04
10950,MX,2025-11-14
10951,ES,2025-10-16
10952,GB,2025-11-08
10953,BR,2025-11-05
10954,MX,2025-12-20
10955,US,2025-11-28
10956,CA,2025-10-13
10957,FR,2025-10-01
10958,GB,2025-12-23
10959,DE,2025-12-18
10960,CA,2025-12-13
10961,US,2025-12-21
10962,DE,2025-10-24
10963,CA,2025-12-04
10964,DE,2025-11-23
10965,US,2025-10-31
10966,CA,2025-12-09
10967,GB,2025-11-26
10968,ES,2025-11-21
10969,US,2025-11-01
10970,ES,2025-10-15
10971,GB,2025-12-10
10972,US,2025-11-03
10973,US,2025-11-24
10974,ES,2025-11-20
10975,GB,2025-12-26
10976,DE,2025-12-03
10977,CA,2025-10-09
10978,US,2025-11-13
10979,MX,2025-10-08
10980,GB,2025-11-26
10981,US,2025-10-27
10982,ES,2025-12-07
10983,DE,2025-12-10
10984,US,2025-12-10
10985,US,2025-11-08
10986,FR,2025-12-09
10987,DE,2025-12-22
10988,DE,2025-11-12
10989,US,2025-12-13
10990,FR,2025-12-19
10991,GB,2025-11-25
10992,CA,2025-10-16
10993,GB,2025-12-08
10994,US,2025-11-22
10995,FR,2025-12-26
10996,US,2025-10-17
10997,US,2025-11-06
10998,GB,2025-10-12
10999,CA,2025-12-03
11000,FR,2025-11-19
11001,FR,2025-12-19
11002,GB,2025-11-23
11003,CA,2025-12-15
11004,MX,2025-12-21
11005,US,2025-12-19
11006,US,2025-12-10
11007,US,2025-10-05
11008,US,2025-12-09
11009,GB,2025-12-01
11010,BR,2025-11-14
11011,US,2025-10-31
11012,US,2025-11-09
11013,US,2025-12-08
11014,US,2025-12-09
11015,US,2025-12-21
11016,GB,2025-12-18
11017,ES,2025-12-08
11018,GB,2025-10-23
11019,US,2025-12-11
11020,BR,2025-10-12
11021,US,2025-10-26
11022,US,2025-10-30
11023,US,2025-10-09
11024,BR,2025-11-06
11025,BR,2025-12-23
11026,US,2025-12-31
11027,ES,2025-10-14
11028,US,2025-12-14
11029,MX,2025-12-12
11030,GB,2025-12-14
11031,US,2025-12-25
11032,US,2025-12-29
11033,BR,2025-11-17
11034,GB,2025-12-22
11035,GB,2025-10-05
11036,GB,2025-10-17
11037,US,2025-12-27
11038,US,2025-10-23
11039,FR,2025-11-18
11040,US,2025-12-12
11041,CA,2025-10-25
11042,FR,2025-12-24
11043,US,2025-12-24
11044,FR,2025-11-04
11045,GB,2025-11-28
11046,CA,2025-12-31
11047,US,2025-12-17
11048,MX,2025-10-17
11049,FR,2025-12-17
11050,US,2025-10-04
11051,US,2025-10-04
11052,MX,2025-12-25
11053,DE,2025-12-08
11054,CA,2025-10-31
11055,CA,2025-10-25
11056,ES,2025-10-08
11057,BR,2025-12-10
11058,DE,2025-12-23
11059,GB,2025-10-25
11060,BR,2025-10-27
11061,MX,2025-12-09
11062,GB,2025-12-16
11063,FR,2025-11-05
11064,US,2025-12-27
11065,US,2025-11-06
11066,US,2025-11-05
11067,DE,2025-12-07
11068,US,2025-11-02
11069,MX,2025-10-28
11070,MX,2025-12-03
11071,ES,2025-12-10
11072,US,2025-10-22
11073,US,2025-12-04
11074,FR,2025-12-25
11075,MX,2025-10-02
11076,CA,2025-12-29
11077,ES,2025-12-30
11078,US,2025-10-03
11079,US,2025-12-14
11080,FR,2025-12-15
11081,FR,2025-10-11
11082,BR,2025-10-27
11083,US,2025-11-13
11084,DE,2025-11-10
11085,US,2025-12-03
11086,CA,2025-10-19
11087,US,2025-11-05
11088,CA,2025-12-15
11089,US,2025-12-10
11090,MX,2025-11-24
11091,MX,2025-10-01
11092,ES,2025-11-29
11093,CA,2025-10-26
11094,BR,2025-12-04
11095,US,2025-11-21
11096,US,2025-11-04
11097,US,2025-12-30
11098,ES,2025-12-19
11099,US,2025-12-15
11100,GB,2025-10-04
11101,FR,2025-10-12
11102,ES,2025-11-16
11103,GB,2025-12-12
11104,US,2025-11-13
11105,ES,2025-10-19
11106,MX,2025-11-14
11107,MX,2025-11-09
11108,FR,2025-11-21
11109,US,2025-10-10
11110,GB,2025-12-01
11111,DE,2025-11-25
11112,GB,2025-10-27
11113,US,2025-10-27
11114,FR,2025-11-20
11115,US,2025-12-21
11116,US,2025-10-31
11117,FR,2025-12-29
11118,ES,2025-12-30
11119,US,2025-12-02
11120,MX,2025-12-19
11121,FR,2025-10-02
11122,BR,2025-10-01
11123,US,2025-10-29
11124,CA,2025-10-06
11125,GB,2025-12-14
11126,DE,2025-10-28
11127,US,2025-10-01
11128,US,2025-12-05
11129,DE,2025-11-05
11130,US,2025-12-31
11131,US,2025-10-26
11132,US,2025-12-24
11133,US,2025-11-16
11134,US,2025-10-02
11135,CA,2025-11-01
11136,US,2025-10-19
11137,GB,2025-11-05
11138,US,2025-12-30
11139,CA,2025-11-11
11140,ES,2025-11-12
11141,MX,2025-10-10
11142,FR,2025-11-25
11143,US,2025-10-21
11144,DE,2025-11-13
11145,US,2025-12-24
11146,ES,2025-11-20
11147,ES,2025-11-11
11148,GB,2025-10-09
11149,US,2025-10-22
11150,DE,2025-12-16
11151,DE,2025-12-12
11152,GB,2025-11-08
11153,DE,2025-11-10
11154,US,2025-11-20
11155,DE,2025-12-13
11156,US,2025-10-30
11157,MX,2025-12-06
11158,CA,2025-10-19
11159,US,2025-11-26
11160,US,2025-10-24
11161,FR,2025-12-10
11162,US,2025-11-10
11163,MX,2025-12-31
11164,MX,2025-10-14
11165,US,2025-11-21
11166,US,2025-12-05
11167,MX,2025-12-04
11168,CA,2025-10-25
11169,US,2025-12-05
11170,US,2025-12-25
11171,US,2025-12-04
11172,GB,2025-12-19
11173,ES,2025-10-01
11174,US,2025-12-26
11175,CA,2025-10-10
11176,GB,2025-11-25
11177,US,2025-11-19
11178,US,2025-11-23
11179,GB,2025-11-17
11180,CA,2025-11-02
11181,US,2025-11-22
11182,US,2025-10-04
11183,FR,2025-10-03
11184,US,2025-12-12
11185,FR,2025-10-18
11186,GB,2025-11-27
11187,FR,2025-10-09
11188,BR,2025-10-29
11189,GB,2025-10-18
11190,FR,2025-11-23
11191,US,2025-12-22
11192,US,2025-12-21
11193,BR,2025-12-15
11194,MX,2025-10-17
11195,MX,2025-10-24
11196,CA,2025-10-09
11197,ES,2025-11-29
11198,GB,2025-11-09
11199,GB,2025-11-08
11200,US,2025-10-22
11201,US,2025-10-23
11202,US,2025-12-26
11203,ES,2025-11-17
11204,US,2025-12-18
11205,MX,2025-10-08
11206,DE,2025-10-12
11207,GB,2025-11-22
11208,DE,2025-11-01
11209,CA,2025-11-13
11210,US,2025-12-07
11211,US,2025-12-25
11212,BR,2025-11-15
11213,MX,2025-12-21
11214,CA,2025-12-26
11215,FR,2025-11-10
11216,CA,2025-12-25
11217,US,2025-12-21
11218,GB,2025-10-01
11219,BR,2025-12-22
11220,DE,2025-12-27
11221,BR,2025-10-22
11222,US,2025-10-12
11223,MX,2025-12-14
11224,US,2025-10-17
11225,US,2025-10-26
11226,DE,2025-12-08
11227,ES,2025-11-10
11228,FR,2025-12-02
11229,US,2025-10-22
11230,CA,2025-10-14
11231,FR,2025-11-03
11232,FR,2025-12-28
11233,US,2025-10-16
11234,US,2025-11-13
11235,BR,2025-11-18
11236,US,2025-11-26
11237,US,2025-11-02
11238,US,2025-10-15
11239,BR,2025-10-19
11240,GB,2025-12-19
11241,DE,2025-12-19
11242,BR,2025-12-17
11243,BR,2025-11-12
11244,MX,2025-11-01
11245,DE,2025-10-22
11246,GB,2025-11-16
11247,GB,2025-10-30
11248,FR,2025-10-05
11249,US,2025-10-03
11250,US,2025-12-18
11251,BR,2025-12-01
11252,MX,2025-10-16
11253,FR,2025-11-24
11254,US,2025-12-14
11255,GB,2025-10-28
11256,GB,2025-10-15
11257,US,2025-10-12
11258,US,2025-11-14
11259,CA,2025-11-16
11260,US,2025-12-25
11261,US,2025-10-26
11262,MX,2025-10-15
11263,US,2025-10-08
11264,BR,2025-10-20
11265,GB,2025-10-08
11266,MX,2025-11-10
11267,BR,2025-10-14
11268,US,2025-11-29
11269,BR,2025-10-31
11270,FR,2025-10-04
11271,FR,2025-12-23
11272,US,2025-11-07
11273,US,2025-11-14
11274,GB,2025-10-24
11275,BR,2025-11-22
11276,CA,2025-10-23
11277,FR,2025-11-12
11278,FR,2025-10-23
11279,BR,2025-12-26
11280,US,2025-11-29
11281,ES,2025-12-23
11282,MX,2025-12-04
11283,US,2025-12-03
11284,US,2025-10-18
11285,ES,2025-10-17
11286,GB,2025-10-20
11287,US,2025-12-21
11288,US,2025-12-12
11289,ES,2025-12-11
11290,US,2025-12-28
11291,GB,2025-11-21
11292,BR,2025-11-17
11293,MX,2025-11-22
11294,GB,2025-12-27
11295,US,2025-12-15
11296,GB,2025-11-27
11297,FR,2025-11-27
11298,BR,2025-10-26
11299,MX,2025-10-11
11300,GB,2025-12-28
11301,US,2025-11-25
11302,US,2025-10-18
11303,GB,2025-10-02
11304,BR,2025-12-19
11305,US,2025-11-15
11306,FR,2025-12-22
11307,CA,2025-11-15
11308,US,2025-11-03
11309,US,2025-10-31
11310,ES,2025-10-03
11311,DE,2025-11-16
11312,US,2025-12-21
11313,US,2025-12-19
11314,FR,2025-11-16
11315,US,2025-11-26
11316,MX,2025-11-01
11317,GB,2025-12-07
11318,ES,2025-11-24
11319,GB,2025-12-20
11320,US,2025-12-26
11321,MX,2025-10-22
11322,FR,2025-12-09
11323,US,2025-12-12
11324,US,2025-11-26
11325,US,2025-12-08
11326,FR,2025-12-15
11327,ES,2025-12-17
11328,MX,2025-11-25
11329,US,2025-11-06
11330,CA,2025-11-08
11331,US,2025-12-15
11332,MX,2025-12-21
11333,MX,2025-10-02
11334,BR,2025-11-14
11335,US,2025-12-11
11336,ES,2025-11-29
11337,GB,2025-11-20
11338,BR,2025-10-28
11339,FR,2025-11-09
11340,US,2025-12-05
11341,BR,2025-10-07
11342,CA,2025-12-24
11343,GB,2025-12-19
11344,ES,2025-11-04
11345,US,2025-11-25
11346,US,2025-12-15
11347,CA,2025-12-03
11348,BR,2025-12-28
11349,FR,2025-10-08
11350,DE,2025-11-26
11351,BR,2025-12-24
11352,US,2025-11-06
11353,MX,2025-11-11
11354,MX,2025-11-03
11355,US,2025-11-09
11356,FR,2025-10-06
11357,FR,2025-10-26
11358,GB,2025-11-04
11359,US,2025-12-07
11360,BR,2025-10-31
11361,US,2025-12-03
11362,GB,2025-10-31
11363,US,2025-11-08
11364,GB,2025-11-06
11365,BR,2025-12-13
11366,ES,2025-10-24
11367,BR,2025-11-23
11368,DE,2025-12-12
11369,US,2025-12-27
11370,BR,2025-11-16
11371,US,2025-11-29
11372,ES,2025-12-09
11373,ES,2025-10-15
11374,US,2025-10-11
11375,GB,2025-12-10
11376,US,2025-12-21
11377,BR,2025-10-18
11378,ES,2025-10-22
11379,US,2025-11-22
11380,DE,2025-10-28
11381,MX,2025-12-22
11382,ES,2025-12-02
11383,CA,2025-10-24
11384,FR,2025-12-14
11385,BR,2025-11-08
11386,DE,2025-12-01
11387,FR,2025-10-13
11388,GB,2025-11-20
11389,US,2025-11-16
11390,BR,2025-10-24
11391,DE,2025-12-12
11392,FR,2025-10-12
11393,GB,2025-11-26
11394,MX,2025-10-26
11395,US,2025-12-15
11396,US,2025-10-20
11397,GB,2025-11-02
11398,CA,2025-11-20
11399,GB,2025-10-30
11400,MX,2025-12-06
11401,CA,2025-10-02
11402,US,2025-12-01
11403,FR,2025-10-03
11404,US,2025-10-23
11405,GB,2025-12-08
11406,US,2025-11-19
11407,ES,2025-10-17
11408,US,2025-12-23
11409,MX,2025-10-15
11410,DE,2025-11-21
11411,US,2025-10-26
11412,GB,2025-10-19
11413,CA,2025-10-01
11414,ES,2025-12-14
11415,US,2025-11-22
11416,US,2025-10-28
11417,BR,2025-11-13
11418,GB,2025-12-24
11419,BR,2025-12-10
11420,US,2025-12-08
11421,MX,2025-11-17
11422,US,2025-10-17
11423,GB,2025-12-16
11424,US,2025-10-09
11425,ES,2025-12-06
11426,CA,2025-10-28
11427,US,2025-11-28
11428,US,2025-12-26
11429,US,2025-12-21
11430,US,2025-12-30
11431,ES,2025-11-30
11432,DE,2025-11-21
11433,CA,2025-10-21
11434,US,2025-10-14
11435,US,2025-10-09
11436,US,2025-11-15
11437,DE,2025-10-15
11438,US,2025-12-19
11439,DE,2025-12-26
11440,CA,2025-11-22
11441,GB,2025-11-17
11442,GB,2025-10-08
11443,US,2025-11-14
11444,DE,2025-11-19
11445,FR,2025-11-14
11446,US,2025-12-30
11447,ES,2025-10-17
11448,DE,2025-10-09
11449,GB,2025-12-23
11450,GB,2025-10-25
11451,US,2025-11-13
11452,US,2025-12-15
11453,FR,2025-11-20
11454,FR,2025-12-06
11455,US,2025-10-18
11456,BR,2025-12-25
11457,US,2025-12-23
11458,US,2025-10-13
11459,DE,2025-11-21
11460,GB,2025-11-17
11461,US,2025-11-25
11462,GB,2025-11-20
11463,US,2025-12-15
11464,US,2025-11-23
11465,CA,2025-11-27
11466,US,2025-10-14
11467,MX,2025-12-27
11468,GB,2025-12-01
11469,US,2025-10-23
11470,GB,2025-12-27
11471,US,2025-12-29
11472,US,2025-10-30
11473,MX,2025-10-19
11474,US,2025-12-26
11475,DE,2025-10-24
11476,FR,2025-11-18
11477,US,2025-12-17
11478,DE,2025-12-11
11479,BR,2025-10-01
11480,ES,2025-12-06
11481,DE,2025-10-11
11482,FR,2025-12-15
11483,FR,2025-11-18
11484,FR,2025-12-20
11485,DE,2025-10-08
11486,FR,2025-11-17
11487,US,2025-10-15
11488,DE,2025-10-22
11489,GB,2025-11-26
11490,CA,2025-10-27
11491,MX,2025-11-13
11492,US,2025-10-16
11493,US,2025-12-22
11494,GB,2025-10-03
11495,BR,2025-12-03
11496,ES,2025-12-29
11497,US,2025-12-07
11498,US,2025-11-30
11499,DE,2025-10-17
11500,ES,2025-10-26
11501,CA,2025-11-06
11502,CA,2025-11-03
11503,US,2025-12-30
11504,US,2025-10-19
11505,FR,2025-10-28
11506,ES,2025-12-27
11507,MX,2025-11-09
11508,FR,2025-12-25
11509,US,2025-11-29
11510,GB,2025-11-04
11511,FR,2025-12-06
11512,US,2025-12-25
11513,GB,2025-11-19
11514,DE,2025-10-11
11515,US,2025-12-05
11516,US,2025-12-05
11517,BR,2025-12-09
11518,US,2025-10-24
11519,US,2025-12-11
11520,US,2025-12-23
11521,DE,2025-12-09
11522,MX,2025-10-10
11523,BR,2025-10-11
11524,GB,2025-11-05
11525,US,2025-10-28
11526,GB,2025-12-08
11527,MX,2025-12-02
11528,US,2025-10-17
11529,MX,2025-10-12
11530,MX,2025-12-01
11531,GB,2025-12-28
11532,ES,2025-12-04
11533,US,2025-11-30
11534,GB,2025-12-19
11535,GB,2025-11-16
11536,MX,2025-12-29
11537,MX,2025-12-26
11538,GB,2025-10-14
11539,BR,2025-10-14
11540,CA,2025-10-18
11541,GB,2025-10-31
11542,GB,2025-10-31
11543,US,2025-11-26
11544,CA,2025-11-19
11545,FR,2025-11-07
11546,US,2025-12-15
11547,MX,2025-10-23
11548,GB,2025-12-20
11549,US,2025-12-08
11550,US,2025-12-27
11551,US,2025-10-06
11552,BR,2025-10-26
11553,US,2025-10-20
11554,DE,2025-11-16
11555,GB,2025-10-04
11556,DE,2025-12-31
11557,US,2025-11-05
11558,BR,2025-11-20
11559,FR,2025-12-18
11560,MX,2025-12-09
11561,BR,2025-10-11
11562,CA,2025-12-15
11563,DE,2025-11-24
11564,GB,2025-10-20
11565,DE,2025-11-14
11566,ES,2025-11-30
11567,DE,2025-12-23
11568,BR,2025-10-31
11569,US,2025-10-18
11570,MX,2025-11-16
11571,ES,2025-12-04
11572,ES,2025-12-29
11573,US,2025-12-02
11574,GB,2025-10-30
11575,US,2025-11-30
11576,US,2025-12-21
11577,CA,2025-11-19
11578,US,2025-11-30
11579,GB,2025-11-21
11580,MX,2025-10-01
11581,CA,2025-12-15
11582,FR,2025-10-14
11583,CA,2025-12-17
11584,US,2025-11-16
11585,US,2025-11-26
11586,US,2025-12-02
11587,DE,2025-12-09
11588,GB,2025-12-20
11589,CA,2025-12-05
11590,DE,2025-11-05
11591,US,2025-11-02
11592,US,2025-11-10
11593,US,2025-12-15
11594,US,2025-12-25
11595,MX,2025-12-29
11596,US,2025-10-11
11597,MX,2025-10-11
11598,US,2025-11-22
11599,US,2025-12-05
11600,GB,2025-12-11
11601,CA,2025-12-14
11602,DE,2025-10-28
11603,FR,2025-12-30
11604,CA,2025-12-20
11605,MX,2025-12-30
11606,DE,2025-12-01
11607,US,2025-12-26
11608,DE,2025-10-23
11609,CA,2025-12-25
11610,US,2025-12-04
11611,MX,2025-11-03
11612,GB,2025-11-26
11613,FR,2025-10-09
11614,FR,2025-10-07
11615,US,2025-11-30
11616,US,2025-10-24
11617,US,2025-12-19
11618,US,2025-10-10
11619,MX,2025-10-22
11620,MX,2025-10-16
11621,MX,2025-12-05
11622,US,2025-12-10
11623,US,2025-12-26
11624,BR,2025-11-08
11625,US,2025-11-16
11626,US,2025-10-16
11627,DE,2025-10-18
11628,US,2025-11-28
11629,US,2025-10-25
11630,US,2025-10-10
11631,BR,2025-12-26
11632,US,2025-10-21
11633,GB,2025-12-03
11634,GB,2025-12-08
11635,CA,2025-12-21
11636,ES,2025-11-06
11637,DE,2025-12-27
11638,US,2025-10-08
11639,US,2025-12-04
11640,US,2025-10-18
11641,GB,2025-10-08
11642,US,2025-11-12
11643,MX,2025-11-03
11644,US,2025-11-13
11645,FR,2025-11-07
11646,DE,2025-12-06
11647,GB,2025-10-05
11648,GB,2025-12-03
11649,CA,2025-11-02
11650,US,2025-11-05
11651,US,2025-11-19
11652,CA,2025-12-29
11653,FR,2025-10-27
11654,US,2025-11-04
11655,US,2025-10-06
11656,MX,2025-10-25
11657,US,2025-12-16
11658,US,2025-10-07
11659,DE,2025-11-22
11660,US,2025-11-17
11661,US,2025-11-10
11662,US,2025-11-27
11663,US,2025-11-02
11664,DE,2025-12-07
11665,ES,2025-10-02
11666,BR,2025-12-02
11667,US,2025-11-26
11668,US,2025-12-09
11669,GB,2025-12-11
11670,GB,2025-12-25
11671,DE,2025-10-16
11672,US,2025-11-23
11673,US,2025-12-30
11674,US,2025-12-30
11675,CA,2025-11-21
11676,DE,2025-12-11
11677,US,2025-12-02
11678,US,2025-10-15
11679,US,2025-12-29
11680,DE,2025-11-08
11681,GB,2025-11-09
11682,DE,2025-12-05
11683,US,2025-10-29
11684,MX,2025-10-20
11685,FR,2025-11-18
11686,US,2025-12-21
11687,DE,2025-10-14
11688,DE,2025-12-14
11689,MX,2025-12-25
11690,DE,2025-11-27
11691,DE,2025-12-22
11692,US,2025-10-23
11693,ES,2025-11-01
11694,ES,2025-11-28
11695,US,2025-10-11
11696,ES,2025-12-18
11697,BR,2025-11-15
11698,MX,2025-12-02
11699,DE,2025-12-19
11700,FR,2025-10-24
11701,US,2025-12-07
11702,US,2025-12-30
11703,FR,2025-11-17
11704,MX,2025-11-17
11705,BR,2025-12-19
11706,MX,2025-12-17
11707,FR,2025-11-26
11708,BR,2025-12-09
11709,GB,2025-12-14
11710,DE,2025-12-20
11711,US,2025-10-03
11712,BR,2025-10-27
11713,GB,2025-11-16
11714,US,2025-10-04
11715,US,2025-11-04
11716,US,2025-12-18
11717,CA,2025-11-07
11718,DE,2025-11-30
11719,US,2025-10-26
11720,FR,2025-10-30
11721,US,2025-11-03
11722,US,2025-10-29
11723,US,2025-10-08
11724,ES,2025-11-15
11725,US,2025-11-08
11726,FR,2025-12-25
11727,MX,2025-10-06
11728,US,2025-10-17
11729,CA,2025-10-12
11730,US,2025-12-26
11731,GB,2025-11-21
11732,GB,2025-11-05
11733,MX,2025-11-06
11734,DE,2025-12-18
11735,DE,2025-10-18
11736,GB,2025-10-25
11737,DE,2025-12-14
11738,CA,2025-12-02
11739,US,2025-12-20
11740,MX,2025-11-26
11741,MX,2025-11-16
11742,US,2025-12-20
11743,GB,2025-12-23
11744,MX,2025-12-30
11745,GB,2025-10-12
11746,US,2025-12-01
11747,US,2025-11-18
11748,US,2025-12-11
11749,FR,2025-12-28
11750,GB,2025-10-31
11751,US,2025-12-27
11752,US,2025-10-20
11753,US,2025-10-09
11754,DE,2025-12-01
11755,FR,2025-10-07
11756,US,2025-10-16
11757,ES,2025-12-14
11758,US,2025-10-22
11759,US,2025-10-31
11760,US,2025-11-26
11761,US,2025-10-16
11762,US,2025-10-10
11763,DE,2025-11-18
11764,MX,2025-10-12
11765,DE,2025-11-04
11766,US,2025-12-02
11767,DE,2025-12-07
11768,US,2025-11-15
11769,US,2025-10-12
11770,ES,2025-10-13
11771,DE,2025-11-15
11772,DE,2025-11-23
11773,GB,2025-11-16
11774,CA,2025-12-10
11775,GB,2025-11-19
11776,MX,2025-11-14
11777,DE,2025-11-07
11778,GB,2025-10-13
11779,FR,2025-11-12
11780,FR,2025-10-19
11781,FR,2025-12-31
11782,US,2025-12-11
11783,US,2025-10-01
11784,CA,2025-10-15
11785,ES,2025-10-04
11786,GB,2025-12-30
11787,BR,2025-12-20
11788,FR,2025-12-24
11789,GB,2025-10-15
11790,US,2025-10-24
11791,MX,2025-12-22
11792,FR,2025-10-26
11793,DE,2025-11-07
11794,US,2025-12-30
11795,ES,2025-12-29
11796,MX,2025-12-19
11797,US,2025-10-23
11798,MX,2025-12-30
11799,ES,2025-11-11
11800,FR,2025-12-05
11801,CA,2025-11-11
11802,GB,2025-11-18
11803,US,2025-12-09
11804,DE,2025-10-30
11805,US,2025-10-23
11806,GB,2025-10-15
11807,US,2025-11-09
11808,US,2025-12-03
11809,US,2025-11-06
11810,ES,2025-12-10
11811,US,2025-12-24
11812,MX,2025-12-07
11813,US,2025-10-23
11814,MX,2025-10-31
11815,FR,2025-12-14
11816,US,2025-12-06
11817,GB,2025-10-05
11818,CA,2025-12-05
11819,US,2025-12-21
11820,DE,2025-11-07
11821,US,2025-12-14
11822,GB,2025-10-10
11823,ES,2025-10-28
11824,DE,2025-12-30
11825,US,2025-10-30
11826,GB,2025-11-29
11827,DE,2025-10-05
11828,US,2025-11-27
11829,ES,2025-12-12
11830,US,2025-10-07
11831,US,2025-12-09
11832,BR,2025-11-26
11833,MX,2025-11-19
11834,US,2025-11-20
11835,MX,2025-10-15
11836,US,2025-11-06
11837,DE,2025-11-18
11838,MX,2025-12-02
11839,MX,2025-10-29
11840,US,2025-12-23
11841,ES,2025-11-18
11842,US,2025-12-24
11843,BR,2025-12-26
11844,DE,2025-10-11
11845,MX,2025-10-11
11846,US,2025-10-11
11847,GB,2025-12-20
11848,GB,2025-11-03
11849,US,2025-10-30
11850,US,2025-12-06
11851,US,2025-11-09
11852,US,2025-10-13
11853,GB,2025-11-30
11854,ES,2025-10-20
11855,US,2025-11-17
11856,ES,2025-10-25
11857,CA,2025-10-12
11858,FR,2025-11-18
11859,US,2025-12-24
11860,US,2025-12-25
11861,FR,2025-12-03
11862,FR,2025-11-29
11863,DE,2025-10-29
11864,GB,2025-11-19
11865,US,2025-10-21
11866,ES,2025-11-19
11867,BR,2025-12-03
11868,DE,2025-11-27
11869,CA,2025-12-20
11870,ES,2025-12-10
11871,GB,2025-11-04
11872,GB,2025-11-12
11873,US,2025-11-27
11874,CA,2025-11-27
11875,US,2025-11-14
11876,CA,2025-12-12
11877,BR,2025-11-27
11878,US,2025-11-02
11879,US,2025-12-31
11880,MX,2025-11-04
11881,DE,2025-12-28
11882,CA,2025-10-10
11883,DE,2025-11-26
11884,CA,2025-10-21
11885,BR,2025-11-30
11886,US,2025-11-25
11887,US,2025-12-03
11888,DE,2025-12-19
11889,MX,2025-12-24
11890,DE,2025-11-09
11891,DE,2025-12-20
11892,DE,2025-11-20
11893,CA,2025-12-03
11894,US,2025-12-01
11895,US,2025-12-27
11896,MX,2025-11-12
11897,GB,2025-11-28
11898,FR,2025-12-09
11899,ES,2025-10-14
11900,DE,2025-10-15
11901,BR,2025-11-28
11902,US,2025-10-15
11903,BR,2025-10-15
11904,US,2025-12-29
11905,FR,2025-10-05
11906,US,2025-11-30
11907,CA,2025-10-26
11908,US,2025-10-02
11909,US,2025-11-23
11910,DE,2025-11-18
11911,US,2025-10-21
11912,US,2025-12-19
11913,US,2025-11-29
11914,FR,2025-12-20
11915,FR,2025-10-26
11916,CA,2025-12-27
11917,ES,2025-12-12
11918,US,2025-11-11
11919,US,2025-11-27
11920,BR,2025-10-10
11921,US,2025-11-21
11922,FR,2025-12-22
11923,ES,2025-10-02
11924,US,2025-12-29
11925,MX,2025-10-05
11926,CA,2025-10-10
11927,ES,2025-11-17
11928,ES,2025-10-25
11929,US,2025-12-15
11930,ES,2025-10-29
11931,GB,2025-11-02
11932,MX,2025-10-31
11933,MX,2025-11-08
11934,FR,2025-12-19
11935,US,2025-10-26
11936,CA,2025-10-31
11937,US,2025-11-07
11938,CA,2025-10-04
11939,DE,2025-11-03
11940,FR,2025-12-09
11941,US,2025-12-22
11942,US,2025-11-16
11943,GB,2025-10-25
11944,US,2025-12-14
11945,US,2025-11-26
11946,FR,2025-11-30
11947,US,2025-11-16
11948,FR,2025-12-29
11949,BR,2025-10-10
11950,CA,2025-11-15
11951,US,2025-11-10
11952,CA,2025-11-16
11953,FR,2025-11-21
11954,BR,2025-12-27
11955,US,2025-10-13
11956,BR,2025-10-18
11957,US,2025-12-18
11958,FR,2025-11-05
11959,US,2025-12-15
11960,MX,2025-12-29
11961,US,2025-10-14
11962,US,2025-12-30
11963,GB,2025-10-08
11964,GB,2025-12-14
11965,FR,2025-11-15
11966,US,2025-12-04
11967,MX,2025-12-10
11968,US,2025-12-16
11969,GB,2025-11-10
11970,US,2025-12-21
11971,ES,2025-12-09
11972,MX,2025-11-28
11973,BR,2025-11-23
11974,CA,2025-11-14
11975,CA,2025-12-06
11976,FR,2025-11-18
11977,DE,2025-11-14
11978,CA,2025-10-29
11979,DE,2025-12-31
11980,CA,2025-11-04
11981,US,2025-10-21
11982,US,2025-12-10
11983,CA,2025-12-18
11984,MX,2025-10-05
11985,US,2025-12-05
11986,GB,2025-12-20
11987,US,2025-10-04
11988,GB,2025-10-27
11989,MX,2025-11-15
11990,GB,2025-11-23
11991,FR,2025-12-31
11992,GB,2025-10-18
11993,GB,2025-10-25
11994,GB,2025-12-14
11995,MX,2025-12-28
11996,ES,2025-12-09
11997,DE,2025-10-03
11998,US,2025-10-18
11999,US,2025-12-16
12000,MX,2025-11-14
12001,ES,2025-11-25
12002,US,2025-11-16
12003,US,2025-12-09
12004,ES,2025-11-24
12005,DE,2025-11-27
12006,BR,2025-10-04
12007,US,2025-10-10
12008,US,2025-12-12
12009,US,2025-12-09
12010,US,2025-12-04
12011,FR,2025-12-10
12012,MX,2025-11-26
12013,MX,2025-10-03
12014,GB,2025-11-02
12015,MX,2025-11-14
12016,US,2025-11-27
12017,DE,2025-11-17
12018,DE,2025-11-23
12019,FR,2025-12-28
12020,MX,2025-10-26
12021,US,2025-11-10
12022,ES,2025-11-07
12023,US,2025-12-01
12024,US,2025-12-26
12025,GB,2025-12-31
12026,FR,2025-10-29
12027,ES,2025-10-11
12028,BR,2025-11-15
12029,US,2025-11-07
12030,US,2025-11-02
12031,DE,2025-11-29
12032,GB,2025-12-01
12033,US,2025-10-04
12034,DE,2025-11-06
12035,ES,2025-10-31
12036,US,2025-12-24
12037,GB,2025-12-26
12038,CA,2025-10-14
12039,GB,2025-12-27
12040,US,2025-10-28
12041,FR,2025-10-13
12042,US,2025-12-29
12043,GB,2025-10-25
12044,US,2025-11-30
12045,US,2025-11-07
12046,ES,2025-12-07
12047,US,2025-10-24
12048,ES,2025-11-11
12049,FR,2025-10-21
12050,BR,2025-10-06
12051,BR,2025-12-03
12052,US,2025-10-05
12053,DE,2025-10-09
12054,GB,2025-12-10
12055,BR,2025-11-08
12056,DE,2025-12-29
12057,MX,2025-10-28
12058,CA,2025-11-13
12059,DE,2025-10-26
12060,MX,2025-12-05
12061,GB,2025-10-04
12062,US,2025-11-01
12063,US,2025-11-09
12064,US,2025-12-09
12065,DE,2025-12-12
12066,ES,2025-10-25
12067,ES,2025-12-31
12068,BR,2025-11-04
12069,DE,2025-10-25
12070,US,2025-12-11
12071,US,2025-12-17
12072,ES,2025-11-16
12073,US,2025-11-25
12074,US,2025-11-17
12075,MX,2025-12-18
12076,DE,2025-10-03
12077,ES,2025-11-13
12078,US,2025-10-29
12079,GB,2025-11-21
12080,FR,2025-10-25
12081,DE,2025-12-13
12082,FR,2025-11-09
12083,GB,2025-11-06
12084,FR,2025-10-17
12085,CA,2025-11-20
12086,BR,2025-12-25
12087,BR,2025-12-18
12088,MX,2025-12-15
12089,MX,2025-11-23
12090,GB,2025-12-13
12091,US,2025-10-02
12092,FR,2025-11-07
12093,GB,2025-11-17
12094,US,2025-11-29
12095,US,2025-11-07
12096,FR,2025-11-01
12097,CA,2025-10-06
12098,FR,2025-10-27
12099,CA,2025-10-06
12100,ES,2025-12-23
12101,CA,2025-11-12
12102,ES,2025-12-12
12103,CA,2025-12-29
12104,CA,2025-12-19
12105,US,2025-12-11
12106,DE,2025-11-28
12107,US,2025-11-19
12108,DE,2025-12-01
12109,MX,2025-10-05
12110,FR,2025-12-30
12111,GB,2025-10-20
12112,ES,2025-11-22
12113,MX,2025-10-14
12114,US,2025-10-25
12115,ES,2025-10-24
12116,FR,2025-10-20
12117,FR,2025-10-30
12118,BR,2025-12-24
12119,US,2025-12-23
12120,US,2025-10-19
12121,DE,2025-10-15
12122,GB,2025-10-06
12123,MX,2025-11-26
12124,MX,2025-11-22
12125,DE,2025-10-01
12126,US,2025-10-09
12127,US,2025-12-26
12128,US,2025-11-12
12129,ES,2025-10-31
12130,US,2025-10-29
12131,ES,2025-12-15
12132,US,2025-10-31
12133,GB,2025-12-18
12134,MX,2025-12-09
12135,MX,2025-10-04
12136,US,2025-10-31
12137,BR,2025-12-14
12138,GB,2025-12-24
12139,FR,2025-10-31
12140,FR,2025-12-15
12141,DE,2025-12-13
12142,US,2025-12-17
12143,FR,2025-12-27
12144,MX,2025-10-25
12145,FR,2025-11-30
12146,FR,2025-11-01
12147,US,2025-11-12
12148,CA,2025-10-25
12149,MX,2025-11-22
12150,GB,2025-11-07
12151,ES,2025-11-04
12152,US,2025-10-27
12153,GB,2025-10-29
12154,MX,2025-11-06
12155,US,2025-10-28
12156,GB,2025-11-27
12157,DE,2025-11-08
12158,US,2025-11-24
12159,US,2025-10-09
12160,MX,2025-12-09
12161,ES,2025-11-07
12162,FR,2025-12-16
12163,GB,2025-12-31
12164,CA,2025-11-05
12165,ES,2025-10-09
12166,MX,2025-12-22
12167,US,2025-10-27
12168,BR,2025-11-07
12169,US,2025-11-01
12170,FR,2025-10-21
12171,MX,2025-12-17
12172,DE,2025-11-05
12173,FR,2025-11-03
12174,DE,2025-10-26
12175,DE,2025-12-04
12176,DE,2025-10-24
12177,CA,2025-10-03
12178,US,2025-10-11
12179,US,2025-12-16
12180,GB,2025-12-20
12181,US,2025-10-19
12182,ES,2025-10-23
12183,US,2025-12-05
12184,GB,2025-12-22
12185,US,2025-11-14
12186,MX,2025-12-23
12187,DE,2025-10-18
12188,FR,2025-12-31
12189,US,2025-11-07
12190,DE,2025-11-02
12191,ES,2025-11-08
12192,US,2025-10-03
12193,DE,2025-12-16
12194,US,2025-12-11
12195,GB,2025-10-12
12196,ES,2025-12-12
12197,US,2025-10-15
12198,DE,2025-12-23
12199,US,2025-10-26
12200,BR,2025-11-18
12201,US,2025-12-07
12202,BR,2025-12-18
12203,DE,2025-10-14
12204,US,2025-10-30
12205,US,2025-11-22
12206,US,2025-10-06
12207,CA,2025-10-27
12208,US,2025-10-22
12209,US,2025-12-08
12210,DE,2025-12-20
12211,GB,2025-11-17
12212,US,2025-12-09
12213,GB,2025-12-01
12214,GB,2025-10-15
12215,US,2025-12-12
12216,US,2025-11-01
12217,US,2025-10-01
12218,GB,2025-11-13
12219,US,2025-12-07
12220,BR,2025-12-24
12221,CA,2025-12-21
12222,MX,2025-12-15
12223,DE,2025-12-19
12224,US,2025-10-22
12225,US,2025-10-30
12226,MX,2025-10-24
12227,US,2025-12-31
12228,GB,2025-12-23
12229,US,2025-11-27
12230,FR,2025-12-09
12231,ES,2025-10-14
12232,US,2025-12-09
12233,MX,2025-12-22
12234,US,2025-11-05
12235,US,2025-10-28
12236,US,2025-12-23
12237,BR,2025-11-03
12238,DE,2025-10-17
12239,US,2025-12-12
12240,DE,2025-10-03
12241,DE,2025-10-25
12242,GB,2025-12-26
12243,FR,2025-11-16
12244,GB,2025-10-11
12245,DE,2025-11-02
12246,ES,2025-10-02
12247,FR,2025-12-03
12248,BR,2025-12-15
12249,US,2025-11-07
12250,GB,2025-11-13
12251,DE,2025-10-07
12252,GB,2025-12-25
12253,CA,2025-10-18
12254,DE,2025-11-13
12255,US,2025-12-07
12256,US,2025-11-28
12257,ES,2025-11-12
12258,FR,2025-11-11
12259,CA,2025-12-21
12260,BR,2025-11-18
12261,US,2025-11-19
12262,ES,2025-10-24
12263,CA,2025-10-19
12264,GB,2025-10-09
12265,US,2025-11-02
12266,US,2025-11-14
12267,BR,2025-11-07
12268,GB,2025-11-13
12269,ES,2025-12-25
12270,GB,2025-11-28
12271,GB,2025-10-29
12272,GB,2025-10-10
12273,US,2025-12-30
12274,CA,2025-10-26
12275,GB,2025-12-29
12276,US,2025-10-10
12277,US,2025-11-20
12278,US,2025-10-02
12279,US,2025-10-28
12280,MX,2025-10-25
12281,CA,2025-10-10
12282,BR,2025-10-11
12283,CA,2025-11-03
12284,US,2025-10-19
12285,FR,2025-10-01
12286,US,2025-11-21
12287,US,2025-11-27
12288,US,2025-11-19
12289,DE,2025-11-26
12290,CA,2025-10-27
12291,ES,2025-10-20
12292,US,2025-10-03
12293,CA,2025-12-09
12294,GB,2025-12-25
12295,ES,2025-12-07
12296,FR,2025-12-30
12297,CA,2025-12-23
12298,GB,2025-11-01
12299,US,2025-10-09
12300,BR,2025-11-26
12301,GB,2025-11-13
12302,US,2025-10-14
12303,GB,2025-11-11
12304,US,2025-11-29
12305,DE,2025-11-07
12306,US,2025-10-19
12307,MX,2025-12-05
12308,ES,2025-11-18
12309,GB,2025-10-02
12310,ES,2025-12-26
12311,ES,2025-12-26
12312,DE,2025-12-10
12313,DE,2025-12-03
12314,DE,2025-10-27
12315,MX,2025-12-07
12316,DE,2025-12-19
12317,DE,2025-11-28
12318,FR,2025-10-28
12319,US,2025-11-23
12320,US,2025-12-03
12321,MX,2025-10-11
12322,GB,2025-10-23
12323,CA,2025-12-21
12324,CA,2025-12-20
12325,US,2025-11-21
12326,GB,2025-10-13
12327,ES,2025-12-01
12328,GB,2025-10-20
12329,US,2025-11-25
12330,GB,2025-11-29
12331,CA,2025-12-19
12332,CA,2025-10-04
12333,US,2025-11-03
12334,GB,2025-12-08
12335,US,2025-10-12
12336,FR,2025-10-31
12337,US,2025-11-08
12338,DE,2025-12-17
12339,US,2025-10-13
12340,US,2025-10-27
12341,MX,2025-12-27
12342,US,2025-11-28
12343,US,2025-10-02
12344,GB,2025-11-17
12345,FR,2025-12-14
12346,US,2025-12-14
12347,US,2025-10-15
12348,ES,2025-10-27
12349,GB,2025-12-10
12350,FR,2025-10-04
12351,CA,2025-10-19
12352,DE,2025-12-24
12353,GB,2025-11-01
12354,DE,2025-10-26
12355,MX,2025-10-21
12356,US,2025-12-18
12357,CA,2025-12-15
12358,US,2025-11-01
12359,US,2025-11-21
12360,CA,2025-10-30
12361,FR,2025-12-17
12362,US,2025-10-26
12363,BR,2025-11-25
12364,FR,2025-12-12
12365,US,2025-10-23
12366,CA,2025-10-15
12367,CA,2025-12-16
12368,GB,2025-12-02
12369,FR,2025-10-15
12370,US,2025-11-14
12371,BR,2025-11-10
12372,US,2025-11-20
12373,US,2025-10-30
12374,CA,2025-12-18
12375,US,2025-10-06
12376,CA,2025-10-02
12377,CA,2025-11-21
12378,MX,2025-12-02
12379,US,2025-11-12
12380,CA,2025-11-24
12381,US,2025-11-10
12382,CA,2025-10-24
12383,GB,2025-12-03
12384,US,2025-10-02
12385,ES,2025-10-29
12386,US,2025-12-22
12387,DE,2025-11-18
12388,US,2025-11-24
12389,US,2025-11-17
12390,DE,2025-12-31
12391,BR,2025-11-10
12392,US,2025-11-23
12393,CA,2025-11-27
12394,FR,2025-11-06
12395,GB,2025-12-23
12396,US,2025-11-27
12397,US,2025-10-07
12398,BR,2025-12-28
12399,US,2025-10-10
12400,US,2025-10-19
12401,DE,2025-12-11
12402,DE,2025-12-30
12403,US,2025-10-25
12404,MX,2025-11-01
12405,CA,2025-11-05
12406,DE,2025-11-13
12407,CA,2025-10-04
12408,US,2025-11-20
12409,FR,2025-12-06
12410,US,2025-10-12
12411,GB,2025-12-15
12412,US,2025-10-24
12413,GB,2025-10-22
12414,US,2025-10-31
12415,FR,2025-11-18
12416,CA,2025-10-29
12417,GB,2025-11-27
12418,DE,2025-10-03
12419,MX,2025-10-25
12420,BR,2025-12-08
12421,US,2025-10-01
12422,BR,2025-12-20
12423,BR,2025-10-10
12424,FR,2025-10-26
12425,CA,2025-10-07
12426,US,2025-10-02
12427,CA,2025-12-23
12428,DE,2025-11-26
12429,US,2025-11-01
12430,US,2025-11-13
12431,ES,2025-12-25
12432,BR,2025-10-11
12433,GB,2025-10-10
12434,MX,2025-12-21
12435,US,2025-10-27
12436,GB,2025-11-26
12437,US,2025-11-26
12438,MX,2025-12-13
12439,US,2025-12-11
12440,FR,2025-10-11
12441,CA,2025-12-28
12442,GB,2025-11-08
12443,US,2025-11-25
12444,GB,2025-11-28
12445,US,2025-10-21
12446,US,2025-11-08
12447,US,2025-12-12
12448,US,2025-12-15
12449,GB,2025-10-12
12450,BR,2025-12-26
12451,FR,2025-11-24
12452,US,2025-12-11
12453,CA,2025-12-06
12454,ES,2025-11-03
12455,US,2025-11-02
12456,US,2025-11-06
12457,DE,2025-10-19
12458,US,2025-11-19
12459,GB,2025-12-13
12460,MX,2025-10-13
12461,FR,2025-11-04
12462,MX,2025-11-26
12463,GB,2025-11-11
12464,US,2025-12-08
12465,ES,2025-12-05
12466,US,2025-10-08
12467,FR,2025-12-29
12468,GB,2025-12-09
12469,MX,2025-10-07
12470,CA,2025-11-27
12471,US,2025-11-04
12472,DE,2025-12-06
12473,US,2025-11-23
12474,FR,2025-10-14
12475,FR,2025-12-18
12476,US,2025-12-05
12477,US,2025-12-27
12478,GB,2025-10-20
12479,DE,2025-10-09
12480,US,2025-11-10
12481,FR,2025-11-29
12482,DE,2025-12-21
12483,GB,2025-10-10
12484,FR,2025-12-05
12485,ES,2025-10-03
12486,US,2025-11-06
12487,ES,2025-12-16
12488,FR,2025-12-24
12489,BR,2025-11-22
12490,US,2025-10-11
12491,ES,2025-11-15
12492,DE,2025-10-13
12493,CA,2025-11-27
12494,US,2025-12-14
12495,ES,2025-11-07
12496,US,2025-11-03
12497,FR,2025-12-26
12498,MX,2025-12-10
12499,GB,2025-10-22
12500,FR,2025-10-05
12501,US,2025-12-22
12502,US,2025-10-08
12503,US,2025-11-29
12504,CA,2025-11-14
12505,US,2025-11-19
12506,FR,2025-11-07
12507,DE,2025-11-17
12508,BR,2025-12-02
12509,US,2025-11-11
12510,US,2025-11-20
12511,BR,2025-12-23
12512,FR,2025-12-23
12513,ES,2025-10-28
12514,ES,2025-10-01
12515,US,2025-12-13
12516,GB,2025-11-09
12517,MX,2025-11-15
12518,BR,2025-11-30
12519,GB,2025-11-16
12520,US,2025-10-06
12521,US,2025-12-01
12522,CA,2025-12-22
12523,US,2025-11-28
12524,FR,2025-12-05
12525,CA,2025-12-26
12526,US,2025-11-09
12527,GB,2025-10-20
12528,ES,2025-11-27
12529,BR,2025-11-19
12530,US,2025-10-25
12531,FR,2025-11-18
12532,GB,2025-11-14
12533,GB,2025-11-12
12534,MX,2025-10-17
12535,DE,2025-11-25
12536,GB,2025-10-05
12537,BR,2025-11-16
12538,US,2025-10-19
12539,DE,2025-11-14
12540,FR,2025-12-10
12541,US,2025-10-03
12542,US,2025-10-31
12543,US,2025-11-10
12544,FR,2025-12-03
12545,GB,2025-12-02
12546,CA,2025-12-22
12547,ES,2025-12-16
12548,ES,2025-10-15
12549,CA,2025-12-22
12550,CA,2025-12-06
12551,BR,2025-12-30
12552,BR,2025-11-10
12553,FR,2025-11-25
12554,FR,2025-11-28
12555,US,2025-11-01
12556,FR,2025-12-24
12557,US,2025-10-25
12558,US,2025-12-12
12559,CA,2025-12-07
12560,US,2025-12-16
12561,US,2025-10-17
12562,US,2025-10-16
12563,DE,2025-10-07
12564,GB,2025-12-15
12565,US,2025-10-23
12566,MX,2025-12-29
12567,CA,2025-11-21
12568,DE,2025-12-26
12569,US,2025-10-26
12570,US,2025-12-13
12571,DE,2025-10-01
12572,DE,2025-12-16
12573,GB,2025-10-02
12574,US,2025-11-21
12575,US,2025-11-14
12576,ES,2025-12-26
12577,ES,2025-12-07
12578,US,2025-12-08
12579,MX,2025-12-06
12580,MX,2025-10-09
12581,US,2025-10-09
12582,US,2025-11-03
12583,US,2025-11-27
12584,ES,2025-10-11
12585,MX,2025-12-13
12586,US,2025-12-24
12587,US,2025-11-07
12588,GB,2025-10-01
12589,FR,2025-12-10
12590,US,2025-11-16
12591,DE,2025-10-18
12592,US,2025-12-04
12593,US,2025-10-24
12594,GB,2025-11-08
12595,US,2025-11-03
12596,MX,2025-12-24
12597,MX,2025-12-25
12598,US,2025-11-01
12599,FR,2025-11-23
12600,DE,2025-11-05
12601,DE,2025-12-20
12602,GB,2025-10-22
12603,US,2025-12-29
12604,GB,2025-12-19
12605,BR,2025-11-13
12606,GB,2025-11-27
12607,DE,2025-11-29
12608,US,2025-12-07
12609,FR,2025-12-20
12610,MX,2025-11-25
12611,US,2025-10-07
12612,MX,2025-11-08
12613,ES,2025-11-12
12614,GB,2025-10-02
12615,US,2025-10-04
12616,US,2025-12-09
12617,GB,2025-10-20
12618,ES,2025-12-27
12619,BR,2025-12-20
12620,BR,2025-10-20
12621,US,2025-12-06
12622,US,2025-11-29
12623,DE,2025-11-01
12624,US,2025-11-28
12625,BR,2025-11-06
12626,GB,2025-10-05
12627,BR,2025-11-13
12628,DE,2025-11-20
12629,GB,2025-12-20
12630,US,2025-12-01
12631,BR,2025-12-08
12632,GB,2025-12-15
12633,US,2025-10-11
12634,ES,2025-11-19
12635,GB,2025-11-07
12636,ES,2025-10-01
12637,FR,2025-11-22
12638,US,2025-11-18
12639,US,2025-11-06
12640,FR,2025-12-27
12641,US,2025-10-19
12642,FR,2025-11-19
12643,ES,2025-10-09
12644,DE,2025-11-29
12645,GB,2025-11-12
12646,MX,2025-10-02
12647,FR,2025-12-11
12648,GB,2025-12-16
12649,US,2025-10-10
12650,DE,2025-11-03
12651,US,2025-12-20
12652,US,2025-10-09
12653,CA,2025-11-23
12654,FR,2025-12-19
12655,DE,2025-12-19
12656,CA,2025-10-29
12657,FR,2025-12-29
12658,BR,2025-12-21
12659,US,2025-12-05
12660,US,2025-10-31
12661,GB,2025-11-12
12662,US,2025-10-19
12663,MX,2025-10-23
12664,US,2025-12-29
12665,GB,2025-10-09
12666,US,2025-10-02
12667,US,2025-10-02
12668,GB,2025-11-11
12669,FR,2025-12-22
12670,DE,2025-11-28
12671,US,2025-11-14
12672,CA,2025-12-26
12673,MX,2025-11-26
12674,ES,2025-11-21
12675,US,2025-12-27
12676,DE,2025-11-12
12677,US,2025-12-02
12678,FR,2025-10-24
12679,US,2025-11-03
12680,CA,2025-10-28
12681,CA,2025-12-11
12682,GB,2025-10-26
12683,US,2025-11-07
12684,DE,2025-11-14
12685,ES,2025-10-26
12686,GB,2025-10-07
12687,US,2025-10-14
12688,US,2025-12-15
12689,DE,2025-10-21
12690,CA,2025-12-23
12691,MX,2025-12-02
12692,FR,2025-11-05
12693,GB,2025-11-28
12694,MX,2025-11-30
12695,US,2025-10-31
12696,US,2025-12-28
12697,US,2025-10-27
12698,US,2025-12-12
12699,CA,2025-12-19
12700,ES,2025-11-14
12701,US,2025-11-26
12702,MX,2025-10-08
12703,GB,2025-10-28
12704,ES,2025-11-06
12705,ES,2025-10-13
12706,GB,2025-10-24
12707,BR,2025-12-05
12708,GB,2025-10-07
12709,MX,2025-12-15
12710,DE,2025-10-11
12711,FR,2025-10-08
12712,US,2025-11-16
12713,MX,2025-11-21
12714,US,2025-12-06
12715,US,2025-10-19
12716,CA,2025-10-04
12717,GB,2025-12-09
12718,MX,2025-10-24
12719,CA,2025-12-22
12720,BR,2025-10-08
12721,MX,2025-10-09
12722,US,2025-12-04
12723,GB,2025-12-03
12724,DE,2025-12-02
12725,MX,2025-10-22
12726,GB,2025-10-19
12727,US,2025-10-15
12728,DE,2025-12-05
12729,MX,2025-10-26
12730,GB,2025-11-13
12731,GB,2025-12-07
12732,MX,2025-12-20
12733,US,2025-12-31
12734,ES,2025-12-19
12735,FR,2025-10-01
12736,CA,2025-12-17
12737,CA,2025-11-07
12738,FR,2025-12-06
12739,DE,2025-12-24
12740,US,2025-12-31
12741,FR,2025-11-12
12742,US,2025-11-26
12743,FR,2025-11-30
12744,US,2025-12-02
12745,ES,2025-11-29
12746,CA,2025-10-06
12747,ES,2025-11-02
12748,US,2025-11-16
12749,CA,2025-10-02
12750,US,2025-12-07
12751,BR,2025-11-24
12752,US,2025-12-17
12753,GB,2025-10-01
12754,GB,2025-10-13
12755,DE,2025-11-20
12756,MX,2025-12-28
12757,CA,2025-11-15
12758,US,2025-10-27
12759,MX,2025-11-19
12760,MX,2025-10-17
12761,US,2025-12-28
12762,BR,2025-10-02
12763,US,2025-11-24
12764,CA,2025-10-29
12765,US,2025-10-04
12766,BR,2025-12-16
12767,DE,2025-11-04
12768,US,2025-11-16
12769,MX,2025-11-06
12770,US,2025-10-03
12771,CA,2025-12-17
12772,DE,2025-11-07
12773,GB,2025-12-05
12774,GB,2025-11-14
12775,DE,2025-12-26
12776,US,2025-12-10
12777,CA,2025-10-04
12778,US,2025-11-29
12779,US,2025-10-05
12780,GB,2025-10-22
12781,GB,2025-10-05
12782,GB,2025-12-03
12783,BR,2025-11-16
12784,US,2025-11-22
12785,GB,2025-12-02
12786,FR,2025-10-07
12787,FR,2025-12-11
12788,US,2025-12-03
12789,CA,2025-11-18
12790,MX,2025-11-30
12791,GB,2025-12-13
12792,DE,2025-12-18
12793,US,2025-11-19
12794,FR,2025-11-27
12795,MX,2025-11-04
12796,ES,2025-12-12
12797,DE,2025-11-30
12798,CA,2025-11-01
12799,ES,2025-12-28
12800,MX,2025-12-03
12801,US,2025-11-09
12802,US,2025-10-02
12803,BR,2025-10-23
12804,DE,2025-12-05
12805,US,2025-12-11
12806,ES,2025-10-01
12807,US,2025-12-17
12808,ES,2025-11-22
12809,GB,2025-11-06
12810,DE,2025-11-19
12811,CA,2025-10-01
12812,BR,2025-10-09
12813,CA,2025-12-14
12814,MX,2025-11-08
12815,FR,2025-10-04
12816,DE,2025-10-21
12817,FR,2025-10-01
12818,CA,2025-12-11
12819,US,2025-12-01
12820,BR,2025-11-07
12821,ES,2025-12-09
12822,GB,2025-11-17
12823,US,2025-12-11
12824,DE,2025-10-10
12825,FR,2025-10-14
12826,DE,2025-11-29
12827,DE,2025-12-22
12828,GB,2025-10-24
12829,BR,2025-12-16
12830,CA,2025-12-19
12831,GB,2025-10-31
12832,CA,2025-12-16
12833,US,2025-10-31
12834,FR,2025-10-07
12835,FR,2025-10-29
12836,US,2025-10-21
12837,DE,2025-11-03
12838,GB,2025-10-10
12839,US,2025-10-26
12840,US,2025-12-21
12841,US,2025-11-30
12842,MX,2025-12-01
12843,US,2025-11-07
12844,GB,2025-10-03
12845,ES,2025-11-26
12846,US,2025-11-24
12847,US,2025-10-05
12848,MX,2025-12-08
12849,US,2025-11-01
12850,US,2025-10-02
12851,US,2025-10-02
12852,FR,2025-10-20
12853,MX,2025-11-30
12854,DE,2025-10-20
12855,FR,2025-11-06
12856,US,2025-10-14
12857,US,2025-11-29
12858,US,2025-10-10
12859,DE,2025-11-21
12860,BR,2025-11-27
12861,FR,2025-10-10
12862,GB,2025-10-13
12863,US,2025-10-15
12864,MX,2025-12-03
12865,CA,2025-10-09
12866,US,2025-11-11
12867,US,2025-11-17
12868,GB,2025-10-13
12869,GB,2025-12-23
12870,CA,2025-11-14
12871,US,2025-12-15
12872,US,2025-12-22
12873,MX,2025-11-30
12874,DE,2025-12-22
12875,CA,2025-12-08
12876,DE,2025-12-30
12877,CA,2025-12-18
12878,GB,2025-11-23
12879,DE,2025-10-14
12880,CA,2025-10-13
12881,MX,2025-12-15
12882,US,2025-10-15
12883,US,2025-11-08
12884,GB,2025-12-12
12885,US,2025-11-22
12886,US,2025-11-22
12887,MX,2025-10-11
12888,ES,2025-12-24
12889,ES,2025-11-04
12890,DE,2025-12-21
12891,CA,2025-11-08
12892,US,2025-12-02
12893,CA,2025-12-10
12894,US,2025-12-17
12895,US,2025-12-03
12896,GB,2025-11-17
12897,GB,2025-11-26
12898,ES,2025-12-24
12899,US,2025-10-23
12900,CA,2025-11-15
12901,DE,2025-11-13
12902,US,2025-11-24
12903,US,2025-11-29
12904,ES,2025-12-30
12905,US,2025-10-28
12906,FR,2025-12-13
12907,CA,2025-12-01
12908,FR,2025-11-23
12909,FR,2025-10-11
12910,US,2025-10-15
12911,US,2025-12-08
12912,GB,2025-10-14
12913,US,2025-12-16
12914,US,2025-12-21
12915,GB,2025-12-27
12916,CA,2025-10-01
12917,US,2025-12-17
12918,FR,2025-11-27
12919,DE,2025-10-21
12920,DE,2025-12-01
12921,US,2025-11-05
12922,ES,2025-11-02
12923,MX,2025-11-15
12924,US,2025-10-21
12925,US,2025-10-14
12926,DE,2025-11-24
12927,GB,2025-10-29
12928,ES,2025-12-29
12929,US,2025-12-16
12930,US,2025-11-16
12931,FR,2025-10-29
12932,US,2025-11-28
12933,US,2025-12-18
12934,US,2025-11-09
12935,MX,2025-10-25
12936,US,2025-10-22
12937,US,2025-12-11
12938,ES,2025-11-27
12939,US,2025-12-17
12940,CA,2025-12-07
12941,US,2025-12-29
12942,FR,2025-11-19
12943,DE,2025-12-17
12944,FR,2025-12-20
12945,MX,2025-11-02
12946,DE,2025-12-31
12947,DE,2025-12-28
12948,FR,2025-10-13
12949,US,2025-12-22
12950,MX,2025-10-26
12951,GB,2025-12-28
12952,US,2025-12-04
12953,DE,2025-10-31
12954,GB,2025-11-21
12955,DE,2025-11-23
12956,DE,2025-10-08
12957,MX,2025-11-02
12958,US,2025-11-03
12959,US,2025-10-08
12960,MX,2025-11-02
12961,ES,2025-10-27
12962,US,2025-12-28
12963,DE,2025-10-25
12964,US,2025-10-11
12965,BR,2025-11-13
12966,FR,2025-12-21
12967,MX,2025-11-08
12968,US,2025-12-26
12969,US,2025-12-22
12970,DE,2025-11-01
12971,GB,2025-10-16
12972,GB,2025-11-20
12973,US,2025-12-04
12974,DE,2025-11-23
12975,FR,2025-12-02
12976,MX,2025-12-26
12977,US,2025-10-27
12978,GB,2025-10-25
12979,DE,2025-10-23
12980,MX,2025-11-19
12981,BR,2025-11-08
12982,DE,2025-11-11
12983,FR,2025-12-10
12984,US,2025-12-22
12985,GB,2025-12-14
12986,US,2025-12-28
12987,US,2025-11-12
12988,GB,2025-10-17
12989,US,2025-11-24
12990,GB,2025-11-25
12991,DE,2025-11-11
12992,GB,2025-11-22
12993,FR,2025-12-03
12994,GB,2025-10-13
12995,MX,2025-10-13
12996,ES,2025-11-14
12997,US,2025-11-22
12998,US,2025-10-15
12999,MX,2025-11-11
13000,BR,2025-10-25
13001,CA,2025-10-01
13002,ES,2025-11-10
13003,US,2025-11-24
13004,US,2025-10-10
13005,BR,2025-11-11
13006,US,2025-10-26
13007,GB,2025-12-17
13008,US,2025-11-02
13009,CA,2025-11-21
13010,GB,2025-10-03
13011,GB,2025-11-05
13012,US,2025-12-23
13013,BR,2025-11-17
13014,BR,2025-12-28
13015,CA,2025-12-28
13016,CA,2025-12-02
13017,GB,2025-12-11
13018,DE,2025-12-10
13019,DE,2025-12-31
13020,FR,2025-10-17
13021,BR,2025-12-13
13022,US,2025-11-15
13023,DE,2025-11-04
13024,US,2025-10-05
13025,US,2025-10-30
13026,US,2025-10-22
13027,US,2025-11-04
13028,CA,2025-10-08
13029,CA,2025-10-14
13030,ES,2025-12-14
13031,FR,2025-12-08
13032,FR,2025-12-20
13033,DE,2025-10-23
13034,US,2025-10-15
13035,US,2025-11-27
13036,DE,2025-10-09
13037,DE,2025-12-28
13038,US,2025-10-12
13039,CA,2025-10-05
13040,US,2025-12-25
13041,BR,2025-12-16
13042,MX,2025-10-25
13043,MX,2025-10-02
13044,GB,2025-11-08
13045,DE,2025-10-31
13046,FR,2025-12-21
13047,MX,2025-11-08
13048,CA,2025-10-01
13049,FR,2025-10-24
13050,US,2025-11-24
13051,DE,2025-10-09
13052,US,2025-11-17
13053,US,2025-11-07
13054,ES,2025-10-16
13055,US,2025-10-06
13056,US,2025-11-27
13057,US,2025-10-17
13058,ES,2025-12-18
13059,CA,2025-10-18
13060,CA,2025-10-14
13061,FR,2025-11-14
13062,FR,2025-10-14
13063,US,2025-12-12
13064,US,2025-11-22
13065,FR,2025-10-24
13066,CA,2025-12-06
13067,MX,2025-11-01
13068,US,2025-12-14
13069,CA,2025-12-25
13070,FR,2025-12-29
13071,FR,2025-11-13
13072,US,2025-12-18
13073,GB,2025-10-21
13074,US,2025-11-17
13075,MX,2025-11-16
13076,DE,2025-11-15
13077,US,2025-11-08
13078,BR,2025-11-20
13079,US,2025-10-11
13080,US,2025-11-06
13081,GB,2025-12-03
13082,US,2025-12-14
13083,US,2025-10-09
13084,US,2025-10-12
13085,DE,2025-11-25
13086,CA,2025-12-08
13087,GB,2025-10-22
13088,US,2025-10-13
13089,GB,2025-10-13
13090,US,2025-10-26
13091,US,2025-10-06
13092,US,2025-11-15
13093,DE,2025-12-27
13094,US,2025-12-24
13095,CA,2025-12-25
13096,ES,2025-12-27
13097,US,2025-12-15
13098,US,2025-12-15
13099,US,2025-12-16
13100,BR,2025-11-19
13101,FR,2025-11-17
13102,US,2025-12-02
13103,BR,2025-12-23
13104,US,2025-10-16
13105,ES,2025-12-02
13106,MX,2025-11-28
13107,GB,2025-12-24
13108,US,2025-12-20
13109,MX,2025-10-23
13110,FR,2025-11-27
13111,US,2025-12-04
13112,US,2025-11-15
13113,US,2025-11-07
13114,FR,2025-11-02
13115,FR,2025-12-18
13116,DE,2025-11-09
13117,US,2025-11-03
13118,US,2025-11-06
13119,DE,2025-11-22
13120,MX,2025-11-22
13121,US,2025-11-09
13122,ES,2025-12-26
13123,US,2025-10-16
13124,DE,2025-11-06
13125,US,2025-11-15
13126,FR,2025-11-18
13127,US,2025-12-13
13128,ES,2025-12-08
13129,GB,2025-11-14
13130,FR,2025-10-20
13131,GB,2025-12-14
13132,US,2025-11-26
13133,CA,2025-10-12
13134,ES,2025-11-20
13135,US,2025-12-06
13136,BR,2025-12-12
13137,MX,2025-10-29
13138,MX,2025-12-05
13139,US,2025-10-14
13140,US,2025-10-03
13141,US,2025-10-06
13142,US,2025-10-27
13143,US,2025-12-10
13144,DE,2025-10-02
13145,FR,2025-10-27
13146,US,2025-12-04
13147,US,2025-10-10
13148,CA,2025-12-01
13149,US,2025-10-28
13150,CA,2025-11-25
13151,US,2025-10-20
13152,BR,2025-12-16
13153,DE,2025-12-17
13154,FR,2025-12-22
13155,GB,2025-12-15
13156,FR,2025-10-31
13157,ES,2025-10-21
13158,CA,2025-12-18
13159,US,2025-10-28
13160,US,2025-11-17
13161,MX,2025-12-26
13162,GB,2025-12-25
13163,FR,2025-10-22
13164,US,2025-10-06
13165,MX,2025-12-22
13166,US,2025-10-13
13167,BR,2025-10-09
13168,FR,2025-12-01
13169,US,2025-12-28
13170,GB,2025-10-15
13171,GB,2025-12-17
13172,GB,2025-12-01
13173,US,2025-10-18
13174,MX,2025-10-13
13175,US,2025-10-12
13176,CA,2025-12-19
13177,US,2025-12-24
13178,ES,2025-11-19
13179,US,2025-11-06
13180,US,2025-10-03
13181,FR,2025-11-30
13182,MX,2025-10-28
13183,MX,2025-12-03
13184,FR,2025-11-15
13185,MX,2025-11-21
13186,CA,2025-12-05
13187,DE,2025-10-25
13188,US,2025-10-27
13189,US,2025-10-11
13190,GB,2025-12-04
13191,MX,2025-12-18
13192,ES,2025-12-01
13193,BR,2025-12-11
13194,FR,2025-12-21
13195,US,2025-12-28
13196,US,2025-11-06
13197,CA,2025-12-26
13198,FR,2025-10-12
13199,MX,2025-10-28
13200,GB,2025-10-21
13201,CA,2025-11-18
13202,US,2025-12-15
13203,US,2025-12-06
13204,US,2025-11-15
13205,US,2025-11-03
13206,GB,2025-11-22
13207,US,2025-11-30
13208,FR,2025-10-30
13209,BR,2025-10-25
13210,US,2025-12-16
13211,US,2025-12-15
13212,US,2025-10-05
13213,DE,2025-12-22
13214,US,2025-12-31
13215,BR,2025-12-16
13216,MX,2025-12-09
13217,CA,2025-11-01
13218,FR,2025-10-21
13219,MX,2025-10-19
13220,US,2025-12-04
13221,US,2025-12-30
13222,US,2025-10-22
13223,US,2025-11-30
13224,GB,2025-10-26
13225,DE,2025-10-22
13226,BR,2025-11-24
13227,GB,2025-11-10
13228,DE,2025-11-21
13229,BR,2025-10-23
13230,US,2025-12-13
13231,GB,2025-11-02
13232,US,2025-12-01
13233,MX,2025-11-11
13234,US,2025-10-01
13235,GB,2025-11-21
13236,GB,2025-10-16
13237,US,2025-10-26
13238,BR,2025-10-02
13239,GB,2025-12-09
13240,MX,2025-12-06
13241,US,2025-10-22
13242,US,2025-11-28
13243,FR,2025-11-01
13244,US,2025-12-27
13245,US,2025-10-22
13246,DE,2025-11-20
13247,US,2025-11-21
13248,US,2025-11-27
13249,CA,2025-12-28
13250,US,2025-12-03
13251,US,2025-10-22
13252,DE,2025-10-20
13253,US,2025-12-25
13254,FR,2025-11-09
13255,US,2025-10-01
13256,US,2025-12-03
13257,BR,2025-11-08
13258,US,2025-11-08
13259,MX,2025-11-08
13260,MX,2025-11-19
13261,GB,2025-12-24
13262,ES,2025-10-02
13263,CA,2025-12-01
13264,FR,2025-11-05
13265,US,2025-11-08
13266,GB,2025-11-07
13267,CA,2025-12-10
13268,DE,2025-12-08
13269,MX,2025-10-30
13270,FR,2025-12-10
13271,US,2025-10-19
13272,US,2025-12-17
13273,BR,2025-12-08
13274,GB,2025-12-04
13275,CA,2025-12-21
13276,DE,2025-11-13
13277,CA,2025-11-22
13278,ES,2025-12-02
13279,ES,2025-10-30
13280,US,2025-11-15
13281,GB,2025-10-10
13282,FR,2025-11-10
13283,US,2025-11-24
13284,DE,2025-11-02
13285,BR,2025-11-30
13286,MX,2025-12-19
13287,US,2025-12-31
13288,DE,2025-10-24
13289,US,2025-10-19
13290,US,2025-10-08
13291,US,2025-12-08
13292,ES,2025-10-03
13293,CA,2025-10-16
13294,US,2025-10-26
13295,CA,2025-12-26
13296,DE,2025-10-05
13297,GB,2025-12-12
13298,GB,2025-12-08
13299,FR,2025-12-04
13300,US,2025-10-15
13301,US,2025-12-22
13302,FR,2025-10-25
13303,CA,2025-12-11
13304,MX,2025-12-04
13305,FR,2025-11-24
13306,GB,2025-12-19
13307,FR,2025-10-12
13308,US,2025-12-09
13309,GB,2025-12-24
13310,MX,2025-11-28
13311,CA,2025-11-24
13312,US,2025-12-05
13313,CA,2025-10-24
13314,DE,2025-10-30
13315,MX,2025-12-29
13316,US,2025-12-28
13317,GB,2025-10-24
13318,DE,2025-11-08
13319,CA,2025-12-12
13320,US,2025-12-01
13321,DE,2025-10-20
13322,GB,2025-11-16
13323,GB,2025-12-11
13324,US,2025-11-08
13325,US,2025-10-25
13326,ES,2025-10-20
13327,BR,2025-11-30
13328,US,2025-12-29
13329,US,2025-10-27
13330,MX,2025-11-29
13331,US,2025-11-01
13332,US,2025-12-13
13333,GB,2025-11-11
13334,US,2025-11-21
13335,ES,2025-11-06
13336,US,2025-11-01
13337,FR,2025-11-10
13338,CA,2025-11-20
13339,US,2025-11-17
13340,DE,2025-11-27
13341,MX,2025-11-28
13342,US,2025-11-02
13343,FR,2025-10-22
13344,BR,2025-10-04
13345,BR,2025-11-10
13346,CA,2025-12-19
13347,FR,2025-12-13
13348,GB,2025-10-30
13349,US,2025-11-14
13350,FR,2025-12-26
13351,BR,2025-10-20
13352,US,2025-12-20
13353,US,2025-10-26
13354,US,2025-12-24
13355,US,2025-12-26
13356,US,2025-10-06
13357,MX,2025-10-31
13358,US,2025-11-23
13359,DE,2025-11-27
13360,MX,2025-12-10
13361,CA,2025-10-21
13362,CA,2025-10-12
13363,US,2025-12-10
13364,BR,2025-11-27
13365,US,2025-12-10
13366,US,2025-12-19
13367,MX,2025-12-16
13368,GB,2025-12-14
13369,US,2025-12-24
13370,DE,2025-12-31
13371,CA,2025-10-18
13372,FR,2025-12-18
13373,US,2025-11-17
13374,BR,2025-10-15
13375,CA,2025-10-22
13376,MX,2025-11-21
13377,US,2025-12-06
13378,US,2025-11-08
13379,US,2025-11-14
13380,GB,2025-12-03
13381,DE,2025-12-04
13382,DE,2025-12-09
13383,FR,2025-12-06
13384,CA,2025-12-07
13385,GB,2025-10-22
13386,ES,2025-12-31
13387,MX,2025-12-17
13388,MX,2025-11-20
13389,GB,2025-11-06
13390,US,2025-12-18
13391,FR,2025-11-04
13392,CA,2025-11-28
13393,DE,2025-11-26
13394,US,2025-12-01
13395,MX,2025-10-07
13396,BR,2025-10-11
13397,DE,2025-11-26
13398,BR,2025-12-06
13399,GB,2025-12-11
13400,ES,2025-12-13
13401,US,2025-10-19
13402,MX,2025-10-27
13403,FR,2025-12-19
13404,MX,2025-11-28
13405,BR,2025-11-21
13406,MX,2025-11-23
13407,ES,2025-11-01
13408,GB,2025-10-08
13409,DE,2025-10-06
13410,US,2025-11-03
13411,CA,2025-10-14
13412,DE,2025-12-08
13413,US,2025-10-17
13414,DE,2025-10-14
13415,ES,2025-11-08
13416,DE,2025-11-13
13417,DE,2025-11-09
13418,US,2025-11-30
13419,US,2025-11-17
13420,ES,2025-11-30
13421,CA,2025-10-28
13422,FR,2025-10-22
13423,GB,2025-12-07
13424,ES,2025-11-08
13425,US,2025-11-29
13426,DE,2025-12-05
13427,DE,2025-11-30
13428,BR,2025-11-25
13429,US,2025-11-08
13430,US,2025-12-11
13431,ES,2025-11-30
13432,CA,2025-11-28
13433,DE,2025-11-26
13434,ES,2025-12-09
13435,US,2025-12-25
13436,US,2025-10-31
13437,US,2025-11-02
13438,MX,2025-12-02
13439,FR,2025-10-22
13440,DE,2025-12-10
13441,BR,2025-12-26
13442,US,2025-11-09
13443,US,2025-10-24
13444,US,2025-10-12
13445,US,2025-12-02
13446,US,2025-12-14
13447,US,2025-12-05
13448,MX,2025-11-29
13449,US,2025-10-11
13450,CA,2025-11-22
13451,US,2025-10-25
13452,DE,2025-10-23
13453,US,2025-12-10
13454,US,2025-11-30
13455,US,2025-12-05
13456,US,2025-10-20
13457,US,2025-10-20
13458,CA,2025-12-20
13459,US,2025-12-19
13460,GB,2025-10-10
13461,US,2025-12-15
13462,FR,2025-12-21
13463,FR,2025-10-10
13464,MX,2025-10-01
13465,DE,2025-12-03
13466,US,2025-12-19
13467,US,2025-12-26
13468,FR,2025-10-19
13469,MX,2025-10-23
13470,DE,2025-10-10
13471,DE,2025-12-04
13472,GB,2025-10-18
13473,MX,2025-12-14
13474,CA,2025-12-10
13475,US,2025-10-15
13476,FR,2025-12-09
13477,GB,2025-12-18
13478,US,2025-10-10
13479,FR,2025-11-08
13480,US,2025-11-06
13481,FR,2025-12-13
13482,US,2025-10-22
13483,US,2025-12-26
13484,FR,2025-12-08
13485,FR,2025-12-12
13486,MX,2025-11-26
13487,FR,2025-11-10
13488,US,2025-12-24
13489,US,2025-10-27
13490,ES,2025-12-03
13491,ES,2025-12-21
13492,GB,2025-11-23
13493,US,2025-12-06
13494,GB,2025-12-27
13495,US,2025-11-16
13496,CA,2025-10-21
13497,FR,2025-12-16
13498,US,2025-10-09
13499,US,2025-12-25
13500,MX,2025-11-03
13501,GB,2025-12-26
13502,US,2025-12-01
13503,DE,2025-11-25
13504,FR,2025-10-23
13505,US,2025-10-22
13506,CA,2025-12-17
13507,FR,2025-12-27
13508,MX,2025-10-27
13509,DE,2025-11-01
13510,US,2025-10-13
13511,DE,2025-12-21
13512,FR,2025-12-21
13513,DE,2025-12-13
13514,FR,2025-10-21
13515,CA,2025-10-12
13516,MX,2025-10-16
13517,DE,2025-11-18
13518,DE,2025-12-06
13519,BR,2025-11-05
13520,US,2025-12-10
13521,US,2025-12-08
13522,MX,2025-11-18
13523,DE,2025-11-25
13524,FR,2025-11-03
13525,ES,2025-12-12
13526,CA,2025-12-30
13527,ES,2025-11-18
13528,CA,2025-10-05
13529,US,2025-10-25
13530,ES,2025-11-28
13531,US,2025-10-26
13532,MX,2025-10-19
13533,DE,2025-12-06
13534,GB,2025-11-08
13535,FR,2025-12-16
13536,BR,2025-11-04
13537,MX,2025-11-21
13538,US,2025-11-02
13539,GB,2025-12-04
13540,BR,2025-10-24
13541,MX,2025-10-13
13542,GB,2025-12-07
13543,MX,2025-11-23
13544,GB,2025-11-23
13545,MX,2025-12-23
13546,DE,2025-12-20
13547,US,2025-11-19
13548,CA,2025-12-08
13549,US,2025-11-29
13550,FR,2025-11-12
13551,BR,2025-12-01
13552,ES,2025-11-22
13553,BR,2025-12-10
13554,ES,2025-12-15
13555,DE,2025-11-14
13556,FR,2025-10-12
13557,US,2025-11-28
13558,ES,2025-10-01
13559,US,2025-11-01
13560,DE,2025-11-17
13561,GB,2025-12-08
13562,CA,2025-11-12
13563,US,2025-10-24
13564,US,2025-11-23
13565,US,2025-11-18
13566,BR,2025-11-19
13567,BR,2025-12-24
13568,US,2025-10-21
13569,US,2025-12-18
13570,US,2025-12-24
13571,BR,2025-10-28
13572,DE,2025-12-27
13573,FR,2025-10-17
13574,MX,2025-10-23
13575,DE,2025-12-21
13576,US,2025-11-05
13577,US,2025-10-09
13578,BR,2025-12-25
13579,US,2025-12-15
13580,CA,2025-11-23
13581,US,2025-10-17
13582,GB,2025-11-23
13583,FR,2025-11-04
13584,DE,2025-12-20
13585,US,2025-12-28
13586,US,2025-10-18
13587,US,2025-12-03
13588,ES,2025-10-14
13589,CA,2025-11-03
13590,US,2025-11-30
13591,DE,2025-11-25
13592,US,2025-11-07
13593,US,2025-12-07
13594,CA,2025-10-23
13595,US,2025-12-04
13596,MX,2025-10-16
13597,MX,2025-12-28
13598,US,2025-10-20
13599,BR,2025-12-18
13600,DE,2025-12-24
13601,US,2025-12-15
13602,US,2025-11-06
13603,GB,2025-11-02
13604,CA,2025-10-12
13605,US,2025-10-22
13606,ES,2025-10-28
13607,US,2025-11-29
13608,CA,2025-10-16
13609,US,2025-11-04
13610,DE,2025-12-25
13611,GB,2025-10-20
13612,FR,2025-10-24
13613,US,2025-11-03
13614,FR,2025-11-03
13615,GB,2025-10-27
13616,US,2025-11-06
13617,US,2025-11-28
13618,FR,2025-10-01
13619,MX,2025-10-13
13620,US,2025-11-25
13621,US,2025-12-22
13622,US,2025-10-30
13623,GB,2025-10-07
13624,US,2025-12-18
13625,US,2025-11-07
13626,FR,2025-11-05
13627,US,2025-12-13
13628,GB,2025-10-29
13629,FR,2025-12-17
13630,DE,2025-10-19
13631,GB,2025-11-09
13632,MX,2025-11-12
13633,GB,2025-10-21
13634,CA,2025-12-25
13635,DE,2025-11-07
13636,GB,2025-12-30
13637,US,2025-12-02
13638,US,2025-11-14
13639,GB,2025-10-29
13640,MX,2025-12-14
13641,GB,2025-10-19
13642,GB,2025-10-21
13643,MX,2025-10-02
13644,US,2025-12-20
13645,BR,2025-10-01
13646,US,2025-11-23
13647,MX,2025-12-06
13648,US,2025-10-31
13649,ES,2025-12-24
13650,US,2025-12-07
13651,ES,2025-12-25
13652,DE,2025-11-21
13653,CA,2025-11-11
13654,BR,2025-11-09
13655,US,2025-10-24
13656,US,2025-11-21
13657,MX,2025-12-07
13658,US,2025-12-31
13659,US,2025-10-22
13660,US,2025-10-30
13661,BR,2025-10-22
13662,GB,2025-10-22
13663,ES,2025-11-14
13664,US,2025-11-26
13665,FR,2025-12-25
13666,BR,2025-11-27
13667,US,2025-10-05
13668,CA,2025-10-21
13669,ES,2025-10-31
13670,DE,2025-11-01
13671,GB,2025-11-04
13672,GB,2025-11-07
13673,ES,2025-11-22
13674,BR,2025-10-27
13675,US,2025-10-04
13676,US,2025-10-01
13677,BR,2025-12-30
13678,US,2025-10-03
13679,ES,2025-11-27
13680,ES,2025-10-28
13681,BR,2025-10-27
13682,GB,2025-12-24
13683,US,2025-11-29
13684,DE,2025-11-22
13685,CA,2025-12-23
13686,DE,2025-12-23
13687,CA,2025-12-13
13688,DE,2025-11-16
13689,US,2025-11-05
13690,ES,2025-11-23
13691,GB,2025-12-06
13692,US,2025-11-07
13693,CA,2025-10-23
13694,US,2025-12-07
13695,MX,2025-10-25
13696,FR,2025-11-29
13697,MX,2025-10-18
13698,US,2025-10-07
13699,MX,2025-10-24
13700,CA,2025-11-02
13701,CA,2025-10-08
13702,MX,2025-11-18
13703,GB,2025-12-29
13704,GB,2025-11-16
13705,US,2025-10-22
13706,ES,2025-10-05
13707,CA,2025-10-30
13708,MX,2025-10-29
13709,MX,2025-10-30
13710,FR,2025-12-05
13711,US,2025-10-30
13712,FR,2025-11-09
13713,GB,2025-12-14
13714,BR,2025-12-12
13715,CA,2025-11-16
13716,BR,2025-10-25
13717,GB,2025-12-21
13718,MX,2025-12-03
13719,ES,2025-11-25
13720,BR,2025-10-05
13721,MX,2025-10-20
13722,FR,2025-12-11
13723,US,2025-11-12
13724,FR,2025-11-21
13725,MX,2025-10-16
13726,US,2025-12-30
13727,GB,2025-10-13
13728,US,2025-11-23
13729,MX,2025-10-22
13730,BR,2025-11-20
13731,ES,2025-10-09
13732,GB,2025-10-15
13733,MX,2025-10-03
13734,GB,2025-12-22
13735,GB,2025-11-17
13736,US,2025-10-16
13737,CA,2025-11-23
13738,US,2025-11-08
13739,US,2025-10-03
13740,US,2025-12-27
13741,US,2025-10-05
13742,US,2025-10-10
13743,US,2025-11-28
13744,BR,2025-12-18
13745,CA,2025-11-30
13746,US,2025-12-03
13747,ES,2025-10-08
13748,DE,2025-10-13
13749,GB,2025-12-22
13750,GB,2025-12-01
13751,DE,2025-12-05
13752,US,2025-11-25
13753,DE,2025-12-07
13754,CA,2025-12-27
13755,US,2025-12-11
13756,US,2025-12-24
13757,FR,2025-12-24
13758,CA,2025-10-14
13759,FR,2025-10-26
13760,ES,2025-12-30
13761,ES,2025-12-18
13762,MX,2025-10-14
13763,BR,2025-12-21
13764,GB,2025-12-13
13765,US,2025-11-15
13766,DE,2025-11-09
13767,DE,2025-10-17
13768,US,2025-12-22
13769,US,2025-12-05
13770,GB,2025-11-11
13771,ES,2025-12-01
13772,CA,2025-10-05
13773,FR,2025-12-03
13774,US,2025-12-23
13775,BR,2025-11-07
13776,US,2025-10-31
13777,FR,2025-10-25
13778,US,2025-12-05
13779,US,2025-12-07
13780,CA,2025-12-21
13781,DE,2025-11-12
13782,DE,2025-11-02
13783,US,2025-11-14
13784,DE,2025-12-04
13785,US,2025-11-10
13786,MX,2025-11-01
13787,FR,2025-10-01
13788,US,2025-12-16
13789,US,2025-12-04
13790,CA,2025-12-30
13791,US,2025-12-28
13792,BR,2025-10-21
13793,CA,2025-12-07
13794,BR,2025-12-15
13795,US,2025-11-23
13796,DE,2025-12-27
13797,CA,2025-12-14
13798,US,2025-11-04
13799,GB,2025-10-11
13800,US,2025-10-11
13801,US,2025-11-06
13802,DE,2025-11-23
13803,US,2025-12-24
13804,ES,2025-12-04
13805,US,2025-12-01
13806,GB,2025-10-28
13807,US,2025-11-11
13808,ES,2025-10-01
13809,ES,2025-11-14
13810,GB,2025-11-24
13811,US,2025-12-16
13812,CA,2025-10-16
13813,BR,2025-11-24
13814,US,2025-11-04
13815,BR,2025-11-29
13816,FR,2025-12-08
13817,US,2025-12-11
13818,US,2025-10-13
13819,ES,2025-12-22
13820,FR,2025-11-17
13821,US,2025-10-18
13822,US,2025-10-19
13823,GB,2025-11-22
13824,FR,2025-11-30
13825,ES,2025-11-26
13826,US,2025-11-10
13827,MX,2025-12-13
13828,MX,2025-11-29
13829,FR,2025-11-16
13830,MX,2025-10-25
13831,US,2025-11-13
13832,US,2025-12-01
13833,MX,2025-11-15
13834,US,2025-10-12
13835,MX,2025-12-21
13836,BR,2025-11-24
13837,MX,2025-11-05
13838,BR,2025-10-04
13839,US,2025-10-10
13840,GB,2025-12-03
13841,US,2025-10-05
13842,MX,2025-12-18
13843,US,2025-11-16
13844,CA,2025-11-24
13845,DE,2025-12-18
13846,FR,2025-11-14
13847,FR,2025-11-30
13848,GB,2025-12-25
13849,BR,2025-12-29
13850,DE,2025-12-08
13851,US,2025-10-13
13852,US,2025-12-23
13853,FR,2025-11-06
13854,DE,2025-11-29
13855,CA,2025-11-15
13856,US,2025-12-21
13857,ES,2025-12-11
13858,US,2025-12-29
13859,US,2025-11-07
13860,ES,2025-11-04
13861,DE,2025-10-30
13862,FR,2025-12-27
13863,ES,2025-10-18
13864,ES,2025-12-22
13865,CA,2025-12-16
13866,US,2025-10-26
13867,BR,2025-10-24
13868,CA,2025-10-18
13869,US,2025-11-27
13870,BR,2025-11-16
13871,FR,2025-12-03
13872,BR,2025-12-18
13873,US,2025-12-02
13874,US,2025-10-06
13875,FR,2025-12-04
13876,GB,2025-12-05
13877,US,2025-10-01
13878,DE,2025-11-10
13879,US,2025-11-20
13880,US,2025-12-15
13881,US,2025-10-16
13882,DE,2025-10-03
13883,MX,2025-12-22
13884,GB,2025-11-30
13885,FR,2025-11-02
13886,ES,2025-10-28
13887,FR,2025-10-04
13888,MX,2025-11-30
13889,BR,2025-10-16
13890,US,2025-10-07
13891,US,2025-10-25
13892,MX,2025-12-30
13893,US,2025-12-17
13894,MX,2025-12-25
13895,US,2025-10-30
13896,ES,2025-11-04
13897,MX,2025-10-05
13898,US,2025-11-11
13899,GB,2025-12-25
13900,BR,2025-12-25
13901,GB,2025-11-12
13902,ES,2025-12-08
13903,MX,2025-10-03
13904,US,2025-11-15
13905,US,2025-11-30
13906,CA,2025-10-11
13907,US,2025-11-19
13908,MX,2025-10-26
13909,GB,2025-10-30
13910,MX,2025-11-28
13911,US,2025-12-27
13912,US,2025-12-20
13913,US,2025-12-23
13914,GB,2025-10-18
13915,CA,2025-12-02
13916,BR,2025-11-30
13917,CA,2025-10-24
13918,GB,2025-11-06
13919,ES,2025-10-19
13920,GB,2025-12-18
13921,US,2025-10-23
13922,DE,2025-10-09
13923,US,2025-10-02
13924,GB,2025-10-04
13925,BR,2025-12-10
13926,US,2025-12-07
13927,US,2025-10-02
13928,US,2025-10-10
13929,CA,2025-12-08
13930,FR,2025-12-17
13931,GB,2025-10-11
13932,MX,2025-12-25
13933,CA,2025-10-05
13934,US,2025-12-03
13935,US,2025-10-05
13936,FR,2025-12-25
13937,CA,2025-11-10
13938,US,2025-11-30
13939,ES,2025-11-15
13940,US,2025-12-25
13941,DE,2025-10-01
13942,CA,2025-12-26
13943,CA,2025-11-07
13944,US,2025-10-06
13945,US,2025-12-25
13946,US,2025-10-08
13947,US,2025-10-28
13948,MX,2025-10-04
13949,MX,2025-12-25
13950,US,2025-12-04
13951,CA,2025-10-16
13952,DE,2025-12-30
13953,DE,2025-11-05
13954,US,2025-12-19
13955,US,2025-10-05
13956,GB,2025-10-15
13957,GB,2025-12-31
13958,US,2025-12-30
13959,US,2025-10-22
13960,MX,2025-12-20
13961,GB,2025-10-06
13962,BR,2025-10-12
13963,GB,2025-12-01
13964,FR,2025-10-23
13965,FR,2025-12-31
13966,US,2025-10-10
13967,FR,2025-12-06
13968,US,2025-12-10
13969,US,2025-10-18
13970,DE,2025-12-21
13971,FR,2025-10-24
13972,US,2025-10-20
13973,DE,2025-12-20
13974,US,2025-12-25
13975,FR,2025-10-31
13976,MX,2025-11-06
13977,MX,2025-12-06
13978,FR,2025-12-08
13979,US,2025-11-21
13980,BR,2025-12-02
13981,US,2025-10-28
13982,US,2025-10-29
13983,BR,2025-12-10
13984,FR,2025-12-22
13985,CA,2025-11-04
13986,US,2025-10-28
13987,US,2025-12-16
13988,MX,2025-12-19
13989,US,2025-12-27
13990,US,2025-10-31
13991,US,2025-12-08
13992,FR,2025-10-29
13993,CA,2025-11-08
13994,US,2025-10-13
13995,BR,2025-12-17
13996,BR,2025-11-09
13997,GB,2025-11-23
13998,DE,2025-11-21
13999,BR,2025-10-25
14000,US,2025-11-07
14001,BR,2025-12-24
14002,GB,2025-12-16
14003,MX,2025-12-09
14004,US,2025-12-29
14005,US,2025-11-08
14006,GB,2025-10-16
14007,DE,2025-12-29
14008,US,2025-11-28
14009,DE,2025-12-10
14010,MX,2025-10-07
14011,GB,2025-12-08
14012,DE,2025-12-20
14013,US,2025-11-29
14014,DE,2025-10-20
14015,DE,2025-11-03
14016,MX,2025-11-08
14017,US,2025-12-28
14018,BR,2025-10-24
14019,BR,2025-10-05
14020,CA,2025-10-28
14021,MX,2025-12-14
14022,DE,2025-12-18
14023,DE,2025-12-05
14024,ES,2025-10-28
14025,ES,2025-10-16
14026,US,2025-10-23
14027,FR,2025-11-05
14028,FR,2025-12-17
14029,ES,2025-12-05
14030,DE,2025-11-15
14031,ES,2025-12-22
14032,ES,2025-12-07
14033,US,2025-12-02
14034,US,2025-12-03
14035,BR,2025-11-03
14036,FR,2025-10-08
14037,BR,2025-10-11
14038,MX,2025-12-06
14039,FR,2025-11-03
14040,BR,2025-10-04
14041,FR,2025-11-08
14042,GB,2025-11-30
14043,MX,2025-11-12
14044,MX,2025-12-07
14045,DE,2025-11-04
14046,US,2025-11-27
14047,US,2025-10-16
14048,US,2025-11-22
14049,GB,2025-11-07
14050,CA,2025-12-10
14051,FR,2025-12-12
14052,US,2025-12-21
14053,FR,2025-11-10
14054,US,2025-10-31
14055,ES,2025-12-01
14056,FR,2025-12-07
14057,US,2025-11-19
14058,BR,2025-12-05
14059,US,2025-12-11
14060,GB,2025-11-11
14061,GB,2025-10-06
14062,MX,2025-12-20
14063,MX,2025-12-11
14064,MX,2025-12-30
14065,DE,2025-11-30
14066,US,2025-11-11
14067,FR,2025-11-29
14068,GB,2025-12-27
14069,CA,2025-12-12
14070,ES,2025-11-07
14071,BR,2025-12-10
14072,MX,2025-12-08
14073,MX,2025-12-22
14074,US,2025-10-05
14075,MX,2025-12-08
14076,US,2025-12-14
14077,GB,2025-12-27
14078,US,2025-10-18
14079,GB,2025-11-08
14080,GB,2025-12-21
14081,ES,2025-10-09
14082,DE,2025-10-06
14083,US,2025-12-18
14084,US,2025-11-25
14085,MX,2025-11-21
14086,BR,2025-10-01
14087,MX,2025-12-31
14088,DE,2025-11-15
14089,ES,2025-12-15
14090,US,2025-11-11
14091,GB,2025-10-31
14092,US,2025-12-28
14093,CA,2025-10-25
14094,ES,2025-12-24
14095,US,2025-12-26
14096,US,2025-11-29
14097,MX,2025-11-13
14098,DE,2025-11-23
14099,ES,2025-11-04
14100,ES,2025-12-21
14101,ES,2025-11-10
14102,DE,2025-11-20
14103,MX,2025-11-01
14104,US,2025-11-11
14105,FR,2025-11-29
14106,DE,2025-10-06
14107,GB,2025-10-26
14108,DE,2025-12-19
14109,FR,2025-12-03
14110,BR,2025-11-13
14111,US,2025-10-26
14112,US,2025-10-22
14113,US,2025-10-26
14114,GB,2025-10-14
14115,CA,2025-11-23
14116,US,2025-11-03
14117,US,2025-10-30
14118,US,2025-11-23
14119,BR,2025-11-20
14120,GB,2025-12-15
14121,ES,2025-12-29
14122,DE,2025-11-08
14123,US,2025-11-13
14124,US,2025-12-26
14125,ES,2025-12-05
14126,US,2025-10-01
14127,BR,2025-12-24
14128,DE,2025-11-09
14129,GB,2025-10-30
14130,US,2025-10-12
14131,MX,2025-10-29
14132,BR,2025-10-24
14133,BR,2025-12-26
14134,US,2025-10-09
14135,ES,2025-10-31
14136,MX,2025-12-23
14137,GB,2025-12-21
14138,DE,2025-10-25
14139,US,2025-11-26
14140,US,2025-11-17
14141,GB,2025-11-14
14142,FR,2025-10-18
14143,FR,2025-12-20
14144,FR,2025-10-28
14145,US,2025-10-31
14146,FR,2025-12-21
14147,US,2025-12-23
14148,US,2025-10-29
14149,FR,2025-10-29
14150,US,2025-10-20
14151,DE,2025-10-24
14152,DE,2025-10-20
14153,FR,2025-10-10
14154,FR,2025-12-25
14155,GB,2025-12-20
14156,US,2025-11-26
14157,US,2025-12-29
14158,US,2025-12-08
14159,US,2025-12-19
14160,US,2025-10-17
14161,ES,2025-11-24
14162,FR,2025-11-07
14163,US,2025-12-20
14164,MX,2025-10-20
14165,DE,2025-11-23
14166,CA,2025-12-11
14167,MX,2025-11-04
14168,FR,2025-10-02
14169,FR,2025-11-21
14170,US,2025-11-18
14171,FR,2025-12-10
14172,MX,2025-10-04
14173,US,2025-12-06
14174,US,2025-10-24
14175,FR,2025-10-15
14176,US,2025-11-03
14177,US,2025-12-06
14178,ES,2025-12-03
14179,MX,2025-10-02
14180,FR,2025-12-12
14181,US,2025-11-29
14182,US,2025-11-27
14183,FR,2025-12-09
14184,US,2025-11-26
14185,ES,2025-11-10
14186,GB,2025-12-01
14187,FR,2025-10-05
14188,US,2025-11-16
14189,GB,2025-10-27
14190,DE,2025-11-19
14191,GB,2025-12-13
14192,ES,2025-12-08
14193,FR,2025-12-06
14194,BR,2025-11-07
14195,ES,2025-10-24
14196,GB,2025-10-07
14197,FR,2025-10-06
14198,US,2025-12-09
14199,US,2025-11-05
14200,US,2025-11-28
14201,US,2025-10-24
14202,GB,2025-11-19
14203,ES,2025-12-30
14204,GB,2025-10-03
14205,ES,2025-10-22
14206,FR,2025-12-11
14207,GB,2025-11-01
14208,CA,2025-11-25
14209,US,2025-10-05
14210,ES,2025-12-24
14211,ES,2025-11-29
14212,FR,2025-10-22
14213,US,2025-10-26
14214,DE,2025-12-11
14215,BR,2025-10-27
14216,FR,2025-10-29
14217,BR,2025-10-07
14218,US,2025-11-23
14219,US,2025-12-04
14220,US,2025-10-22
14221,US,2025-10-02
14222,US,2025-11-11
14223,US,2025-10-11
14224,MX,2025-10-26
14225,ES,2025-11-28
14226,GB,2025-11-25
14227,US,2025-12-28
14228,ES,2025-11-14
14229,FR,2025-10-08
14230,FR,2025-11-30
14231,US,2025-11-07
14232,GB,2025-10-31
14233,US,2025-12-03
14234,DE,2025-12-09
14235,CA,2025-12-31
14236,US,2025-10-07
14237,ES,2025-10-14
14238,FR,2025-11-21
14239,GB,2025-10-23
14240,MX,2025-10-19
14241,BR,2025-12-06
14242,GB,2025-10-20
14243,CA,2025-10-04
14244,CA,2025-12-02
14245,US,2025-11-25
14246,GB,2025-10-25
14247,US,2025-11-22
14248,CA,2025-10-30
14249,US,2025-12-26
14250,FR,2025-11-14
14251,MX,2025-12-24
14252,US,2025-10-22
14253,US,2025-12-13
14254,DE,2025-11-09
14255,ES,2025-12-25
14256,US,2025-12-06
14257,BR,2025-10-26
14258,MX,2025-10-20
14259,MX,2025-11-13
14260,GB,2025-10-29
14261,DE,2025-12-21
14262,DE,2025-12-17
14263,US,2025-10-03
14264,GB,2025-12-13
14265,US,2025-12-01
14266,US,2025-10-29
14267,US,2025-12-20
14268,BR,2025-12-07
14269,MX,2025-10-25
14270,US,2025-12-03
14271,MX,2025-12-18
14272,US,2025-12-01
14273,US,2025-10-19
14274,FR,2025-12-14
14275,GB,2025-11-24
14276,US,2025-10-10
14277,DE,2025-12-26
14278,ES,2025-10-19
14279,FR,2025-10-19
14280,US,2025-12-30
14281,GB,2025-11-24
14282,CA,2025-11-11
14283,MX,2025-11-13
14284,US,2025-10-07
14285,US,2025-12-02
14286,ES,2025-12-02
14287,MX,2025-12-25
14288,US,2025-10-04
14289,MX,2025-12-09
14290,MX,2025-10-09
14291,US,2025-12-21
14292,DE,2025-11-25
14293,GB,2025-12-12
14294,DE,2025-11-15
14295,FR,2025-12-02
14296,FR,2025-10-07
14297,ES,2025-11-08
14298,GB,2025-12-30
14299,ES,2025-11-06
14300,ES,2025-10-19
14301,US,2025-10-31
14302,CA,2025-11-27
14303,MX,2025-10-16
14304,MX,2025-10-03
14305,US,2025-11-02
14306,CA,2025-11-10
14307,DE,2025-11-29
14308,MX,2025-12-26
14309,GB,2025-12-19
14310,GB,2025-10-27
14311,GB,2025-11-12
14312,US,2025-10-06
14313,CA,2025-10-22
14314,DE,2025-10-28
14315,CA,2025-12-28
14316,ES,2025-11-28
14317,ES,2025-10-16
14318,MX,2025-10-27
14319,ES,2025-11-18
14320,US,2025-10-05
14321,MX,2025-12-24
14322,ES,2025-11-04
14323,US,2025-11-13
14324,MX,2025-11-20
14325,CA,2025-11-21
14326,CA,2025-10-20
14327,MX,2025-12-16
14328,GB,2025-10-11
14329,ES,2025-12-09
14330,US,2025-10-13
14331,US,2025-11-10
14332,GB,2025-12-05
14333,BR,2025-12-23
14334,DE,2025-11-05
14335,FR,2025-12-23
14336,FR,2025-10-18
14337,US,2025-10-09
14338,US,2025-10-21
14339,GB,2025-12-28
14340,US,2025-10-15
14341,BR,2025-10-02
14342,GB,2025-10-23
14343,MX,2025-12-18
14344,FR,2025-11-25
14345,US,2025-12-01
14346,US,2025-12-25
14347,ES,2025-11-07
14348,FR,2025-11-16
14349,US,2025-12-05
14350,DE,2025-10-07
14351,BR,2025-11-21
14352,US,2025-12-07
14353,CA,2025-12-15
14354,BR,2025-11-23
14355,GB,2025-11-18
14356,US,2025-10-16
14357,US,2025-11-30
14358,US,2025-10-08
14359,US,2025-11-29
14360,US,2025-10-01
14361,US,2025-10-25
14362,US,2025-12-30
14363,US,2025-10-07
14364,CA,2025-12-31
14365,US,2025-11-24
14366,US,2025-11-25
14367,CA,2025-10-02
14368,FR,2025-10-13
14369,DE,2025-12-05
14370,US,2025-12-26
14371,US,2025-11-20
14372,BR,2025-11-03
14373,US,2025-10-16
14374,DE,2025-11-26
14375,CA,2025-12-19
14376,ES,2025-11-06
14377,CA,2025-12-11
14378,BR,2025-12-12
14379,US,2025-12-07
14380,US,2025-10-14
14381,US,2025-10-01
14382,ES,2025-12-02
14383,ES,2025-10-21
14384,GB,2025-12-03
14385,GB,2025-10-20
14386,DE,2025-12-26
14387,MX,2025-12-23
14388,ES,2025-11-19
14389,US,2025-12-18
14390,FR,2025-11-06
14391,US,2025-12-14
14392,BR,2025-11-06
14393,GB,2025-10-16
14394,DE,2025-12-20
14395,US,2025-10-09
14396,US,2025-11-08
14397,ES,2025-10-02
14398,US,2025-11-22
14399,US,2025-11-10
14400,BR,2025-10-08
14401,ES,2025-12-07
14402,US,2025-12-28
14403,US,2025-12-17
14404,US,2025-10-28
14405,ES,2025-11-16
14406,US,2025-12-15
14407,DE,2025-12-25
14408,US,2025-12-06
14409,CA,2025-11-13
14410,BR,2025-10-04
14411,DE,2025-11-06
14412,GB,2025-12-18
14413,CA,2025-12-18
14414,US,2025-10-04
14415,CA,2025-12-30
14416,MX,2025-11-09
14417,US,2025-10-06
14418,US,2025-10-26
14419,FR,2025-12-14
14420,US,2025-11-15
14421,CA,2025-12-20
14422,MX,2025-11-04
14423,US,2025-10-29
14424,DE,2025-12-28
14425,US,2025-12-24
14426,FR,2025-11-29
14427,US,2025-10-11
14428,US,2025-12-31
14429,MX,2025-10-10
14430,BR,2025-12-21
14431,MX,2025-11-20
14432,FR,2025-11-27
14433,DE,2025-12-04
14434,FR,2025-12-06
14435,DE,2025-11-07
14436,FR,2025-11-16
14437,DE,2025-10-05
14438,FR,2025-12-07
14439,DE,2025-10-21
14440,US,2025-10-05
14441,MX,2025-11-01
14442,GB,2025-11-23
14443,MX,2025-12-25
14444,MX,2025-11-03
14445,US,2025-10-14
14446,US,2025-11-13
14447,FR,2025-11-12
14448,CA,2025-10-28
14449,US,2025-12-01
14450,CA,2025-11-11
14451,ES,2025-10-28
14452,US,2025-12-24
14453,ES,2025-10-13
14454,US,2025-12-27
14455,US,2025-10-24
14456,ES,2025-10-14
14457,US,2025-12-22
14458,ES,2025-10-26
14459,US,2025-11-09
14460,CA,2025-12-29
14461,ES,2025-12-14
14462,US,2025-10-11
14463,FR,2025-10-26
14464,FR,2025-10-14
14465,CA,2025-12-22
14466,US,2025-11-09
14467,DE,2025-12-02
14468,US,2025-11-21
14469,CA,2025-11-13
14470,US,2025-11-04
14471,FR,2025-11-20
14472,US,2025-10-25
14473,BR,2025-10-24
14474,GB,2025-10-21
14475,US,2025-11-03
14476,BR,2025-10-11
14477,GB,2025-12-08
14478,ES,2025-10-14
14479,MX,2025-10-15
14480,US,2025-12-01
14481,US,2025-10-02
14482,BR,2025-11-13
14483,US,2025-10-08
14484,CA,2025-12-27
14485,GB,2025-10-09
14486,DE,2025-12-13
14487,DE,2025-11-30
14488,GB,2025-10-13
14489,US,2025-12-06
14490,GB,2025-10-01
14491,US,2025-11-06
14492,FR,2025-11-27
14493,FR,2025-12-07
14494,US,2025-12-30
14495,ES,2025-12-13
14496,GB,2025-10-16
14497,DE,2025-11-14
14498,DE,2025-11-13
14499,GB,2025-11-25
14500,US,2025-10-12
14501,BR,2025-12-17
14502,ES,2025-11-29
14503,FR,2025-12-15
14504,MX,2025-12-09
14505,ES,2025-10-15
14506,FR,2025-12-11
14507,MX,2025-12-24
14508,FR,2025-12-13
14509,US,2025-10-14
14510,US,2025-10-03
14511,MX,2025-12-01
14512,DE,2025-10-26
14513,GB,2025-11-17
14514,US,2025-10-09
14515,MX,2025-11-01
14516,DE,2025-11-10
14517,DE,2025-11-03
14518,ES,2025-10-15
14519,US,2025-12-27
14520,DE,2025-11-09
14521,GB,2025-12-25
14522,US,2025-10-15
14523,ES,2025-12-31
14524,MX,2025-10-05
14525,GB,2025-12-04
14526,ES,2025-10-06
14527,BR,2025-12-14
14528,GB,2025-11-30
14529,BR,2025-11-01
14530,FR,2025-12-20
14531,GB,2025-11-25
14532,US,2025-11-15
14533,US,2025-11-30
14534,FR,2025-12-19
14535,DE,2025-11-06
14536,US,2025-12-28
14537,FR,2025-11-25
14538,GB,2025-12-06
14539,GB,2025-12-06
14540,DE,2025-12-07
14541,ES,2025-10-10
14542,US,2025-11-11
14543,US,2025-10-26
14544,GB,2025-10-08
14545,US,2025-12-18
14546,GB,2025-12-09
14547,GB,2025-11-25
14548,GB,2025-12-27
14549,DE,2025-11-03
14550,US,2025-11-24
14551,US,2025-10-01
14552,MX,2025-10-24
14553,US,2025-10-10
14554,MX,2025-12-11
14555,US,2025-10-26
14556,ES,2025-11-20
14557,FR,2025-12-10
14558,DE,2025-10-14
14559,FR,2025-11-03
14560,US,2025-12-09
14561,BR,2025-11-21
14562,GB,2025-11-20
14563,US,2025-10-24
14564,US,2025-12-09
14565,FR,2025-10-01
14566,US,2025-12-09
14567,FR,2025-10-05
14568,MX,2025-11-15
14569,MX,2025-12-08
14570,US,2025-12-09
14571,FR,2025-12-10
14572,CA,2025-10-31
14573,US,2025-12-03
14574,US,2025-12-08
14575,US,2025-12-30
14576,DE,2025-10-13
14577,CA,2025-12-18
14578,BR,2025-10-15
14579,US,2025-10-30
14580,ES,2025-12-08
14581,MX,2025-12-17
14582,MX,2025-12-28
14583,ES,2025-12-19
14584,DE,2025-10-07
14585,ES,2025-10-07
14586,DE,2025-12-28
14587,US,2025-12-30
14588,MX,2025-10-10
14589,DE,2025-11-12
14590,US,2025-12-22
14591,MX,2025-11-15
14592,US,2025-11-19
14593,MX,2025-11-10
14594,BR,2025-11-07
14595,US,2025-10-17
14596,BR,2025-11-12
14597,US,2025-11-24
14598,MX,2025-12-01
14599,GB,2025-10-07
14600,DE,2025-10-08
14601,MX,2025-11-07
14602,US,2025-12-25
14603,ES,2025-10-05
14604,BR,2025-11-06
14605,MX,2025-11-08
14606,US,2025-11-02
14607,DE,2025-10-23
14608,DE,2025-11-13
14609,GB,2025-12-13
14610,MX,2025-11-21
14611,MX,2025-10-12
14612,FR,2025-10-03
14613,ES,2025-11-29
14614,BR,2025-10-26
14615,GB,2025-12-15
14616,FR,2025-12-05
14617,US,2025-10-01
14618,US,2025-10-26
14619,DE,2025-11-26
14620,GB,2025-12-24
14621,US,2025-12-27
14622,FR,2025-12-12
14623,DE,2025-12-01
14624,US,2025-10-16
14625,MX,2025-11-25
14626,GB,2025-10-22
14627,FR,2025-12-07
14628,GB,2025-11-17
14629,US,2025-11-18
14630,US,2025-11-05
14631,ES,2025-12-06
14632,FR,2025-12-02
14633,CA,2025-11-06
14634,CA,2025-11-16
14635,DE,2025-11-06
14636,GB,2025-11-01
14637,US,2025-12-23
14638,MX,2025-11-28
14639,ES,2025-10-05
14640,MX,2025-11-18
14641,US,2025-11-16
14642,US,2025-10-21
14643,US,2025-12-14
14644,GB,2025-12-05
14645,CA,2025-10-06
14646,GB,2025-11-08
14647,US,2025-12-26
14648,DE,2025-12-07
14649,MX,2025-10-24
14650,ES,2025-11-25
14651,DE,2025-11-29
14652,MX,2025-12-01
14653,ES,2025-11-09
14654,US,2025-12-13
14655,MX,2025-10-15
14656,CA,2025-10-17
14657,US,2025-10-11
14658,US,2025-10-26
14659,US,2025-10-08
14660,US,2025-10-05
14661,US,2025-10-09
14662,CA,2025-11-23
14663,BR,2025-11-26
14664,BR,2025-11-08
14665,GB,2025-11-23
14666,US,2025-10-17
14667,US,2025-11-11
14668,US,2025-11-19
14669,FR,2025-10-11
14670,US,2025-12-17
14671,GB,2025-10-10
14672,MX,2025-11-27
14673,US,2025-11-07
14674,FR,2025-12-04
14675,MX,2025-12-05
14676,BR,2025-10-16
14677,DE,2025-11-13
14678,US,2025-11-07
14679,CA,2025-12-01
14680,US,2025-11-08
14681,FR,2025-10-06
14682,CA,2025-11-13
14683,FR,2025-10-05
14684,FR,2025-12-17
14685,CA,2025-11-04
14686,BR,2025-11-25
14687,US,2025-12-11
14688,MX,2025-11-10
14689,US,2025-11-01
14690,ES,2025-12-24
14691,GB,2025-12-03
14692,FR,2025-12-20
14693,US,2025-12-31
14694,US,2025-10-27
14695,US,2025-10-16
14696,BR,2025-11-01
14697,US,2025-12-03
14698,US,2025-10-14
14699,MX,2025-10-22
14700,BR,2025-11-25
14701,DE,2025-11-12
14702,FR,2025-11-02
14703,US,2025-11-28
14704,MX,2025-10-17
14705,FR,2025-11-24
14706,US,2025-12-17
14707,BR,2025-12-20
14708,MX,2025-12-11
14709,DE,2025-10-15
14710,DE,2025-10-25
14711,CA,2025-10-16
14712,US,2025-10-01
14713,GB,2025-12-13
14714,ES,2025-11-22
14715,CA,2025-11-24
14716,MX,2025-12-29
14717,US,2025-11-03
14718,FR,2025-12-26
14719,US,2025-11-21
14720,CA,2025-12-14
14721,US,2025-12-07
14722,MX,2025-11-19
14723,BR,2025-11-14
14724,US,2025-12-16
14725,GB,2025-11-12
14726,US,2025-12-19
14727,US,2025-11-08
14728,US,2025-10-16
14729,ES,2025-10-20
14730,FR,2025-12-29
14731,US,2025-12-13
14732,US,2025-12-29
14733,US,2025-10-17
14734,MX,2025-12-22
14735,US,2025-12-12
14736,GB,2025-12-30
14737,BR,2025-10-26
14738,CA,2025-11-16
14739,US,2025-12-19
14740,ES,2025-12-28
14741,CA,2025-12-19
14742,US,2025-11-04
14743,ES,2025-11-18
14744,DE,2025-12-16
14745,BR,2025-10-13
14746,CA,2025-10-09
14747,DE,2025-10-03
14748,GB,2025-11-26
14749,FR,2025-10-22
14750,ES,2025-12-04
14751,BR,2025-10-11
14752,FR,2025-12-25
14753,FR,2025-11-11
14754,US,2025-12-22
14755,GB,2025-11-21
14756,FR,2025-10-25
14757,DE,2025-11-27
14758,DE,2025-12-01
14759,MX,2025-10-11
14760,FR,2025-10-20
14761,MX,2025-12-11
14762,US,2025-11-19
14763,MX,2025-10-26
14764,FR,2025-11-21
14765,US,2025-10-31
14766,US,2025-10-26
14767,US,2025-12-03
14768,US,2025-11-08
14769,US,2025-11-20
14770,US,2025-12-16
14771,US,2025-11-07
14772,US,2025-11-03
14773,GB,2025-10-03
14774,DE,2025-10-09
14775,MX,2025-10-12
14776,ES,2025-12-20
14777,US,2025-12-23
14778,FR,2025-11-01
14779,US,2025-10-12
14780,BR,2025-12-13
14781,US,2025-11-22
14782,GB,2025-11-25
14783,DE,2025-12-06
14784,DE,2025-10-13
14785,US,2025-10-13
14786,US,2025-10-15
14787,DE,2025-12-05
14788,GB,2025-12-03
14789,MX,2025-10-14
14790,MX,2025-11-02
14791,MX,2025-12-08
14792,ES,2025-12-28
14793,US,2025-12-29
14794,BR,2025-12-04
14795,FR,2025-11-27
14796,US,2025-10-03
14797,DE,2025-12-27
14798,DE,2025-10-16
14799,US,2025-12-16
14800,US,2025-12-11
14801,CA,2025-12-16
14802,ES,2025-11-26
14803,FR,2025-12-19
14804,ES,2025-10-24
14805,CA,2025-12-07
14806,FR,2025-11-02
14807,MX,2025-11-26
14808,BR,2025-10-14
14809,GB,2025-12-15
14810,DE,2025-11-01
14811,US,2025-10-08
14812,CA,2025-10-15
14813,US,2025-12-27
14814,FR,2025-11-22
14815,MX,2025-11-19
14816,ES,2025-10-05
14817,US,2025-12-26
14818,GB,2025-10-13
14819,ES,2025-11-02
14820,GB,2025-10-23
14821,FR,2025-12-13
14822,ES,2025-12-02
14823,BR,2025-12-05
14824,US,2025-10-27
14825,GB,2025-12-15
14826,GB,2025-10-02
14827,US,2025-10-31
14828,US,2025-10-05
14829,US,2025-10-07
14830,DE,2025-11-21
14831,US,2025-10-05
14832,DE,2025-10-08
14833,CA,2025-10-26
14834,DE,2025-12-22
14835,GB,2025-12-31
14836,ES,2025-10-19
14837,US,2025-10-19
14838,DE,2025-11-12
14839,MX,2025-12-01
14840,US,2025-10-20
14841,US,2025-12-27
14842,US,2025-11-24
14843,GB,2025-12-07
14844,FR,2025-12-09
14845,US,2025-11-11
14846,US,2025-11-29
14847,US,2025-12-01
14848,MX,2025-10-26
14849,US,2025-12-19
14850,US,2025-11-03
14851,FR,2025-12-27
14852,MX,2025-12-08
14853,US,2025-10-18
14854,DE,2025-12-03
14855,US,2025-11-05
14856,DE,2025-10-17
14857,DE,2025-11-22
14858,MX,2025-10-10
14859,US,2025-12-18
14860,US,2025-10-27
14861,FR,2025-11-16
14862,GB,2025-11-28
14863,ES,2025-12-19
14864,US,2025-11-13
14865,CA,2025-10-27
14866,DE,2025-12-27
14867,BR,2025-11-12
14868,MX,2025-11-18
14869,US,2025-11-04
14870,ES,2025-11-11
14871,US,2025-10-11
14872,GB,2025-10-26
14873,GB,2025-10-22
14874,DE,2025-10-27
14875,DE,2025-10-26
14876,MX,2025-12-03
14877,BR,2025-12-05
14878,US,2025-10-29
14879,DE,2025-10-20
14880,US,2025-10-12
14881,US,2025-11-22
14882,US,2025-12-06
14883,US,2025-12-30
14884,US,2025-10-28
14885,US,2025-10-11
14886,CA,2025-10-02
14887,US,2025-11-30
14888,US,2025-12-26
14889,US,2025-11-06
14890,GB,2025-12-14
14891,BR,2025-12-30
14892,CA,2025-12-31
14893,US,2025-10-06
14894,DE,2025-12-03
14895,US,2025-12-12
14896,CA,2025-11-01
14897,US,2025-10-09
14898,DE,2025-12-15
14899,BR,2025-10-11
14900,FR,2025-12-16
14901,GB,2025-10-04
14902,GB,2025-11-06
14903,US,2025-10-03
14904,US,2025-11-21
14905,GB,2025-12-09
14906,DE,2025-11-01
14907,FR,2025-10-08
14908,ES,2025-11-29
14909,FR,2025-10-03
14910,BR,2025-11-22
14911,GB,2025-12-15
14912,CA,2025-10-13
14913,ES,2025-10-25
14914,ES,2025-10-03
14915,GB,2025-12-07
14916,US,2025-11-14
14917,BR,2025-11-16
14918,GB,2025-11-14
14919,DE,2025-11-18
14920,GB,2025-11-24
14921,DE,2025-12-25
14922,DE,2025-11-04
14923,GB,2025-10-17
14924,US,2025-12-02
14925,DE,2025-11-28
14926,MX,2025-11-28
14927,DE,2025-12-29
14928,US,2025-11-13
14929,MX,2025-10-15
14930,US,2025-11-14
14931,MX,2025-11-27
14932,ES,2025-11-14
14933,DE,2025-11-06
14934,FR,2025-12-05
14935,FR,2025-10-24
14936,US,2025-10-21
14937,DE,2025-10-24
14938,DE,2025-12-25
14939,DE,2025-11-16
14940,US,2025-12-17
14941,CA,2025-10-28
14942,GB,2025-12-13
14943,US,2025-10-10
14944,MX,2025-10-20
14945,CA,2025-10-03
14946,US,2025-10-28
14947,US,2025-12-24
14948,US,2025-10-15
14949,MX,2025-10-02
14950,FR,2025-11-13
14951,DE,2025-10-19
14952,US,2025-10-27
14953,DE,2025-12-23
14954,DE,2025-11-08
14955,ES,2025-11-10
14956,GB,2025-11-20
14957,GB,2025-12-14
14958,GB,2025-11-20
14959,US,2025-10-11
14960,BR,2025-12-20
14961,US,2025-12-20
14962,GB,2025-11-06
14963,GB,2025-10-20
14964,CA,2025-10-24
14965,US,2025-10-06
14966,MX,2025-11-16
14967,US,2025-11-01
14968,CA,2025-11-12
14969,GB,2025-12-19
14970,US,2025-11-24
14971,ES,2025-10-24
14972,FR,2025-10-12
14973,CA,2025-11-27
14974,FR,2025-10-02
14975,DE,2025-11-04
14976,GB,2025-12-21
14977,CA,2025-11-17
14978,CA,2025-11-22
14979,US,2025-12-04
14980,DE,2025-10-09
14981,GB,2025-11-02
14982,ES,2025-10-02
14983,GB,2025-12-19
14984,US,2025-11-28
14985,US,2025-12-26
14986,US,2025-12-18
14987,US,2025-11-16
14988,BR,2025-10-10
14989,BR,2025-12-09
14990,GB,2025-12-25
14991,CA,2025-10-01
14992,FR,2025-12-13
14993,MX,2025-10-29
14994,US,2025-11-13
14995,CA,2025-12-04
14996,CA,2025-10-06
14997,US,2025-12-12
14998,BR,2025-10-30
14999,MX,2025-12-31
15000,US,2025-12-17
15001,US,2025-10-21
15002,US,2025-12-18
15003,US,2025-11-16
15004,US,2025-10-13
15005,US,2025-10-22
15006,CA,2025-11-15
15007,US,2025-11-25
15008,US,2025-12-22
15009,DE,2025-12-13
15010,US,2025-11-04
15011,DE,2025-12-02
15012,CA,2025-11-19
15013,BR,2025-12-28
15014,FR,2025-10-12
15015,US,2025-10-16
15016,US,2025-11-13
15017,CA,2025-10-13
15018,ES,2025-10-05
15019,CA,2025-10-18
15020,CA,2025-12-21
15021,GB,2025-11-23
15022,US,2025-11-10
15023,BR,2025-11-29
15024,GB,2025-10-07
15025,FR,2025-12-06
15026,GB,2025-10-22
15027,GB,2025-12-12
15028,US,2025-12-12
15029,MX,2025-11-10
15030,US,2025-12-24
15031,US,2025-11-19
15032,US,2025-12-25
15033,CA,2025-12-24
15034,US,2025-12-05
15035,US,2025-12-05
15036,US,2025-10-05
15037,ES,2025-12-27
15038,CA,2025-12-02
15039,US,2025-10-27
15040,GB,2025-11-13
15041,DE,2025-10-15
15042,GB,2025-11-20
15043,US,2025-12-04
15044,BR,2025-10-23
15045,MX,2025-12-25
15046,DE,2025-10-01
15047,CA,2025-12-01
15048,ES,2025-12-07
15049,CA,2025-12-12
15050,US,2025-11-13
15051,FR,2025-11-29
15052,US,2025-11-27
15053,ES,2025-11-17
15054,ES,2025-12-04
15055,MX,2025-12-03
15056,US,2025-10-19
15057,US,2025-10-20
15058,MX,2025-11-23
15059,GB,2025-12-16
15060,US,2025-12-26
15061,GB,2025-12-11
15062,US,2025-11-09
15063,BR,2025-10-05
15064,DE,2025-11-20
15065,MX,2025-12-27
15066,GB,2025-10-30
15067,US,2025-12-01
15068,BR,2025-11-23
15069,DE,2025-10-23
15070,FR,2025-12-21
15071,ES,2025-12-06
15072,US,2025-10-30
15073,US,2025-10-22
15074,US,2025-11-11
15075,US,2025-11-27
15076,GB,2025-11-05
15077,US,2025-12-15
15078,DE,2025-12-19
15079,US,2025-10-26
15080,DE,2025-10-13
15081,CA,2025-11-20
15082,US,2025-10-26
15083,BR,2025-12-19
15084,DE,2025-11-19
15085,US,2025-11-08
15086,CA,2025-10-29
15087,US,2025-11-14
15088,ES,2025-10-14
15089,CA,2025-11-13
15090,MX,2025-11-01
15091,BR,2025-10-29
15092,DE,2025-10-27
15093,ES,2025-11-02
15094,CA,2025-11-30
15095,CA,2025-12-24
15096,FR,2025-12-24
15097,DE,2025-10-26
15098,GB,2025-10-19
15099,DE,2025-12-25
15100,ES,2025-10-03
15101,US,2025-12-04
15102,BR,2025-11-23
15103,US,2025-11-01
15104,FR,2025-10-08
15105,US,2025-10-19
15106,CA,2025-11-15
15107,MX,2025-10-12
15108,US,2025-10-22
15109,US,2025-10-10
15110,CA,2025-10-29
15111,US,2025-11-26
15112,DE,2025-12-05
15113,CA,2025-12-02
15114,MX,2025-11-26
15115,DE,2025-11-29
15116,FR,2025-12-26
15117,US,2025-10-30
15118,DE,2025-12-09
15119,US,2025-11-11
15120,ES,2025-11-19
15121,ES,2025-10-23
15122,MX,2025-10-26
15123,US,2025-12-21
15124,FR,2025-11-18
15125,GB,2025-12-04
15126,DE,2025-12-07
15127,MX,2025-10-09
15128,ES,2025-10-07
15129,CA,2025-10-25
15130,DE,2025-12-28
15131,US,2025-10-26
15132,ES,2025-12-25
15133,US,2025-10-01
15134,US,2025-11-11
15135,CA,2025-10-06
15136,US,2025-11-17
15137,BR,2025-10-06
15138,GB,2025-10-02
15139,US,2025-12-06
15140,US,2025-10-02
15141,FR,2025-12-11
15142,GB,2025-10-23
15143,GB,2025-12-14
15144,ES,2025-11-29
15145,US,2025-11-10
15146,MX,2025-10-12
15147,US,2025-11-09
15148,FR,2025-12-29
15149,FR,2025-10-12
15150,CA,2025-12-24
15151,BR,2025-11-25
15152,DE,2025-11-29
15153,GB,2025-12-12
15154,GB,2025-10-24
15155,US,2025-12-20
15156,DE,2025-12-30
15157,DE,2025-11-27
15158,MX,2025-10-23
15159,BR,2025-12-18
15160,CA,2025-11-14
15161,GB,2025-12-12
15162,FR,2025-12-26
15163,US,2025-11-15
15164,DE,2025-10-31
15165,DE,2025-10-19
15166,MX,2025-11-02
15167,US,2025-12-03
15168,GB,2025-12-29
15169,DE,2025-10-10
15170,US,2025-12-05
15171,BR,2025-12-29
15172,DE,2025-10-28
15173,US,2025-11-24
15174,FR,2025-10-13
15175,BR,2025-11-28
15176,US,2025-10-08
15177,FR,2025-11-08
15178,US,2025-10-21
15179,FR,2025-11-25
15180,BR,2025-11-11
15181,US,2025-12-28
15182,US,2025-12-06
15183,US,2025-11-03
15184,GB,2025-10-12
15185,DE,2025-12-25
15186,CA,2025-11-04
15187,GB,2025-11-06
15188,BR,2025-12-31
15189,FR,2025-11-04
15190,US,2025-10-01
15191,US,2025-12-20
15192,CA,2025-12-23
15193,FR,2025-10-29
15194,US,2025-11-14
15195,DE,2025-11-24
15196,US,2025-12-05
15197,FR,2025-10-24
15198,MX,2025-10-20
15199,FR,2025-12-04
15200,MX,2025-11-24
15201,MX,2025-10-20
15202,GB,2025-11-06
15203,US,2025-12-30
15204,US,2025-10-15
15205,CA,2025-10-03
15206,US,2025-11-28
15207,US,2025-10-09
15208,US,2025-10-31
15209,US,2025-11-16
15210,FR,2025-10-13
15211,GB,2025-10-03
15212,CA,2025-11-19
15213,FR,2025-12-28
15214,US,2025-11-17
15215,FR,2025-12-31
15216,DE,2025-10-11
15217,MX,2025-11-04
15218,ES,2025-10-05
15219,US,2025-10-17
15220,US,2025-12-28
15221,US,2025-12-14
15222,DE,2025-10-10
15223,US,2025-11-11
15224,US,2025-10-28
15225,DE,2025-11-10
15226,FR,2025-11-19
15227,CA,2025-10-06
15228,US,2025-11-21
15229,MX,2025-11-15
15230,CA,2025-12-26
15231,FR,2025-11-28
15232,BR,2025-11-29
15233,US,2025-10-19
15234,US,2025-10-20
15235,ES,2025-10-19
15236,US,2025-10-17
15237,ES,2025-11-15
15238,FR,2025-11-06
15239,CA,2025-10-01
15240,US,2025-10-07
15241,DE,2025-11-04
15242,US,2025-12-30
15243,US,2025-11-21
15244,US,2025-12-19
15245,BR,2025-12-26
15246,DE,2025-12-17
15247,GB,2025-11-19
15248,ES,2025-10-02
15249,US,2025-11-13
15250,DE,2025-12-17
15251,GB,2025-10-07
15252,DE,2025-10-16
15253,MX,2025-11-19
15254,US,2025-10-19
15255,US,2025-10-26
15256,US,2025-12-28
15257,ES,2025-11-09
15258,DE,2025-11-02
15259,FR,2025-10-08
15260,BR,2025-12-02
15261,US,2025-11-12
15262,DE,2025-10-24
15263,CA,2025-11-22
15264,GB,2025-10-25
15265,MX,2025-11-07
15266,BR,2025-12-15
15267,US,2025-12-16
15268,FR,2025-12-25
15269,US,2025-10-30
15270,FR,2025-11-11
15271,FR,2025-11-15
15272,BR,2025-11-27
15273,US,2025-12-01
15274,CA,2025-10-01
15275,MX,2025-12-24
15276,US,2025-10-01
15277,US,2025-10-08
15278,ES,2025-12-12
15279,GB,2025-11-16
15280,MX,2025-10-08
15281,US,2025-10-28
15282,MX,2025-12-26
15283,DE,2025-10-01
15284,US,2025-12-21
15285,FR,2025-12-21
15286,US,2025-12-14
15287,US,2025-11-18
15288,DE,2025-12-25
15289,US,2025-11-15
15290,FR,2025-12-05
15291,US,2025-10-29
15292,US,2025-10-31
15293,GB,2025-10-24
15294,US,2025-10-04
15295,US,2025-11-22
15296,BR,2025-12-09
15297,DE,2025-12-09
15298,MX,2025-10-01
15299,FR,2025-11-01
15300,US,2025-12-28
15301,DE,2025-12-28
15302,MX,2025-10-27
15303,FR,2025-11-27
15304,US,2025-11-07
15305,BR,2025-11-07
15306,US,2025-10-20
15307,US,2025-10-13
15308,CA,2025-12-12
15309,BR,2025-12-10
15310,BR,2025-12-27
15311,US,2025-12-13
15312,US,2025-12-27
15313,ES,2025-10-14
15314,US,2025-11-28
15315,CA,2025-12-31
15316,FR,2025-11-14
15317,GB,2025-11-06
15318,BR,2025-12-17
15319,US,2025-11-12
15320,US,2025-11-18
15321,ES,2025-12-08
15322,BR,2025-12-21
15323,US,2025-12-26
15324,ES,2025-11-26
15325,DE,2025-11-14
15326,DE,2025-12-18
15327,US,2025-10-12
15328,CA,2025-12-15
15329,FR,2025-10-05
15330,US,2025-11-06
15331,ES,2025-11-19
15332,CA,2025-10-13
15333,MX,2025-11-19
15334,DE,2025-11-12
15335,US,2025-10-21
15336,GB,2025-10-06
15337,GB,2025-11-20
15338,US,2025-11-11
15339,US,2025-12-15
15340,US,2025-11-13
15341,CA,2025-11-26
15342,GB,2025-12-23
15343,US,2025-11-04
15344,MX,2025-11-26
15345,US,2025-12-16
15346,FR,2025-11-16
15347,US,2025-12-21
15348,US,2025-11-11
15349,GB,2025-10-27
15350,CA,2025-12-23
15351,FR,2025-12-08
15352,CA,2025-10-01
15353,DE,2025-11-09
15354,MX,2025-12-17
15355,MX,2025-10-25
15356,CA,2025-11-14
15357,GB,2025-12-09
15358,US,2025-11-14
15359,DE,2025-10-11
15360,GB,2025-10-24
15361,DE,2025-10-16
15362,US,2025-11-13
15363,GB,2025-11-26
15364,MX,2025-10-08
15365,GB,2025-10-10
15366,MX,2025-12-19
15367,FR,2025-11-18
15368,DE,2025-11-29
15369,BR,2025-10-02
15370,ES,2025-12-28
15371,MX,2025-11-06
15372,US,2025-12-09
15373,FR,2025-11-26
15374,US,2025-10-27
15375,DE,2025-12-30
15376,BR,2025-10-14
15377,ES,2025-11-03
15378,US,2025-12-28
15379,US,2025-10-03
15380,ES,2025-12-05
15381,BR,2025-11-22
15382,US,2025-11-05
15383,GB,2025-12-31
15384,MX,2025-12-22
15385,BR,2025-11-20
15386,US,2025-10-26
15387,US,2025-12-21
15388,FR,2025-10-22
15389,GB,2025-11-08
15390,ES,2025-10-18
15391,MX,2025-11-15
15392,US,2025-11-23
15393,US,2025-11-30
15394,BR,2025-12-24
15395,DE,2025-12-16
15396,ES,2025-11-02
15397,CA,2025-12-08
15398,US,2025-10-15
15399,US,2025-10-13
15400,ES,2025-12-23
15401,GB,2025-11-03
15402,BR,2025-12-20
15403,FR,2025-10-12
15404,DE,2025-11-03
15405,BR,2025-10-29
15406,DE,2025-11-12
15407,GB,2025-12-08
15408,DE,2025-10-21
15409,US,2025-11-28
15410,GB,2025-11-08
15411,US,2025-11-03
15412,US,2025-11-19
15413,MX,2025-12-05
15414,DE,2025-11-16
15415,US,2025-12-31
15416,FR,2025-12-24
15417,MX,2025-11-01
15418,GB,2025-10-25
15419,FR,2025-12-30
15420,DE,2025-12-26
15421,GB,2025-11-08
15422,US,2025-12-01
15423,US,2025-11-30
15424,BR,2025-12-30
15425,BR,2025-11-24
15426,BR,2025-12-26
15427,CA,2025-10-05
15428,US,2025-12-22
15429,ES,2025-11-24
15430,GB,2025-10-11
15431,GB,2025-11-29
15432,US,2025-12-30
15433,BR,2025-11-23
15434,BR,2025-12-19
15435,US,2025-10-20
15436,US,2025-10-25
15437,US,2025-11-15
15438,GB,2025-10-07
15439,FR,2025-10-21
15440,GB,2025-11-08
15441,US,2025-10-08
15442,FR,2025-12-11
15443,BR,2025-12-02
15444,FR,2025-10-26
15445,BR,2025-11-27
15446,US,2025-10-18
15447,CA,2025-10-19
15448,US,2025-10-21
15449,US,2025-12-25
15450,US,2025-11-06
15451,DE,2025-10-04
15452,BR,2025-10-31
15453,US,2025-10-07
15454,GB,2025-12-31
15455,MX,2025-11-27
15456,US,2025-10-26
15457,DE,2025-11-01
15458,DE,2025-10-16
15459,BR,2025-10-25
15460,GB,2025-11-07
15461,BR,2025-11-16
15462,US,2025-12-24
15463,US,2025-10-22
15464,GB,2025-10-18
15465,US,2025-10-03
15466,DE,2025-10-22
15467,US,2025-12-22
15468,CA,2025-10-22
15469,FR,2025-10-27
15470,US,2025-11-24
15471,US,2025-11-04
15472,GB,2025-10-21
15473,CA,2025-11-16
15474,FR,2025-12-03
15475,US,2025-12-09
15476,US,2025-12-01
15477,DE,2025-10-15
15478,US,2025-10-17
15479,US,2025-12-05
15480,US,2025-11-03
15481,MX,2025-12-19
15482,FR,2025-12-31
15483,MX,2025-11-02
15484,DE,2025-10-23
15485,US,2025-10-10
15486,BR,2025-10-14
15487,US,2025-10-24
15488,US,2025-12-17
15489,US,2025-11-02
15490,CA,2025-12-22
15491,GB,2025-12-03
15492,US,2025-11-07
15493,US,2025-11-05
15494,ES,2025-10-30
15495,CA,2025-10-01
15496,US,2025-12-20
15497,FR,2025-11-02
15498,US,2025-10-07
15499,CA,2025-12-21
15500,GB,2025-11-23
15501,ES,2025-11-25
15502,FR,2025-10-27
15503,ES,2025-11-09
15504,BR,2025-12-26
15505,ES,2025-10-17
15506,US,2025-11-21
15507,US,2025-11-10
15508,GB,2025-11-04
15509,GB,2025-11-08
15510,FR,2025-11-16
15511,US,2025-12-23
15512,CA,2025-11-14
15513,GB,2025-12-06
15514,US,2025-12-25
15515,MX,2025-12-31
15516,FR,2025-10-06
15517,US,2025-11-21
15518,FR,2025-11-25
15519,GB,2025-10-19
15520,CA,2025-12-07
15521,US,2025-12-30
15522,DE,2025-10-27
15523,CA,2025-10-29
15524,GB,2025-11-12
15525,US,2025-12-24
15526,DE,2025-10-29
15527,FR,2025-11-02
15528,ES,2025-10-29
15529,ES,2025-11-07
15530,US,2025-10-15
15531,DE,2025-11-08
15532,US,2025-12-11
15533,US,2025-11-04
15534,DE,2025-10-14
15535,FR,2025-10-24
15536,US,2025-12-14
15537,US,2025-12-21
15538,MX,2025-10-24
15539,FR,2025-11-19
15540,MX,2025-11-17
15541,US,2025-10-28
15542,DE,2025-10-10
15543,ES,2025-12-10
15544,US,2025-10-28
15545,FR,2025-10-13
15546,ES,2025-12-14
15547,CA,2025-10-30
15548,FR,2025-11-01
15549,GB,2025-10-29
15550,ES,2025-12-10
15551,GB,2025-11-01
15552,US,2025-12-12
15553,GB,2025-10-30
15554,US,2025-12-29
15555,CA,2025-11-01
15556,US,2025-11-01
15557,US,2025-12-08
15558,US,2025-12-28
15559,GB,2025-11-29
15560,MX,2025-12-25
15561,CA,2025-10-12
15562,GB,2025-10-24
15563,US,2025-10-20
15564,US,2025-10-14
15565,GB,2025-12-07
15566,DE,2025-10-10
15567,DE,2025-11-03
15568,BR,2025-11-25
15569,ES,2025-11-12
15570,ES,2025-12-25
15571,ES,2025-12-19
15572,US,2025-11-28
15573,DE,2025-10-13
15574,US,2025-11-03
15575,ES,2025-11-15
15576,BR,2025-12-04
15577,US,2025-12-01
15578,US,2025-12-25
15579,GB,2025-10-12
15580,GB,2025-12-14
15581,CA,2025-12-17
15582,MX,2025-11-26
15583,DE,2025-12-20
15584,DE,2025-10-11
15585,DE,2025-10-29
15586,CA,2025-12-24
15587,US,2025-11-18
15588,GB,2025-12-04
15589,US,2025-12-08
15590,GB,2025-10-05
15591,GB,2025-11-26
15592,DE,2025-12-22
15593,US,2025-11-02
15594,US,2025-12-02
15595,US,2025-12-27
15596,MX,2025-11-21
15597,GB,2025-12-04
15598,MX,2025-10-27
15599,FR,2025-10-20
15600,BR,2025-10-21
15601,DE,2025-10-06
15602,ES,2025-11-05
15603,DE,2025-10-13
15604,US,2025-11-27
15605,US,2025-11-09
15606,US,2025-10-14
15607,CA,2025-11-10
15608,MX,2025-11-08
15609,US,2025-11-24
15610,CA,2025-10-17
15611,US,2025-12-04
15612,FR,2025-10-14
15613,CA,2025-12-07
15614,US,2025-11-05
15615,MX,2025-10-21
15616,CA,2025-10-03
15617,US,2025-10-04
15618,GB,2025-11-04
15619,CA,2025-11-13
15620,DE,2025-12-12
15621,GB,2025-10-07
15622,ES,2025-10-08
15623,US,2025-10-04
15624,US,2025-10-11
15625,US,2025-10-20
15626,DE,2025-11-05
15627,US,2025-10-17
15628,BR,2025-12-30
15629,US,2025-12-13
15630,FR,2025-12-04
15631,CA,2025-10-19
15632,US,2025-11-20
15633,FR,2025-12-16
15634,GB,2025-10-10
15635,GB,2025-11-18
15636,FR,2025-10-03
15637,DE,2025-11-08
15638,US,2025-12-28
15639,FR,2025-11-03
15640,US,2025-11-24
15641,DE,2025-12-22
15642,US,2025-10-18
15643,US,2025-11-16
15644,CA,2025-11-16
15645,US,2025-11-30
15646,FR,2025-10-20
15647,US,2025-12-10
15648,GB,2025-10-25
15649,US,2025-11-03
15650,US,2025-12-10
15651,US,2025-10-22
15652,MX,2025-12-11
15653,CA,2025-11-24
15654,DE,2025-12-03
15655,MX,2025-10-17
15656,MX,2025-12-28
15657,BR,2025-12-18
15658,US,2025-10-08
15659,CA,2025-12-09
15660,FR,2025-11-13
15661,ES,2025-11-20
15662,MX,2025-12-01
15663,US,2025-12-13
15664,FR,2025-10-28
15665,BR,2025-11-12
15666,US,2025-12-09
15667,US,2025-11-03
15668,GB,2025-11-15
15669,US,2025-11-16
15670,MX,2025-11-22
15671,ES,2025-11-03
15672,MX,2025-10-04
15673,MX,2025-12-01
15674,DE,2025-12-23
15675,MX,2025-11-24
15676,FR,2025-12-26
15677,US,2025-10-23
15678,FR,2025-11-02
15679,US,2025-10-10
15680,US,2025-11-04
15681,BR,2025-11-15
15682,GB,2025-12-23
15683,US,2025-11-13
15684,DE,2025-11-22
15685,MX,2025-11-05
15686,DE,2025-11-23
15687,CA,2025-10-04
15688,CA,2025-12-18
15689,BR,2025-12-18
15690,GB,2025-12-01
15691,DE,2025-11-01
15692,US,2025-11-24
15693,GB,2025-10-25
15694,US,2025-12-21
15695,GB,2025-11-11
15696,CA,2025-12-21
15697,ES,2025-10-25
15698,DE,2025-12-23
15699,US,2025-10-29
15700,GB,2025-12-26
15701,CA,2025-11-29
15702,US,2025-12-03
15703,US,2025-12-21
15704,GB,2025-10-20
15705,FR,2025-12-23
15706,MX,2025-12-17
15707,MX,2025-12-24
15708,US,2025-10-03
15709,DE,2025-11-06
15710,ES,2025-12-24
15711,MX,2025-12-26
15712,MX,2025-10-01
15713,US,2025-11-20
15714,US,2025-10-29
15715,CA,2025-10-10
15716,CA,2025-10-11
15717,US,2025-10-20
15718,CA,2025-10-17
15719,US,2025-11-15
15720,US,2025-12-10
15721,GB,2025-12-22
15722,FR,2025-11-13
15723,US,2025-10-24
15724,GB,2025-10-10
15725,US,2025-11-01
15726,ES,2025-12-07
15727,US,2025-12-17
15728,US,2025-10-15
15729,ES,2025-12-06
15730,US,2025-10-02
15731,US,2025-12-27
15732,MX,2025-10-14
15733,FR,2025-11-25
15734,CA,2025-11-23
15735,MX,2025-10-25
15736,GB,2025-12-02
15737,US,2025-12-02
15738,FR,2025-11-05
15739,GB,2025-10-12
15740,BR,2025-10-08
15741,CA,2025-11-11
15742,ES,2025-10-19
15743,US,2025-12-19
15744,US,2025-10-13
15745,BR,2025-12-13
15746,GB,2025-11-10
15747,US,2025-12-09
15748,FR,2025-11-26
15749,MX,2025-11-28
15750,US,2025-10-23
15751,GB,2025-12-07
15752,CA,2025-10-04
15753,US,2025-10-29
15754,CA,2025-12-03
15755,US,2025-12-08
15756,US,2025-11-02
15757,BR,2025-10-31
15758,US,2025-12-04
15759,MX,2025-12-22
15760,MX,2025-10-26
15761,US,2025-12-13
15762,US,2025-12-15
15763,US,2025-11-05
15764,MX,2025-12-25
15765,GB,2025-12-27
15766,US,2025-12-07
15767,BR,2025-10-18
15768,FR,2025-10-18
15769,US,2025-10-13
15770,BR,2025-10-13
15771,US,2025-12-31
15772,US,2025-11-17
15773,FR,2025-10-19
15774,US,2025-11-24
15775,FR,2025-11-18
15776,FR,2025-12-19
15777,US,2025-12-29
15778,FR,2025-10-23
15779,FR,2025-10-15
15780,US,2025-12-11
15781,FR,2025-11-22
15782,GB,2025-10-26
15783,US,2025-12-06
15784,MX,2025-12-21
15785,FR,2025-10-19
15786,FR,2025-12-31
15787,FR,2025-11-07
15788,MX,2025-10-06
15789,US,2025-11-23
15790,US,2025-12-23
15791,US,2025-10-28
15792,GB,2025-11-27
15793,US,2025-12-10
15794,BR,2025-10-03
15795,US,2025-10-10
15796,MX,2025-10-31
15797,GB,2025-12-30
15798,DE,2025-12-23
15799,US,2025-12-28
15800,MX,2025-12-17
15801,US,2025-10-19
15802,GB,2025-10-13
15803,GB,2025-12-12
15804,GB,2025-12-28
15805,US,2025-10-20
15806,US,2025-12-27
15807,FR,2025-11-28
15808,US,2025-12-18
15809,GB,2025-11-22
15810,US,2025-11-26
15811,BR,2025-12-15
15812,US,2025-11-26
15813,GB,2025-11-23
15814,US,2025-11-14
15815,FR,2025-11-06
15816,GB,2025-10-01
15817,GB,2025-12-10
15818,MX,2025-11-21
15819,DE,2025-10-12
15820,MX,2025-12-31
15821,GB,2025-10-24
15822,CA,2025-12-12
15823,US,2025-12-02
15824,MX,2025-11-17
15825,DE,2025-12-24
15826,GB,2025-10-05
15827,US,2025-10-05
15828,US,2025-12-24
15829,US,2025-10-09
15830,GB,2025-10-15
15831,US,2025-12-31
15832,US,2025-11-28
15833,FR,2025-11-19
15834,US,2025-11-28
15835,FR,2025-11-11
15836,US,2025-11-19
15837,DE,2025-12-15
15838,US,2025-10-25
15839,MX,2025-12-04
15840,US,2025-11-20
15841,US,2025-10-21
15842,GB,2025-11-20
15843,GB,2025-11-24
15844,US,2025-12-03
15845,GB,2025-11-17
15846,ES,2025-11-29
15847,GB,2025-11-04
15848,US,2025-11-22
15849,GB,2025-10-03
15850,BR,2025-10-01
15851,GB,2025-10-24
15852,FR,2025-12-09
15853,ES,2025-11-09
15854,US,2025-12-08
15855,US,2025-11-11
15856,US,2025-10-20
15857,ES,2025-12-30
15858,ES,2025-12-29
15859,DE,2025-11-19
15860,GB,2025-10-23
15861,US,2025-12-29
15862,US,2025-12-22
15863,US,2025-11-28
15864,CA,2025-10-12
15865,US,2025-11-24
15866,US,2025-10-14
15867,US,2025-12-14
15868,MX,2025-12-22
15869,US,2025-12-16
15870,US,2025-11-13
15871,DE,2025-10-01
15872,DE,2025-12-19
15873,ES,2025-10-21
15874,DE,2025-11-28
15875,ES,2025-12-21
15876,GB,2025-12-08
15877,BR,2025-12-12
15878,CA,2025-12-10
15879,US,2025-12-11
15880,US,2025-12-22
15881,GB,2025-10-31
15882,US,2025-12-24
15883,DE,2025-12-04
15884,ES,2025-10-31
15885,DE,2025-12-09
15886,MX,2025-11-10
15887,BR,2025-10-17
15888,FR,2025-12-16
15889,US,2025-12-30
15890,BR,2025-11-03
15891,BR,2025-12-10
15892,GB,2025-12-09
15893,US,2025-12-12
15894,MX,2025-12-28
15895,MX,2025-12-18
15896,DE,2025-11-22
15897,ES,2025-10-22
15898,US,2025-12-04
15899,DE,2025-12-14
15900,MX,2025-11-05
15901,GB,2025-10-20
15902,BR,2025-12-15
15903,DE,2025-12-06
15904,CA,2025-12-06
15905,CA,2025-12-17
15906,BR,2025-10-07
15907,ES,2025-12-18
15908,CA,2025-11-07
15909,CA,2025-10-20
15910,MX,2025-11-07
15911,ES,2025-12-12
15912,US,2025-12-17
15913,BR,2025-10-16
15914,GB,2025-11-01
15915,FR,2025-11-07
15916,US,2025-10-09
15917,GB,2025-10-09
15918,US,2025-12-24
15919,CA,2025-10-01
15920,US,2025-10-26
15921,US,2025-12-13
15922,CA,2025-12-08
15923,US,2025-11-03
15924,CA,2025-11-23
15925,US,2025-11-16
15926,US,2025-11-10
15927,US,2025-12-23
15928,GB,2025-10-28
15929,GB,2025-11-05
15930,ES,2025-12-03
15931,US,2025-11-27
15932,DE,2025-12-12
15933,US,2025-12-06
15934,US,2025-12-15
15935,US,2025-11-26
15936,MX,2025-11-19
15937,US,2025-12-11
15938,US,2025-10-10
15939,GB,2025-11-15
15940,GB,2025-10-15
15941,US,2025-11-14
15942,GB,2025-10-17
15943,CA,2025-11-03
15944,FR,2025-11-04
15945,BR,2025-11-21
15946,MX,2025-12-26
15947,ES,2025-12-28
15948,US,2025-10-15
15949,MX,2025-12-28
15950,DE,2025-11-28
15951,DE,2025-12-11
15952,US,2025-10-25
15953,US,2025-10-19
15954,US,2025-11-09
15955,ES,2025-10-01
15956,US,2025-12-09
15957,US,2025-12-28
15958,ES,2025-12-11
15959,US,2025-11-25
15960,US,2025-12-11
15961,FR,2025-12-19
15962,CA,2025-12-28
15963,US,2025-12-30
15964,CA,2025-12-05
15965,DE,2025-12-14
15966,US,2025-10-18
15967,US,2025-10-14
15968,US,2025-12-27
15969,US,2025-12-22
15970,GB,2025-10-25
15971,US,2025-12-15
15972,US,2025-11-08
15973,MX,2025-10-26
15974,DE,2025-12-25
15975,US,2025-12-14
15976,ES,2025-11-11
15977,MX,2025-10-08
15978,US,2025-11-23
15979,US,2025-11-15
15980,BR,2025-11-27
15981,US,2025-12-14
15982,US,2025-11-02
15983,ES,2025-12-12
15984,FR,2025-11-02
15985,GB,2025-11-12
15986,DE,2025-11-13
15987,US,2025-10-10
15988,US,2025-10-31
15989,US,2025-11-14
15990,BR,2025-11-04
15991,US,2025-10-14
15992,US,2025-11-16
15993,ES,2025-11-15
15994,US,2025-10-18
15995,ES,2025-11-07
15996,BR,2025-12-30
15997,MX,2025-12-27
15998,US,2025-10-18
15999,CA,2025-10-16
16000,US,2025-12-29
16001,GB,2025-12-12
16002,ES,2025-12-10
16003,US,2025-10-04
16004,US,2025-11-02
16005,ES,2025-10-03
16006,MX,2025-10-15
16007,CA,2025-10-11
16008,DE,2025-11-30
16009,GB,2025-10-01
16010,BR,2025-12-16
16011,US,2025-12-27
16012,DE,2025-12-27
16013,US,2025-10-15
16014,GB,2025-11-08
16015,US,2025-12-13
16016,US,2025-11-02
16017,GB,2025-10-07
16018,DE,2025-10-09
16019,ES,2025-12-26
16020,GB,2025-10-21
16021,GB,2025-12-16
16022,BR,2025-12-05
16023,US,2025-12-20
16024,FR,2025-11-22
16025,BR,2025-11-25
16026,US,2025-12-16
16027,MX,2025-12-10
16028,US,2025-12-30
16029,US,2025-11-17
16030,GB,2025-11-15
16031,DE,2025-11-17
16032,FR,2025-10-01
16033,FR,2025-11-26
16034,ES,2025-11-07
16035,US,2025-11-11
16036,BR,2025-11-11
16037,CA,2025-10-25
16038,DE,2025-11-21
16039,GB,2025-10-14
16040,US,2025-11-15
16041,US,2025-11-04
16042,US,2025-10-19
16043,US,2025-12-06
16044,US,2025-12-05
16045,MX,2025-12-30
16046,US,2025-10-15
16047,US,2025-12-01
16048,DE,2025-11-10
16049,US,2025-12-31
16050,US,2025-11-01
16051,GB,2025-12-03
16052,CA,2025-12-09
16053,GB,2025-10-29
16054,US,2025-10-31
16055,ES,2025-10-11
16056,CA,2025-10-13
16057,FR,2025-12-26
16058,CA,2025-11-03
16059,FR,2025-12-15
16060,US,2025-12-23
16061,US,2025-10-09
16062,ES,2025-12-16
16063,US,2025-11-13
16064,FR,2025-12-31
16065,CA,2025-10-17
16066,MX,2025-11-22
16067,US,2025-12-20
16068,US,2025-11-12
16069,ES,2025-10-30
16070,MX,2025-10-20
16071,US,2025-12-12
16072,DE,2025-10-06
16073,US,2025-12-17
16074,BR,2025-12-20
16075,DE,2025-11-05
16076,MX,2025-11-23
16077,US,2025-11-01
16078,DE,2025-11-15
16079,ES,2025-12-14
16080,GB,2025-11-14
16081,ES,2025-12-23
16082,MX,2025-10-19
16083,US,2025-10-01
16084,US,2025-12-07
16085,DE,2025-11-07
16086,ES,2025-11-01
16087,US,2025-11-18
16088,FR,2025-10-10
16089,DE,2025-11-28
16090,US,2025-12-19
16091,FR,2025-10-24
16092,CA,2025-11-30
16093,US,2025-11-18
16094,BR,2025-10-10
16095,US,2025-12-09
16096,BR,2025-11-02
16097,ES,2025-12-15
16098,US,2025-10-05
16099,BR,2025-12-01
16100,MX,2025-12-22
16101,US,2025-12-21
16102,GB,2025-12-01
16103,US,2025-12-02
16104,FR,2025-12-13
16105,FR,2025-11-30
16106,MX,2025-11-29
16107,US,2025-10-21
16108,US,2025-10-22
16109,US,2025-12-25
16110,MX,2025-12-07
16111,BR,2025-10-01
16112,US,2025-11-19
16113,DE,2025-11-26
16114,MX,2025-12-30
16115,ES,2025-10-13
16116,CA,2025-10-11
16117,MX,2025-10-01
16118,DE,2025-10-29
16119,CA,2025-12-07
16120,DE,2025-11-27
16121,BR,2025-12-16
16122,US,2025-11-19
16123,FR,2025-11-11
16124,FR,2025-11-13
16125,US,2025-12-02
16126,US,2025-12-12
16127,BR,2025-11-04
16128,US,2025-10-12
16129,CA,2025-11-09
16130,US,2025-12-21
16131,BR,2025-12-01
16132,MX,2025-10-28
16133,ES,2025-10-20
16134,DE,2025-10-25
16135,US,2025-11-28
16136,GB,2025-10-06
16137,ES,2025-12-29
16138,US,2025-11-09
16139,BR,2025-11-10
16140,US,2025-10-31
16141,US,2025-10-04
16142,MX,2025-10-28
16143,US,2025-12-13
16144,MX,2025-12-13
16145,US,2025-10-03
16146,US,2025-11-15
16147,BR,2025-10-12
16148,US,2025-10-27
16149,US,2025-10-08
16150,ES,2025-11-01
16151,MX,2025-10-04
16152,BR,2025-10-06
16153,US,2025-12-31
16154,ES,2025-10-30
16155,BR,2025-12-12
16156,US,2025-10-15
16157,GB,2025-10-27
16158,GB,2025-10-23
16159,MX,2025-10-13
16160,CA,2025-10-16
16161,US,2025-12-23
16162,DE,2025-11-01
16163,US,2025-11-19
16164,US,2025-10-05
16165,GB,2025-10-02
16166,FR,2025-11-09
16167,FR,2025-10-03
16168,US,2025-12-20
16169,DE,2025-10-09
16170,US,2025-12-06
16171,US,2025-12-02
16172,MX,2025-11-28
16173,BR,2025-10-21
16174,BR,2025-12-16
16175,FR,2025-12-14
16176,MX,2025-12-10
16177,CA,2025-10-29
16178,MX,2025-12-10
16179,US,2025-11-04
16180,DE,2025-12-26
16181,US,2025-10-07
16182,MX,2025-11-22
16183,US,2025-11-03
16184,DE,2025-11-25
16185,CA,2025-10-22
16186,DE,2025-12-22
16187,US,2025-10-22
16188,MX,2025-10-12
16189,FR,2025-12-28
16190,DE,2025-12-29
16191,US,2025-11-21
16192,US,2025-12-26
16193,BR,2025-10-07
16194,ES,2025-11-19
16195,CA,2025-11-21
16196,GB,2025-12-13
16197,GB,2025-11-06
16198,ES,2025-12-07
16199,CA,2025-10-27
16200,US,2025-11-15
16201,US,2025-12-29
16202,FR,2025-10-07
16203,US,2025-11-09
16204,BR,2025-11-22
16205,GB,2025-10-03
16206,FR,2025-10-27
16207,CA,2025-12-29
16208,US,2025-11-14
16209,FR,2025-12-18
16210,GB,2025-10-10
16211,ES,2025-10-22
16212,DE,2025-11-14
16213,GB,2025-11-17
16214,MX,2025-12-24
16215,US,2025-12-21
16216,FR,2025-12-15
16217,CA,2025-11-02
16218,US,2025-12-05
16219,DE,2025-10-22
16220,ES,2025-10-05
16221,DE,2025-11-14
16222,US,2025-11-26
16223,US,2025-12-09
16224,US,2025-10-13
16225,US,2025-10-07
16226,GB,2025-12-18
16227,DE,2025-11-04
16228,US,2025-12-18
16229,CA,2025-10-16
16230,US,2025-12-15
16231,US,2025-12-14
16232,GB,2025-11-04
16233,DE,2025-12-15
16234,GB,2025-10-14
16235,ES,2025-11-16
16236,ES,2025-12-23
16237,ES,2025-10-28
16238,DE,2025-10-11
16239,CA,2025-10-10
16240,DE,2025-12-08
16241,ES,2025-12-17
16242,US,2025-10-22
16243,CA,2025-12-15
16244,US,2025-10-08
16245,FR,2025-10-21
16246,DE,2025-12-02
16247,US,2025-12-09
16248,MX,2025-12-02
16249,US,2025-10-07
16250,US,2025-12-21
16251,MX,2025-12-22
16252,ES,2025-12-11
16253,US,2025-10-16
16254,BR,2025-12-18
16255,DE,2025-10-10
16256,GB,2025-12-03
16257,US,2025-12-23
16258,US,2025-10-28
16259,FR,2025-12-01
16260,US,2025-12-20
16261,MX,2025-10-03
16262,DE,2025-11-25
16263,US,2025-12-26
16264,MX,2025-10-09
16265,ES,2025-12-16
16266,US,2025-10-30
16267,US,2025-12-30
16268,US,2025-10-03
16269,US,2025-11-28
16270,DE,2025-11-02
16271,BR,2025-10-10
16272,GB,2025-12-27
16273,US,2025-11-27
16274,GB,2025-10-27
16275,US,2025-11-26
16276,US,2025-12-11
16277,US,2025-10-19
16278,ES,2025-11-20
16279,US,2025-11-16
16280,US,2025-10-13
16281,CA,2025-12-18
16282,US,2025-11-13
16283,FR,2025-12-03
16284,US,2025-11-25
16285,US,2025-10-07
16286,FR,2025-12-26
16287,DE,2025-11-10
16288,US,2025-11-16
16289,CA,2025-12-16
16290,US,2025-12-06
16291,FR,2025-12-30
16292,FR,2025-12-10
16293,US,2025-12-17
16294,US,2025-12-26
16295,CA,2025-12-29
16296,GB,2025-11-01
16297,FR,2025-12-05
16298,FR,2025-12-20
16299,ES,2025-12-04
16300,BR,2025-10-27
16301,DE,2025-10-20
16302,FR,2025-10-20
16303,DE,2025-11-10
16304,MX,2025-11-14
16305,FR,2025-10-08
16306,GB,2025-12-15
16307,US,2025-12-13
16308,US,2025-11-22
16309,DE,2025-12-07
16310,US,2025-11-21
16311,DE,2025-11-16
16312,DE,2025-10-07
16313,US,2025-12-24
16314,FR,2025-10-08
16315,BR,2025-11-12
16316,ES,2025-12-28
16317,ES,2025-11-17
16318,US,2025-12-09
16319,US,2025-12-11
16320,DE,2025-11-11
16321,MX,2025-11-17
16322,US,2025-11-28
16323,MX,2025-12-10
16324,US,2025-12-27
16325,CA,2025-11-12
16326,US,2025-12-06
16327,GB,2025-12-29
16328,FR,2025-10-10
16329,CA,2025-10-03
16330,US,2025-12-10
16331,FR,2025-11-12
16332,GB,2025-12-03
16333,ES,2025-10-14
16334,FR,2025-11-21
16335,US,2025-12-16
16336,GB,2025-11-18
16337,US,2025-10-14
16338,US,2025-11-04
16339,GB,2025-11-25
16340,US,2025-10-05
16341,US,2025-11-29
16342,ES,2025-12-13
16343,US,2025-11-15
16344,GB,2025-12-22
16345,GB,2025-12-14
16346,BR,2025-11-17
16347,FR,2025-10-07
16348,US,2025-11-19
16349,US,2025-10-23
16350,DE,2025-12-26
16351,US,2025-10-13
16352,US,2025-11-01
16353,MX,2025-12-20
16354,GB,2025-10-01
16355,MX,2025-12-14
16356,DE,2025-10-23
16357,US,2025-10-29
16358,DE,2025-10-24
16359,FR,2025-11-22
16360,BR,2025-11-22
16361,GB,2025-11-20
16362,BR,2025-10-27
16363,US,2025-10-12
16364,US,2025-12-15
16365,DE,2025-11-07
16366,US,2025-10-03
16367,CA,2025-11-15
16368,CA,2025-12-28
16369,FR,2025-11-13
16370,BR,2025-10-31
16371,US,2025-11-28
16372,MX,2025-11-13
16373,US,2025-10-17
16374,US,2025-11-09
16375,GB,2025-12-10
16376,US,2025-10-07
16377,US,2025-11-01
16378,FR,2025-11-10
16379,US,2025-12-17
16380,BR,2025-10-17
16381,ES,2025-10-20
16382,US,2025-10-12
16383,CA,2025-11-01
16384,DE,2025-10-13
16385,DE,2025-12-03
16386,GB,2025-10-25
16387,GB,2025-11-22
16388,US,2025-12-17
16389,US,2025-12-31
16390,US,2025-12-07
16391,FR,2025-11-22
16392,US,2025-11-14
16393,GB,2025-11-01
16394,US,2025-10-25
16395,FR,2025-12-21
16396,DE,2025-11-25
16397,FR,2025-12-11
16398,ES,2025-11-18
16399,GB,2025-11-12
16400,FR,2025-10-22
16401,ES,2025-10-01
16402,US,2025-10-24
16403,US,2025-10-29
16404,DE,2025-10-25
16405,BR,2025-12-22
16406,US,2025-12-18
16407,GB,2025-11-30
16408,GB,2025-12-13
16409,US,2025-10-21
16410,US,2025-11-16
16411,ES,2025-12-01
16412,BR,2025-12-19
16413,US,2025-12-07
16414,DE,2025-12-01
16415,FR,2025-10-11
16416,CA,2025-12-25
16417,DE,2025-12-28
16418,US,2025-10-22
16419,GB,2025-10-29
16420,ES,2025-11-12
16421,DE,2025-10-31
16422,US,2025-12-21
16423,CA,2025-12-10
16424,GB,2025-10-17
16425,MX,2025-11-29
16426,ES,2025-11-07
16427,DE,2025-12-31
16428,MX,2025-12-18
16429,GB,2025-11-02
16430,US,2025-11-02
16431,US,2025-12-06
16432,US,2025-10-07
16433,US,2025-11-06
16434,US,2025-11-08
16435,MX,2025-11-30
16436,US,2025-11-10
16437,US,2025-12-07
16438,US,2025-10-13
16439,CA,2025-11-05
16440,GB,2025-10-30
16441,US,2025-12-30
16442,CA,2025-11-28
16443,ES,2025-12-14
16444,CA,2025-12-23
16445,MX,2025-10-06
16446,MX,2025-11-06
16447,ES,2025-11-23
16448,US,2025-10-08
16449,MX,2025-12-17
16450,DE,2025-10-22
16451,BR,2025-10-24
16452,US,2025-10-19
16453,CA,2025-12-28
16454,US,2025-10-29
16455,GB,2025-12-19
16456,FR,2025-12-19
16457,DE,2025-10-26
16458,US,2025-12-14
16459,DE,2025-11-13
16460,DE,2025-11-10
16461,CA,2025-12-15
16462,US,2025-12-29
16463,ES,2025-11-18
16464,US,2025-12-10
16465,DE,2025-12-03
16466,US,2025-12-16
16467,BR,2025-10-16
16468,GB,2025-12-30
16469,FR,2025-10-24
16470,DE,2025-12-28
16471,US,2025-11-08
16472,FR,2025-10-17
16473,ES,2025-11-18
16474,US,2025-12-02
16475,US,2025-10-01
16476,FR,2025-12-23
16477,BR,2025-10-08
16478,US,2025-11-25
16479,DE,2025-10-15
16480,ES,2025-12-04
16481,US,2025-11-26
16482,FR,2025-12-03
16483,GB,2025-10-09
16484,GB,2025-10-19
16485,US,2025-12-22
16486,ES,2025-12-09
16487,ES,2025-10-27
16488,US,2025-11-16
16489,DE,2025-12-29
16490,CA,2025-10-04
16491,US,2025-10-19
16492,MX,2025-12-02
16493,FR,2025-11-24
16494,BR,2025-12-17
16495,US,2025-11-21
16496,FR,2025-11-16
16497,CA,2025-10-21
16498,BR,2025-11-01
16499,CA,2025-10-28
16500,ES,2025-10-04
16501,BR,2025-11-23
16502,DE,2025-11-01
16503,ES,2025-10-23
16504,BR,2025-10-19
16505,FR,2025-10-23
16506,US,2025-10-06
16507,US,2025-11-17
16508,DE,2025-12-11
16509,GB,2025-10-28
16510,ES,2025-11-25
16511,CA,2025-12-22
16512,US,2025-11-27
16513,CA,2025-12-04
16514,FR,2025-11-10
16515,BR,2025-12-17
16516,US,2025-10-18
16517,MX,2025-10-31
16518,DE,2025-10-10
16519,US,2025-10-11
16520,GB,2025-12-23
16521,MX,2025-10-30
16522,FR,2025-11-09
16523,DE,2025-12-04
16524,DE,2025-10-07
16525,US,2025-11-20
16526,BR,2025-12-04
16527,US,2025-12-16
16528,CA,2025-11-11
16529,US,2025-12-16
16530,MX,2025-12-11
16531,US,2025-12-24
16532,US,2025-12-04
16533,DE,2025-11-03
16534,DE,2025-12-06
16535,DE,2025-12-16
16536,DE,2025-11-08
16537,CA,2025-10-19
16538,US,2025-11-01
16539,US,2025-11-02
16540,BR,2025-10-12
16541,ES,2025-12-23
16542,MX,2025-10-10
16543,MX,2025-12-20
16544,FR,2025-12-02
16545,CA,2025-12-19
16546,US,2025-12-27
16547,ES,2025-10-17
16548,US,2025-12-07
16549,BR,2025-11-12
16550,US,2025-11-07
16551,US,2025-11-04
16552,ES,2025-11-20
16553,GB,2025-10-27
16554,BR,2025-10-05
16555,US,2025-11-26
16556,ES,2025-12-16
16557,MX,2025-10-18
16558,US,2025-10-03
16559,BR,2025-10-28
16560,US,2025-10-21
16561,FR,2025-11-29
16562,CA,2025-12-30
16563,US,2025-10-09
16564,US,2025-11-15
16565,US,2025-12-01
16566,US,2025-11-04
16567,GB,2025-12-05
16568,US,2025-12-17
16569,BR,2025-12-23
16570,FR,2025-12-03
16571,DE,2025-10-30
16572,BR,2025-11-03
16573,CA,2025-10-18
16574,US,2025-11-28
16575,US,2025-11-01
16576,CA,2025-11-09
16577,ES,2025-11-14
16578,BR,2025-12-05
16579,US,2025-10-30
16580,US,2025-10-06
16581,MX,2025-12-29
16582,MX,2025-12-03
16583,US,2025-10-22
16584,BR,2025-10-12
16585,DE,2025-10-02
16586,GB,2025-10-18
16587,DE,2025-12-22
16588,MX,2025-10-21
16589,FR,2025-10-11
16590,US,2025-12-06
16591,BR,2025-10-02
16592,FR,2025-12-24
16593,DE,2025-12-10
16594,ES,2025-11-13
16595,US,2025-11-17
16596,GB,2025-12-05
16597,DE,2025-10-20
16598,CA,2025-11-24
16599,US,2025-12-05
16600,MX,2025-11-12
16601,FR,2025-10-13
16602,US,2025-12-24
16603,DE,2025-11-03
16604,DE,2025-12-10
16605,BR,2025-10-14
16606,MX,2025-11-12
16607,ES,2025-12-08
16608,US,2025-12-20
16609,US,2025-11-20
16610,MX,2025-10-08
16611,US,2025-12-18
16612,US,2025-12-04
16613,US,2025-10-23
16614,ES,2025-10-23
16615,MX,2025-10-31
16616,US,2025-10-29
16617,US,2025-12-22
16618,US,2025-11-11
16619,CA,2025-10-22
16620,US,2025-10-12
16621,FR,2025-12-07
16622,BR,2025-11-09
16623,US,2025-11-26
16624,FR,2025-10-07
16625,MX,2025-10-16
16626,US,2025-12-11
16627,DE,2025-11-08
16628,GB,2025-11-03
16629,MX,2025-12-30
16630,CA,2025-11-02
16631,DE,2025-12-29
16632,ES,2025-10-11
16633,MX,2025-12-03
16634,FR,2025-11-30
16635,BR,2025-12-04
16636,US,2025-11-05
16637,GB,2025-11-26
16638,DE,2025-10-08
16639,US,2025-10-31
16640,US,2025-12-25
16641,US,2025-10-04
16642,US,2025-10-20
16643,US,2025-11-07
16644,MX,2025-10-04
16645,BR,2025-10-24
16646,MX,2025-10-28
16647,FR,2025-12-31
16648,US,2025-12-01
16649,ES,2025-12-27
16650,DE,2025-12-24
16651,US,2025-10-25
16652,US,2025-12-23
16653,US,2025-11-24
16654,GB,2025-11-09
16655,BR,2025-12-22
16656,US,2025-11-02
16657,GB,2025-12-15
16658,US,2025-10-03
16659,DE,2025-12-27
16660,DE,2025-11-18
16661,US,2025-11-18
16662,US,2025-12-15
16663,GB,2025-11-06
16664,US,2025-12-07
16665,BR,2025-11-05
16666,GB,2025-12-10
16667,US,2025-10-25
16668,DE,2025-10-24
16669,CA,2025-11-09
16670,GB,2025-10-27
16671,MX,2025-11-04
16672,GB,2025-11-03
16673,MX,2025-10-30
16674,MX,2025-11-19
16675,MX,2025-11-27
16676,US,2025-11-03
16677,GB,2025-12-02
16678,US,2025-12-26
16679,CA,2025-10-18
16680,DE,2025-10-28
16681,FR,2025-11-07
16682,FR,2025-10-10
16683,DE,2025-10-06
16684,ES,2025-11-12
16685,ES,2025-10-10
16686,CA,2025-10-01
16687,GB,2025-12-27
16688,US,2025-10-04
16689,GB,2025-11-17
16690,US,2025-11-08
16691,FR,2025-12-12
16692,US,2025-12-03
16693,US,2025-10-20
16694,GB,2025-11-24
16695,BR,2025-12-19
16696,GB,2025-10-24
16697,BR,2025-12-03
16698,US,2025-11-08
16699,BR,2025-11-06
16700,MX,2025-10-25
16701,US,2025-12-29
16702,FR,2025-10-08
16703,DE,2025-10-29
16704,GB,2025-11-08
16705,CA,2025-11-17
16706,US,2025-11-22
16707,US,2025-12-04
16708,FR,2025-11-01
16709,MX,2025-10-24
16710,MX,2025-11-13
16711,US,2025-10-03
16712,CA,2025-12-07
16713,GB,2025-11-10
16714,MX,2025-10-06
16715,FR,2025-10-11
16716,US,2025-10-03
16717,US,2025-11-01
16718,FR,2025-11-10
16719,US,2025-12-02
16720,US,2025-11-09
16721,DE,2025-12-03
16722,US,2025-12-21
16723,MX,2025-10-18
16724,US,2025-12-12
16725,ES,2025-12-24
16726,MX,2025-10-25
16727,MX,2025-10-06
16728,GB,2025-12-15
16729,DE,2025-10-07
16730,US,2025-11-12
16731,US,2025-12-30
16732,BR,2025-11-29
16733,MX,2025-11-02
16734,US,2025-10-19
16735,GB,2025-11-12
16736,DE,2025-10-28
16737,ES,2025-12-08
16738,ES,2025-12-19
16739,US,2025-12-30
16740,CA,2025-10-16
16741,DE,2025-10-22
16742,US,2025-10-04
16743,FR,2025-10-18
16744,GB,2025-10-08
16745,US,2025-11-23
16746,FR,2025-11-24
16747,MX,2025-12-09
16748,US,2025-11-11
16749,DE,2025-12-21
16750,FR,2025-11-27
16751,US,2025-11-29
16752,ES,2025-11-01
16753,US,2025-10-15
16754,GB,2025-10-11
16755,MX,2025-12-18
16756,FR,2025-10-18
16757,ES,2025-11-27
16758,US,2025-12-29
16759,MX,2025-10-07
16760,FR,2025-12-10
16761,CA,2025-11-15
16762,US,2025-12-01
16763,MX,2025-12-25
16764,US,2025-12-31
16765,US,2025-10-12
16766,FR,2025-12-03
16767,FR,2025-10-08
16768,DE,2025-10-09
16769,US,2025-10-12
16770,GB,2025-11-01
16771,MX,2025-11-07
16772,GB,2025-12-05
16773,US,2025-12-24
16774,US,2025-12-16
16775,ES,2025-12-25
16776,GB,2025-12-06
16777,GB,2025-11-01
16778,MX,2025-12-18
16779,US,2025-11-22
16780,MX,2025-11-15
16781,FR,2025-12-21
16782,FR,2025-10-17
16783,US,2025-12-07
16784,DE,2025-11-21
16785,GB,2025-11-09
16786,GB,2025-12-06
16787,US,2025-12-19
16788,ES,2025-12-12
16789,BR,2025-10-31
16790,FR,2025-10-09
16791,US,2025-11-23
16792,MX,2025-10-18
16793,US,2025-12-12
16794,CA,2025-12-25
16795,US,2025-12-20
16796,BR,2025-12-09
16797,US,2025-10-10
16798,MX,2025-10-29
16799,US,2025-12-14
16800,GB,2025-10-08
16801,US,2025-12-08
16802,US,2025-11-26
16803,US,2025-10-11
16804,ES,2025-12-01
16805,US,2025-10-21
16806,US,2025-10-08
16807,FR,2025-11-16
16808,CA,2025-12-30
16809,DE,2025-11-25
16810,US,2025-10-24
16811,US,2025-11-27
16812,GB,2025-11-29
16813,US,2025-12-13
16814,US,2025-11-02
16815,CA,2025-12-16
16816,GB,2025-10-07
16817,US,2025-10-27
16818,US,2025-10-18
16819,CA,2025-12-16
16820,GB,2025-11-24
16821,DE,2025-11-29
16822,BR,2025-12-17
16823,US,2025-11-21
16824,ES,2025-12-24
16825,US,2025-10-09
16826,DE,2025-11-15
16827,DE,2025-12-31
16828,GB,2025-11-01
16829,MX,2025-10-02
16830,US,2025-10-22
16831,BR,2025-10-04
16832,US,2025-10-02
16833,ES,2025-11-17
16834,MX,2025-12-18
16835,MX,2025-12-21
16836,ES,2025-10-13
16837,FR,2025-12-13
16838,US,2025-11-04
16839,ES,2025-10-26
16840,FR,2025-11-26
16841,US,2025-12-10
16842,MX,2025-12-05
16843,CA,2025-10-14
16844,BR,2025-12-27
16845,GB,2025-10-02
16846,CA,2025-10-28
16847,GB,2025-12-10
16848,GB,2025-10-30
16849,MX,2025-10-13
16850,US,2025-11-09
16851,US,2025-12-04
16852,CA,2025-12-14
16853,GB,2025-12-13
16854,CA,2025-12-12
16855,US,2025-10-02
16856,US,2025-12-26
16857,GB,2025-10-07
16858,CA,2025-10-21
16859,MX,2025-10-03
16860,FR,2025-11-28
16861,GB,2025-11-22
16862,US,2025-11-22
16863,US,2025-11-11
16864,GB,2025-10-03
16865,FR,2025-12-04
16866,US,2025-10-18
16867,CA,2025-11-19
16868,US,2025-11-25
16869,US,2025-11-08
16870,GB,2025-10-07
16871,CA,2025-10-18
16872,CA,2025-12-05
16873,FR,2025-12-13
16874,US,2025-10-30
16875,US,2025-12-21
16876,US,2025-10-02
16877,US,2025-12-01
16878,BR,2025-12-27
16879,US,2025-11-02
16880,GB,2025-12-28
16881,US,2025-12-30
16882,US,2025-11-04
16883,DE,2025-10-01
16884,US,2025-11-14
16885,BR,2025-11-07
16886,US,2025-11-26
16887,ES,2025-12-03
16888,FR,2025-12-17
16889,US,2025-10-02
16890,ES,2025-10-23
16891,BR,2025-10-30
16892,DE,2025-12-02
16893,FR,2025-11-23
16894,MX,2025-11-22
16895,MX,2025-10-02
16896,US,2025-11-17
16897,GB,2025-10-06
16898,US,2025-11-01
16899,GB,2025-12-01
16900,DE,2025-11-14
16901,GB,2025-11-05
16902,GB,2025-10-16
16903,US,2025-10-21
16904,GB,2025-12-12
16905,CA,2025-12-23
16906,GB,2025-11-16
16907,US,2025-11-30
16908,US,2025-11-25
16909,GB,2025-10-27
16910,US,2025-12-04
16911,FR,2025-12-26
16912,FR,2025-11-21
16913,BR,2025-10-08
16914,US,2025-11-09
16915,US,2025-10-02
16916,US,2025-11-02
16917,DE,2025-12-27
16918,ES,2025-10-31
16919,US,2025-12-10
16920,US,2025-11-07
16921,MX,2025-10-07
16922,ES,2025-11-16
16923,US,2025-11-19
16924,US,2025-12-12
16925,CA,2025-12-28
16926,US,2025-12-24
16927,US,2025-12-16
16928,BR,2025-12-08
16929,US,2025-12-15
16930,US,2025-12-27
16931,MX,2025-11-11
16932,ES,2025-12-26
16933,US,2025-11-27
16934,US,2025-12-18
16935,US,2025-11-28
16936,US,2025-12-24
16937,US,2025-11-17
16938,US,2025-11-05
16939,US,2025-11-24
16940,BR,2025-11-16
16941,US,2025-10-08
16942,FR,2025-12-04
16943,BR,2025-11-26
16944,DE,2025-12-26
16945,US,2025-11-07
16946,DE,2025-10-06
16947,CA,2025-11-21
16948,US,2025-11-23
16949,FR,2025-10-03
16950,MX,2025-11-11
16951,US,2025-10-02
16952,CA,2025-10-03
16953,BR,2025-12-03
16954,US,2025-12-01
16955,MX,2025-11-15
16956,US,2025-10-11
16957,US,2025-10-15
16958,US,2025-11-28
16959,FR,2025-12-23
16960,FR,2025-10-08
16961,US,2025-11-17
16962,DE,2025-10-25
16963,CA,2025-10-11
16964,CA,2025-12-22
16965,US,2025-12-09
16966,US,2025-11-23
16967,CA,2025-10-31
16968,US,2025-10-28
16969,FR,2025-12-24
16970,CA,2025-10-18
16971,US,2025-12-13
16972,CA,2025-10-15
16973,MX,2025-10-04
16974,DE,2025-12-21
16975,US,2025-10-22
16976,MX,2025-11-28
16977,DE,2025-11-22
16978,DE,2025-10-15
16979,US,2025-11-16
16980,CA,2025-11-24
16981,GB,2025-11-03
16982,US,2025-10-13
16983,GB,2025-10-24
16984,US,2025-10-26
16985,US,2025-11-18
16986,US,2025-11-30
16987,GB,2025-11-03
16988,US,2025-12-17
16989,US,2025-10-22
16990,US,2025-12-27
16991,US,2025-10-05
16992,CA,2025-12-24
16993,ES,2025-10-06
16994,FR,2025-11-12
16995,FR,2025-11-18
16996,DE,2025-11-03
16997,FR,2025-10-12
16998,US,2025-12-07
16999,MX,2025-10-28
17000,DE,2025-11-23
17001,ES,2025-10-28
17002,GB,2025-10-05
17003,US,2025-10-10
17004,US,2025-11-07
17005,US,2025-12-24
17006,DE,2025-11-10
17007,DE,2025-10-26
17008,CA,2025-11-05
17009,US,2025-12-30
17010,ES,2025-10-27
17011,FR,2025-10-10
17012,ES,2025-10-11
17013,DE,2025-12-13
17014,ES,2025-12-20
17015,US,2025-12-02
17016,US,2025-12-08
17017,FR,2025-11-01
17018,DE,2025-10-15
17019,US,2025-11-15
17020,BR,2025-12-26
17021,US,2025-11-01
17022,US,2025-11-02
17023,ES,2025-12-30
17024,FR,2025-12-07
17025,US,2025-10-15
17026,GB,2025-10-19
17027,GB,2025-11-15
17028,BR,2025-12-26
17029,MX,2025-12-23
17030,GB,2025-12-07
17031,US,2025-10-12
17032,ES,2025-12-05
17033,GB,2025-11-02
17034,MX,2025-12-20
17035,US,2025-11-05
17036,US,2025-12-04
17037,GB,2025-10-05
17038,US,2025-12-18
17039,GB,2025-11-20
17040,US,2025-10-30
17041,CA,2025-11-24
17042,US,2025-12-13
17043,US,2025-12-02
17044,GB,2025-11-26
17045,FR,2025-12-28
17046,CA,2025-11-19
17047,US,2025-11-23
17048,GB,2025-12-25
17049,US,2025-12-06
17050,FR,2025-11-08
17051,MX,2025-12-14
17052,GB,2025-11-21
17053,US,2025-10-29
17054,MX,2025-10-12
17055,BR,2025-12-03
17056,GB,2025-10-24
17057,DE,2025-11-04
17058,MX,2025-12-01
17059,MX,2025-12-26
17060,CA,2025-10-16
17061,US,2025-10-18
17062,CA,2025-10-14
17063,ES,2025-12-14
17064,GB,2025-12-16
17065,CA,2025-10-24
17066,DE,2025-10-11
17067,US,2025-11-26
17068,CA,2025-12-27
17069,US,2025-11-03
17070,CA,2025-11-03
17071,US,2025-10-06
17072,BR,2025-12-22
17073,US,2025-11-08
17074,MX,2025-11-11
17075,DE,2025-12-02
17076,FR,2025-10-24
17077,GB,2025-11-14
17078,CA,2025-11-16
17079,US,2025-11-13
17080,US,2025-12-10
17081,US,2025-12-06
17082,GB,2025-12-08
17083,DE,2025-10-11
17084,US,2025-12-31
17085,MX,2025-12-03
17086,DE,2025-10-17
17087,GB,2025-10-28
17088,US,2025-10-15
17089,BR,2025-11-03
17090,ES,2025-11-20
17091,FR,2025-10-27
17092,US,2025-10-23
17093,FR,2025-11-11
17094,ES,2025-10-04
17095,ES,2025-10-08
17096,FR,2025-11-21
17097,US,2025-11-03
17098,MX,2025-12-13
17099,GB,2025-12-23
17100,FR,2025-12-24
17101,FR,2025-12-07
17102,CA,2025-10-29
17103,CA,2025-12-05
17104,GB,2025-11-17
17105,US,2025-10-24
17106,CA,2025-12-02
17107,FR,2025-11-15
17108,US,2025-10-01
17109,FR,2025-12-15
17110,US,2025-11-30
17111,US,2025-11-03
17112,CA,2025-10-12
17113,GB,2025-11-14
17114,US,2025-11-18
17115,ES,2025-12-10
17116,BR,2025-12-05
17117,US,2025-12-31
17118,US,2025-11-04
17119,FR,2025-11-07
17120,US,2025-12-24
17121,US,2025-10-23
17122,US,2025-11-04
17123,US,2025-10-18
17124,US,2025-10-19
17125,MX,2025-12-24
17126,FR,2025-10-25
17127,MX,2025-10-16
17128,BR,2025-10-10
17129,US,2025-10-01
17130,US,2025-10-13
17131,GB,2025-11-06
17132,MX,2025-11-22
17133,ES,2025-12-18
17134,CA,2025-11-25
17135,ES,2025-10-18
17136,US,2025-12-09
17137,GB,2025-10-20
17138,DE,2025-12-13
17139,ES,2025-10-10
17140,US,2025-11-08
17141,GB,2025-11-18
17142,ES,2025-10-19
17143,MX,2025-10-09
17144,ES,2025-11-03
17145,FR,2025-10-20
17146,US,2025-11-06
17147,MX,2025-12-03
17148,US,2025-10-01
17149,DE,2025-10-07
17150,US,2025-11-19
17151,GB,2025-11-24
17152,US,2025-12-27
17153,US,2025-12-29
17154,DE,2025-10-14
17155,US,2025-10-24
17156,BR,2025-10-27
17157,FR,2025-10-29
17158,US,2025-11-25
17159,CA,2025-11-22
17160,DE,2025-11-21
17161,GB,2025-12-27
17162,GB,2025-11-22
17163,US,2025-11-25
17164,MX,2025-12-11
17165,FR,2025-10-23
17166,MX,2025-11-13
17167,GB,2025-10-26
17168,GB,2025-10-22
17169,CA,2025-12-31
17170,MX,2025-10-04
17171,CA,2025-12-29
17172,US,2025-10-11
17173,US,2025-12-22
17174,FR,2025-10-15
17175,US,2025-12-02
17176,GB,2025-11-05
17177,US,2025-10-29
17178,BR,2025-12-14
17179,DE,2025-10-29
17180,GB,2025-10-23
17181,MX,2025-12-30
17182,ES,2025-10-14
17183,US,2025-12-07
17184,DE,2025-10-10
17185,US,2025-12-22
17186,MX,2025-11-23
17187,US,2025-10-19
17188,US,2025-11-12
17189,FR,2025-11-15
17190,DE,2025-11-21
17191,US,2025-10-07
17192,US,2025-10-11
17193,US,2025-11-14
17194,FR,2025-10-03
17195,MX,2025-10-10
17196,FR,2025-10-14
17197,GB,2025-10-04
17198,DE,2025-11-01
17199,US,2025-11-30
17200,DE,2025-12-22
17201,US,2025-12-19
17202,GB,2025-12-30
17203,US,2025-12-07
17204,US,2025-12-26
17205,DE,2025-10-15
17206,US,2025-10-27
17207,US,2025-12-01
17208,US,2025-11-25
17209,US,2025-11-26
17210,FR,2025-10-01
17211,FR,2025-11-23
17212,FR,2025-11-27
17213,MX,2025-11-18
17214,GB,2025-10-01
17215,BR,2025-10-21
17216,GB,2025-10-19
17217,GB,2025-12-01
17218,ES,2025-12-09
17219,GB,2025-11-27
17220,US,2025-10-20
17221,DE,2025-10-28
17222,BR,2025-11-04
17223,DE,2025-12-08
17224,US,2025-11-28
17225,US,2025-12-18
17226,MX,2025-10-26
17227,US,2025-12-27
17228,BR,2025-11-12
17229,BR,2025-11-10
17230,GB,2025-10-31
17231,US,2025-10-26
17232,DE,2025-11-12
17233,US,2025-11-18
17234,MX,2025-10-05
17235,CA,2025-11-08
17236,ES,2025-11-05
17237,DE,2025-12-18
17238,FR,2025-12-15
17239,US,2025-12-23
17240,MX,2025-12-14
17241,FR,2025-12-25
17242,FR,2025-10-22
17243,BR,2025-10-08
17244,MX,2025-10-14
17245,US,2025-10-04
17246,MX,2025-10-29
17247,FR,2025-11-21
17248,GB,2025-10-21
17249,FR,2025-10-25
17250,GB,2025-12-12
17251,US,2025-10-10
17252,US,2025-10-29
17253,CA,2025-12-13
17254,FR,2025-11-21
17255,MX,2025-11-25
17256,ES,2025-11-26
17257,MX,2025-11-27
17258,DE,2025-10-22
17259,GB,2025-11-06
17260,US,2025-10-08
17261,MX,2025-11-16
17262,BR,2025-11-21
17263,ES,2025-11-17
17264,DE,2025-10-09
17265,US,2025-10-22
17266,US,2025-12-12
17267,MX,2025-11-05
17268,CA,2025-10-16
17269,CA,2025-11-10
17270,BR,2025-11-09
17271,US,2025-12-19
17272,CA,2025-10-23
17273,US,2025-11-04
17274,US,2025-11-26
17275,FR,2025-12-29
17276,US,2025-10-19
17277,GB,2025-10-26
17278,DE,2025-10-08
17279,US,2025-12-03
17280,US,2025-12-22
17281,US,2025-10-22
17282,FR,2025-10-01
17283,MX,2025-11-15
17284,US,2025-10-10
17285,ES,2025-12-27
17286,GB,2025-10-25
17287,FR,2025-11-12
17288,US,2025-10-04
17289,BR,2025-12-03
17290,DE,2025-11-29
17291,MX,2025-11-10
17292,MX,2025-10-30
17293,US,2025-12-07
17294,US,2025-11-13
17295,US,2025-11-06
17296,MX,2025-11-01
17297,US,2025-12-29
17298,US,2025-11-22
17299,BR,2025-10-27
17300,ES,2025-11-03
17301,US,2025-12-14
17302,MX,2025-10-14
17303,MX,2025-10-28
17304,DE,2025-12-10
17305,BR,2025-12-13
17306,MX,2025-11-13
17307,US,2025-11-03
17308,US,2025-11-02
17309,MX,2025-10-23
17310,US,2025-11-17
17311,US,2025-11-23
17312,US,2025-12-12
17313,DE,2025-10-06
17314,US,2025-11-20
17315,GB,2025-11-21
17316,BR,2025-11-28
17317,GB,2025-11-08
17318,US,2025-10-19
17319,US,2025-11-29
17320,FR,2025-11-27
17321,MX,2025-12-01
17322,GB,2025-10-21
17323,MX,2025-12-18
17324,US,2025-12-28
17325,US,2025-10-13
17326,US,2025-11-21
17327,US,2025-12-09
17328,GB,2025-10-13
17329,ES,2025-11-13
17330,CA,2025-12-17
17331,ES,2025-12-24
17332,US,2025-10-15
17333,US,2025-12-25
17334,GB,2025-11-25
17335,GB,2025-12-26
17336,US,2025-11-26
17337,FR,2025-11-07
17338,ES,2025-10-08
17339,US,2025-12-24
17340,US,2025-12-09
17341,GB,2025-11-09
17342,CA,2025-12-08
17343,MX,2025-12-02
17344,FR,2025-12-31
17345,GB,2025-11-12
17346,US,2025-12-03
17347,US,2025-10-19
17348,FR,2025-11-18
17349,ES,2025-12-08
17350,US,2025-10-27
17351,US,2025-12-01
17352,DE,2025-10-17
17353,US,2025-11-13
17354,US,2025-12-04
17355,CA,2025-12-12
17356,US,2025-12-25
17357,GB,2025-12-25
17358,FR,2025-12-15
17359,US,2025-11-20
17360,GB,2025-11-05
17361,US,2025-10-04
17362,CA,2025-10-27
17363,US,2025-10-22
17364,US,2025-10-30
17365,US,2025-11-20
17366,CA,2025-10-07
17367,US,2025-10-01
17368,GB,2025-10-06
17369,GB,2025-10-18
17370,US,2025-12-21
17371,MX,2025-10-02
17372,US,2025-10-25
17373,US,2025-12-25
17374,ES,2025-10-19
17375,ES,2025-12-19
17376,MX,2025-12-10
17377,DE,2025-11-19
17378,MX,2025-12-25
17379,ES,2025-10-11
17380,GB,2025-11-25
17381,FR,2025-10-28
17382,BR,2025-11-16
17383,BR,2025-10-05
17384,GB,2025-11-17
17385,FR,2025-10-04
17386,US,2025-12-26
17387,GB,2025-11-18
17388,GB,2025-11-26
17389,ES,2025-11-07
17390,CA,2025-11-19
17391,GB,2025-12-24
17392,CA,2025-11-16
17393,BR,2025-11-25
17394,US,2025-12-28
17395,FR,2025-11-28
17396,US,2025-12-16
17397,MX,2025-11-01
17398,US,2025-12-20
17399,ES,2025-11-13
17400,DE,2025-10-03
17401,FR,2025-10-12
17402,DE,2025-11-26
17403,FR,2025-11-24
17404,GB,2025-11-04
17405,US,2025-12-06
17406,US,2025-10-27
17407,DE,2025-12-12
17408,US,2025-12-28
17409,GB,2025-10-16
17410,MX,2025-12-05
17411,FR,2025-11-11
17412,US,2025-12-25
17413,US,2025-10-04
17414,FR,2025-10-24
17415,US,2025-12-13
17416,CA,2025-10-04
17417,DE,2025-10-13
17418,US,2025-10-25
17419,ES,2025-11-20
17420,US,2025-10-19
17421,DE,2025-12-01
17422,FR,2025-10-30
17423,GB,2025-12-25
17424,US,2025-11-26
17425,US,2025-12-29
17426,DE,2025-10-18
17427,DE,2025-11-01
17428,DE,2025-11-18
17429,ES,2025-10-15
17430,GB,2025-12-28
17431,ES,2025-10-05
17432,ES,2025-11-06
17433,BR,2025-11-10
17434,DE,2025-11-10
17435,US,2025-12-03
17436,ES,2025-10-05
17437,MX,2025-12-11
17438,MX,2025-10-26
17439,GB,2025-11-02
17440,FR,2025-11-27
17441,US,2025-12-24
17442,DE,2025-11-14
17443,FR,2025-11-09
17444,CA,2025-11-27
17445,MX,2025-10-07
17446,FR,2025-10-27
17447,US,2025-12-03
17448,DE,2025-12-17
17449,FR,2025-12-22
17450,CA,2025-12-18
17451,US,2025-11-11
17452,US,2025-12-04
17453,US,2025-10-21
17454,FR,2025-12-08
17455,US,2025-10-03
17456,US,2025-12-15
17457,GB,2025-11-15
17458,US,2025-11-22
17459,US,2025-11-07
17460,ES,2025-10-21
17461,ES,2025-11-13
17462,DE,2025-12-29
17463,DE,2025-11-06
17464,CA,2025-11-06
17465,US,2025-12-26
17466,DE,2025-10-05
17467,MX,2025-10-09
17468,US,2025-10-24
17469,US,2025-11-07
17470,DE,2025-11-13
17471,CA,2025-10-15
17472,DE,2025-11-20
17473,US,2025-11-19
17474,US,2025-12-03
17475,US,2025-11-09
17476,US,2025-11-11
17477,US,2025-12-20
17478,ES,2025-12-23
17479,GB,2025-12-28
17480,MX,2025-12-20
17481,US,2025-10-02
17482,DE,2025-11-01
17483,GB,2025-10-07
17484,US,2025-12-10
17485,MX,2025-12-21
17486,FR,2025-12-09
17487,ES,2025-12-02
17488,ES,2025-10-30
17489,BR,2025-12-02
17490,MX,2025-12-31
17491,CA,2025-10-03
17492,US,2025-11-10
17493,US,2025-12-01
17494,FR,2025-11-23
17495,CA,2025-12-19
17496,GB,2025-10-09
17497,ES,2025-10-17
17498,DE,2025-10-13
17499,US,2025-11-28
17500,US,2025-11-16
17501,ES,2025-12-01
17502,US,2025-11-17
17503,GB,2025-11-29
17504,GB,2025-12-16
17505,BR,2025-10-15
17506,US,2025-12-19
17507,ES,2025-12-12
17508,DE,2025-10-05
17509,CA,2025-11-15
17510,US,2025-10-06
17511,CA,2025-11-08
17512,US,2025-11-03
17513,US,2025-10-22
17514,US,2025-12-14
17515,US,2025-12-16
17516,BR,2025-11-05
17517,US,2025-12-03
17518,US,2025-10-16
17519,US,2025-11-15
17520,FR,2025-10-09
17521,US,2025-10-06
17522,ES,2025-12-08
17523,ES,2025-10-20
17524,MX,2025-11-14
17525,FR,2025-12-20
17526,US,2025-11-26
17527,DE,2025-11-12
17528,BR,2025-12-24
17529,GB,2025-12-12
17530,ES,2025-11-27
17531,US,2025-10-18
17532,US,2025-10-12
17533,GB,2025-12-22
17534,US,2025-11-03
17535,ES,2025-12-08
17536,US,2025-12-09
17537,CA,2025-10-23
17538,DE,2025-10-01
17539,FR,2025-12-28
17540,DE,2025-12-25
17541,DE,2025-10-30
17542,CA,2025-12-25
17543,CA,2025-10-27
17544,BR,2025-10-20
17545,US,2025-10-26
17546,BR,2025-12-31
17547,BR,2025-10-21
17548,US,2025-11-22
17549,US,2025-11-30
17550,US,2025-10-19
17551,CA,2025-12-03
17552,BR,2025-12-05
17553,ES,2025-10-15
17554,US,2025-12-04
17555,US,2025-12-19
17556,US,2025-12-02
17557,MX,2025-11-30
17558,BR,2025-12-22
17559,US,2025-10-08
17560,FR,2025-12-16
17561,US,2025-10-05
17562,US,2025-10-07
17563,US,2025-11-04
17564,ES,2025-10-26
17565,MX,2025-11-09
17566,CA,2025-11-26
17567,US,2025-11-28
17568,CA,2025-11-07
17569,DE,2025-12-24
17570,FR,2025-11-10
17571,ES,2025-11-07
17572,US,2025-10-25
17573,US,2025-10-10
17574,US,2025-11-15
17575,US,2025-10-03
17576,FR,2025-10-02
17577,US,2025-11-27
17578,FR,2025-11-10
17579,US,2025-12-26
17580,US,2025-12-22
17581,US,2025-12-11
17582,GB,2025-10-29
17583,ES,2025-10-27
17584,GB,2025-12-14
17585,DE,2025-11-29
17586,MX,2025-10-08
17587,ES,2025-12-16
17588,FR,2025-12-18
17589,ES,2025-12-29
17590,FR,2025-10-27
17591,GB,2025-12-02
17592,FR,2025-11-30
17593,FR,2025-11-09
17594,GB,2025-11-19
17595,US,2025-11-06
17596,MX,2025-12-08
17597,ES,2025-11-30
17598,GB,2025-11-08
17599,CA,2025-10-12
17600,FR,2025-11-08
17601,CA,2025-10-10
17602,CA,2025-10-24
17603,BR,2025-11-02
17604,GB,2025-11-07
17605,BR,2025-11-06
17606,US,2025-12-21
17607,BR,2025-11-29
17608,CA,2025-11-18
17609,GB,2025-10-22
17610,BR,2025-11-18
17611,US,2025-11-01
17612,GB,2025-12-30
17613,ES,2025-10-26
17614,GB,2025-11-21
17615,US,2025-12-01
17616,BR,2025-11-25
17617,US,2025-11-16
17618,CA,2025-12-14
17619,US,2025-10-27
17620,FR,2025-10-29
17621,DE,2025-10-21
17622,BR,2025-12-26
17623,US,2025-12-25
17624,US,2025-11-29
17625,GB,2025-12-21
17626,US,2025-11-07
17627,FR,2025-11-18
17628,FR,2025-12-29
17629,US,2025-11-29
17630,ES,2025-12-24
17631,ES,2025-11-16
17632,US,2025-10-21
17633,MX,2025-12-18
17634,US,2025-11-28
17635,GB,2025-12-11
17636,FR,2025-11-17
17637,US,2025-10-14
17638,US,2025-10-01
17639,CA,2025-11-24
17640,US,2025-11-10
17641,GB,2025-10-29
17642,US,2025-12-03
17643,BR,2025-10-17
17644,US,2025-12-12
17645,US,2025-10-18
17646,DE,2025-12-26
17647,FR,2025-10-04
17648,BR,2025-11-17
17649,BR,2025-10-30
17650,US,2025-10-20
17651,BR,2025-12-12
17652,BR,2025-11-28
17653,US,2025-12-07
17654,DE,2025-10-26
17655,US,2025-10-27
17656,BR,2025-10-29
17657,US,2025-10-30
17658,FR,2025-10-10
17659,CA,2025-11-04
17660,ES,2025-11-25
17661,MX,2025-11-21
17662,DE,2025-10-12
17663,MX,2025-12-03
17664,US,2025-12-31
17665,US,2025-11-26
17666,BR,2025-12-12
17667,DE,2025-10-12
17668,US,2025-12-11
17669,MX,2025-10-15
17670,DE,2025-12-09
17671,US,2025-11-15
17672,US,2025-10-17
17673,US,2025-11-28
17674,DE,2025-10-06
17675,US,2025-12-06
17676,FR,2025-12-03
17677,FR,2025-11-22
17678,BR,2025-10-28
17679,ES,2025-11-03
17680,US,2025-11-30
17681,US,2025-12-22
17682,GB,2025-11-27
17683,DE,2025-12-03
17684,ES,2025-11-29
17685,US,2025-12-19
17686,US,2025-10-28
17687,BR,2025-11-07
17688,CA,2025-12-28
17689,US,2025-11-23
17690,GB,2025-12-30
17691,MX,2025-11-24
17692,GB,2025-11-09
17693,ES,2025-12-12
17694,FR,2025-11-03
17695,US,2025-12-09
17696,US,2025-10-24
17697,GB,2025-10-28
17698,US,2025-11-16
17699,US,2025-10-20
17700,FR,2025-11-06
17701,CA,2025-11-04
17702,DE,2025-12-20
17703,GB,2025-10-24
17704,US,2025-11-01
17705,DE,2025-12-30
17706,DE,2025-12-24
17707,US,2025-12-23
17708,ES,2025-12-01
17709,US,2025-12-07
17710,MX,2025-11-01
17711,MX,2025-11-16
17712,MX,2025-12-01
17713,ES,2025-12-20
17714,US,2025-10-11
17715,DE,2025-10-25
17716,FR,2025-12-22
17717,US,2025-12-24
17718,US,2025-11-26
17719,US,2025-12-28
17720,US,2025-12-14
17721,US,2025-10-07
17722,FR,2025-10-27
17723,US,2025-11-24
17724,US,2025-11-24
17725,US,2025-12-30
17726,US,2025-10-19
17727,BR,2025-11-04
17728,FR,2025-10-11
17729,FR,2025-11-23
17730,US,2025-10-14
17731,FR,2025-10-29
17732,FR,2025-11-09
17733,US,2025-12-20
17734,US,2025-12-03
17735,CA,2025-10-15
17736,DE,2025-12-07
17737,ES,2025-10-10
17738,BR,2025-10-20
17739,CA,2025-12-14
17740,CA,2025-12-06
17741,MX,2025-10-31
17742,US,2025-11-09
17743,GB,2025-11-16
17744,BR,2025-10-23
17745,US,2025-10-16
17746,GB,2025-10-02
17747,DE,2025-12-15
17748,US,2025-10-25
17749,CA,2025-11-06
17750,GB,2025-11-28
17751,DE,2025-11-26
17752,US,2025-10-31
17753,US,2025-10-07
17754,DE,2025-10-27
17755,DE,2025-10-20
17756,US,2025-12-21
17757,CA,2025-10-01
17758,GB,2025-12-02
17759,MX,2025-11-02
17760,DE,2025-10-26
17761,US,2025-11-11
17762,CA,2025-11-25
17763,US,2025-12-13
17764,FR,2025-11-05
17765,US,2025-12-11
17766,DE,2025-10-20
17767,MX,2025-11-23
17768,US,2025-12-09
17769,GB,2025-10-22
17770,US,2025-10-30
17771,US,2025-11-02
17772,FR,2025-12-29
17773,FR,2025-12-13
17774,US,2025-10-04
17775,CA,2025-10-29
17776,GB,2025-10-15
17777,GB,2025-12-12
17778,BR,2025-11-09
17779,US,2025-11-20
17780,DE,2025-12-10
17781,US,2025-10-04
17782,FR,2025-10-13
17783,ES,2025-11-02
17784,US,2025-11-08
17785,GB,2025-11-18
17786,GB,2025-11-07
17787,US,2025-11-29
17788,ES,2025-10-02
17789,MX,2025-10-27
17790,MX,2025-10-27
17791,CA,2025-10-21
17792,CA,2025-10-02
17793,US,2025-12-30
17794,ES,2025-10-17
17795,FR,2025-10-22
17796,DE,2025-12-03
17797,ES,2025-12-27
17798,FR,2025-12-15
17799,GB,2025-10-13
17800,US,2025-11-18
17801,ES,2025-12-08
17802,DE,2025-11-09
17803,BR,2025-10-05
17804,MX,2025-11-04
17805,GB,2025-12-22
17806,DE,2025-11-18
17807,BR,2025-12-06
17808,CA,2025-10-22
17809,US,2025-11-12
17810,CA,2025-10-02
17811,US,2025-11-02
17812,CA,2025-12-12
17813,FR,2025-12-20
17814,DE,2025-10-29
17815,MX,2025-11-03
17816,GB,2025-11-21
17817,CA,2025-10-04
17818,BR,2025-11-16
17819,FR,2025-12-28
17820,ES,2025-10-25
17821,US,2025-11-18
17822,DE,2025-11-11
17823,CA,2025-11-06
17824,MX,2025-10-17
17825,CA,2025-12-14
17826,US,2025-10-19
17827,US,2025-12-27
17828,FR,2025-11-15
17829,BR,2025-12-07
17830,US,2025-12-17
17831,ES,2025-10-04
17832,DE,2025-10-28
17833,DE,2025-12-26
17834,BR,2025-11-30
17835,GB,2025-10-03
17836,US,2025-10-31
17837,US,2025-12-24
17838,GB,2025-11-14
17839,GB,2025-12-11
17840,CA,2025-10-09
17841,DE,2025-11-26
17842,US,2025-11-03
17843,US,2025-12-28
17844,US,2025-12-31
17845,ES,2025-10-14
17846,MX,2025-12-04
17847,BR,2025-12-09
17848,GB,2025-11-14
17849,US,2025-12-03
17850,FR,2025-10-18
17851,ES,2025-11-23
17852,US,2025-10-18
17853,US,2025-11-09
17854,FR,2025-11-30
17855,MX,2025-12-08
17856,US,2025-10-26
17857,ES,2025-10-08
17858,FR,2025-10-24
17859,CA,2025-11-14
17860,GB,2025-10-23
17861,DE,2025-12-21
17862,CA,2025-12-10
17863,BR,2025-10-28
17864,CA,2025-10-05
17865,FR,2025-12-02
17866,US,2025-11-10
17867,MX,2025-12-10
17868,US,2025-10-29
17869,BR,2025-11-26
17870,US,2025-11-07
17871,US,2025-12-24
17872,DE,2025-10-28
17873,BR,2025-12-07
17874,US,2025-12-10
17875,MX,2025-12-29
17876,US,2025-11-13
17877,US,2025-12-28
17878,FR,2025-12-10
17879,US,2025-11-23
17880,DE,2025-10-14
17881,DE,2025-12-03
17882,GB,2025-11-19
17883,DE,2025-12-20
17884,US,2025-10-22
17885,CA,2025-12-27
17886,US,2025-11-12
17887,US,2025-10-08
17888,US,2025-12-27
17889,US,2025-10-18
17890,ES,2025-10-03
17891,CA,2025-12-31
17892,DE,2025-10-18
17893,DE,2025-12-16
17894,DE,2025-12-03
17895,MX,2025-11-13
17896,MX,2025-12-06
17897,US,2025-12-26
17898,FR,2025-10-16
17899,CA,2025-11-21
17900,GB,2025-11-16
17901,FR,2025-10-12
17902,BR,2025-11-05
17903,CA,2025-12-18
17904,FR,2025-10-28
17905,US,2025-12-05
17906,DE,2025-12-18
17907,US,2025-11-18
17908,GB,2025-11-15
17909,US,2025-10-18
17910,FR,2025-12-22
17911,MX,2025-12-29
17912,US,2025-11-29
17913,DE,2025-11-02
17914,US,2025-10-27
17915,US,2025-11-06
17916,FR,2025-12-15
17917,US,2025-10-12
17918,US,2025-10-03
17919,US,2025-12-23
17920,CA,2025-12-26
17921,ES,2025-11-01
17922,US,2025-10-09
17923,ES,2025-11-19
17924,US,2025-12-24
17925,CA,2025-10-29
17926,DE,2025-10-06
17927,FR,2025-12-11
17928,US,2025-10-17
17929,GB,2025-12-07
17930,MX,2025-10-28
17931,US,2025-11-16
17932,ES,2025-12-24
17933,CA,2025-12-10
17934,GB,2025-11-08
17935,DE,2025-12-14
17936,US,2025-12-18
17937,US,2025-11-19
17938,CA,2025-10-26
17939,FR,2025-10-25
17940,FR,2025-12-10
17941,GB,2025-10-09
17942,US,2025-11-17
17943,US,2025-12-09
17944,CA,2025-12-11
17945,CA,2025-10-31
17946,MX,2025-11-29
17947,CA,2025-10-04
17948,US,2025-12-08
17949,DE,2025-10-17
17950,FR,2025-10-16
17951,FR,2025-11-21
17952,US,2025-10-12
17953,BR,2025-10-07
17954,US,2025-10-11
17955,FR,2025-10-24
17956,MX,2025-12-21
17957,US,2025-12-18
17958,DE,2025-11-22
17959,GB,2025-10-21
17960,US,2025-10-19
17961,FR,2025-10-13
17962,US,2025-11-10
17963,FR,2025-12-04
17964,ES,2025-12-07
17965,MX,2025-11-29
17966,GB,2025-11-27
17967,CA,2025-11-18
17968,MX,2025-12-03
17969,FR,2025-11-09
17970,DE,2025-12-07
17971,CA,2025-10-05
17972,FR,2025-12-19
17973,US,2025-12-30
17974,DE,2025-11-08
17975,US,2025-11-13
17976,FR,2025-10-21
17977,US,2025-11-06
17978,MX,2025-12-25
17979,US,2025-11-30
17980,US,2025-12-21
17981,CA,2025-12-01
17982,US,2025-10-28
17983,US,2025-11-17
17984,CA,2025-12-09
17985,DE,2025-11-23
17986,CA,2025-11-21
17987,US,2025-10-19
17988,CA,2025-12-01
17989,CA,2025-10-12
17990,US,2025-12-20
17991,US,2025-10-29
17992,MX,2025-11-15
17993,MX,2025-11-07
17994,GB,2025-12-12
17995,ES,2025-11-02
17996,ES,2025-10-31
17997,GB,2025-11-15
17998,CA,2025-12-04
17999,US,2025-10-09
18000,MX,2025-11-05
18001,US,2025-12-08
18002,GB,2025-12-28
18003,US,2025-10-04
18004,GB,2025-10-10
18005,US,2025-10-18
18006,US,2025-11-03
18007,US,2025-12-02
18008,MX,2025-11-11
18009,US,2025-10-04
18010,US,2025-10-19
18011,US,2025-10-14
18012,US,2025-11-09
18013,US,2025-12-01
18014,US,2025-10-29
18015,DE,2025-10-02
18016,CA,2025-11-22
18017,GB,2025-12-13
18018,GB,2025-10-23
18019,GB,2025-11-14
18020,BR,2025-10-21
18021,FR,2025-10-17
18022,US,2025-10-08
18023,US,2025-12-22
18024,US,2025-10-26
18025,MX,2025-11-15
18026,FR,2025-10-08
18027,MX,2025-11-17
18028,FR,2025-12-02
18029,GB,2025-10-18
18030,US,2025-11-29
18031,US,2025-12-07
18032,GB,2025-11-24
18033,ES,2025-12-25
18034,US,2025-11-26
18035,ES,2025-12-04
18036,GB,2025-12-12
18037,US,2025-12-07
18038,US,2025-12-25
18039,FR,2025-12-19
18040,FR,2025-12-20
18041,GB,2025-10-26
18042,ES,2025-12-25
18043,DE,2025-12-13
18044,ES,2025-10-15
18045,CA,2025-12-30
18046,MX,2025-11-24
18047,US,2025-10-09
18048,US,2025-12-11
18049,US,2025-12-13
18050,US,2025-12-05
18051,ES,2025-11-27
18052,GB,2025-11-19
18053,ES,2025-12-04
18054,US,2025-10-27
18055,GB,2025-10-17
18056,MX,2025-12-30
18057,FR,2025-10-22
18058,US,2025-10-02
18059,GB,2025-10-28
18060,MX,2025-10-06
18061,US,2025-10-10
18062,MX,2025-11-27
18063,US,2025-10-25
18064,US,2025-11-11
18065,US,2025-10-23
18066,FR,2025-12-06
18067,US,2025-12-15
18068,FR,2025-10-08
18069,US,2025-11-08
18070,FR,2025-12-25
18071,ES,2025-10-23
18072,MX,2025-12-12
18073,FR,2025-10-25
18074,US,2025-12-04
18075,US,2025-11-07
18076,DE,2025-12-21
18077,BR,2025-11-26
18078,FR,2025-11-07
18079,BR,2025-12-16
18080,ES,2025-10-29
18081,CA,2025-12-29
18082,CA,2025-12-08
18083,DE,2025-12-25
18084,ES,2025-11-05
18085,US,2025-10-24
18086,US,2025-10-07
18087,DE,2025-11-19
18088,US,2025-11-18
18089,US,2025-10-31
18090,BR,2025-12-11
18091,US,2025-10-30
18092,US,2025-11-12
18093,GB,2025-12-16
18094,CA,2025-10-12
18095,US,2025-12-21
18096,US,2025-12-17
18097,CA,2025-11-16
18098,US,2025-12-31
18099,GB,2025-11-10
18100,US,2025-11-15
18101,CA,2025-12-14
18102,US,2025-11-03
18103,FR,2025-10-23
18104,US,2025-10-24
18105,US,2025-12-24
18106,US,2025-10-24
18107,ES,2025-10-12
18108,MX,2025-12-21
18109,FR,2025-11-09
18110,US,2025-10-14
18111,DE,2025-12-30
18112,GB,2025-10-25
18113,ES,2025-12-28
18114,US,2025-11-29
18115,US,2025-12-25
18116,ES,2025-11-03
18117,ES,2025-11-19
18118,MX,2025-12-17
18119,FR,2025-12-20
18120,FR,2025-12-13
18121,BR,2025-10-13
18122,MX,2025-10-10
18123,US,2025-12-19
18124,GB,2025-11-20
18125,DE,2025-12-01
18126,BR,2025-10-02
18127,DE,2025-10-01
18128,MX,2025-12-21
18129,US,2025-12-29
18130,ES,2025-12-20
18131,US,2025-12-26
18132,US,2025-11-04
18133,US,2025-12-25
18134,GB,2025-10-07
18135,MX,2025-12-20
18136,BR,2025-12-02
18137,MX,2025-11-04
18138,GB,2025-12-19
18139,US,2025-10-18
18140,CA,2025-12-05
18141,BR,2025-12-30
18142,GB,2025-10-22
18143,MX,2025-12-25
18144,US,2025-11-22
18145,GB,2025-12-26
18146,MX,2025-12-09
18147,ES,2025-10-23
18148,US,2025-11-26
18149,GB,2025-10-05
18150,US,2025-12-02
18151,GB,2025-11-05
18152,US,2025-10-29
18153,GB,2025-10-21
18154,GB,2025-10-18
18155,GB,2025-12-23
18156,MX,2025-12-19
18157,MX,2025-12-19
18158,US,2025-11-04
18159,US,2025-11-21
18160,DE,2025-10-26
18161,ES,2025-11-23
18162,US,2025-10-10
18163,BR,2025-12-31
18164,US,2025-12-23
18165,US,2025-12-19
18166,DE,2025-10-14
18167,FR,2025-12-28
18168,GB,2025-10-31
18169,FR,2025-11-03
18170,US,2025-10-18
18171,FR,2025-11-08
18172,US,2025-12-19
18173,US,2025-10-02
18174,US,2025-10-29
18175,US,2025-10-08
18176,BR,2025-11-15
18177,US,2025-10-26
18178,FR,2025-12-08
18179,MX,2025-10-04
18180,ES,2025-10-12
18181,GB,2025-10-17
18182,US,2025-11-19
18183,US,2025-11-26
18184,DE,2025-12-23
18185,BR,2025-10-05
18186,US,2025-12-18
18187,US,2025-10-22
18188,US,2025-12-22
18189,BR,2025-11-18
18190,FR,2025-10-27
18191,CA,2025-12-09
18192,US,2025-10-29
18193,ES,2025-11-01
18194,FR,2025-10-10
18195,US,2025-10-13
18196,US,2025-12-24
18197,CA,2025-12-18
18198,ES,2025-10-02
18199,US,2025-10-17
18200,ES,2025-10-01
18201,GB,2025-11-14
18202,CA,2025-10-12
18203,CA,2025-12-10
18204,GB,2025-11-02
18205,US,2025-12-05
18206,US,2025-12-16
18207,DE,2025-11-12
18208,US,2025-11-23
18209,DE,2025-11-20
18210,US,2025-11-24
18211,GB,2025-10-08
18212,US,2025-10-05
18213,BR,2025-12-27
18214,MX,2025-12-03
18215,DE,2025-12-18
18216,GB,2025-12-19
18217,GB,2025-11-16
18218,US,2025-10-04
18219,FR,2025-10-05
18220,FR,2025-12-12
18221,MX,2025-11-17
18222,GB,2025-11-11
18223,US,2025-12-04
18224,US,2025-10-29
18225,BR,2025-11-01
18226,MX,2025-12-09
18227,US,2025-12-07
18228,FR,2025-10-13
18229,GB,2025-12-11
18230,US,2025-11-10
18231,ES,2025-11-24
18232,BR,2025-11-29
18233,MX,2025-10-20
18234,FR,2025-11-13
18235,US,2025-12-11
18236,US,2025-11-13
18237,ES,2025-10-20
18238,US,2025-11-08
18239,MX,2025-10-21
18240,ES,2025-10-28
18241,US,2025-10-27
18242,ES,2025-12-23
18243,US,2025-12-10
18244,FR,2025-10-15
18245,US,2025-11-03
18246,MX,2025-12-15
18247,ES,2025-12-24
18248,DE,2025-10-25
18249,GB,2025-11-19
18250,MX,2025-10-07
18251,DE,2025-10-20
18252,GB,2025-12-12
18253,US,2025-10-27
18254,GB,2025-11-16
18255,DE,2025-11-09
18256,GB,2025-12-01
18257,US,2025-10-12
18258,CA,2025-11-14
18259,US,2025-10-30
18260,CA,2025-12-15
18261,CA,2025-10-28
18262,DE,2025-12-19
18263,DE,2025-10-09
18264,US,2025-11-11
18265,DE,2025-12-14
18266,GB,2025-12-17
18267,US,2025-11-21
18268,BR,2025-12-16
18269,US,2025-10-27
18270,US,2025-11-18
18271,US,2025-11-12
18272,DE,2025-12-27
18273,US,2025-10-10
18274,US,2025-10-06
18275,MX,2025-12-06
18276,CA,2025-11-13
18277,US,2025-12-04
18278,MX,2025-11-18
18279,ES,2025-10-30
18280,MX,2025-10-16
18281,FR,2025-12-16
18282,FR,2025-10-10
18283,US,2025-11-19
18284,MX,2025-11-25
18285,MX,2025-12-27
18286,DE,2025-10-03
18287,GB,2025-10-28
18288,GB,2025-12-24
18289,FR,2025-10-29
18290,US,2025-12-31
18291,US,2025-11-02
18292,MX,2025-10-11
18293,GB,2025-12-26
18294,GB,2025-10-16
18295,FR,2025-12-30
18296,US,2025-12-17
18297,US,2025-12-10
18298,US,2025-12-19
18299,GB,2025-11-04
18300,US,2025-11-26
18301,DE,2025-10-04
18302,BR,2025-11-22
18303,US,2025-11-10
18304,BR,2025-12-12
18305,MX,2025-10-19
18306,FR,2025-10-31
18307,DE,2025-11-23
18308,US,2025-12-07
18309,US,2025-10-03
18310,FR,2025-10-20
18311,FR,2025-10-10
18312,FR,2025-11-10
18313,CA,2025-11-12
18314,US,2025-12-22
18315,BR,2025-12-12
18316,ES,2025-11-06
18317,BR,2025-12-20
18318,GB,2025-11-19
18319,US,2025-10-11
18320,CA,2025-11-06
18321,US,2025-10-08
18322,US,2025-11-01
18323,US,2025-10-26
18324,US,2025-10-03
18325,MX,2025-11-17
18326,GB,2025-12-08
18327,BR,2025-12-21
18328,CA,2025-12-24
18329,US,2025-12-21
18330,MX,2025-12-19
18331,FR,2025-12-22
18332,FR,2025-11-06
18333,FR,2025-10-05
18334,FR,2025-10-23
18335,BR,2025-12-23
18336,MX,2025-12-05
18337,US,2025-11-22
18338,DE,2025-11-15
18339,BR,2025-10-24
18340,CA,2025-11-23
18341,US,2025-11-21
18342,US,2025-11-10
18343,GB,2025-12-27
18344,MX,2025-12-13
18345,DE,2025-11-02
18346,US,2025-11-18
18347,GB,2025-12-20
18348,FR,2025-10-09
18349,US,2025-11-06
18350,ES,2025-11-10
18351,US,2025-11-21
18352,DE,2025-11-29
18353,BR,2025-10-17
18354,US,2025-12-25
18355,CA,2025-12-25
18356,US,2025-10-30
18357,DE,2025-12-04
18358,US,2025-11-30
18359,ES,2025-11-05
18360,ES,2025-11-01
18361,FR,2025-11-04
18362,US,2025-11-13
18363,GB,2025-10-07
18364,DE,2025-12-24
18365,CA,2025-12-19
18366,CA,2025-11-18
18367,DE,2025-11-29
18368,US,2025-10-31
18369,CA,2025-11-23
18370,FR,2025-11-08
18371,DE,2025-11-01
18372,ES,2025-11-11
18373,FR,2025-12-20
18374,US,2025-11-23
18375,ES,2025-10-28
18376,US,2025-12-27
18377,BR,2025-10-21
18378,BR,2025-12-20
18379,GB,2025-10-23
18380,GB,2025-10-12
18381,US,2025-10-09
18382,FR,2025-11-22
18383,US,2025-10-01
18384,DE,2025-12-28
18385,US,2025-10-20
18386,FR,2025-12-09
18387,FR,2025-12-21
18388,US,2025-10-03
18389,BR,2025-10-02
18390,MX,2025-10-10
18391,ES,2025-12-22
18392,US,2025-11-28
18393,US,2025-12-18
18394,CA,2025-12-23
18395,US,2025-10-01
18396,US,2025-12-15
18397,DE,2025-11-11
18398,CA,2025-12-09
18399,US,2025-10-29
18400,US,2025-12-10
18401,FR,2025-12-27
18402,MX,2025-11-10
18403,US,2025-12-18
18404,MX,2025-11-08
18405,US,2025-11-09
18406,MX,2025-11-02
18407,US,2025-11-13
18408,CA,2025-12-28
18409,ES,2025-11-14
18410,MX,2025-10-27
18411,DE,2025-10-22
18412,US,2025-10-10
18413,US,2025-11-10
18414,US,2025-11-27
18415,US,2025-12-10
18416,MX,2025-12-26
18417,GB,2025-10-31
18418,US,2025-11-16
18419,GB,2025-10-18
18420,MX,2025-11-22
18421,DE,2025-11-16
18422,DE,2025-11-25
18423,ES,2025-11-05
18424,GB,2025-12-01
18425,US,2025-12-20
18426,US,2025-10-19
18427,CA,2025-12-03
18428,FR,2025-10-05
18429,FR,2025-12-22
18430,US,2025-11-12
18431,FR,2025-11-01
18432,CA,2025-10-13
18433,GB,2025-12-09
18434,GB,2025-11-23
18435,MX,2025-11-20
18436,BR,2025-12-12
18437,MX,2025-11-19
18438,GB,2025-11-21
18439,FR,2025-10-09
18440,BR,2025-10-14
18441,FR,2025-12-09
18442,MX,2025-10-21
18443,US,2025-10-26
18444,BR,2025-10-24
18445,US,2025-12-01
18446,DE,2025-12-20
18447,US,2025-12-06
18448,GB,2025-12-02
18449,US,2025-10-26
18450,GB,2025-10-13
18451,GB,2025-11-08
18452,GB,2025-10-07
18453,US,2025-11-01
18454,MX,2025-12-14
18455,DE,2025-12-03
18456,MX,2025-11-22
18457,US,2025-12-02
18458,DE,2025-10-14
18459,GB,2025-10-26
18460,MX,2025-11-09
18461,FR,2025-11-17
18462,GB,2025-10-16
18463,ES,2025-12-23
18464,GB,2025-12-06
18465,ES,2025-11-28
18466,DE,2025-12-07
18467,MX,2025-12-29
18468,US,2025-12-26
18469,DE,2025-12-08
18470,CA,2025-11-27
18471,FR,2025-11-21
18472,FR,2025-11-01
18473,FR,2025-11-03
18474,BR,2025-11-19
18475,GB,2025-10-27
18476,GB,2025-12-10
18477,MX,2025-10-20
18478,CA,2025-12-27
18479,ES,2025-11-26
18480,US,2025-11-08
18481,FR,2025-12-28
18482,US,2025-12-24
18483,US,2025-12-11
18484,DE,2025-11-25
18485,US,2025-10-18
18486,GB,2025-10-29
18487,US,2025-11-02
18488,FR,2025-12-02
18489,BR,2025-10-20
18490,US,2025-12-30
18491,BR,2025-12-29
18492,DE,2025-12-20
18493,FR,2025-11-30
18494,US,2025-12-19
18495,ES,2025-11-04
18496,FR,2025-12-05
18497,US,2025-10-29
18498,GB,2025-12-03
18499,MX,2025-12-09
18500,GB,2025-11-01
18501,US,2025-10-22
18502,ES,2025-11-29
18503,GB,2025-11-12
18504,BR,2025-11-24
18505,ES,2025-10-08
18506,CA,2025-11-09
18507,BR,2025-12-31
18508,GB,2025-12-30
18509,GB,2025-10-26
18510,US,2025-10-16
18511,BR,2025-12-06
18512,CA,2025-10-21
18513,DE,2025-12-26
18514,CA,2025-12-04
18515,MX,2025-11-10
18516,BR,2025-10-03
18517,US,2025-12-19
18518,BR,2025-11-24
18519,FR,2025-11-05
18520,GB,2025-10-13
18521,MX,2025-12-06
18522,US,2025-11-07
18523,BR,2025-10-29
18524,CA,2025-12-21
18525,CA,2025-12-15
18526,GB,2025-11-13
18527,ES,2025-11-25
18528,MX,2025-10-30
18529,US,2025-11-10
18530,GB,2025-11-17
18531,MX,2025-12-07
18532,FR,2025-11-09
18533,DE,2025-12-28
18534,CA,2025-11-08
18535,FR,2025-11-23
18536,BR,2025-10-05
18537,GB,2025-12-10
18538,US,2025-12-15
18539,US,2025-11-28
18540,FR,2025-10-15
18541,US,2025-12-29
18542,GB,2025-12-08
18543,ES,2025-12-30
18544,FR,2025-11-04
18545,US,2025-10-02
18546,US,2025-10-22
18547,CA,2025-12-01
18548,US,2025-10-21
18549,GB,2025-11-13
18550,GB,2025-10-28
18551,GB,2025-10-15
18552,FR,2025-10-08
18553,US,2025-11-15
18554,US,2025-12-08
18555,US,2025-10-27
18556,FR,2025-12-19
18557,US,2025-10-06
18558,US,2025-11-04
18559,GB,2025-12-20
18560,GB,2025-11-04
18561,FR,2025-11-06
18562,DE,2025-11-04
18563,FR,2025-10-05
18564,FR,2025-12-02
18565,US,2025-10-28
18566,ES,2025-12-24
18567,US,2025-12-21
18568,US,2025-12-31
18569,FR,2025-12-27
18570,US,2025-12-11
18571,US,2025-11-11
18572,BR,2025-12-13
18573,FR,2025-12-25
18574,US,2025-10-27
18575,FR,2025-11-08
18576,ES,2025-11-02
18577,BR,2025-10-13
18578,US,2025-11-06
18579,US,2025-12-31
18580,US,2025-12-11
18581,MX,2025-11-10
18582,CA,2025-12-23
18583,US,2025-10-19
18584,CA,2025-11-17
18585,US,2025-11-24
18586,FR,2025-10-21
18587,FR,2025-12-25
18588,MX,2025-11-07
18589,US,2025-12-18
18590,US,2025-12-22
18591,GB,2025-12-22
18592,ES,2025-12-04
18593,DE,2025-10-21
18594,US,2025-10-17
18595,US,2025-12-10
18596,US,2025-12-07
18597,BR,2025-11-17
18598,CA,2025-10-06
18599,MX,2025-11-22
18600,US,2025-10-04
18601,US,2025-10-18
18602,DE,2025-10-29
18603,US,2025-10-03
18604,US,2025-12-23
18605,US,2025-12-24
18606,US,2025-12-08
18607,FR,2025-11-10
18608,US,2025-12-01
18609,ES,2025-10-27
18610,ES,2025-10-05
18611,US,2025-12-09
18612,DE,2025-12-05
18613,US,2025-10-20
18614,GB,2025-11-30
18615,ES,2025-12-03
18616,MX,2025-12-05
18617,US,2025-11-04
18618,GB,2025-10-23
18619,GB,2025-12-14
18620,US,2025-12-11
18621,BR,2025-10-10
18622,MX,2025-10-29
18623,CA,2025-12-01
18624,CA,2025-10-21
18625,ES,2025-10-01
18626,GB,2025-12-04
18627,CA,2025-10-08
18628,BR,2025-10-04
18629,GB,2025-11-20
18630,FR,2025-12-13
18631,MX,2025-12-11
18632,DE,2025-12-29
18633,US,2025-12-09
18634,DE,2025-10-23
18635,GB,2025-12-20
18636,US,2025-11-25
18637,GB,2025-12-26
18638,US,2025-10-21
18639,FR,2025-11-21
18640,BR,2025-12-11
18641,US,2025-12-03
18642,DE,2025-11-29
18643,US,2025-10-19
18644,US,2025-11-24
18645,BR,2025-11-15
18646,DE,2025-11-27
18647,GB,2025-10-03
18648,DE,2025-12-15
18649,GB,2025-11-07
18650,CA,2025-11-06
18651,US,2025-12-25
18652,US,2025-10-27
18653,FR,2025-11-04
18654,US,2025-11-17
18655,US,2025-11-05
18656,FR,2025-10-15
18657,US,2025-11-15
18658,BR,2025-12-11
18659,FR,2025-10-31
18660,MX,2025-10-23
18661,DE,2025-10-08
18662,US,2025-11-25
18663,DE,2025-10-29
18664,GB,2025-12-22
18665,GB,2025-10-05
18666,US,2025-12-20
18667,GB,2025-10-10
18668,DE,2025-12-19
18669,FR,2025-11-21
18670,US,2025-10-01
18671,FR,2025-11-13
18672,GB,2025-12-19
18673,BR,2025-12-29
18674,DE,2025-11-28
18675,DE,2025-12-03
18676,BR,2025-10-21
18677,FR,2025-12-20
18678,FR,2025-11-08
18679,DE,2025-12-17
18680,US,2025-12-30
18681,CA,2025-12-22
18682,ES,2025-12-30
18683,BR,2025-10-05
18684,US,2025-11-19
18685,DE,2025-10-25
18686,US,2025-12-15
18687,ES,2025-12-08
18688,GB,2025-10-10
18689,ES,2025-10-29
18690,US,2025-11-14
18691,FR,2025-10-31
18692,US,2025-10-06
18693,US,2025-10-06
18694,DE,2025-10-18
18695,ES,2025-10-13
18696,ES,2025-10-19
18697,US,2025-12-28
18698,BR,2025-10-09
18699,GB,2025-12-05
18700,US,2025-12-16
18701,DE,2025-10-29
18702,CA,2025-10-10
18703,FR,2025-12-05
18704,BR,2025-11-27
18705,CA,2025-10-13
18706,MX,2025-10-15
18707,CA,2025-10-26
18708,MX,2025-12-08
18709,GB,2025-12-09
18710,US,2025-10-21
18711,US,2025-10-26
18712,GB,2025-10-17
18713,MX,2025-12-01
18714,FR,2025-11-26
18715,US,2025-11-04
18716,DE,2025-11-24
18717,US,2025-11-11
18718,DE,2025-11-23
18719,US,2025-11-15
18720,US,2025-12-11
18721,GB,2025-10-06
18722,US,2025-12-06
18723,DE,2025-11-14
18724,BR,2025-12-17
18725,FR,2025-12-12
18726,GB,2025-11-23
18727,MX,2025-12-29
18728,GB,2025-10-03
18729,US,2025-10-24
18730,US,2025-11-05
18731,US,2025-11-03
18732,MX,2025-11-02
18733,FR,2025-11-29
18734,US,2025-11-16
18735,US,2025-12-01
18736,US,2025-12-11
18737,DE,2025-12-01
18738,FR,2025-11-27
18739,BR,2025-11-13
18740,US,2025-12-09
18741,FR,2025-11-14
18742,US,2025-10-11
18743,GB,2025-10-07
18744,DE,2025-12-23
18745,US,2025-10-28
18746,US,2025-11-01
18747,US,2025-11-15
18748,FR,2025-11-22
18749,US,2025-12-26
18750,DE,2025-12-26
18751,ES,2025-11-28
18752,CA,2025-12-13
18753,US,2025-11-05
18754,GB,2025-12-01
18755,US,2025-11-18
18756,MX,2025-12-27
18757,US,2025-10-28
18758,DE,2025-11-17
18759,DE,2025-12-07
18760,GB,2025-11-11
18761,MX,2025-11-30
18762,DE,2025-11-23
18763,US,2025-11-27
18764,US,2025-11-22
18765,US,2025-10-29
18766,US,2025-11-07
18767,MX,2025-11-17
18768,US,2025-12-13
18769,ES,2025-12-21
18770,US,2025-11-09
18771,ES,2025-12-20
18772,DE,2025-12-13
18773,BR,2025-12-04
18774,MX,2025-11-12
18775,DE,2025-10-24
18776,US,2025-11-07
18777,DE,2025-10-29
18778,MX,2025-12-30
18779,DE,2025-11-02
18780,MX,2025-11-02
18781,ES,2025-10-29
18782,GB,2025-10-22
18783,GB,2025-10-06
18784,US,2025-11-10
18785,ES,2025-11-08
18786,US,2025-11-05
18787,US,2025-12-01
18788,CA,2025-10-30
18789,ES,2025-10-20
18790,US,2025-11-01
18791,US,2025-11-17
18792,US,2025-11-26
18793,DE,2025-10-10
18794,DE,2025-12-10
18795,US,2025-10-15
18796,CA,2025-12-14
18797,CA,2025-10-03
18798,US,2025-11-17
18799,US,2025-11-02
18800,US,2025-11-23
18801,CA,2025-11-29
18802,GB,2025-11-22
18803,GB,2025-11-02
18804,GB,2025-12-08
18805,CA,2025-11-22
18806,US,2025-12-08
18807,US,2025-12-05
18808,US,2025-10-24
18809,DE,2025-10-09
18810,US,2025-12-22
18811,MX,2025-10-21
18812,US,2025-11-09
18813,US,2025-10-06
18814,DE,2025-12-05
18815,DE,2025-10-27
18816,BR,2025-12-06
18817,GB,2025-12-23
18818,GB,2025-12-12
18819,DE,2025-11-11
18820,US,2025-12-04
18821,US,2025-11-21
18822,DE,2025-12-26
18823,ES,2025-11-19
18824,GB,2025-11-18
18825,FR,2025-12-16
18826,US,2025-12-23
18827,US,2025-11-02
18828,ES,2025-11-16
18829,US,2025-12-08
18830,US,2025-10-27
18831,GB,2025-12-30
18832,MX,2025-12-17
18833,FR,2025-11-20
18834,US,2025-12-26
18835,US,2025-11-08
18836,US,2025-10-10
18837,DE,2025-12-03
18838,GB,2025-12-26
18839,GB,2025-11-05
18840,US,2025-11-01
18841,US,2025-12-23
18842,DE,2025-10-24
18843,DE,2025-10-30
18844,US,2025-10-10
18845,US,2025-11-18
18846,DE,2025-12-19
18847,DE,2025-12-06
18848,US,2025-11-14
18849,US,2025-12-23
18850,DE,2025-11-02
18851,GB,2025-11-30
18852,CA,2025-10-29
18853,DE,2025-12-23
18854,GB,2025-12-25
18855,MX,2025-11-07
18856,MX,2025-10-23
18857,US,2025-12-20
18858,CA,2025-12-06
18859,US,2025-12-10
18860,MX,2025-11-23
18861,US,2025-12-02
18862,US,2025-11-12
18863,ES,2025-10-21
18864,US,2025-10-15
18865,US,2025-10-26
18866,FR,2025-10-30
18867,US,2025-12-28
18868,BR,2025-11-25
18869,MX,2025-10-04
18870,BR,2025-11-10
18871,GB,2025-10-26
18872,MX,2025-12-19
18873,FR,2025-10-10
18874,GB,2025-10-22
18875,US,2025-12-21
18876,BR,2025-10-27
18877,US,2025-12-04
18878,US,2025-11-06
18879,FR,2025-11-13
18880,US,2025-11-06
18881,US,2025-11-10
18882,US,2025-12-22
18883,FR,2025-10-13
18884,US,2025-10-20
18885,BR,2025-12-13
18886,MX,2025-10-12
18887,FR,2025-11-04
18888,US,2025-11-22
18889,US,2025-10-18
18890,FR,2025-10-17
18891,US,2025-11-30
18892,MX,2025-12-13
18893,FR,2025-11-14
18894,US,2025-12-03
18895,US,2025-10-02
18896,FR,2025-10-25
18897,DE,2025-12-23
18898,ES,2025-12-09
18899,DE,2025-11-21
18900,BR,2025-12-28
18901,US,2025-11-08
18902,DE,2025-10-07
18903,BR,2025-11-07
18904,CA,2025-11-26
18905,BR,2025-10-30
18906,US,2025-10-11
18907,ES,2025-11-07
18908,CA,2025-12-13
18909,ES,2025-11-29
18910,DE,2025-11-10
18911,GB,2025-11-28
18912,US,2025-11-19
18913,GB,2025-10-21
18914,CA,2025-10-31
18915,FR,2025-11-12
18916,CA,2025-11-28
18917,FR,2025-11-03
18918,US,2025-10-05
18919,DE,2025-12-24
18920,MX,2025-10-08
18921,GB,2025-10-23
18922,GB,2025-11-08
18923,ES,2025-11-13
18924,GB,2025-11-13
18925,ES,2025-10-06
18926,GB,2025-10-04
18927,MX,2025-11-20
18928,ES,2025-11-05
18929,DE,2025-10-14
18930,GB,2025-10-03
18931,FR,2025-12-14
18932,US,2025-12-29
18933,US,2025-12-21
18934,GB,2025-11-09
18935,US,2025-10-01
18936,US,2025-12-09
18937,US,2025-12-17
18938,US,2025-10-15
18939,FR,2025-10-31
18940,US,2025-10-25
18941,US,2025-12-22
18942,BR,2025-12-04
18943,US,2025-10-09
18944,US,2025-11-05
18945,MX,2025-12-25
18946,CA,2025-11-19
18947,CA,2025-12-04
18948,GB,2025-12-19
18949,US,2025-12-14
18950,MX,2025-11-20
18951,FR,2025-10-20
18952,CA,2025-12-23
18953,DE,2025-10-13
18954,CA,2025-10-28
18955,US,2025-10-13
18956,CA,2025-11-29
18957,US,2025-10-16
18958,US,2025-10-14
18959,US,2025-10-13
18960,FR,2025-10-13
18961,FR,2025-10-24
18962,DE,2025-11-08
18963,MX,2025-10-02
18964,US,2025-12-05
18965,GB,2025-11-21
18966,MX,2025-11-16
18967,DE,2025-11-15
18968,MX,2025-10-13
18969,US,2025-12-09
18970,MX,2025-11-26
18971,US,2025-10-28
18972,FR,2025-12-29
18973,US,2025-10-11
18974,MX,2025-12-25
18975,US,2025-10-24
18976,BR,2025-10-13
18977,US,2025-12-16
18978,ES,2025-10-30
18979,GB,2025-11-06
18980,FR,2025-10-30
18981,CA,2025-11-17
18982,US,2025-11-05
18983,CA,2025-11-16
18984,US,2025-12-04
18985,GB,2025-11-08
18986,BR,2025-12-18
18987,GB,2025-10-11
18988,US,2025-10-15
18989,US,2025-11-26
18990,GB,2025-12-06
18991,FR,2025-12-30
18992,CA,2025-12-28
18993,CA,2025-12-26
18994,US,2025-12-26
18995,US,2025-10-06
18996,DE,2025-11-19
18997,BR,2025-10-03
18998,ES,2025-10-17
18999,GB,2025-12-02
19000,US,2025-12-06
19001,US,2025-12-27
19002,GB,2025-12-16
19003,CA,2025-10-06
19004,GB,2025-10-16
19005,GB,2025-10-10
19006,DE,2025-10-26
19007,GB,2025-11-12
19008,MX,2025-12-21
19009,MX,2025-12-21
19010,US,2025-11-27
19011,US,2025-11-23
19012,FR,2025-10-09
19013,GB,2025-10-22
19014,BR,2025-12-25
19015,DE,2025-11-14
19016,US,2025-11-13
19017,BR,2025-10-21
19018,FR,2025-12-01
19019,BR,2025-11-18
19020,FR,2025-12-01
19021,US,2025-10-14
19022,ES,2025-10-18
19023,US,2025-11-04
19024,GB,2025-11-09
19025,ES,2025-12-27
19026,BR,2025-11-04
19027,US,2025-10-17
19028,ES,2025-11-24
19029,US,2025-11-26
19030,GB,2025-12-16
19031,BR,2025-12-18
19032,MX,2025-11-26
19033,DE,2025-10-25
19034,ES,2025-11-17
19035,ES,2025-10-04
19036,DE,2025-10-24
19037,FR,2025-11-12
19038,US,2025-11-22
19039,CA,2025-10-11
19040,BR,2025-12-31
19041,MX,2025-12-14
19042,ES,2025-10-01
19043,FR,2025-10-01
19044,MX,2025-11-24
19045,ES,2025-12-02
19046,CA,2025-10-31
19047,DE,2025-12-06
19048,US,2025-10-14
19049,ES,2025-11-09
19050,MX,2025-11-03
19051,ES,2025-12-12
19052,US,2025-10-03
19053,US,2025-10-05
19054,US,2025-10-02
19055,US,2025-11-04
19056,US,2025-11-24
19057,DE,2025-10-09
19058,MX,2025-11-03
19059,MX,2025-12-07
19060,US,2025-11-19
19061,MX,2025-11-20
19062,MX,2025-12-23
19063,US,2025-10-28
19064,US,2025-11-07
19065,US,2025-11-23
19066,US,2025-11-07
19067,CA,2025-11-10
19068,ES,2025-12-31
19069,CA,2025-12-16
19070,FR,2025-11-17
19071,DE,2025-12-14
19072,ES,2025-10-01
19073,DE,2025-11-30
19074,ES,2025-10-02
19075,US,2025-10-16
19076,DE,2025-11-07
19077,CA,2025-11-07
19078,CA,2025-10-23
19079,US,2025-11-13
19080,US,2025-10-30
19081,GB,2025-12-17
19082,US,2025-11-22
19083,GB,2025-12-11
19084,CA,2025-12-01
19085,GB,2025-11-27
19086,GB,2025-10-25
19087,US,2025-12-01
19088,FR,2025-11-23
19089,GB,2025-11-21
19090,BR,2025-12-14
19091,GB,2025-10-26
19092,GB,2025-11-03
19093,CA,2025-10-10
19094,GB,2025-12-29
19095,US,2025-10-24
19096,ES,2025-11-12
19097,GB,2025-12-08
19098,DE,2025-10-04
19099,DE,2025-12-26
19100,FR,2025-11-28
19101,MX,2025-12-12
19102,US,2025-10-06
19103,US,2025-12-16
19104,MX,2025-10-26
19105,US,2025-12-16
19106,MX,2025-11-20
19107,US,2025-11-15
19108,DE,2025-11-06
19109,CA,2025-12-23
19110,US,2025-11-10
19111,DE,2025-12-01
19112,CA,2025-12-12
19113,MX,2025-11-13
19114,GB,2025-11-20
19115,US,2025-12-05
19116,US,2025-12-22
19117,ES,2025-10-20
19118,GB,2025-11-12
19119,US,2025-10-27
19120,ES,2025-11-01
19121,ES,2025-12-16
19122,GB,2025-10-20
19123,US,2025-12-06
19124,CA,2025-11-09
19125,CA,2025-10-10
19126,US,2025-11-01
19127,GB,2025-11-25
19128,US,2025-11-07
19129,GB,2025-12-16
19130,US,2025-10-18
19131,FR,2025-10-02
19132,US,2025-12-10
19133,US,2025-11-29
19134,FR,2025-11-12
19135,US,2025-10-05
19136,US,2025-10-26
19137,ES,2025-11-04
19138,US,2025-10-26
19139,GB,2025-12-19
19140,US,2025-12-13
19141,DE,2025-11-21
19142,FR,2025-10-08
19143,US,2025-10-13
19144,US,2025-11-05
19145,US,2025-10-15
19146,BR,2025-11-12
19147,CA,2025-10-29
19148,FR,2025-12-05
19149,CA,2025-10-12
19150,MX,2025-12-22
19151,CA,2025-12-09
19152,US,2025-10-10
19153,US,2025-10-14
19154,BR,2025-11-21
19155,US,2025-12-11
19156,FR,2025-12-26
19157,GB,2025-11-11
19158,GB,2025-10-01
19159,FR,2025-11-17
19160,US,2025-10-05
19161,FR,2025-11-27
19162,DE,2025-10-25
19163,US,2025-11-23
19164,US,2025-12-04
19165,US,2025-10-29
19166,MX,2025-12-29
19167,US,2025-10-27
19168,DE,2025-11-22
19169,US,2025-10-21
19170,US,2025-11-25
19171,FR,2025-11-29
19172,US,2025-11-28
19173,US,2025-12-02
19174,BR,2025-11-23
19175,BR,2025-12-24
19176,US,2025-10-02
19177,GB,2025-11-06
19178,US,2025-12-26
19179,GB,2025-12-01
19180,US,2025-10-11
19181,US,2025-11-14
19182,US,2025-10-07
19183,US,2025-11-17
19184,DE,2025-12-06
19185,DE,2025-11-03
19186,US,2025-11-29
19187,FR,2025-10-13
19188,FR,2025-11-28
19189,US,2025-10-27
19190,MX,2025-10-25
19191,MX,2025-12-15
19192,MX,2025-11-29
19193,US,2025-11-30
19194,FR,2025-10-10
19195,MX,2025-12-13
19196,DE,2025-11-06
19197,BR,2025-10-02
19198,ES,2025-12-05
19199,US,2025-12-04
19200,GB,2025-10-02
19201,US,2025-11-18
19202,ES,2025-10-30
19203,US,2025-12-25
19204,US,2025-10-31
19205,MX,2025-10-02
19206,GB,2025-11-02
19207,CA,2025-10-20
19208,DE,2025-12-28
19209,DE,2025-10-21
19210,US,2025-10-01
19211,CA,2025-11-13
19212,ES,2025-10-26
19213,MX,2025-12-03
19214,FR,2025-12-31
19215,CA,2025-11-16
19216,US,2025-10-29
19217,FR,2025-12-13
19218,MX,2025-11-18
19219,US,2025-11-18
19220,GB,2025-12-05
19221,BR,2025-10-07
19222,FR,2025-12-19
19223,ES,2025-10-19
19224,GB,2025-12-12
19225,US,2025-12-26
19226,US,2025-11-04
19227,FR,2025-10-23
19228,DE,2025-12-04
19229,DE,2025-10-03
19230,BR,2025-10-30
19231,BR,2025-12-16
19232,US,2025-12-05
19233,CA,2025-12-28
19234,BR,2025-12-22
19235,US,2025-12-21
19236,US,2025-12-11
19237,FR,2025-10-11
19238,US,2025-12-06
19239,MX,2025-12-31
19240,GB,2025-12-05
19241,MX,2025-10-06
19242,FR,2025-12-10
19243,US,2025-12-28
19244,FR,2025-12-23
19245,FR,2025-11-12
19246,BR,2025-10-27
19247,CA,2025-10-24
19248,FR,2025-10-22
19249,MX,2025-11-11
19250,ES,2025-12-30
19251,US,2025-10-19
19252,US,2025-10-26
19253,US,2025-12-08
19254,FR,2025-11-02
19255,MX,2025-11-20
19256,MX,2025-10-29
19257,GB,2025-12-31
19258,US,2025-12-14
19259,MX,2025-11-22
19260,GB,2025-12-04
19261,US,2025-10-30
19262,MX,2025-10-02
19263,BR,2025-10-05
19264,CA,2025-10-29
19265,US,2025-11-05
19266,US,2025-10-18
19267,ES,2025-10-07
19268,DE,2025-12-05
19269,BR,2025-10-26
19270,DE,2025-11-02
19271,US,2025-11-14
19272,ES,2025-12-13
19273,US,2025-10-07
19274,MX,2025-12-09
19275,US,2025-10-14
19276,US,2025-12-17
19277,US,2025-12-29
19278,US,2025-10-21
19279,CA,2025-10-26
19280,GB,2025-10-23
19281,US,2025-12-23
19282,FR,2025-10-17
19283,ES,2025-12-17
19284,US,2025-10-10
19285,US,2025-10-28
19286,DE,2025-12-30
19287,US,2025-11-22
19288,US,2025-12-26
19289,US,2025-10-13
19290,US,2025-12-15
19291,FR,2025-12-09
19292,GB,2025-11-15
19293,US,2025-11-12
19294,ES,2025-11-19
19295,US,2025-10-11
19296,DE,2025-10-22
19297,DE,2025-11-19
19298,MX,2025-10-03
19299,GB,2025-11-22
19300,US,2025-10-31
19301,DE,2025-12-03
19302,US,2025-11-17
19303,US,2025-11-20
19304,CA,2025-10-20
19305,GB,2025-11-19
19306,GB,2025-12-17
19307,US,2025-10-08
19308,US,2025-10-05
19309,BR,2025-12-08
19310,DE,2025-10-19
19311,US,2025-10-21
19312,US,2025-10-23
19313,MX,2025-11-14
19314,US,2025-12-22
19315,CA,2025-10-21
19316,US,2025-12-17
19317,GB,2025-10-20
19318,DE,2025-10-17
19319,ES,2025-10-19
19320,US,2025-11-11
19321,US,2025-12-30
19322,FR,2025-10-26
19323,GB,2025-12-12
19324,GB,2025-12-25
19325,US,2025-10-18
19326,ES,2025-12-10
19327,US,2025-10-17
19328,US,2025-10-04
19329,US,2025-12-17
19330,US,2025-11-02
19331,GB,2025-12-25
19332,CA,2025-10-03
19333,US,2025-10-07
19334,US,2025-11-19
19335,US,2025-11-02
19336,DE,2025-10-27
19337,CA,2025-11-01
19338,US,2025-12-31
19339,ES,2025-12-26
19340,ES,2025-12-10
19341,CA,2025-11-07
19342,GB,2025-11-04
19343,US,2025-11-25
19344,BR,2025-12-11
19345,US,2025-12-02
19346,US,2025-12-20
19347,ES,2025-12-19
19348,US,2025-12-26
19349,MX,2025-11-23
19350,BR,2025-11-02
19351,US,2025-10-17
19352,ES,2025-11-05
19353,MX,2025-10-05
19354,US,2025-11-21
19355,DE,2025-10-18
19356,MX,2025-10-31
19357,US,2025-11-11
19358,CA,2025-10-13
19359,BR,2025-11-21
19360,MX,2025-12-20
19361,MX,2025-12-08
19362,US,2025-11-20
19363,US,2025-10-11
19364,CA,2025-10-28
19365,ES,2025-12-30
19366,US,2025-10-02
19367,US,2025-11-29
19368,MX,2025-12-27
19369,US,2025-12-05
19370,FR,2025-10-16
19371,DE,2025-12-18
19372,GB,2025-11-09
19373,US,2025-11-27
19374,CA,2025-12-29
19375,DE,2025-11-09
19376,BR,2025-10-13
19377,US,2025-11-10
19378,FR,2025-11-07
19379,FR,2025-12-31
19380,DE,2025-10-31
19381,BR,2025-12-05
19382,US,2025-10-18
19383,CA,2025-12-26
19384,MX,2025-11-20
19385,BR,2025-10-01
19386,BR,2025-12-22
19387,US,2025-11-26
19388,BR,2025-10-15
19389,DE,2025-10-18
19390,US,2025-10-30
19391,US,2025-12-29
19392,CA,2025-12-22
19393,CA,2025-11-18
19394,ES,2025-11-11
19395,US,2025-10-31
19396,DE,2025-10-04
19397,FR,2025-11-14
19398,US,2025-11-01
19399,FR,2025-11-08
19400,BR,2025-12-24
19401,FR,2025-10-26
19402,DE,2025-11-22
19403,MX,2025-12-18
19404,FR,2025-12-29
19405,US,2025-10-25
19406,US,2025-10-06
19407,BR,2025-10-18
19408,CA,2025-10-12
19409,US,2025-10-30
19410,DE,2025-12-19
19411,DE,2025-10-25
19412,US,2025-10-20
19413,GB,2025-11-16
19414,FR,2025-10-22
19415,DE,2025-10-13
19416,US,2025-11-10
19417,US,2025-11-03
19418,MX,2025-12-02
19419,FR,2025-12-22
19420,FR,2025-10-03
19421,US,2025-10-22
19422,FR,2025-11-04
19423,GB,2025-11-08
19424,GB,2025-10-29
19425,US,2025-12-16
19426,GB,2025-11-17
19427,ES,2025-12-29
19428,BR,2025-12-18
19429,FR,2025-12-16
19430,GB,2025-10-23
19431,US,2025-11-11
19432,CA,2025-10-03
19433,US,2025-10-18
19434,US,2025-10-17
19435,GB,2025-11-23
19436,MX,2025-12-18
19437,FR,2025-11-17
19438,US,2025-11-11
19439,US,2025-12-14
19440,US,2025-10-21
19441,US,2025-12-22
19442,GB,2025-10-03
19443,US,2025-10-27
19444,GB,2025-12-08
19445,FR,2025-12-02
19446,GB,2025-11-09
19447,US,2025-10-27
19448,DE,2025-12-09
19449,FR,2025-11-02
19450,MX,2025-10-24
19451,CA,2025-12-17
19452,GB,2025-11-25
19453,US,2025-12-18
19454,GB,2025-12-10
19455,US,2025-10-25
19456,GB,2025-12-10
19457,US,2025-10-05
19458,CA,2025-12-31
19459,ES,2025-11-30
19460,US,2025-10-01
19461,DE,2025-11-18
19462,US,2025-11-28
19463,GB,2025-11-13
19464,US,2025-10-28
19465,MX,2025-11-13
19466,FR,2025-12-24
19467,US,2025-12-04
19468,US,2025-10-09
19469,FR,2025-12-15
19470,CA,2025-10-28
19471,GB,2025-12-13
19472,GB,2025-10-10
19473,DE,2025-12-13
19474,ES,2025-12-24
19475,ES,2025-12-08
19476,US,2025-12-17
19477,US,2025-11-13
19478,DE,2025-11-17
19479,US,2025-12-16
19480,GB,2025-11-15
19481,US,2025-10-26
19482,MX,2025-12-26
19483,MX,2025-10-04
19484,MX,2025-11-26
19485,BR,2025-11-20
19486,US,2025-10-22
19487,MX,2025-12-25
19488,ES,2025-10-22
19489,US,2025-11-03
19490,DE,2025-10-29
19491,BR,2025-11-16
19492,US,2025-10-07
19493,GB,2025-10-02
19494,US,2025-11-24
19495,MX,2025-11-25
19496,US,2025-10-22
19497,ES,2025-10-20
19498,ES,2025-11-03
19499,MX,2025-12-29
19500,MX,2025-11-08
19501,CA,2025-11-11
19502,BR,2025-11-28
19503,GB,2025-10-01
19504,DE,2025-11-22
19505,US,2025-12-09
19506,FR,2025-11-13
19507,US,2025-10-25
19508,ES,2025-12-06
19509,US,2025-11-24
19510,MX,2025-11-26
19511,FR,2025-11-27
19512,CA,2025-11-09
19513,US,2025-10-05
19514,GB,2025-12-28
19515,DE,2025-10-02
19516,CA,2025-12-02
19517,GB,2025-10-28
19518,FR,2025-10-10
19519,US,2025-12-26
19520,GB,2025-11-21
19521,GB,2025-10-19
19522,MX,2025-10-20
19523,US,2025-12-31
19524,US,2025-11-13
19525,CA,2025-10-11
19526,DE,2025-11-04
19527,DE,2025-10-03
19528,MX,2025-10-03
19529,US,2025-12-24
19530,FR,2025-10-30
19531,US,2025-12-12
19532,CA,2025-12-14
19533,US,2025-10-20
19534,MX,2025-10-24
19535,US,2025-10-04
19536,CA,2025-10-18
19537,US,2025-12-07
19538,US,2025-10-04
19539,ES,2025-11-28
19540,FR,2025-11-04
19541,US,2025-11-14
19542,GB,2025-10-08
19543,US,2025-12-26
19544,FR,2025-12-29
19545,GB,2025-11-07
19546,MX,2025-12-10
19547,US,2025-11-04
19548,MX,2025-11-15
19549,DE,2025-11-03
19550,DE,2025-12-14
19551,US,2025-11-09
19552,ES,2025-10-07
19553,MX,2025-12-20
19554,FR,2025-10-18
19555,US,2025-12-04
19556,FR,2025-12-11
19557,BR,2025-10-19
19558,US,2025-11-13
19559,US,2025-11-04
19560,US,2025-10-03
19561,FR,2025-11-24
19562,GB,2025-10-28
19563,US,2025-10-27
19564,US,2025-12-28
19565,GB,2025-10-21
19566,CA,2025-11-28
19567,US,2025-10-11
19568,GB,2025-11-10
19569,MX,2025-12-19
19570,FR,2025-10-23
19571,US,2025-10-26
19572,GB,2025-12-30
19573,DE,2025-12-19
19574,MX,2025-11-10
19575,DE,2025-10-16
19576,FR,2025-10-03
19577,DE,2025-12-28
19578,US,2025-12-11
19579,US,2025-10-28
19580,BR,2025-12-08
19581,ES,2025-12-07
19582,ES,2025-10-14
19583,MX,2025-10-27
19584,GB,2025-11-23
19585,US,2025-10-25
19586,GB,2025-10-31
19587,US,2025-12-03
19588,FR,2025-10-26
19589,FR,2025-12-25
19590,GB,2025-12-14
19591,US,2025-11-27
19592,US,2025-10-05
19593,FR,2025-11-22
19594,US,2025-12-10
19595,DE,2025-10-14
19596,FR,2025-10-31
19597,GB,2025-10-08
19598,US,2025-10-26
19599,GB,2025-10-07
19600,FR,2025-12-19
19601,GB,2025-11-07
19602,DE,2025-11-19
19603,FR,2025-12-18
19604,BR,2025-10-30
19605,GB,2025-12-15
19606,BR,2025-12-21
19607,ES,2025-11-28
19608,US,2025-11-09
19609,US,2025-10-24
19610,DE,2025-10-14
19611,DE,2025-11-02
19612,GB,2025-11-19
19613,US,2025-10-19
19614,US,2025-10-15
19615,FR,2025-12-24
19616,US,2025-10-20
19617,US,2025-12-12
19618,ES,2025-12-15
19619,BR,2025-12-21
19620,US,2025-10-31
19621,CA,2025-12-13
19622,FR,2025-12-09
19623,FR,2025-10-25
19624,US,2025-10-05
19625,DE,2025-11-22
19626,US,2025-11-21
19627,US,2025-12-22
19628,BR,2025-10-06
19629,CA,2025-10-24
19630,DE,2025-10-11
19631,FR,2025-12-05
19632,ES,2025-10-27
19633,DE,2025-10-12
19634,CA,2025-10-02
19635,US,2025-10-20
19636,US,2025-11-13
19637,MX,2025-11-27
19638,DE,2025-10-03
19639,US,2025-12-15
19640,US,2025-12-05
19641,GB,2025-10-29
19642,US,2025-10-01
19643,BR,2025-10-21
19644,MX,2025-10-31
19645,US,2025-11-26
19646,FR,2025-12-05
19647,MX,2025-11-28
19648,US,2025-11-19
19649,FR,2025-11-24
19650,DE,2025-11-16
19651,US,2025-10-21
19652,DE,2025-12-14
19653,US,2025-10-03
19654,MX,2025-12-16
19655,GB,2025-12-12
19656,ES,2025-12-04
19657,ES,2025-10-03
19658,FR,2025-10-14
19659,ES,2025-10-19
19660,US,2025-12-15
19661,US,2025-12-22
19662,US,2025-11-02
19663,GB,2025-11-08
19664,US,2025-12-29
19665,US,2025-10-24
19666,US,2025-10-29
19667,GB,2025-11-18
19668,GB,2025-12-21
19669,US,2025-11-21
19670,US,2025-11-08
19671,ES,2025-12-21
19672,MX,2025-12-23
19673,US,2025-10-10
19674,GB,2025-12-12
19675,GB,2025-12-13
19676,MX,2025-12-14
19677,US,2025-11-01
19678,US,2025-10-03
19679,DE,2025-12-27
19680,US,2025-12-18
19681,US,2025-10-10
19682,US,2025-11-02
19683,DE,2025-11-02
19684,FR,2025-10-28
19685,FR,2025-10-05
19686,FR,2025-10-29
19687,FR,2025-12-10
19688,ES,2025-12-24
19689,FR,2025-10-30
19690,GB,2025-12-28
19691,US,2025-11-22
19692,ES,2025-10-04
19693,US,2025-12-20
19694,US,2025-11-30
19695,DE,2025-11-12
19696,MX,2025-12-11
19697,US,2025-10-22
19698,BR,2025-12-11
19699,FR,2025-11-22
19700,MX,2025-10-01
19701,DE,2025-11-22
19702,US,2025-11-01
19703,DE,2025-10-13
19704,US,2025-11-25
19705,CA,2025-12-08
19706,DE,2025-10-22
19707,BR,2025-11-22
19708,MX,2025-10-05
19709,CA,2025-12-28
19710,US,2025-11-17
19711,FR,2025-10-10
19712,BR,2025-10-04
19713,DE,2025-11-02
19714,ES,2025-10-23
19715,MX,2025-10-13
19716,GB,2025-10-10
19717,US,2025-11-11
19718,MX,2025-11-28
19719,GB,2025-11-05
19720,DE,2025-10-08
19721,GB,2025-10-05
19722,MX,2025-12-25
19723,ES,2025-12-14
19724,US,2025-10-29
19725,GB,2025-10-09
19726,CA,2025-12-12
19727,US,2025-11-23
19728,ES,2025-10-21
19729,DE,2025-10-18
19730,FR,2025-10-02
19731,US,2025-10-23
19732,FR,2025-12-04
19733,MX,2025-11-20
19734,US,2025-11-19
19735,BR,2025-12-28
19736,FR,2025-12-30
19737,ES,2025-12-06
19738,MX,2025-10-21
19739,DE,2025-10-17
19740,FR,2025-12-19
19741,GB,2025-11-30
19742,ES,2025-10-23
19743,MX,2025-11-17
19744,US,2025-11-18
19745,MX,2025-11-30
19746,MX,2025-10-18
19747,DE,2025-10-24
19748,FR,2025-12-27
19749,US,2025-10-13
19750,US,2025-11-22
19751,US,2025-11-06
19752,FR,2025-11-09
19753,US,2025-10-12
19754,FR,2025-11-19
19755,US,2025-10-21
19756,FR,2025-12-20
19757,MX,2025-11-19
19758,DE,2025-12-04
19759,ES,2025-12-07
19760,ES,2025-11-14
19761,US,2025-10-28
19762,FR,2025-12-03
19763,DE,2025-12-03
19764,CA,2025-10-10
19765,US,2025-10-31
19766,GB,2025-11-09
19767,GB,2025-12-06
19768,US,2025-10-30
19769,DE,2025-10-07
19770,BR,2025-10-29
19771,GB,2025-11-25
19772,FR,2025-12-23
19773,MX,2025-12-26
19774,ES,2025-11-18
19775,BR,2025-11-10
19776,US,2025-12-31
19777,CA,2025-12-22
19778,US,2025-10-26
19779,ES,2025-12-31
19780,GB,2025-11-12
19781,BR,2025-10-07
19782,FR,2025-12-18
19783,GB,2025-11-01
19784,MX,2025-12-23
19785,MX,2025-10-19
19786,FR,2025-12-01
19787,MX,2025-10-28
19788,CA,2025-11-02
19789,US,2025-11-17
19790,US,2025-12-05
19791,DE,2025-10-17
19792,US,2025-12-13
19793,FR,2025-12-14
19794,DE,2025-11-25
19795,US,2025-10-06
19796,US,2025-12-09
19797,FR,2025-11-26
19798,BR,2025-12-06
19799,FR,2025-12-10
19800,ES,2025-10-20
19801,US,2025-12-16
19802,GB,2025-10-23
19803,US,2025-12-15
19804,MX,2025-10-05
19805,US,2025-10-30
19806,DE,2025-12-28
19807,CA,2025-11-05
19808,US,2025-10-06
19809,US,2025-12-20
19810,CA,2025-12-09
19811,US,2025-11-09
19812,GB,2025-11-15
19813,US,2025-12-18
19814,US,2025-12-25
19815,ES,2025-11-06
19816,US,2025-10-24
19817,US,2025-12-05
19818,US,2025-12-28
19819,FR,2025-11-13
19820,US,2025-10-13
19821,US,2025-11-21
19822,BR,2025-10-11
19823,CA,2025-12-27
19824,US,2025-11-18
19825,CA,2025-12-13
19826,US,2025-10-19
19827,CA,2025-10-25
19828,BR,2025-10-29
19829,MX,2025-11-17
19830,US,2025-11-12
19831,GB,2025-10-06
19832,US,2025-11-25
19833,DE,2025-10-19
19834,MX,2025-11-19
19835,US,2025-11-03
19836,ES,2025-12-18
19837,US,2025-12-09
19838,US,2025-10-01
19839,FR,2025-10-17
19840,CA,2025-12-16
19841,CA,2025-10-11
19842,DE,2025-10-08
19843,ES,2025-10-27
19844,US,2025-10-17
19845,DE,2025-12-20
19846,ES,2025-10-08
19847,ES,2025-11-25
19848,US,2025-11-05
19849,US,2025-12-11
19850,MX,2025-12-03
19851,GB,2025-11-06
19852,US,2025-10-03
19853,BR,2025-10-28
19854,US,2025-10-26
19855,FR,2025-11-20
19856,CA,2025-10-19
19857,US,2025-12-17
19858,US,2025-10-10
19859,FR,2025-10-30
19860,US,2025-12-01
19861,US,2025-10-07
19862,US,2025-11-25
19863,MX,2025-12-24
19864,US,2025-10-06
19865,US,2025-12-15
19866,DE,2025-10-30
19867,GB,2025-10-28
19868,US,2025-10-22
19869,ES,2025-10-17
19870,US,2025-11-11
19871,BR,2025-11-06
19872,GB,2025-10-05
19873,ES,2025-10-23
19874,GB,2025-12-27
19875,FR,2025-11-10
19876,CA,2025-12-11
19877,US,2025-10-31
19878,DE,2025-11-05
19879,GB,2025-12-18
19880,MX,2025-11-15
19881,US,2025-12-30
19882,MX,2025-12-17
19883,US,2025-12-23
19884,DE,2025-10-29
19885,US,2025-10-17
19886,MX,2025-12-26
19887,MX,2025-11-25
19888,US,2025-12-16
19889,ES,2025-10-31
19890,US,2025-11-18
19891,DE,2025-11-25
19892,ES,2025-10-02
19893,MX,2025-10-26
19894,US,2025-12-30
19895,US,2025-12-09
19896,US,2025-10-29
19897,MX,2025-11-03
19898,CA,2025-10-15
19899,US,2025-12-07
19900,GB,2025-10-31
19901,DE,2025-11-16
19902,CA,2025-10-01
19903,US,2025-12-10
19904,US,2025-10-13
19905,US,2025-10-05
19906,ES,2025-11-14
19907,FR,2025-10-16
19908,US,2025-10-08
19909,US,2025-10-09
19910,FR,2025-11-04
19911,MX,2025-12-24
19912,US,2025-12-07
19913,ES,2025-10-09
19914,CA,2025-12-04
19915,CA,2025-12-26
19916,FR,2025-12-03
19917,DE,2025-11-11
19918,BR,2025-12-17
19919,US,2025-11-01
19920,MX,2025-11-05
19921,FR,2025-10-29
19922,MX,2025-11-22
19923,US,2025-12-03
19924,GB,2025-11-05
19925,DE,2025-11-11
19926,MX,2025-11-22
19927,MX,2025-12-05
19928,DE,2025-11-16
19929,US,2025-12-30
19930,US,2025-10-11
19931,CA,2025-10-15
19932,US,2025-12-03
19933,GB,2025-12-22
19934,DE,2025-11-07
19935,MX,2025-10-08
19936,ES,2025-10-03
19937,FR,2025-11-22
19938,FR,2025-12-21
19939,DE,2025-12-18
19940,ES,2025-10-26
19941,US,2025-10-16
19942,GB,2025-10-07
19943,CA,2025-10-17
19944,MX,2025-11-04
19945,ES,2025-11-29
19946,MX,2025-10-29
19947,BR,2025-10-17
19948,US,2025-11-19
19949,DE,2025-10-08
19950,US,2025-12-07
19951,MX,2025-12-11
19952,US,2025-11-03
19953,GB,2025-12-23
19954,US,2025-11-28
19955,BR,2025-10-14
19956,CA,2025-12-27
19957,BR,2025-12-13
19958,FR,2025-12-28
19959,MX,2025-11-14
19960,GB,2025-11-04
19961,BR,2025-12-25
19962,US,2025-12-19
19963,FR,2025-11-07
19964,MX,2025-12-05
19965,FR,2025-12-12
19966,US,2025-11-06
19967,MX,2025-11-19
19968,US,2025-10-27
19969,US,2025-12-16
19970,ES,2025-10-30
19971,GB,2025-12-13
19972,FR,2025-10-13
19973,BR,2025-10-08
19974,US,2025-10-16
19975,MX,2025-12-20
19976,US,2025-10-04
19977,GB,2025-12-29
19978,GB,2025-10-09
19979,BR,2025-11-17
19980,DE,2025-11-21
19981,US,2025-12-25
19982,FR,2025-10-07
19983,GB,2025-12-30
19984,US,2025-12-16
19985,GB,2025-11-27
19986,GB,2025-12-14
19987,FR,2025-11-13
19988,MX,2025-12-23
19989,US,2025-10-27
19990,US,2025-12-21
19991,US,2025-10-31
19992,CA,2025-11-27
19993,DE,2025-10-19
19994,US,2025-10-13
19995,US,2025-12-09
19996,DE,2025-11-11
19997,US,2025-12-25
19998,US,2025-12-02
19999,US,2025-10-04
20000,GB,2025-12-18
